Copyright 1986-2021 Xilinx, Inc. All Rights Reserved.
------------------------------------------------------------------------------------
| Tool Version : Vivado v.2021.1 (lin64) Build 3247384 Thu Jun 10 19:36:07 MDT 2021
| Date         : Tue Mar 18 14:57:26 2025
| Host         : secure-Precision-3660 running 64-bit Ubuntu 20.04.6 LTS
| Command      : report_control_sets -verbose -file mcu_top_control_sets_placed.rpt
| Design       : mcu_top
| Device       : xcku060
------------------------------------------------------------------------------------

Control Set Information

Table of Contents
-----------------
1. Summary
2. Histogram
3. Flip-Flop Distribution
4. Detailed Control Set Information

1. Summary
----------

+----------------------------------------------------------+-------+
|                          Status                          | Count |
+----------------------------------------------------------+-------+
| Total control sets                                       |   374 |
|    Minimum number of control sets                        |   374 |
|    Addition due to synthesis replication                 |     0 |
|    Addition due to physical synthesis replication        |     0 |
| Unused register locations in slices containing registers |   406 |
+----------------------------------------------------------+-------+
* Control sets can be merged at opt_design using control_set_merge or merge_equivalent_drivers
** Run report_qor_suggestions for automated merging and remapping suggestions


2. Histogram
------------

+--------------------+-------+
|       Fanout       | Count |
+--------------------+-------+
| Total control sets |   374 |
| >= 0 to < 4        |    63 |
| >= 4 to < 6        |    55 |
| >= 6 to < 8        |    29 |
| >= 8 to < 10       |    97 |
| >= 10 to < 12      |    45 |
| >= 12 to < 14      |     7 |
| >= 14 to < 16      |     1 |
| >= 16              |    77 |
+--------------------+-------+
* Control sets can be remapped at either synth_design or opt_design


3. Flip-Flop Distribution
-------------------------

+--------------+-----------------------+------------------------+-----------------+--------------+
| Clock Enable | Synchronous Set/Reset | Asynchronous Set/Reset | Total Registers | Total Slices |
+--------------+-----------------------+------------------------+-----------------+--------------+
| No           | No                    | No                     |             610 |          276 |
| No           | No                    | Yes                    |            1912 |          815 |
| No           | Yes                   | No                     |               0 |            0 |
| Yes          | No                    | No                     |            1549 |          457 |
| Yes          | No                    | Yes                    |            2143 |          624 |
| Yes          | Yes                   | No                     |              80 |           33 |
+--------------+-----------------------+------------------------+-----------------+--------------+


4. Detailed Control Set Information
-----------------------------------

+---------------------------------------+-----------------------------------------------------------------------------------------------------+--------------------------------------------------------------------------------------+------------------+----------------+--------------+
|              Clock Signal             |                                            Enable Signal                                            |                                   Set/Reset Signal                                   | Slice Load Count | Bel Load Count | Bels / Slice |
+---------------------------------------+-----------------------------------------------------------------------------------------------------+--------------------------------------------------------------------------------------+------------------+----------------+--------------+
|  u_fpga_platform/u_pll0/inst/clk_out1 | u_fp_domain/u_CORTEXM3INTEGRATION/u_cortexm3ds_logic/Z8ha17_i_1_n_0                                 | u_fp_domain/u_CORTEXM3INTEGRATION/u_cortexm3ds_logic/Yfqg07_i_2_n_0                  |                1 |              1 |         1.00 |
|  u_fpga_platform/u_pll0/inst/clk_out1 | u_fp_domain/u_apb0_sync_top/u_uart0/u_uart_pe_core/u_posedge_detect/A_d_reg[0]_0                    | u_fpga_platform/pll_locked_reg_0                                                     |                1 |              1 |         1.00 |
|  u_fpga_platform/u_pll0/inst/clk_out1 | u_fp_domain/u_CORTEXM3INTEGRATION/u_cortexm3ds_logic/N7qg07_i_1_n_0                                 | u_fp_domain/u_CORTEXM3INTEGRATION/u_cortexm3ds_logic/Ox9dt6                          |                1 |              2 |         2.00 |
|  CLK_IBUF_inst/O                      |                                                                                                     | RSTN_IBUF_inst/O                                                                     |                1 |              2 |         2.00 |
|  u_fpga_platform/u_pll0/inst/clk_out1 | u_fp_domain/u_CORTEXM3INTEGRATION/u_cortexm3ds_logic/Aoss07_i_1_n_0                                 | u_fp_domain/u_CORTEXM3INTEGRATION/u_cortexm3ds_logic/Ox9dt6                          |                1 |              2 |         2.00 |
|  u_fpga_platform/u_pll0/inst/clk_out1 | u_fp_domain/u_CORTEXM3INTEGRATION/u_cortexm3ds_logic/Xllg07_reg_n_0                                 | u_fp_domain/u_CORTEXM3INTEGRATION/u_cortexm3ds_logic/Ox9dt6                          |                1 |              2 |         2.00 |
|  u_fpga_platform/u_pll0/inst/clk_out1 | u_fp_domain/u_CORTEXM3INTEGRATION/u_cortexm3ds_logic/Wc0iw6                                         | u_fp_domain/u_CORTEXM3INTEGRATION/u_cortexm3ds_logic/Ox9dt6                          |                1 |              2 |         2.00 |
|  u_fpga_platform/u_pll0/inst/clk_out1 | u_fp_domain/u_apb0_sync_top/u_uart0/u_uart_pe_core/u_uart_pe_rx/stop_bit_cnt[1]_i_1__0_n_0          | u_fpga_platform/pll_locked_reg_0                                                     |                1 |              2 |         2.00 |
|  u_fpga_platform/u_pll0/inst/clk_out1 | u_fp_domain/u_CORTEXM3INTEGRATION/u_cortexm3ds_logic/G9d917_i_1_n_0                                 |                                                                                      |                2 |              2 |         1.00 |
|  u_fpga_platform/u_pll0/inst/clk_out1 | u_fp_domain/u_CORTEXM3INTEGRATION/u_cortexm3ds_logic/D1qzz6_i_1_n_0                                 | u_fp_domain/u_CORTEXM3INTEGRATION/u_cortexm3ds_logic/Ox9dt6                          |                2 |              2 |         1.00 |
|  u_fpga_platform/u_pll0/inst/clk_out1 | u_fp_domain/u_CORTEXM3INTEGRATION/u_cortexm3ds_logic/Pagg07_i_1_n_0                                 | u_fp_domain/u_CORTEXM3INTEGRATION/u_cortexm3ds_logic/Yfqg07_i_2_n_0                  |                1 |              2 |         2.00 |
|  u_fpga_platform/u_pll0/inst/clk_out1 | u_fp_domain/u_CORTEXM3INTEGRATION/u_cortexm3ds_logic/Vd2iw6                                         | u_fp_domain/u_CORTEXM3INTEGRATION/u_cortexm3ds_logic/Ox9dt6                          |                2 |              2 |         1.00 |
|  u_fpga_platform/u_pll0/inst/clk_out1 | u_fp_domain/u_CORTEXM3INTEGRATION/u_cortexm3ds_logic/Pxvm17_i_1_n_0                                 | u_fp_domain/u_CORTEXM3INTEGRATION/u_cortexm3ds_logic/Ox9dt6                          |                2 |              2 |         1.00 |
|  u_fpga_platform/u_pll0/inst/clk_out1 | u_fp_domain/u_CORTEXM3INTEGRATION/u_cortexm3ds_logic/Qf2ov6                                         | u_fp_domain/u_CORTEXM3INTEGRATION/u_cortexm3ds_logic/Yfqg07_i_2_n_0                  |                2 |              2 |         1.00 |
|  u_fpga_platform/u_pll0/inst/clk_out1 | u_fp_domain/u_ahb_bus_matrix/u_ahb_bus_matrix_om1_1/u_output_arb/reg_early_incr_count[1]_i_1_n_0    | u_fpga_platform/pll_locked_reg_0                                                     |                1 |              2 |         2.00 |
|  u_fpga_platform/u_pll0/inst/clk_out1 | u_fp_domain/u_ahb_bus_matrix/u_ahb_bus_matrix_om0_0/u_output_arb/reg_early_incr_count[1]_i_1__0_n_0 | u_fpga_platform/pll_locked_reg_0                                                     |                1 |              2 |         2.00 |
|  u_fpga_platform/u_pll0/inst/clk_out1 | u_fp_domain/u_CORTEXM3INTEGRATION/u_cortexm3ds_logic/Ebus07_i_1_n_0                                 | u_fp_domain/u_CORTEXM3INTEGRATION/u_cortexm3ds_logic/Ox9dt6                          |                1 |              2 |         2.00 |
|  u_fpga_platform/u_pll0/inst/clk_out1 | u_fp_domain/u_CORTEXM3INTEGRATION/u_cortexm3ds_logic/Sj3oz6_i_1_n_0                                 |                                                                                      |                2 |              2 |         1.00 |
|  u_fpga_platform/u_pll0/inst/clk_out1 | u_fp_domain/u_apb0_sync_top/u_uart0/u_uart_pe_core/u_uart_pe_tx/stop_bit_cnt[1]_i_1_n_0             | u_fpga_platform/pll_locked_reg_0                                                     |                1 |              2 |         2.00 |
|  u_fpga_platform/u_pll0/inst/clk_out1 | u_fp_domain/u_CORTEXM3INTEGRATION/u_cortexm3ds_logic/Mdonv6                                         | u_fp_domain/u_CORTEXM3INTEGRATION/u_cortexm3ds_logic/Yfqg07_i_2_n_0                  |                2 |              2 |         1.00 |
|  u_fpga_platform/u_pll0/inst/clk_out1 | u_fp_domain/u_apb1_async/u_ahb_to_apb_async_h/hready_apb1                                           | u_fpga_platform/pll_locked_reg_0                                                     |                2 |              2 |         1.00 |
|  u_fpga_platform/u_pll0/inst/clk_out1 | u_fp_domain/u_apb2_async/u_ahb_to_apb_async_h/hready_apb2                                           | u_fpga_platform/pll_locked_reg_0                                                     |                2 |              2 |         1.00 |
|  u_fpga_platform/u_pll0/inst/clk_out1 | u_fp_domain/u_CORTEXM3INTEGRATION/u_cortexm3ds_logic/Ky4oz6_i_1_n_0                                 | u_fp_domain/u_CORTEXM3INTEGRATION/u_cortexm3ds_logic/Yfqg07_i_2_n_0                  |                1 |              2 |         2.00 |
|  u_fpga_platform/u_pll0/inst/clk_out1 | u_fp_domain/u_CORTEXM3INTEGRATION/u_cortexm3ds_logic/Hmtov6                                         | u_fp_domain/u_CORTEXM3INTEGRATION/u_cortexm3ds_logic/Yfqg07_i_2_n_0                  |                2 |              2 |         1.00 |
|  TCK_IBUF_BUFG                        |                                                                                                     | RSTN_IBUF_inst/O                                                                     |                1 |              2 |         2.00 |
|  u_fpga_platform/u_pll0/inst/clk_out1 | u_fp_domain/u_CORTEXM3INTEGRATION/u_cortexm3ds_logic/Jyv917_i_1_n_0                                 | u_fp_domain/u_CORTEXM3INTEGRATION/u_cortexm3ds_logic/T0adt6                          |                2 |              2 |         1.00 |
|  u_fpga_platform/u_pll0/inst/clk_out1 |                                                                                                     | RSTN_IBUF_inst/O                                                                     |                1 |              2 |         2.00 |
|  TCK_IBUF_BUFG                        | u_fp_domain/u_CORTEXM3INTEGRATION/u_cortexm3ds_logic/O8roz6_i_1_n_0                                 | u_fp_domain/u_CORTEXM3INTEGRATION/u_cortexm3ds_logic/Sz9dt6                          |                1 |              2 |         2.00 |
|  TCK_IBUF_BUFG                        | u_fp_domain/u_CORTEXM3INTEGRATION/u_cortexm3ds_logic/Pvcoz6_i_1_n_0                                 | u_fp_domain/u_CORTEXM3INTEGRATION/u_cortexm3ds_logic/Sz9dt6                          |                2 |              2 |         1.00 |
|  TCK_IBUF_BUFG                        | u_fp_domain/u_CORTEXM3INTEGRATION/u_cortexm3ds_logic/Su1iw6                                         | u_fp_domain/u_CORTEXM3INTEGRATION/u_cortexm3ds_logic/Sz9dt6                          |                1 |              2 |         2.00 |
| ~TCK_IBUF_BUFG                        |                                                                                                     | u_fp_domain/u_CORTEXM3INTEGRATION/u_cortexm3ds_logic/Sz9dt6                          |                2 |              2 |         1.00 |
|  u_fpga_platform/u_pll0/inst/clk_out1 | u_fp_domain/u_CORTEXM3INTEGRATION/u_cortexm3ds_logic/Jk5oz6_i_1_n_0                                 | u_fp_domain/u_CORTEXM3INTEGRATION/u_cortexm3ds_logic/Yfqg07_i_2_n_0                  |                1 |              2 |         2.00 |
|  u_fpga_platform/u_pll0/inst/clk_out1 | u_fp_domain/u_CORTEXM3INTEGRATION/u_cortexm3ds_logic/Ubqg07_i_1_n_0                                 | u_fp_domain/u_CORTEXM3INTEGRATION/u_cortexm3ds_logic/Yfqg07_i_2_n_0                  |                2 |              3 |         1.50 |
|  u_fpga_platform/u_pll0/inst/clk_out1 | u_fp_domain/u_CORTEXM3INTEGRATION/u_cortexm3ds_logic/Wdlt07_i_1_n_0                                 | u_fp_domain/u_CORTEXM3INTEGRATION/u_cortexm3ds_logic/Yamu07_i_2_n_0                  |                2 |              3 |         1.50 |
|  u_fpga_platform/u_pll0/inst/clk_out1 | u_fp_domain/u_CORTEXM3INTEGRATION/u_cortexm3ds_logic/Im5ov6                                         | u_fp_domain/u_CORTEXM3INTEGRATION/u_cortexm3ds_logic/T0adt6                          |                2 |              3 |         1.50 |
|  u_fpga_platform/u_pll0/inst/clk_out1 | u_fp_domain/u_CORTEXM3INTEGRATION/u_cortexm3ds_logic/V6wnv6                                         | u_fp_domain/u_CORTEXM3INTEGRATION/u_cortexm3ds_logic/Ox9dt6                          |                3 |              3 |         1.00 |
|  u_fpga_platform/u_pll0/inst/clk_out1 | u_fp_domain/u_CORTEXM3INTEGRATION/u_cortexm3ds_logic/Vueg07_i_1_n_0                                 | u_fp_domain/u_CORTEXM3INTEGRATION/u_cortexm3ds_logic/Yfqg07_i_2_n_0                  |                2 |              3 |         1.50 |
|  u_fpga_platform/u_pll0/inst/clk_out1 | u_fp_domain/u_CORTEXM3INTEGRATION/u_cortexm3ds_logic/Diaov6                                         | u_fp_domain/u_CORTEXM3INTEGRATION/u_cortexm3ds_logic/Yfqg07_i_2_n_0                  |                1 |              3 |         3.00 |
|  u_fpga_platform/u_pll0/inst/clk_out1 | u_fp_domain/u_CORTEXM3INTEGRATION/u_cortexm3ds_logic/Trgov6                                         | u_fp_domain/u_CORTEXM3INTEGRATION/u_cortexm3ds_logic/Yfqg07_i_2_n_0                  |                2 |              3 |         1.50 |
|  u_fpga_platform/u_pll0/inst/clk_out1 | u_fp_domain/u_CORTEXM3INTEGRATION/u_cortexm3ds_logic/Sblov6                                         |                                                                                      |                3 |              3 |         1.00 |
|  u_fpga_platform/u_pll0/inst/clk_out1 | u_fp_domain/u_CORTEXM3INTEGRATION/u_cortexm3ds_logic/Rx8iw6                                         | u_fp_domain/u_CORTEXM3INTEGRATION/u_cortexm3ds_logic/Yfqg07_i_2_n_0                  |                2 |              3 |         1.50 |
|  u_fpga_platform/u_pll0/inst/clk_out1 | u_fp_domain/u_CORTEXM3INTEGRATION/u_cortexm3ds_logic/Rqut07_i_1_n_0                                 | u_fp_domain/u_CORTEXM3INTEGRATION/u_cortexm3ds_logic/Yamu07_i_2_n_0                  |                3 |              3 |         1.00 |
|  u_fpga_platform/u_pll0/inst/clk_out1 | u_fp_domain/u_CORTEXM3INTEGRATION/u_cortexm3ds_logic/Pxvm17_i_1_n_0                                 |                                                                                      |                2 |              3 |         1.50 |
|  u_fpga_platform/u_pll0/inst/clk_out1 | u_fp_domain/u_CORTEXM3INTEGRATION/u_cortexm3ds_logic/Pspg07_i_1_n_0                                 | u_fp_domain/u_CORTEXM3INTEGRATION/u_cortexm3ds_logic/Ox9dt6                          |                1 |              3 |         3.00 |
|  u_fpga_platform/u_pll0/inst/clk_out1 | u_fp_domain/u_CORTEXM3INTEGRATION/u_cortexm3ds_logic/Om1ov6                                         | u_fp_domain/u_CORTEXM3INTEGRATION/u_cortexm3ds_logic/Yfqg07_i_2_n_0                  |                2 |              3 |         1.50 |
|  u_fpga_platform/u_pll0/inst/clk_out1 | u_fp_domain/u_CORTEXM3INTEGRATION/u_cortexm3ds_logic/Nxcg07_i_1_n_0                                 | u_fp_domain/u_CORTEXM3INTEGRATION/u_cortexm3ds_logic/Yfqg07_i_2_n_0                  |                2 |              3 |         1.50 |
|  u_fpga_platform/u_pll0/inst/clk_out1 | u_fp_domain/u_CORTEXM3INTEGRATION/u_cortexm3ds_logic/Nthiw6                                         | u_fp_domain/u_CORTEXM3INTEGRATION/u_cortexm3ds_logic/Ox9dt6                          |                2 |              3 |         1.50 |
|  u_fpga_platform/u_pll0/inst/clk_out1 | u_fp_domain/u_CORTEXM3INTEGRATION/u_cortexm3ds_logic/Mo5ov6                                         | u_fp_domain/u_CORTEXM3INTEGRATION/u_cortexm3ds_logic/T0adt6                          |                2 |              3 |         1.50 |
|  u_fpga_platform/u_pll0/inst/clk_out1 | u_fp_domain/u_CORTEXM3INTEGRATION/u_cortexm3ds_logic/I01jy6                                         | u_fp_domain/u_CORTEXM3INTEGRATION/u_cortexm3ds_logic/Yfqg07_i_2_n_0                  |                1 |              3 |         3.00 |
|  TCK_IBUF_BUFG                        | u_fp_domain/u_CORTEXM3INTEGRATION/u_cortexm3ds_logic/Yuooz6_i_1_n_0                                 | u_fp_domain/u_CORTEXM3INTEGRATION/u_cortexm3ds_logic/Sz9dt6                          |                2 |              3 |         1.50 |
|  u_fpga_platform/u_pll0/inst/clk_out1 | u_fp_domain/u_CORTEXM3INTEGRATION/u_cortexm3ds_logic/Yj9ov6                                         | u_fp_domain/u_CORTEXM3INTEGRATION/u_cortexm3ds_logic/Ox9dt6                          |                1 |              3 |         3.00 |
|  u_fpga_platform/u_pll0/inst/clk_out1 | u_fp_domain/u_CORTEXM3INTEGRATION/u_cortexm3ds_logic/B06oz6_i_1_n_0                                 | u_fp_domain/u_CORTEXM3INTEGRATION/u_cortexm3ds_logic/Yfqg07_i_2_n_0                  |                1 |              3 |         3.00 |
|  TCK_IBUF_BUFG                        | u_fp_domain/u_CORTEXM3INTEGRATION/u_cortexm3ds_logic/Hssoz6_i_1_n_0                                 | u_fp_domain/u_CORTEXM3INTEGRATION/u_cortexm3ds_logic/Sz9dt6                          |                1 |              3 |         3.00 |
|  u_fpga_platform/u_pll0/inst/clk_out1 | u_fp_domain/u_apb0_sync_top/u_uart0/pe_rx_enable_reg_n_0                                            | u_fpga_platform/pll_locked_reg_0                                                     |                1 |              3 |         3.00 |
|  u_fpga_platform/u_pll0/inst/clk_out1 | u_fp_domain/u_CORTEXM3INTEGRATION/u_cortexm3ds_logic/Z23yx6                                         | u_fp_domain/u_CORTEXM3INTEGRATION/u_cortexm3ds_logic/T0adt6                          |                1 |              3 |         3.00 |
|  u_fpga_platform/u_pll0/inst/clk_out1 | u_fp_domain/u_sram_top/u_ahb_to_itcm/ena                                                            |                                                                                      |                1 |              3 |         3.00 |
|  u_fpga_platform/u_pll0/inst/clk_out1 | u_fp_domain/u_CORTEXM3INTEGRATION/u_cortexm3ds_logic/p_4876_in                                      | u_fp_domain/u_CORTEXM3INTEGRATION/u_cortexm3ds_logic/Yfqg07_i_2_n_0                  |                1 |              3 |         3.00 |
|  u_fpga_platform/u_pll0/inst/clk_out1 | u_fp_domain/u_ahb_bus_matrix/u_ahb_bus_matrix_i_0/pend_tran_reg_reg_0                               | u_fpga_platform/pll_locked_reg_0                                                     |                1 |              3 |         3.00 |
|  u_fpga_platform/u_pll0/inst/clk_out1 | u_fp_domain/u_ahb_bus_matrix/u_ahb_bus_matrix_i_1/E[0]                                              | u_fpga_platform/pll_locked_reg_0                                                     |                2 |              3 |         1.50 |
|  u_fpga_platform/u_pll0/inst/clk_out1 | u_fp_domain/u_ahb_bus_matrix/u_ahb_bus_matrix_om0_0/u_output_arb/reg_burst_remain[2]_i_1__0_n_0     | u_fpga_platform/pll_locked_reg_0                                                     |                1 |              3 |         3.00 |
|  u_fpga_platform/u_pll0/inst/clk_out1 | u_fp_domain/u_ahb_bus_matrix/u_ahb_bus_matrix_om1_1/u_output_arb/reg_burst_remain[2]_i_1_n_0        | u_fpga_platform/pll_locked_reg_0                                                     |                1 |              3 |         3.00 |
|  u_fpga_platform/u_pll0/inst/clk_out1 | u_fp_domain/u_apb0_sync/FSM_onehot_state_reg_reg[3]_0                                               | u_fpga_platform/pll_locked_reg_0                                                     |                2 |              3 |         1.50 |
|  u_fpga_platform/u_pll0/inst/clk_out1 | u_fp_domain/u_sram_top/u_ahb_to_dtcm/ena                                                            |                                                                                      |                1 |              3 |         3.00 |
|  u_fpga_platform/u_pll0/inst/clk_out1 | u_fp_domain/u_CORTEXM3INTEGRATION/u_cortexm3ds_logic/Na3nv6                                         | u_fp_domain/u_CORTEXM3INTEGRATION/u_cortexm3ds_logic/Yfqg07_i_2_n_0                  |                3 |              4 |         1.33 |
|  u_fpga_platform/u_pll0/inst/clk_out1 | u_fp_domain/u_apb0_sync_top/u_uart0/u_uart_pe_core/u_uart_pe_rx/oversampling_cnt[3]_i_1_n_0         | u_fpga_platform/pll_locked_reg_0                                                     |                2 |              4 |         2.00 |
|  u_fpga_platform/u_pll0/inst/clk_out1 | u_fp_domain/u_apb0_sync_top/u_uart0/u_uart_pe_core/u_uart_pe_tx/interval_bit_cnt[3]_i_1_n_0         | u_fpga_platform/pll_locked_reg_0                                                     |                2 |              4 |         2.00 |
|  u_fpga_platform/u_pll0/inst/clk_out1 | u_fp_domain/u_apb0_sync_top/u_uart0/u_uart_pe_core/u_uart_pe_tx/data_bit_cnt[3]_i_1_n_0             | u_fpga_platform/pll_locked_reg_0                                                     |                1 |              4 |         4.00 |
|  u_fpga_platform/u_pll0/inst/clk_out1 | u_fp_domain/u_apb0_sync_top/u_uart0/u_uart_data_buffer/u_tx_fifo/wr_addr0                           | u_fp_domain/u_apb0_sync_top/u_uart0/u_uart_regs_wrap/u_sync_ff_inst0/r_tx_fifo_clear |                1 |              4 |         4.00 |
|  u_fpga_platform/u_pll0/inst/clk_out1 | u_fp_domain/u_apb0_sync_top/u_uart0/u_uart_pe_core/u_uart_pe_tx/oversampling_cnt[3]_i_1__0_n_0      | u_fpga_platform/pll_locked_reg_0                                                     |                1 |              4 |         4.00 |
|  u_fpga_platform/u_pll0/inst/clk_out1 | u_fp_domain/u_CORTEXM3INTEGRATION/u_cortexm3ds_logic/Muciw6                                         | u_fp_domain/u_CORTEXM3INTEGRATION/u_cortexm3ds_logic/Yfqg07_i_2_n_0                  |                2 |              4 |         2.00 |
|  u_fpga_platform/u_pll0/inst/clk_out1 | u_fp_domain/u_CORTEXM3INTEGRATION/u_cortexm3ds_logic/Ktciw6                                         | u_fp_domain/u_CORTEXM3INTEGRATION/u_cortexm3ds_logic/Yfqg07_i_2_n_0                  |                1 |              4 |         4.00 |
|  u_fpga_platform/u_pll0/inst/clk_out1 | u_fp_domain/u_CORTEXM3INTEGRATION/u_cortexm3ds_logic/K31jy6                                         |                                                                                      |                2 |              4 |         2.00 |
|  TCK_IBUF_BUFG                        | u_fp_domain/u_CORTEXM3INTEGRATION/u_cortexm3ds_logic/U0roz6_i_1_n_0                                 | u_fp_domain/u_CORTEXM3INTEGRATION/u_cortexm3ds_logic/Sz9dt6                          |                2 |              4 |         2.00 |
|  CLK_IBUF_inst/O                      | u_fpga_platform/pll_locked_cnt[3]_i_1_n_0                                                           | RSTN_IBUF_inst/O                                                                     |                1 |              4 |         4.00 |
|  u_fpga_platform/u_pll0/inst/clk_out1 | u_fp_domain/u_CORTEXM3INTEGRATION/u_cortexm3ds_logic/O5a7z6                                         | u_fp_domain/u_CORTEXM3INTEGRATION/u_cortexm3ds_logic/Ox9dt6                          |                4 |              4 |         1.00 |
|  u_fpga_platform/u_pll0/inst/clk_out1 | u_fp_domain/u_CORTEXM3INTEGRATION/u_cortexm3ds_logic/Ovciw6                                         | u_fp_domain/u_CORTEXM3INTEGRATION/u_cortexm3ds_logic/Yfqg07_i_2_n_0                  |                2 |              4 |         2.00 |
|  u_fpga_platform/u_pll0/inst/clk_out1 | u_fp_domain/u_apb0_sync_top/u_uart0/u_uart_pe_core/u_uart_pe_rx/data_bit_cnt[3]_i_1__0_n_0          | u_fpga_platform/pll_locked_reg_0                                                     |                2 |              4 |         2.00 |
|  u_fpga_platform/u_pll0/inst/clk_out1 | u_fp_domain/u_CORTEXM3INTEGRATION/u_cortexm3ds_logic/Wmcov6                                         | u_fp_domain/u_CORTEXM3INTEGRATION/u_cortexm3ds_logic/Ox9dt6                          |                2 |              4 |         2.00 |
|  u_fpga_platform/u_pll0/inst/clk_out1 | u_fp_domain/u_apb0_sync_top/u_uart0/u_uart_data_buffer/u_tx_fifo/rd_addr0                           | u_fp_domain/u_apb0_sync_top/u_uart0/u_uart_regs_wrap/u_sync_ff_inst0/r_tx_fifo_clear |                1 |              4 |         4.00 |
|  u_fpga_platform/u_pll0/inst/clk_out1 | u_fp_domain/u_apb0_sync_top/u_uart0/u_uart_data_buffer/u_rx_fifo/wr_addr0                           | u_fp_domain/u_apb0_sync_top/u_uart0/u_uart_regs_wrap/u_sync_ff_inst1/r_rx_fifo_clear |                2 |              4 |         2.00 |
|  u_fpga_platform/u_pll0/inst/clk_out1 | u_fp_domain/u_CORTEXM3INTEGRATION/u_cortexm3ds_logic/Q0hhw6                                         |                                                                                      |                2 |              4 |         2.00 |
|  u_fpga_platform/u_pll0/inst/clk_out1 | u_fp_domain/u_apb0_sync_top/u_uart0/u_uart_data_buffer/u_rx_fifo/rd_addr[3]_i_1__0_n_0              | u_fp_domain/u_apb0_sync_top/u_uart0/u_uart_regs_wrap/u_sync_ff_inst1/r_rx_fifo_clear |                1 |              4 |         4.00 |
|  u_fpga_platform/u_pll0/inst/clk_out1 | u_fp_domain/u_CORTEXM3INTEGRATION/u_cortexm3ds_logic/Qwciw6                                         | u_fp_domain/u_CORTEXM3INTEGRATION/u_cortexm3ds_logic/Yfqg07_i_2_n_0                  |                3 |              4 |         1.33 |
|  u_fpga_platform/u_pll0/inst/clk_out1 | u_fp_domain/u_CORTEXM3INTEGRATION/u_cortexm3ds_logic/Rconv6                                         | u_fp_domain/u_CORTEXM3INTEGRATION/u_cortexm3ds_logic/Yfqg07_i_2_n_0                  |                3 |              4 |         1.33 |
|  u_fpga_platform/u_pll0/inst/clk_out1 | u_fp_domain/u_CORTEXM3INTEGRATION/u_cortexm3ds_logic/p_12275_in                                     |                                                                                      |                2 |              4 |         2.00 |
|  u_fpga_platform/u_pll0/inst/clk_out1 | u_fp_domain/u_CORTEXM3INTEGRATION/u_cortexm3ds_logic/Ytciw6                                         | u_fp_domain/u_CORTEXM3INTEGRATION/u_cortexm3ds_logic/Yfqg07_i_2_n_0                  |                1 |              4 |         4.00 |
|  u_fpga_platform/u_pll0/inst/clk_out1 | u_fp_domain/u_CORTEXM3INTEGRATION/u_cortexm3ds_logic/Yqfh07_i_1_n_0                                 |                                                                                      |                2 |              4 |         2.00 |
|  u_fpga_platform/u_pll0/inst/clk_out1 | u_fp_domain/u_CORTEXM3INTEGRATION/u_cortexm3ds_logic/Vfeiw6                                         | u_fp_domain/u_CORTEXM3INTEGRATION/u_cortexm3ds_logic/Ox9dt6                          |                1 |              4 |         4.00 |
|  u_fpga_platform/u_pll0/inst/clk_out1 | u_fp_domain/u_CORTEXM3INTEGRATION/u_cortexm3ds_logic/Xw9h07_i_1_n_0                                 |                                                                                      |                1 |              4 |         4.00 |
|  u_fpga_platform/u_pll0/inst/clk_out1 | u_fp_domain/u_CORTEXM3INTEGRATION/u_cortexm3ds_logic/Wsciw6                                         | u_fp_domain/u_CORTEXM3INTEGRATION/u_cortexm3ds_logic/Yfqg07_i_2_n_0                  |                2 |              4 |         2.00 |
|  u_fpga_platform/u_pll0/inst/clk_out1 | u_fp_domain/u_CORTEXM3INTEGRATION/u_cortexm3ds_logic/Efhov6                                         | u_fp_domain/u_CORTEXM3INTEGRATION/u_cortexm3ds_logic/Yfqg07_i_2_n_0                  |                3 |              4 |         1.33 |
|  u_fpga_platform/u_pll0/inst/clk_out1 | u_fp_domain/u_CORTEXM3INTEGRATION/u_cortexm3ds_logic/Avciw6                                         | u_fp_domain/u_CORTEXM3INTEGRATION/u_cortexm3ds_logic/Yfqg07_i_2_n_0                  |                2 |              4 |         2.00 |
|  u_fpga_platform/u_pll0/inst/clk_out1 | u_fp_domain/u_CORTEXM3INTEGRATION/u_cortexm3ds_logic/B4nzz6_i_1_n_0                                 | u_fp_domain/u_CORTEXM3INTEGRATION/u_cortexm3ds_logic/Ox9dt6                          |                2 |              4 |         2.00 |
|  u_fpga_platform/u_pll0/inst/clk_out1 | u_fp_domain/u_CORTEXM3INTEGRATION/u_cortexm3ds_logic/Cwciw6                                         | u_fp_domain/u_CORTEXM3INTEGRATION/u_cortexm3ds_logic/Yfqg07_i_2_n_0                  |                3 |              4 |         1.33 |
|  u_fpga_platform/u_pll0/inst/clk_out1 | u_fp_domain/u_CORTEXM3INTEGRATION/u_cortexm3ds_logic/G11jy6                                         |                                                                                      |                1 |              4 |         4.00 |
|  u_fpga_platform/u_pll0/inst/clk_out1 | u_fp_domain/u_CORTEXM3INTEGRATION/u_cortexm3ds_logic/Fknov6                                         | u_fp_domain/u_CORTEXM3INTEGRATION/u_cortexm3ds_logic/Yfqg07_i_2_n_0                  |                3 |              4 |         1.33 |
|  u_fpga_platform/u_pll0/inst/clk_out1 | u_fp_domain/u_CORTEXM3INTEGRATION/u_cortexm3ds_logic/Dimoz6_i_1_n_0                                 | u_fp_domain/u_CORTEXM3INTEGRATION/u_cortexm3ds_logic/Yfqg07_i_2_n_0                  |                3 |              4 |         1.33 |
|  u_fpga_platform/u_pll0/inst/clk_out1 | u_fp_domain/u_CORTEXM3INTEGRATION/u_cortexm3ds_logic/Eu1jy6                                         | u_fp_domain/u_CORTEXM3INTEGRATION/u_cortexm3ds_logic/Ox9dt6                          |                1 |              4 |         4.00 |
|  u_fpga_platform/u_pll0/inst/clk_out1 | u_fp_domain/u_CORTEXM3INTEGRATION/u_cortexm3ds_logic/Fftnv6                                         | u_fp_domain/u_CORTEXM3INTEGRATION/u_cortexm3ds_logic/Ox9dt6                          |                4 |              5 |         1.25 |
|  u_fpga_platform/u_pll0/inst/clk_out1 | u_fp_domain/u_CORTEXM3INTEGRATION/u_cortexm3ds_logic/F9mg07_i_1_n_0                                 |                                                                                      |                4 |              5 |         1.25 |
|  u_fpga_platform/u_pll0/inst/clk_out1 | u_fp_domain/u_CORTEXM3INTEGRATION/u_cortexm3ds_logic/X5ha17_i_1_n_0                                 | u_fp_domain/u_CORTEXM3INTEGRATION/u_cortexm3ds_logic/Yfqg07_i_2_n_0                  |                3 |              5 |         1.67 |
|  u_fpga_platform/u_pll0/inst/clk_out1 | u_fp_domain/u_CORTEXM3INTEGRATION/u_cortexm3ds_logic/Udkov6                                         | u_fp_domain/u_CORTEXM3INTEGRATION/u_cortexm3ds_logic/Yfqg07_i_2_n_0                  |                5 |              5 |         1.00 |
|  u_fpga_platform/u_pll0/inst/clk_out1 | u_fp_domain/u_CORTEXM3INTEGRATION/u_cortexm3ds_logic/Gaog07_i_1_n_0                                 | u_fp_domain/u_CORTEXM3INTEGRATION/u_cortexm3ds_logic/Ox9dt6                          |                5 |              5 |         1.00 |
|  u_fpga_platform/u_pll0/inst/clk_out1 | u_fp_domain/u_CORTEXM3INTEGRATION/u_cortexm3ds_logic/Z73iw6                                         | u_fp_domain/u_CORTEXM3INTEGRATION/u_cortexm3ds_logic/Yfqg07_i_2_n_0                  |                2 |              5 |         2.50 |
|  u_fpga_platform/u_pll0/inst/clk_out1 | u_fp_domain/u_CORTEXM3INTEGRATION/u_cortexm3ds_logic/Gecov6                                         |                                                                                      |                2 |              5 |         2.50 |
|  u_fpga_platform/u_pll0/inst/clk_out1 | u_fp_domain/u_CORTEXM3INTEGRATION/u_cortexm3ds_logic/Cjliy6                                         | u_fp_domain/u_CORTEXM3INTEGRATION/u_cortexm3ds_logic/Ox9dt6                          |                4 |              5 |         1.25 |
|  u_fpga_platform/u_pll0/inst/clk_out1 | u_fp_domain/u_CORTEXM3INTEGRATION/u_cortexm3ds_logic/p_8434_in                                      | u_fp_domain/u_CORTEXM3INTEGRATION/u_cortexm3ds_logic/Ox9dt6                          |                1 |              5 |         5.00 |
|  u_fpga_platform/u_pll0/inst/clk_out1 | u_fp_domain/u_ahb_bus_matrix/u_ahb_bus_matrix_i_2/pend_tran_reg_reg_0                               | u_fpga_platform/pll_locked_reg_0                                                     |                3 |              5 |         1.67 |
|  u_fpga_platform/u_pll0/inst/clk_out1 | u_fp_domain/u_apb0_sync_top/u_uart0/u_uart_data_buffer/u_rx_fifo/fifo_num[4]_i_1__0_n_0             | u_fp_domain/u_apb0_sync_top/u_uart0/u_uart_regs_wrap/u_sync_ff_inst1/r_rx_fifo_clear |                1 |              5 |         5.00 |
|  u_fpga_platform/u_pll0/inst/clk_out1 | u_fp_domain/u_CORTEXM3INTEGRATION/u_cortexm3ds_logic/M21jy6                                         | u_fp_domain/u_CORTEXM3INTEGRATION/u_cortexm3ds_logic/Ox9dt6                          |                2 |              5 |         2.50 |
|  u_fpga_platform/u_pll0/inst/clk_out1 | u_fp_domain/u_apb0_sync_top/u_uart0/u_uart_data_buffer/u_tx_fifo/fifo_num[4]_i_1_n_0                | u_fp_domain/u_apb0_sync_top/u_uart0/u_uart_regs_wrap/u_sync_ff_inst0/r_tx_fifo_clear |                1 |              5 |         5.00 |
|  u_fpga_platform/u_pll0/inst/clk_out1 | u_fp_domain/u_CORTEXM3INTEGRATION/u_cortexm3ds_logic/Soeiw6                                         | u_fp_domain/u_CORTEXM3INTEGRATION/u_cortexm3ds_logic/Ox9dt6                          |                3 |              5 |         1.67 |
|  u_fpga_platform/u_pll0/inst/clk_out1 | u_fp_domain/u_CORTEXM3INTEGRATION/u_cortexm3ds_logic/S31jy6                                         | u_fp_domain/u_CORTEXM3INTEGRATION/u_cortexm3ds_logic/Ox9dt6                          |                3 |              5 |         1.67 |
|  u_fpga_platform/u_pll0/inst/clk_out1 | u_fp_domain/u_CORTEXM3INTEGRATION/u_cortexm3ds_logic/At8m17_i_1_n_0                                 | u_fp_domain/u_CORTEXM3INTEGRATION/u_cortexm3ds_logic/Ox9dt6                          |                3 |              5 |         1.67 |
|  TCK_IBUF_BUFG                        | u_fp_domain/u_CORTEXM3INTEGRATION/u_cortexm3ds_logic/Nidoz6_reg_i_1_n_0                             | u_fp_domain/u_CORTEXM3INTEGRATION/u_cortexm3ds_logic/Sz9dt6                          |                4 |              5 |         1.25 |
|  u_fpga_platform/u_pll0/inst/clk_out1 | u_fp_domain/u_CORTEXM3INTEGRATION/u_cortexm3ds_logic/Hglhw6                                         | u_fp_domain/u_CORTEXM3INTEGRATION/u_cortexm3ds_logic/Yfqg07_i_2_n_0                  |                4 |              5 |         1.25 |
|  u_fpga_platform/u_pll0/inst/clk_out1 | u_fp_domain/u_CORTEXM3INTEGRATION/u_cortexm3ds_logic/Alo7x6                                         |                                                                                      |                5 |              5 |         1.00 |
|  u_fpga_platform/u_pll0/inst/clk_out3 |                                                                                                     | u_fpga_platform/u_pll0/inst/locked                                                   |                1 |              5 |         5.00 |
|  u_fpga_platform/u_pll0/inst/clk_out1 | u_fp_domain/u_CORTEXM3INTEGRATION/u_cortexm3ds_logic/Dfciw6                                         | u_fp_domain/u_CORTEXM3INTEGRATION/u_cortexm3ds_logic/Yfqg07_i_2_n_0                  |                3 |              6 |         2.00 |
|  u_fpga_platform/u_pll0/inst/clk_out1 | u_fp_domain/u_CORTEXM3INTEGRATION/u_cortexm3ds_logic/Oz3u07_i_1_n_0                                 | u_fp_domain/u_CORTEXM3INTEGRATION/u_cortexm3ds_logic/Yamu07_i_2_n_0                  |                3 |              6 |         2.00 |
|  u_fpga_platform/u_pll0/inst/clk_out1 | u_fp_domain/u_CORTEXM3INTEGRATION/u_cortexm3ds_logic/Weciw6                                         | u_fp_domain/u_CORTEXM3INTEGRATION/u_cortexm3ds_logic/Yfqg07_i_2_n_0                  |                4 |              6 |         1.50 |
|  u_fpga_platform/u_pll0/inst/clk_out1 | u_fp_domain/u_CORTEXM3INTEGRATION/u_cortexm3ds_logic/O11jy6                                         | u_fp_domain/u_CORTEXM3INTEGRATION/u_cortexm3ds_logic/Ox9dt6                          |                3 |              6 |         2.00 |
|  u_fpga_platform/u_pll0/inst/clk_out1 | u_fp_domain/u_CORTEXM3INTEGRATION/u_cortexm3ds_logic/Kfciw6                                         | u_fp_domain/u_CORTEXM3INTEGRATION/u_cortexm3ds_logic/Yfqg07_i_2_n_0                  |                4 |              6 |         1.50 |
|  u_fpga_platform/u_pll0/inst/clk_out1 | u_fp_domain/u_CORTEXM3INTEGRATION/u_cortexm3ds_logic/R0dt07_i_1_n_0                                 | u_fp_domain/u_CORTEXM3INTEGRATION/u_cortexm3ds_logic/Yamu07_i_2_n_0                  |                4 |              6 |         1.50 |
|  u_fpga_platform/u_pll0/inst/clk_out1 | u_fp_domain/u_CORTEXM3INTEGRATION/u_cortexm3ds_logic/Vfmov6                                         | u_fp_domain/u_CORTEXM3INTEGRATION/u_cortexm3ds_logic/Yfqg07_i_2_n_0                  |                4 |              6 |         1.50 |
|  u_fpga_platform/u_pll0/inst/clk_out1 | u_fp_domain/u_CORTEXM3INTEGRATION/u_cortexm3ds_logic/Zabu07_i_1_n_0                                 | u_fp_domain/u_CORTEXM3INTEGRATION/u_cortexm3ds_logic/Ox9dt6                          |                3 |              6 |         2.00 |
|  u_fpga_platform/u_pll0/inst/clk_out1 | u_fp_domain/u_CORTEXM3INTEGRATION/u_cortexm3ds_logic/Peciw6                                         | u_fp_domain/u_CORTEXM3INTEGRATION/u_cortexm3ds_logic/Yfqg07_i_2_n_0                  |                6 |              6 |         1.00 |
|  u_fpga_platform/u_pll0/inst/clk_out1 | u_fp_domain/u_CORTEXM3INTEGRATION/u_cortexm3ds_logic/Rabov6                                         |                                                                                      |                3 |              6 |         2.00 |
|  u_fpga_platform/u_pll0/inst/clk_out1 | u_fp_domain/u_CORTEXM3INTEGRATION/u_cortexm3ds_logic/Cj1u07_i_1_n_0                                 | u_fp_domain/u_CORTEXM3INTEGRATION/u_cortexm3ds_logic/Yamu07_i_2_n_0                  |                4 |              6 |         1.50 |
|  u_fpga_platform/u_pll0/inst/clk_out1 | u_fp_domain/u_CORTEXM3INTEGRATION/u_cortexm3ds_logic/Yfciw6                                         | u_fp_domain/u_CORTEXM3INTEGRATION/u_cortexm3ds_logic/Yfqg07_i_2_n_0                  |                4 |              6 |         1.50 |
|  u_fpga_platform/u_pll0/inst/clk_out1 | u_fp_domain/u_CORTEXM3INTEGRATION/u_cortexm3ds_logic/Ceht07_i_1_n_0                                 | u_fp_domain/u_CORTEXM3INTEGRATION/u_cortexm3ds_logic/Yamu07_i_2_n_0                  |                2 |              6 |         3.00 |
|  u_fpga_platform/u_pll0/inst/clk_out1 | u_fp_domain/u_CORTEXM3INTEGRATION/u_cortexm3ds_logic/Rfciw6                                         | u_fp_domain/u_CORTEXM3INTEGRATION/u_cortexm3ds_logic/Yfqg07_i_2_n_0                  |                5 |              6 |         1.20 |
|  u_fpga_platform/u_pll0/inst/clk_out1 | u_fp_domain/u_CORTEXM3INTEGRATION/u_cortexm3ds_logic/Ieciw6                                         | u_fp_domain/u_CORTEXM3INTEGRATION/u_cortexm3ds_logic/Yfqg07_i_2_n_0                  |                5 |              6 |         1.20 |
|  u_fpga_platform/u_pll0/inst/clk_out1 | u_fp_domain/u_CORTEXM3INTEGRATION/u_cortexm3ds_logic/Beciw6                                         | u_fp_domain/u_CORTEXM3INTEGRATION/u_cortexm3ds_logic/Yfqg07_i_2_n_0                  |                2 |              6 |         3.00 |
|  u_fpga_platform/u_pll0/inst/clk_out1 | u_fp_domain/u_CORTEXM3INTEGRATION/u_cortexm3ds_logic/Ba4u07_i_1_n_0                                 | u_fp_domain/u_CORTEXM3INTEGRATION/u_cortexm3ds_logic/Yamu07_i_2_n_0                  |                3 |              6 |         2.00 |
|  u_fpga_platform/u_pll0/inst/clk_out1 | u_fp_domain/u_CORTEXM3INTEGRATION/u_cortexm3ds_logic/Oibiw6                                         | u_fp_domain/u_CORTEXM3INTEGRATION/u_cortexm3ds_logic/Yamu07_i_2_n_0                  |                3 |              6 |         2.00 |
|  u_fpga_platform/u_pll0/inst/clk_out1 | u_fp_domain/u_CORTEXM3INTEGRATION/u_cortexm3ds_logic/Fhzt07_i_1_n_0                                 | u_fp_domain/u_CORTEXM3INTEGRATION/u_cortexm3ds_logic/Yamu07_i_2_n_0                  |                4 |              6 |         1.50 |
|  u_fpga_platform/u_pll0/inst/clk_out1 | u_fp_domain/u_CORTEXM3INTEGRATION/u_cortexm3ds_logic/X0vt07_i_1_n_0                                 | u_fp_domain/u_CORTEXM3INTEGRATION/u_cortexm3ds_logic/Yamu07_i_2_n_0                  |                3 |              6 |         2.00 |
|  u_fpga_platform/u_pll0/inst/clk_out1 | u_fp_domain/u_CORTEXM3INTEGRATION/u_cortexm3ds_logic/Y81jy6                                         | u_fp_domain/u_CORTEXM3INTEGRATION/u_cortexm3ds_logic/Ox9dt6                          |                4 |              7 |         1.75 |
|  u_fpga_platform/u_pll0/inst/clk_out1 | u_fp_domain/u_CORTEXM3INTEGRATION/u_cortexm3ds_logic/Q5wf07_i_1_n_0                                 |                                                                                      |                7 |              7 |         1.00 |
|  u_fpga_platform/u_pll0/inst/clk_out1 | u_fp_domain/u_CORTEXM3INTEGRATION/u_cortexm3ds_logic/Xaqm17_i_1_n_0                                 |                                                                                      |                1 |              7 |         7.00 |
|  u_fpga_platform/u_pll0/inst/clk_out1 | u_fp_domain/u_CORTEXM3INTEGRATION/u_cortexm3ds_logic/De0107_i_1_n_0                                 |                                                                                      |                5 |              7 |         1.40 |
|  u_fpga_platform/u_pll0/inst/clk_out1 | u_fp_domain/u_CORTEXM3INTEGRATION/u_cortexm3ds_logic/Nknzz6_i_1_n_0                                 |                                                                                      |                5 |              7 |         1.40 |
|  u_fpga_platform/u_pll0/inst/clk_out1 | u_fp_domain/u_CORTEXM3INTEGRATION/u_cortexm3ds_logic/p_3584_in                                      | u_fp_domain/u_CORTEXM3INTEGRATION/u_cortexm3ds_logic/Ox9dt6                          |                3 |              7 |         2.33 |
|  u_fpga_platform/u_pll0/inst/clk_out1 | u_fp_domain/u_CORTEXM3INTEGRATION/u_cortexm3ds_logic/p_7995_in                                      | u_fp_domain/u_CORTEXM3INTEGRATION/u_cortexm3ds_logic/Yfqg07_i_2_n_0                  |                6 |              7 |         1.17 |
|  u_fpga_platform/u_pll0/inst/clk_out1 | u_fp_domain/u_CORTEXM3INTEGRATION/u_cortexm3ds_logic/Rem7x6                                         | u_fp_domain/u_CORTEXM3INTEGRATION/u_cortexm3ds_logic/Yfqg07_i_2_n_0                  |                3 |              7 |         2.33 |
|  u_fpga_platform/u_pll0/inst/clk_out1 | u_fp_domain/u_CORTEXM3INTEGRATION/u_cortexm3ds_logic/Eq2nz6                                         | u_fp_domain/u_CORTEXM3INTEGRATION/u_cortexm3ds_logic/Ox9dt6                          |                4 |              7 |         1.75 |
|  u_fpga_platform/u_pll0/inst/clk_out1 | u_fp_domain/u_CORTEXM3INTEGRATION/u_cortexm3ds_logic/Vr5xx6                                         |                                                                                      |                6 |              8 |         1.33 |
|  u_fpga_platform/u_pll0/inst/clk_out2 |                                                                                                     | u_fpga_platform/pll_locked_reg_0                                                     |                1 |              8 |         8.00 |
|  u_fpga_platform/u_pll0/inst/clk_out1 | u_fp_domain/u_CORTEXM3INTEGRATION/u_cortexm3ds_logic/Jf4nz6_i_1_n_0                                 | u_fp_domain/u_CORTEXM3INTEGRATION/u_cortexm3ds_logic/Ox9dt6                          |                3 |              8 |         2.67 |
|  u_fpga_platform/u_pll0/inst/clk_out1 | u_fp_domain/u_CORTEXM3INTEGRATION/u_cortexm3ds_logic/Dtciw6                                         | u_fp_domain/u_CORTEXM3INTEGRATION/u_cortexm3ds_logic/Yamu07_i_2_n_0                  |                4 |              8 |         2.00 |
|  u_fpga_platform/u_pll0/inst/clk_out1 | u_fp_domain/u_CORTEXM3INTEGRATION/u_cortexm3ds_logic/Dsmu07_i_1_n_0                                 | u_fp_domain/u_CORTEXM3INTEGRATION/u_cortexm3ds_logic/Yamu07_i_2_n_0                  |                4 |              8 |         2.00 |
|  u_fpga_platform/u_pll0/inst/clk_out1 | u_fp_domain/u_CORTEXM3INTEGRATION/u_cortexm3ds_logic/E3rg07_i_1_n_0                                 | u_fp_domain/u_CORTEXM3INTEGRATION/u_cortexm3ds_logic/Yfqg07_i_2_n_0                  |                3 |              8 |         2.67 |
|  u_fpga_platform/u_pll0/inst/clk_out1 | u_fp_domain/u_CORTEXM3INTEGRATION/u_cortexm3ds_logic/Ug5xx6                                         |                                                                                      |                6 |              8 |         1.33 |
|  u_fpga_platform/u_pll0/inst/clk_out1 | u_fp_domain/u_CORTEXM3INTEGRATION/u_cortexm3ds_logic/Ue5ov6                                         | u_fp_domain/u_CORTEXM3INTEGRATION/u_cortexm3ds_logic/Ox9dt6                          |                5 |              8 |         1.60 |
| ~u_fpga_platform/u_lsi/outclk         |                                                                                                     | u_fpga_platform/pll_locked_reg_0                                                     |                1 |              8 |         8.00 |
|  u_fpga_platform/u_pll0/inst/clk_out1 | u_fp_domain/u_CORTEXM3INTEGRATION/u_cortexm3ds_logic/Tuciw6                                         | u_fp_domain/u_CORTEXM3INTEGRATION/u_cortexm3ds_logic/Yamu07_i_2_n_0                  |                6 |              8 |         1.33 |
|  u_fpga_platform/u_pll0/inst/clk_out1 | u_fp_domain/u_CORTEXM3INTEGRATION/u_cortexm3ds_logic/Ee6xx6                                         |                                                                                      |                3 |              8 |         2.67 |
|  u_fpga_platform/u_pll0/inst/clk_out1 | u_fp_domain/u_CORTEXM3INTEGRATION/u_cortexm3ds_logic/Tk5t07_i_1_n_0                                 | u_fp_domain/u_CORTEXM3INTEGRATION/u_cortexm3ds_logic/Yamu07_i_2_n_0                  |                2 |              8 |         4.00 |
|  u_fpga_platform/u_pll0/inst/clk_out1 | u_fp_domain/u_CORTEXM3INTEGRATION/u_cortexm3ds_logic/T46xx6                                         |                                                                                      |                8 |              8 |         1.00 |
|  u_fpga_platform/u_pll0/inst/clk_out1 | u_fp_domain/u_CORTEXM3INTEGRATION/u_cortexm3ds_logic/Sv1jy6                                         | u_fp_domain/u_CORTEXM3INTEGRATION/u_cortexm3ds_logic/Ox9dt6                          |                2 |              8 |         4.00 |
|  u_fpga_platform/u_pll0/inst/clk_out1 | u_fp_domain/u_CORTEXM3INTEGRATION/u_cortexm3ds_logic/Stlu07_i_1_n_0                                 | u_fp_domain/u_CORTEXM3INTEGRATION/u_cortexm3ds_logic/Yamu07_i_2_n_0                  |                6 |              8 |         1.33 |
|  u_fpga_platform/u_pll0/inst/clk_out1 | u_fp_domain/u_CORTEXM3INTEGRATION/u_cortexm3ds_logic/A89g07_i_1_n_0                                 | u_fp_domain/u_CORTEXM3INTEGRATION/u_cortexm3ds_logic/Yfqg07_i_2_n_0                  |                8 |              8 |         1.00 |
|  u_fpga_platform/u_pll0/inst/clk_out1 | u_fp_domain/u_CORTEXM3INTEGRATION/u_cortexm3ds_logic/S39g07_i_1_n_0                                 | u_fp_domain/u_CORTEXM3INTEGRATION/u_cortexm3ds_logic/Yfqg07_i_2_n_0                  |                3 |              8 |         2.67 |
|  u_fpga_platform/u_pll0/inst/clk_out1 | u_fp_domain/u_CORTEXM3INTEGRATION/u_cortexm3ds_logic/Aw1jy6                                         | u_fp_domain/u_CORTEXM3INTEGRATION/u_cortexm3ds_logic/Ox9dt6                          |                2 |              8 |         4.00 |
|  u_fpga_platform/u_pll0/inst/clk_out1 | u_fp_domain/u_CORTEXM3INTEGRATION/u_cortexm3ds_logic/Ytjiw6                                         | u_fp_domain/u_CORTEXM3INTEGRATION/u_cortexm3ds_logic/Yfqg07_i_2_n_0                  |                5 |              8 |         1.60 |
|  u_fpga_platform/u_pll0/inst/clk_out1 | u_fp_domain/u_CORTEXM3INTEGRATION/u_cortexm3ds_logic/Azmu07_i_1_n_0                                 | u_fp_domain/u_CORTEXM3INTEGRATION/u_cortexm3ds_logic/Yamu07_i_2_n_0                  |                6 |              8 |         1.33 |
|  u_fpga_platform/u_pll0/inst/clk_out1 | u_fp_domain/u_CORTEXM3INTEGRATION/u_cortexm3ds_logic/B22yx6                                         | u_fp_domain/u_CORTEXM3INTEGRATION/u_cortexm3ds_logic/Ox9dt6                          |                4 |              8 |         2.00 |
|  u_fpga_platform/u_pll0/inst/clk_out1 | u_fp_domain/u_CORTEXM3INTEGRATION/u_cortexm3ds_logic/B57iw6                                         |                                                                                      |                8 |              8 |         1.00 |
|  u_fpga_platform/u_pll0/inst/clk_out1 | u_fp_domain/u_CORTEXM3INTEGRATION/u_cortexm3ds_logic/Alo7x6                                         | u_fp_domain/u_CORTEXM3INTEGRATION/u_cortexm3ds_logic/Dpz917_i_1_n_0                  |                3 |              8 |         2.67 |
|  u_fpga_platform/u_pll0/inst/clk_out1 | u_fp_domain/u_CORTEXM3INTEGRATION/u_cortexm3ds_logic/Alo7x6                                         | u_fp_domain/u_CORTEXM3INTEGRATION/u_cortexm3ds_logic/Aaz917_i_1_n_0                  |                2 |              8 |         4.00 |
|  u_fpga_platform/u_pll0/inst/clk_out1 | u_fp_domain/u_CORTEXM3INTEGRATION/u_cortexm3ds_logic/Bh5xx6                                         |                                                                                      |                5 |              8 |         1.60 |
|  u_fpga_platform/u_pll0/inst/clk_out1 | u_fp_domain/u_CORTEXM3INTEGRATION/u_cortexm3ds_logic/C71jy6                                         |                                                                                      |                3 |              8 |         2.67 |
|  u_fpga_platform/u_pll0/inst/clk_out1 | u_fp_domain/u_sram_top/u_ahb_to_dtcm/buf_data_reg020_out                                            | u_fp_domain/u_sram_top/u_ahb_to_dtcm/buf_data[23]_i_1_n_0                            |                7 |              8 |         1.14 |
|  u_fpga_platform/u_pll0/inst/clk_out1 | u_fp_domain/u_CORTEXM3INTEGRATION/u_cortexm3ds_logic/Zr7xx6                                         |                                                                                      |                6 |              8 |         1.33 |
|  u_fpga_platform/u_pll0/inst/clk_out1 | u_fp_domain/u_CORTEXM3INTEGRATION/u_cortexm3ds_logic/Zdo7v6                                         | u_fp_domain/u_CORTEXM3INTEGRATION/u_cortexm3ds_logic/Ox9dt6                          |                2 |              8 |         4.00 |
|  u_fpga_platform/u_pll0/inst/clk_out1 | u_fp_domain/u_sram_top/u_ahb_to_dtcm/buf_data_reg0                                                  | u_fp_domain/u_sram_top/u_ahb_to_dtcm/buf_data[7]_i_1_n_0                             |                7 |              8 |         1.14 |
|  u_fpga_platform/u_pll0/inst/clk_out1 | u_fp_domain/u_sram_top/u_ahb_to_dtcm/buf_data_reg018_out                                            | u_fp_domain/u_sram_top/u_ahb_to_dtcm/buf_data[15]_i_1_n_0                            |                6 |              8 |         1.33 |
|  u_fpga_platform/u_pll0/inst/clk_out1 | u_fp_domain/u_CORTEXM3INTEGRATION/u_cortexm3ds_logic/Cp8xx6                                         |                                                                                      |                4 |              8 |         2.00 |
|  u_fpga_platform/u_pll0/inst/clk_out1 | u_fp_domain/u_CORTEXM3INTEGRATION/u_cortexm3ds_logic/Vvciw6                                         | u_fp_domain/u_CORTEXM3INTEGRATION/u_cortexm3ds_logic/Yamu07_i_2_n_0                  |                4 |              8 |         2.00 |
|  u_fpga_platform/u_pll0/inst/clk_out1 | u_fp_domain/u_CORTEXM3INTEGRATION/u_cortexm3ds_logic/Cs5xx6                                         |                                                                                      |                6 |              8 |         1.33 |
|  u_fpga_platform/u_pll0/inst/clk_out1 | u_fp_domain/u_sram_top/u_ahb_to_dtcm/buf_data_reg022_out                                            | u_fp_domain/u_sram_top/u_ahb_to_dtcm/buf_data[31]_i_1_n_0                            |                5 |              8 |         1.60 |
|  u_fpga_platform/u_pll0/inst/clk_out1 | u_fp_domain/u_sram_top/u_ahb_to_itcm/buf_data_reg020_out                                            | u_fp_domain/u_sram_top/u_ahb_to_itcm/buf_data[23]_i_1_n_0                            |                7 |              8 |         1.14 |
|  u_fpga_platform/u_pll0/inst/clk_out1 | u_fp_domain/u_CORTEXM3INTEGRATION/u_cortexm3ds_logic/D12yx6                                         | u_fp_domain/u_CORTEXM3INTEGRATION/u_cortexm3ds_logic/Ox9dt6                          |                4 |              8 |         2.00 |
|  u_fpga_platform/u_pll0/inst/clk_out1 | u_fp_domain/u_CORTEXM3INTEGRATION/u_cortexm3ds_logic/D45xx6                                         |                                                                                      |                7 |              8 |         1.14 |
|  u_fpga_platform/u_pll0/inst/clk_out1 | u_fp_domain/u_CORTEXM3INTEGRATION/u_cortexm3ds_logic/Xd6xx6                                         |                                                                                      |                5 |              8 |         1.60 |
|  u_fpga_platform/u_pll0/inst/clk_out1 | u_fp_domain/u_sram_top/u_ahb_to_itcm/buf_data_reg0                                                  | u_fp_domain/u_sram_top/u_ahb_to_itcm/buf_data[7]_i_1_n_0                             |                7 |              8 |         1.14 |
|  u_fpga_platform/u_pll0/inst/clk_out1 | u_fp_domain/u_sram_top/u_ahb_to_itcm/buf_data_reg018_out                                            | u_fp_domain/u_sram_top/u_ahb_to_itcm/buf_data[15]_i_1_n_0                            |                5 |              8 |         1.60 |
|  u_fpga_platform/u_pll0/inst/clk_out1 | u_fp_domain/u_CORTEXM3INTEGRATION/u_cortexm3ds_logic/Wtziy6                                         | u_fp_domain/u_CORTEXM3INTEGRATION/u_cortexm3ds_logic/Yfqg07_i_2_n_0                  |                5 |              8 |         1.60 |
|  u_fpga_platform/u_pll0/inst/clk_out1 | u_fp_domain/u_sram_top/u_ahb_to_itcm/buf_data_reg022_out                                            | u_fp_domain/u_sram_top/u_ahb_to_itcm/buf_data[31]_i_1_n_0                            |                5 |              8 |         1.60 |
|  u_fpga_platform/u_pll0/inst/clk_out1 | u_fp_domain/u_CORTEXM3INTEGRATION/u_cortexm3ds_logic/Dg4iw6                                         |                                                                                      |                8 |              8 |         1.00 |
|  u_fpga_platform/u_pll0/inst/clk_out1 | u_fp_domain/u_CORTEXM3INTEGRATION/u_cortexm3ds_logic/Ab5ov6                                         | u_fp_domain/u_CORTEXM3INTEGRATION/u_cortexm3ds_logic/Ox9dt6                          |                5 |              8 |         1.60 |
|  u_fpga_platform/u_pll0/inst/clk_out1 | u_fp_domain/u_CORTEXM3INTEGRATION/u_cortexm3ds_logic/W92jy6                                         | u_fp_domain/u_CORTEXM3INTEGRATION/u_cortexm3ds_logic/Ox9dt6                          |                1 |              8 |         8.00 |
|  u_fpga_platform/u_pll0/inst/clk_out1 | u_fp_domain/u_CORTEXM3INTEGRATION/u_cortexm3ds_logic/Ns7xx6                                         |                                                                                      |                5 |              8 |         1.60 |
|  u_fpga_platform/u_pll0/inst/clk_out1 | u_fp_domain/u_CORTEXM3INTEGRATION/u_cortexm3ds_logic/Pz1yx6                                         | u_fp_domain/u_CORTEXM3INTEGRATION/u_cortexm3ds_logic/Ox9dt6                          |                4 |              8 |         2.00 |
|  u_fpga_platform/u_pll0/inst/clk_out1 | u_fp_domain/u_CORTEXM3INTEGRATION/u_cortexm3ds_logic/Ps5iw6                                         |                                                                                      |                6 |              8 |         1.33 |
|  u_fpga_platform/u_pll0/inst/clk_out1 | u_fp_domain/u_CORTEXM3INTEGRATION/u_cortexm3ds_logic/Jemu07_i_1_n_0                                 | u_fp_domain/u_CORTEXM3INTEGRATION/u_cortexm3ds_logic/Yamu07_i_2_n_0                  |                4 |              8 |         2.00 |
|  u_fpga_platform/u_pll0/inst/clk_out1 | u_fp_domain/u_CORTEXM3INTEGRATION/u_cortexm3ds_logic/Pklov6                                         | u_fp_domain/u_CORTEXM3INTEGRATION/u_cortexm3ds_logic/Yamu07_i_2_n_0                  |                8 |              8 |         1.00 |
|  u_fpga_platform/u_pll0/inst/clk_out1 | u_fp_domain/u_CORTEXM3INTEGRATION/u_cortexm3ds_logic/Le6xx6                                         |                                                                                      |                5 |              8 |         1.60 |
|  u_fpga_platform/u_pll0/inst/clk_out1 | u_fp_domain/u_CORTEXM3INTEGRATION/u_cortexm3ds_logic/P0mu07_i_1_n_0                                 | u_fp_domain/u_CORTEXM3INTEGRATION/u_cortexm3ds_logic/Yamu07_i_2_n_0                  |                3 |              8 |         2.67 |
|  u_fpga_platform/u_pll0/inst/clk_out1 | u_fp_domain/u_CORTEXM3INTEGRATION/u_cortexm3ds_logic/Fuciw6                                         | u_fp_domain/u_CORTEXM3INTEGRATION/u_cortexm3ds_logic/Yamu07_i_2_n_0                  |                6 |              8 |         1.33 |
|  u_fpga_platform/u_pll0/inst/clk_out1 | u_fp_domain/u_CORTEXM3INTEGRATION/u_cortexm3ds_logic/Or5xx6                                         |                                                                                      |                6 |              8 |         1.33 |
|  u_fpga_platform/u_pll0/inst/clk_out1 | u_fp_domain/u_CORTEXM3INTEGRATION/u_cortexm3ds_logic/On9xx6                                         |                                                                                      |                5 |              8 |         1.60 |
|  u_fpga_platform/u_pll0/inst/clk_out1 | u_fp_domain/u_CORTEXM3INTEGRATION/u_cortexm3ds_logic/Olit07_i_1_n_0                                 | u_fp_domain/u_CORTEXM3INTEGRATION/u_cortexm3ds_logic/Yamu07_i_2_n_0                  |                6 |              8 |         1.33 |
|  u_fpga_platform/u_pll0/inst/clk_out1 | u_fp_domain/u_CORTEXM3INTEGRATION/u_cortexm3ds_logic/O3ciw6                                         | u_fp_domain/u_CORTEXM3INTEGRATION/u_cortexm3ds_logic/Yamu07_i_2_n_0                  |                3 |              8 |         2.67 |
|  u_fpga_platform/u_pll0/inst/clk_out1 | u_fp_domain/u_CORTEXM3INTEGRATION/u_cortexm3ds_logic/Ge5ov6                                         | u_fp_domain/u_CORTEXM3INTEGRATION/u_cortexm3ds_logic/Ox9dt6                          |                5 |              8 |         1.60 |
|  u_fpga_platform/u_pll0/inst/clk_out1 | u_fp_domain/u_CORTEXM3INTEGRATION/u_cortexm3ds_logic/Ry1yx6                                         | u_fp_domain/u_CORTEXM3INTEGRATION/u_cortexm3ds_logic/Ox9dt6                          |                5 |              8 |         1.60 |
|  u_fpga_platform/u_pll0/inst/clk_out1 | u_fp_domain/u_CORTEXM3INTEGRATION/u_cortexm3ds_logic/Ng5xx6                                         |                                                                                      |                6 |              8 |         1.33 |
|  u_fpga_platform/u_pll0/inst/clk_out1 | u_fp_domain/u_CORTEXM3INTEGRATION/u_cortexm3ds_logic/Ne5ov6                                         | u_fp_domain/u_CORTEXM3INTEGRATION/u_cortexm3ds_logic/Ox9dt6                          |                5 |              8 |         1.60 |
|  u_fpga_platform/u_pll0/inst/clk_out1 | u_fp_domain/u_CORTEXM3INTEGRATION/u_cortexm3ds_logic/Gs7xx6                                         |                                                                                      |                5 |              8 |         1.60 |
|  u_fpga_platform/u_pll0/inst/clk_out1 | u_fp_domain/u_CORTEXM3INTEGRATION/u_cortexm3ds_logic/Mu1jy6                                         | u_fp_domain/u_CORTEXM3INTEGRATION/u_cortexm3ds_logic/Ox9dt6                          |                3 |              8 |         2.67 |
|  u_fpga_platform/u_pll0/inst/clk_out1 | u_fp_domain/u_CORTEXM3INTEGRATION/u_cortexm3ds_logic/Jp8xx6                                         |                                                                                      |                6 |              8 |         1.33 |
|  u_fpga_platform/u_pll0/inst/clk_out1 | u_fp_domain/u_CORTEXM3INTEGRATION/u_cortexm3ds_logic/Mm1g07_i_1_n_0                                 |                                                                                      |                7 |              8 |         1.14 |
|  u_fpga_platform/u_pll0/inst/clk_out1 | u_fp_domain/u_CORTEXM3INTEGRATION/u_cortexm3ds_logic/Mh67x6                                         |                                                                                      |                6 |              8 |         1.33 |
|  u_fpga_platform/u_pll0/inst/clk_out1 | u_fp_domain/u_CORTEXM3INTEGRATION/u_cortexm3ds_logic/Jwciw6                                         | u_fp_domain/u_CORTEXM3INTEGRATION/u_cortexm3ds_logic/Yamu07_i_2_n_0                  |                4 |              8 |         2.00 |
|  u_fpga_platform/u_pll0/inst/clk_out1 | u_fp_domain/u_CORTEXM3INTEGRATION/u_cortexm3ds_logic/Hvciw6                                         | u_fp_domain/u_CORTEXM3INTEGRATION/u_cortexm3ds_logic/Yamu07_i_2_n_0                  |                4 |              8 |         2.00 |
|  u_fpga_platform/u_pll0/inst/clk_out1 | u_fp_domain/u_CORTEXM3INTEGRATION/u_cortexm3ds_logic/H8ca17_i_1_n_0                                 |                                                                                      |                4 |              8 |         2.00 |
|  u_fpga_platform/u_pll0/inst/clk_out1 | u_fp_domain/u_CORTEXM3INTEGRATION/u_cortexm3ds_logic/K45xx6                                         |                                                                                      |                6 |              8 |         1.33 |
|  u_fpga_platform/u_pll0/inst/clk_out1 | u_fp_domain/u_CORTEXM3INTEGRATION/u_cortexm3ds_logic/M46xx6                                         |                                                                                      |                5 |              8 |         1.60 |
|  u_fpga_platform/u_pll0/inst/clk_out1 | u_fp_domain/u_CORTEXM3INTEGRATION/u_cortexm3ds_logic/Ktjiw6                                         | u_fp_domain/u_CORTEXM3INTEGRATION/u_cortexm3ds_logic/Yfqg07_i_2_n_0                  |                4 |              8 |         2.00 |
|  u_fpga_platform/u_pll0/inst/clk_out1 | u_fp_domain/u_CORTEXM3INTEGRATION/u_cortexm3ds_logic/Rgbiw6                                         |                                                                                      |                6 |              8 |         1.33 |
|  u_fpga_platform/u_pll0/inst/clk_out1 | u_fp_domain/u_CORTEXM3INTEGRATION/u_cortexm3ds_logic/Knniy6                                         | u_fp_domain/u_CORTEXM3INTEGRATION/u_cortexm3ds_logic/Yfqg07_i_2_n_0                  |                3 |              8 |         2.67 |
|  u_fpga_platform/u_pll0/inst/clk_out1 | u_fp_domain/u_CORTEXM3INTEGRATION/u_cortexm3ds_logic/R45xx6                                         |                                                                                      |                4 |              8 |         2.00 |
|  u_fpga_platform/u_pll0/inst/clk_out1 | u_fp_domain/u_CORTEXM3INTEGRATION/u_cortexm3ds_logic/Rtciw6                                         | u_fp_domain/u_CORTEXM3INTEGRATION/u_cortexm3ds_logic/Yamu07_i_2_n_0                  |                5 |              8 |         1.60 |
|  u_fpga_platform/u_pll0/inst/clk_out1 | u_fp_domain/u_CORTEXM3INTEGRATION/u_cortexm3ds_logic/Qp8xx6                                         |                                                                                      |                6 |              8 |         1.33 |
|  u_fpga_platform/u_pll0/inst/clk_out1 | u_fp_domain/u_CORTEXM3INTEGRATION/u_cortexm3ds_logic/F46xx6                                         |                                                                                      |                5 |              8 |         1.60 |
|  u_fpga_platform/u_pll0/inst/clk_out1 | u_fp_domain/u_CORTEXM3INTEGRATION/u_cortexm3ds_logic/K6ca17_i_1_n_0                                 |                                                                                      |                4 |              8 |         2.00 |
|  u_fpga_platform/u_pll0/inst/clk_out1 | u_fp_domain/u_CORTEXM3INTEGRATION/u_cortexm3ds_logic/P9get6                                         | u_fp_domain/u_CORTEXM3INTEGRATION/u_cortexm3ds_logic/Yfqg07_i_2_n_0                  |                4 |              9 |         2.25 |
|  u_fpga_platform/u_pll0/inst/clk_out1 | u_fp_domain/u_apb0_sync/r_int_en_wr                                                                 | u_fpga_platform/pll_locked_reg_0                                                     |                5 |              9 |         1.80 |
|  u_fpga_platform/u_pll0/inst/clk_out1 | u_fp_domain/u_CORTEXM3INTEGRATION/u_cortexm3ds_logic/L96yx6                                         |                                                                                      |                6 |              9 |         1.50 |
|  u_fpga_platform/u_pll0/inst/clk_out1 | u_fp_domain/u_CORTEXM3INTEGRATION/u_cortexm3ds_logic/Maznz6_i_1_n_0                                 |                                                                                      |                6 |              9 |         1.50 |
|  u_fpga_platform/u_pll0/inst/clk_out1 | u_fp_domain/u_apb0_sync/r_int_clr_wr                                                                | u_fpga_platform/pll_locked_reg_0                                                     |                6 |              9 |         1.50 |
|  u_fpga_platform/u_pll0/inst/clk_out1 | u_fp_domain/u_CORTEXM3INTEGRATION/u_cortexm3ds_logic/Ahem17_i_1_n_0                                 |                                                                                      |                3 |              9 |         3.00 |
|  u_fpga_platform/u_pll0/inst/clk_out1 | u_fp_domain/u_CORTEXM3INTEGRATION/u_cortexm3ds_logic/Qu1ov6                                         | u_fp_domain/u_CORTEXM3INTEGRATION/u_cortexm3ds_logic/Yfqg07_i_2_n_0                  |                2 |              9 |         4.50 |
|  u_fpga_platform/u_pll0/inst/clk_out1 | u_fp_domain/u_CORTEXM3INTEGRATION/u_cortexm3ds_logic/Loem17_i_1_n_0                                 |                                                                                      |                5 |              9 |         1.80 |
|  u_fpga_platform/u_pll0/inst/clk_out1 | u_fp_domain/u_CORTEXM3INTEGRATION/u_cortexm3ds_logic/Ljem17_i_1_n_0                                 |                                                                                      |                3 |              9 |         3.00 |
|  u_fpga_platform/u_pll0/inst/clk_out1 | u_fp_domain/u_CORTEXM3INTEGRATION/u_cortexm3ds_logic/Oaqh07_i_1_n_0                                 | u_fp_domain/u_CORTEXM3INTEGRATION/u_cortexm3ds_logic/Ox9dt6                          |                4 |              9 |         2.25 |
|  u_fpga_platform/u_pll0/inst/clk_out1 | u_fp_domain/u_CORTEXM3INTEGRATION/u_cortexm3ds_logic/H3fm17_i_1_n_0                                 |                                                                                      |                6 |              9 |         1.50 |
|  u_fpga_platform/u_pll0/inst/clk_out1 | u_fp_domain/u_CORTEXM3INTEGRATION/u_cortexm3ds_logic/Lh6yx6                                         |                                                                                      |                7 |              9 |         1.29 |
|  u_fpga_platform/u_pll0/inst/clk_out1 | u_fp_domain/u_CORTEXM3INTEGRATION/u_cortexm3ds_logic/Kboh07_i_1_n_0                                 | u_fp_domain/u_CORTEXM3INTEGRATION/u_cortexm3ds_logic/Ox9dt6                          |                3 |              9 |         3.00 |
|  u_fpga_platform/u_pll0/inst/clk_out1 | u_fp_domain/u_CORTEXM3INTEGRATION/u_cortexm3ds_logic/Wvem17_i_1_n_0                                 |                                                                                      |                4 |              9 |         2.25 |
|  u_fpga_platform/u_pll0/inst/clk_out1 | u_fp_domain/u_CORTEXM3INTEGRATION/u_cortexm3ds_logic/Ammhw6                                         |                                                                                      |                5 |              9 |         1.80 |
|  u_fpga_platform/u_pll0/inst/clk_out1 | u_fp_domain/u_CORTEXM3INTEGRATION/u_cortexm3ds_logic/Pz5yx6                                         |                                                                                      |                5 |              9 |         1.80 |
|  u_fpga_platform/u_pll0/inst/clk_out1 | u_fp_domain/u_CORTEXM3INTEGRATION/u_cortexm3ds_logic/Ld6yx6                                         |                                                                                      |                4 |              9 |         2.25 |
|  u_fpga_platform/u_pll0/inst/clk_out1 | u_fp_domain/u_apb0_sync_top/u_uart0/u_uart_data_buffer/u_tx_fifo/fifo[1][9]_i_1_n_0                 | u_fp_domain/u_apb0_sync_top/u_uart0/u_uart_regs_wrap/u_sync_ff_inst0/r_tx_fifo_clear |                8 |             10 |         1.25 |
|  u_fpga_platform/u_pll0/inst/clk_out1 | u_fp_domain/u_apb0_sync/wr_reg_reg_4[0]                                                             | u_fpga_platform/pll_locked_reg_0                                                     |                1 |             10 |        10.00 |
|  u_fpga_platform/u_pll0/inst/clk_out1 | u_fp_domain/u_apb0_sync_top/u_uart0/u_uart_data_buffer/u_tx_fifo/fifo[14][9]_i_1_n_0                | u_fp_domain/u_apb0_sync_top/u_uart0/u_uart_regs_wrap/u_sync_ff_inst0/r_tx_fifo_clear |                7 |             10 |         1.43 |
|  u_fpga_platform/u_pll0/inst/clk_out1 | u_fp_domain/u_apb0_sync_top/u_uart0/u_uart_data_buffer/u_tx_fifo/fifo[13][9]_i_1_n_0                | u_fp_domain/u_apb0_sync_top/u_uart0/u_uart_regs_wrap/u_sync_ff_inst0/r_tx_fifo_clear |                7 |             10 |         1.43 |
|  u_fpga_platform/u_pll0/inst/clk_out1 | u_fp_domain/u_apb0_sync_top/u_uart0/u_uart_data_buffer/u_tx_fifo/fifo[12][9]_i_1_n_0                | u_fp_domain/u_apb0_sync_top/u_uart0/u_uart_regs_wrap/u_sync_ff_inst0/r_tx_fifo_clear |                5 |             10 |         2.00 |
|  u_fpga_platform/u_pll0/inst/clk_out1 | u_fp_domain/u_apb0_sync_top/u_uart0/u_uart_data_buffer/u_tx_fifo/fifo[11][9]_i_1__0_n_0             | u_fp_domain/u_apb0_sync_top/u_uart0/u_uart_regs_wrap/u_sync_ff_inst0/r_tx_fifo_clear |                5 |             10 |         2.00 |
|  u_fpga_platform/u_pll0/inst/clk_out1 | u_fp_domain/u_apb0_sync_top/u_uart0/u_uart_data_buffer/u_rx_fifo/fifo[9][9]_i_1_n_0                 | u_fp_domain/u_apb0_sync_top/u_uart0/u_uart_regs_wrap/u_sync_ff_inst1/r_rx_fifo_clear |                8 |             10 |         1.25 |
|  u_fpga_platform/u_pll0/inst/clk_out1 | u_fp_domain/u_apb0_sync_top/u_uart0/u_uart_data_buffer/u_rx_fifo/fifo[8][9]_i_1_n_0                 | u_fp_domain/u_apb0_sync_top/u_uart0/u_uart_regs_wrap/u_sync_ff_inst1/r_rx_fifo_clear |                7 |             10 |         1.43 |
|  u_fpga_platform/u_pll0/inst/clk_out1 | u_fp_domain/u_apb0_sync_top/u_uart0/u_uart_data_buffer/u_tx_fifo/fifo                               | u_fp_domain/u_apb0_sync_top/u_uart0/u_uart_regs_wrap/u_sync_ff_inst0/r_tx_fifo_clear |                6 |             10 |         1.67 |
|  u_fpga_platform/u_pll0/inst/clk_out1 | u_fp_domain/u_apb0_sync_top/u_uart0/u_uart_data_buffer/u_tx_fifo/fifo[10][9]_i_1__0_n_0             | u_fp_domain/u_apb0_sync_top/u_uart0/u_uart_regs_wrap/u_sync_ff_inst0/r_tx_fifo_clear |                5 |             10 |         2.00 |
|  u_fpga_platform/u_pll0/inst/clk_out1 | u_fp_domain/u_apb0_sync_top/u_uart0/u_uart_data_buffer/u_rx_fifo/fifo                               | u_fp_domain/u_apb0_sync_top/u_uart0/u_uart_regs_wrap/u_sync_ff_inst1/r_rx_fifo_clear |                7 |             10 |         1.43 |
|  u_fpga_platform/u_pll0/inst/clk_out1 | u_fp_domain/u_apb0_sync_top/u_uart0/u_uart_data_buffer/u_rx_fifo/fifo[10][9]_i_1_n_0                | u_fp_domain/u_apb0_sync_top/u_uart0/u_uart_regs_wrap/u_sync_ff_inst1/r_rx_fifo_clear |                7 |             10 |         1.43 |
|  u_fpga_platform/u_pll0/inst/clk_out1 | u_fp_domain/u_apb0_sync_top/u_uart0/u_uart_data_buffer/u_rx_fifo/fifo[11][9]_i_1_n_0                | u_fp_domain/u_apb0_sync_top/u_uart0/u_uart_regs_wrap/u_sync_ff_inst1/r_rx_fifo_clear |                7 |             10 |         1.43 |
|  u_fpga_platform/u_pll0/inst/clk_out1 | u_fp_domain/u_apb0_sync_top/u_uart0/u_uart_data_buffer/u_rx_fifo/fifo[12][9]_i_1__0_n_0             | u_fp_domain/u_apb0_sync_top/u_uart0/u_uart_regs_wrap/u_sync_ff_inst1/r_rx_fifo_clear |                7 |             10 |         1.43 |
|  u_fpga_platform/u_pll0/inst/clk_out1 | u_fp_domain/u_apb0_sync_top/u_uart0/u_uart_data_buffer/u_rx_fifo/fifo[13][9]_i_1__0_n_0             | u_fp_domain/u_apb0_sync_top/u_uart0/u_uart_regs_wrap/u_sync_ff_inst1/r_rx_fifo_clear |                7 |             10 |         1.43 |
|  u_fpga_platform/u_pll0/inst/clk_out1 | u_fp_domain/u_apb0_sync_top/u_uart0/u_uart_data_buffer/u_rx_fifo/fifo[1][9]_i_1__0_n_0              | u_fp_domain/u_apb0_sync_top/u_uart0/u_uart_regs_wrap/u_sync_ff_inst1/r_rx_fifo_clear |                6 |             10 |         1.67 |
|  u_fpga_platform/u_pll0/inst/clk_out1 | u_fp_domain/u_apb0_sync_top/u_uart0/u_uart_data_buffer/u_rx_fifo/fifo[14][9]_i_1__0_n_0             | u_fp_domain/u_apb0_sync_top/u_uart0/u_uart_regs_wrap/u_sync_ff_inst1/r_rx_fifo_clear |                8 |             10 |         1.25 |
|  u_fpga_platform/u_pll0/inst/clk_out1 | u_fp_domain/u_apb0_sync_top/u_uart0/u_uart_data_buffer/u_rx_fifo/fifo[15][9]_i_1__0_n_0             | u_fp_domain/u_apb0_sync_top/u_uart0/u_uart_regs_wrap/u_sync_ff_inst1/r_rx_fifo_clear |                9 |             10 |         1.11 |
|  u_fpga_platform/u_pll0/inst/clk_out1 | u_fp_domain/u_apb0_sync_top/u_uart0/u_uart_data_buffer/u_rx_fifo/fifo[2][9]_i_1__0_n_0              | u_fp_domain/u_apb0_sync_top/u_uart0/u_uart_regs_wrap/u_sync_ff_inst1/r_rx_fifo_clear |                7 |             10 |         1.43 |
|  u_fpga_platform/u_pll0/inst/clk_out1 | u_fp_domain/u_apb0_sync_top/u_uart0/u_uart_data_buffer/u_rx_fifo/fifo[3][9]_i_1__0_n_0              | u_fp_domain/u_apb0_sync_top/u_uart0/u_uart_regs_wrap/u_sync_ff_inst1/r_rx_fifo_clear |                9 |             10 |         1.11 |
|  u_fpga_platform/u_pll0/inst/clk_out1 | u_fp_domain/u_apb0_sync_top/u_uart0/u_uart_data_buffer/u_rx_fifo/fifo[4][9]_i_1_n_0                 | u_fp_domain/u_apb0_sync_top/u_uart0/u_uart_regs_wrap/u_sync_ff_inst1/r_rx_fifo_clear |                9 |             10 |         1.11 |
|  u_fpga_platform/u_pll0/inst/clk_out1 | u_fp_domain/u_apb0_sync_top/u_uart0/u_uart_data_buffer/u_rx_fifo/fifo[5][9]_i_1_n_0                 | u_fp_domain/u_apb0_sync_top/u_uart0/u_uart_regs_wrap/u_sync_ff_inst1/r_rx_fifo_clear |                7 |             10 |         1.43 |
|  u_fpga_platform/u_pll0/inst/clk_out1 | u_fp_domain/u_apb0_sync_top/u_uart0/u_uart_data_buffer/u_rx_fifo/fifo[6][9]_i_1_n_0                 | u_fp_domain/u_apb0_sync_top/u_uart0/u_uart_regs_wrap/u_sync_ff_inst1/r_rx_fifo_clear |                7 |             10 |         1.43 |
|  u_fpga_platform/u_pll0/inst/clk_out1 | u_fp_domain/u_apb0_sync_top/u_uart0/u_uart_data_buffer/u_rx_fifo/fifo[7][9]_i_1__0_n_0              | u_fp_domain/u_apb0_sync_top/u_uart0/u_uart_regs_wrap/u_sync_ff_inst1/r_rx_fifo_clear |                9 |             10 |         1.11 |
|  u_fpga_platform/u_pll0/inst/clk_out1 | u_fp_domain/u_apb0_sync_top/u_uart0/u_uart_data_buffer/u_tx_fifo/fifo[5][9]_i_1__0_n_0              | u_fp_domain/u_apb0_sync_top/u_uart0/u_uart_regs_wrap/u_sync_ff_inst0/r_tx_fifo_clear |                8 |             10 |         1.25 |
|  TCK_IBUF_BUFG                        | u_fp_domain/u_CORTEXM3INTEGRATION/u_cortexm3ds_logic/G7kzz6_i_1_n_0                                 | u_fp_domain/u_CORTEXM3INTEGRATION/u_cortexm3ds_logic/Sz9dt6                          |                7 |             10 |         1.43 |
|  u_fpga_platform/u_pll0/inst/clk_out1 | u_fp_domain/u_apb0_sync_top/u_uart0/u_uart_data_buffer/u_tx_fifo/fifo[9][9]_i_1__0_n_0              | u_fp_domain/u_apb0_sync_top/u_uart0/u_uart_regs_wrap/u_sync_ff_inst0/r_tx_fifo_clear |                5 |             10 |         2.00 |
|  u_fpga_platform/u_pll0/inst/clk_out1 | u_fp_domain/u_apb0_sync_top/u_uart0/u_uart_data_buffer/u_tx_fifo/fifo[15][9]_i_1_n_0                | u_fp_domain/u_apb0_sync_top/u_uart0/u_uart_regs_wrap/u_sync_ff_inst0/r_tx_fifo_clear |                4 |             10 |         2.50 |
|  u_fpga_platform/u_pll0/inst/clk_out1 | u_fp_domain/u_CORTEXM3INTEGRATION/u_cortexm3ds_logic/Q52et6                                         | u_fp_domain/u_CORTEXM3INTEGRATION/u_cortexm3ds_logic/Yfqg07_i_2_n_0                  |                6 |             10 |         1.67 |
|  TCK_IBUF_BUFG                        | u_fp_domain/u_CORTEXM3INTEGRATION/u_cortexm3ds_logic/Imhoz6_i_1_n_0                                 | u_fp_domain/u_CORTEXM3INTEGRATION/u_cortexm3ds_logic/Sz9dt6                          |                8 |             10 |         1.25 |
|  u_fpga_platform/u_pll0/inst/clk_out1 | u_fp_domain/u_apb0_sync_top/u_uart0/u_uart_data_buffer/u_tx_fifo/fifo[8][9]_i_1__0_n_0              | u_fp_domain/u_apb0_sync_top/u_uart0/u_uart_regs_wrap/u_sync_ff_inst0/r_tx_fifo_clear |                5 |             10 |         2.00 |
|  u_fpga_platform/u_pll0/inst/clk_out1 | u_fp_domain/u_apb0_sync_top/u_uart0/u_uart_data_buffer/u_tx_fifo/fifo[7][9]_i_1_n_0                 | u_fp_domain/u_apb0_sync_top/u_uart0/u_uart_regs_wrap/u_sync_ff_inst0/r_tx_fifo_clear |                8 |             10 |         1.25 |
|  u_fpga_platform/u_pll0/inst/clk_out1 | u_fp_domain/u_apb0_sync_top/u_uart0/u_uart_data_buffer/u_tx_fifo/fifo[6][9]_i_1__0_n_0              | u_fp_domain/u_apb0_sync_top/u_uart0/u_uart_regs_wrap/u_sync_ff_inst0/r_tx_fifo_clear |                7 |             10 |         1.43 |
|  u_fpga_platform/u_pll0/inst/clk_out1 | u_fp_domain/u_apb0_sync_top/u_uart0/u_uart_data_buffer/u_tx_fifo/fifo[4][9]_i_1__0_n_0              | u_fp_domain/u_apb0_sync_top/u_uart0/u_uart_regs_wrap/u_sync_ff_inst0/r_tx_fifo_clear |                8 |             10 |         1.25 |
|  u_fpga_platform/u_pll0/inst/clk_out1 | u_fp_domain/u_CORTEXM3INTEGRATION/u_cortexm3ds_logic/Mphiw6                                         |                                                                                      |                4 |             10 |         2.50 |
|  u_fpga_platform/u_pll0/inst/clk_out1 | u_fp_domain/u_CORTEXM3INTEGRATION/u_cortexm3ds_logic/Kniiw6                                         |                                                                                      |                5 |             10 |         2.00 |
|  u_fpga_platform/u_pll0/inst/clk_out1 | u_fp_domain/u_apb0_sync_top/u_uart0/u_uart_data_buffer/u_tx_fifo/fifo[3][9]_i_1_n_0                 | u_fp_domain/u_apb0_sync_top/u_uart0/u_uart_regs_wrap/u_sync_ff_inst0/r_tx_fifo_clear |                9 |             10 |         1.11 |
|  u_fpga_platform/u_pll0/inst/clk_out1 | u_fp_domain/u_CORTEXM3INTEGRATION/u_cortexm3ds_logic/p_7007_in                                      | u_fp_domain/u_CORTEXM3INTEGRATION/u_cortexm3ds_logic/Yamu07_i_2_n_0                  |                2 |             10 |         5.00 |
|  u_fpga_platform/u_pll0/inst/clk_out1 | u_fp_domain/u_apb0_sync_top/u_uart0/u_uart_data_buffer/u_tx_fifo/fifo[2][9]_i_1_n_0                 | u_fp_domain/u_apb0_sync_top/u_uart0/u_uart_regs_wrap/u_sync_ff_inst0/r_tx_fifo_clear |                8 |             10 |         1.25 |
|  u_fpga_platform/u_pll0/inst/clk_out1 | u_fp_domain/u_CORTEXM3INTEGRATION/u_cortexm3ds_logic/U61jy6                                         |                                                                                      |                5 |             11 |         2.20 |
|  u_fpga_platform/u_pll0/inst/clk_out1 | u_fp_domain/u_apb0_sync_top/u_uart0/u_uart_pe_core/u_uart_pe_tx/tx_data_loaded_i_1_n_0              | u_fpga_platform/pll_locked_reg_0                                                     |                7 |             11 |         1.57 |
|  u_fpga_platform/u_pll0/inst/clk_out1 | u_fp_domain/u_CORTEXM3INTEGRATION/u_cortexm3ds_logic/M61jy6                                         |                                                                                      |                6 |             11 |         1.83 |
|  u_fpga_platform/u_pll0/inst/clk_out1 | u_fp_domain/u_CORTEXM3INTEGRATION/u_cortexm3ds_logic/Wvd917_i_1_n_0                                 |                                                                                      |               10 |             11 |         1.10 |
|  u_fpga_platform/u_pll0/inst/clk_out1 | u_fp_domain/u_CORTEXM3INTEGRATION/u_cortexm3ds_logic/Ua1jy6                                         |                                                                                      |                4 |             11 |         2.75 |
|  u_fpga_platform/u_pll0/inst/clk_out1 | u_fp_domain/u_CORTEXM3INTEGRATION/u_cortexm3ds_logic/Lidiw6                                         | u_fp_domain/u_CORTEXM3INTEGRATION/u_cortexm3ds_logic/Yfqg07_i_2_n_0                  |                7 |             11 |         1.57 |
|  u_fpga_platform/u_pll0/inst/clk_out1 | u_fp_domain/u_CORTEXM3INTEGRATION/u_cortexm3ds_logic/Ac2t07_i_1_n_0                                 | u_fp_domain/u_CORTEXM3INTEGRATION/u_cortexm3ds_logic/Ox9dt6                          |                6 |             12 |         2.00 |
|  TCK_IBUF_BUFG                        |                                                                                                     | TRST_IBUF_inst/O                                                                     |                5 |             12 |         2.40 |
|  TCK_IBUF_BUFG                        | u_fp_domain/u_CORTEXM3INTEGRATION/u_cortexm3ds_logic/Toxhw6                                         | u_fp_domain/u_CORTEXM3INTEGRATION/u_cortexm3ds_logic/Sz9dt6                          |                4 |             12 |         3.00 |
|  u_fpga_platform/u_pll0/inst/clk_out1 | u_fp_domain/u_CORTEXM3INTEGRATION/u_cortexm3ds_logic/Ut4ov6                                         | u_fp_domain/u_CORTEXM3INTEGRATION/u_cortexm3ds_logic/Ox9dt6                          |                7 |             12 |         1.71 |
|  TCK_IBUF_BUFG                        | u_fp_domain/u_CORTEXM3INTEGRATION/u_cortexm3ds_logic/Myyiy6                                         | u_fp_domain/u_CORTEXM3INTEGRATION/u_cortexm3ds_logic/Sz9dt6                          |                7 |             12 |         1.71 |
|  u_fpga_platform/u_pll0/inst/clk_out1 | u_fp_domain/u_CORTEXM3INTEGRATION/u_cortexm3ds_logic/Bv7g07_i_1_n_0                                 | u_fp_domain/u_CORTEXM3INTEGRATION/u_cortexm3ds_logic/Ox9dt6                          |                3 |             13 |         4.33 |
|  u_fpga_platform/u_pll0/inst/clk_out1 | u_fp_domain/u_CORTEXM3INTEGRATION/u_cortexm3ds_logic/Dvhiw6                                         | u_fp_domain/u_CORTEXM3INTEGRATION/u_cortexm3ds_logic/Ox9dt6                          |                4 |             13 |         3.25 |
|  u_fpga_platform/u_pll0/inst/clk_out1 | u_fp_domain/u_CORTEXM3INTEGRATION/u_cortexm3ds_logic/O91jy6                                         | u_fp_domain/u_CORTEXM3INTEGRATION/u_cortexm3ds_logic/Ox9dt6                          |                9 |             14 |         1.56 |
|  u_fpga_platform/u_pll0/inst/clk_out1 | u_fp_domain/u_apb0_sync/addr_reg_reg[2]_0[0]                                                        | u_fpga_platform/pll_locked_reg_0                                                     |                8 |             16 |         2.00 |
|  u_fpga_platform/u_pll0/inst/clk_out1 | u_fp_domain/u_CORTEXM3INTEGRATION/u_cortexm3ds_logic/Jqk917_i_1_n_0                                 | u_fp_domain/u_CORTEXM3INTEGRATION/u_cortexm3ds_logic/Yamu07_i_2_n_0                  |                6 |             16 |         2.67 |
|  u_fpga_platform/u_pll0/inst/clk_out1 | u_fp_domain/u_CORTEXM3INTEGRATION/u_cortexm3ds_logic/p_5476_in                                      | u_fp_domain/u_CORTEXM3INTEGRATION/u_cortexm3ds_logic/Ox9dt6                          |               10 |             16 |         1.60 |
|  u_fpga_platform/u_pll0/inst/clk_out1 | u_fp_domain/u_CORTEXM3INTEGRATION/u_cortexm3ds_logic/Yamu07_i_1_n_0                                 | u_fp_domain/u_CORTEXM3INTEGRATION/u_cortexm3ds_logic/Yamu07_i_2_n_0                  |                9 |             16 |         1.78 |
|  u_fpga_platform/u_pll0/inst/clk_out1 | u_fp_domain/u_CORTEXM3INTEGRATION/u_cortexm3ds_logic/G91jy6                                         |                                                                                      |                8 |             16 |         2.00 |
|  u_fpga_platform/u_pll0/inst/clk_out1 | u_fp_domain/u_CORTEXM3INTEGRATION/u_cortexm3ds_logic/M2nu07_i_1_n_0                                 | u_fp_domain/u_CORTEXM3INTEGRATION/u_cortexm3ds_logic/Yamu07_i_2_n_0                  |               11 |             16 |         1.45 |
|  u_fpga_platform/u_pll0/inst/clk_out1 | u_fp_domain/u_CORTEXM3INTEGRATION/u_cortexm3ds_logic/Watt07_i_1_n_0                                 | u_fp_domain/u_CORTEXM3INTEGRATION/u_cortexm3ds_logic/Yamu07_i_2_n_0                  |                7 |             16 |         2.29 |
|  u_fpga_platform/u_pll0/inst/clk_out1 | u_fp_domain/u_CORTEXM3INTEGRATION/u_cortexm3ds_logic/Gmkt07_i_1_n_0                                 | u_fp_domain/u_CORTEXM3INTEGRATION/u_cortexm3ds_logic/Yamu07_i_2_n_0                  |               13 |             16 |         1.23 |
|  u_fpga_platform/u_pll0/inst/clk_out1 | u_fp_domain/u_CORTEXM3INTEGRATION/u_cortexm3ds_logic/Exlu07_i_1_n_0                                 | u_fp_domain/u_CORTEXM3INTEGRATION/u_cortexm3ds_logic/Yamu07_i_2_n_0                  |                9 |             16 |         1.78 |
|  u_fpga_platform/u_pll0/inst/clk_out1 | u_fp_domain/u_CORTEXM3INTEGRATION/u_cortexm3ds_logic/Zil917_i_1_n_0                                 | u_fp_domain/u_CORTEXM3INTEGRATION/u_cortexm3ds_logic/Yamu07_i_2_n_0                  |                9 |             16 |         1.78 |
|  u_fpga_platform/u_pll0/inst/clk_out1 | u_fp_domain/u_CORTEXM3INTEGRATION/u_cortexm3ds_logic/Ehfhw6                                         | u_fp_domain/u_CORTEXM3INTEGRATION/u_cortexm3ds_logic/Yfqg07_i_2_n_0                  |                6 |             16 |         2.67 |
|  u_fpga_platform/u_pll0/inst/clk_out1 | u_fp_domain/u_CORTEXM3INTEGRATION/u_cortexm3ds_logic/C4ciw6                                         | u_fp_domain/u_CORTEXM3INTEGRATION/u_cortexm3ds_logic/Yamu07_i_2_n_0                  |               11 |             16 |         1.45 |
|  u_fpga_platform/u_pll0/inst/clk_out1 | u_fp_domain/u_CORTEXM3INTEGRATION/u_cortexm3ds_logic/Sdo7v6                                         | u_fp_domain/u_CORTEXM3INTEGRATION/u_cortexm3ds_logic/Ox9dt6                          |                7 |             18 |         2.57 |
|  u_fpga_platform/u_pll0/inst/clk_out1 | u_fp_domain/u_CORTEXM3INTEGRATION/u_cortexm3ds_logic/Ttzhw6                                         |                                                                                      |                8 |             18 |         2.25 |
|  u_fpga_platform/u_pll0/inst/clk_out1 | u_fp_domain/u_CORTEXM3INTEGRATION/u_cortexm3ds_logic/p_7007_in                                      | u_fp_domain/u_CORTEXM3INTEGRATION/u_cortexm3ds_logic/Yfqg07_i_2_n_0                  |                5 |             19 |         3.80 |
|  u_fpga_platform/u_pll0/inst/clk_out1 | u_fp_domain/u_ahb_bus_matrix/u_ahb_bus_matrix_om0_0/u_output_arb/reg_write_reg[0]                   | u_fpga_platform/pll_locked_reg_0                                                     |                4 |             19 |         4.75 |
|  u_fpga_platform/u_pll0/inst/clk_out1 | u_fp_domain/u_ahb_bus_matrix/u_ahb_bus_matrix_om1_1/u_output_arb/reg_write_reg[0]                   | u_fpga_platform/pll_locked_reg_0                                                     |                7 |             19 |         2.71 |
|  u_fpga_platform/u_pll0/inst/clk_out1 | u_fp_domain/u_CORTEXM3INTEGRATION/u_cortexm3ds_logic/Pneh07_i_1_n_0                                 | u_fp_domain/u_CORTEXM3INTEGRATION/u_cortexm3ds_logic/Ox9dt6                          |               15 |             23 |         1.53 |
|  u_fpga_platform/u_pll0/inst/clk_out1 | u_fp_domain/u_CORTEXM3INTEGRATION/u_cortexm3ds_logic/L4kiw6                                         |                                                                                      |               15 |             24 |         1.60 |
|  u_fpga_platform/u_pll0/inst/clk_out1 |                                                                                                     | u_fp_domain/u_CORTEXM3INTEGRATION/u_cortexm3ds_logic/Yamu07_i_2_n_0                  |               17 |             24 |         1.41 |
|  u_fpga_platform/u_pll0/inst/clk_out1 | u_fp_domain/u_CORTEXM3INTEGRATION/u_cortexm3ds_logic/Tiiu07_i_1_n_0                                 |                                                                                      |                6 |             25 |         4.17 |
|  u_fpga_platform/u_pll0/inst/clk_out1 | u_fp_domain/u_CORTEXM3INTEGRATION/u_cortexm3ds_logic/A9kiw6                                         |                                                                                      |               13 |             27 |         2.08 |
|  u_fpga_platform/u_pll0/inst/clk_out1 | u_fp_domain/u_apb0_sync_top/u_uart0/u_uart_regs_wrap/u_uart_apb_cfg/r_update_reg_0[0]               | u_fpga_platform/pll_locked_reg_0                                                     |               14 |             27 |         1.93 |
|  u_fpga_platform/u_pll0/inst/clk_out1 | u_fp_domain/u_CORTEXM3INTEGRATION/u_cortexm3ds_logic/F8kiw6                                         |                                                                                      |               14 |             27 |         1.93 |
|  u_fpga_platform/u_pll0/inst/clk_out1 | u_fp_domain/u_CORTEXM3INTEGRATION/u_cortexm3ds_logic/Q4yiy6                                         | u_fp_domain/u_CORTEXM3INTEGRATION/u_cortexm3ds_logic/Ox9dt6                          |               10 |             28 |         2.80 |
|  u_fpga_platform/u_pll0/inst/clk_out1 | u_fp_domain/u_ahb_bus_matrix/u_ahb_bus_matrix_i_1/load_reg                                          | u_fpga_platform/pll_locked_reg_0                                                     |                8 |             28 |         3.50 |
|  u_fpga_platform/u_pll0/inst/clk_out1 | u_fp_domain/u_apb0_sync/addr_reg_reg[0]_0[0]                                                        | u_fpga_platform/pll_locked_reg_0                                                     |               17 |             29 |         1.71 |
|  u_fpga_platform/u_pll0/inst/clk_out1 | u_fp_domain/u_CORTEXM3INTEGRATION/u_cortexm3ds_logic/P6kiw6                                         |                                                                                      |               11 |             29 |         2.64 |
|  u_fpga_platform/u_pll0/inst/clk_out1 | u_fp_domain/u_CORTEXM3INTEGRATION/u_cortexm3ds_logic/R7kiw6                                         |                                                                                      |               12 |             29 |         2.42 |
|  u_fpga_platform/u_pll0/inst/clk_out1 | u_fp_domain/u_CORTEXM3INTEGRATION/u_cortexm3ds_logic/D7kiw6                                         |                                                                                      |               12 |             29 |         2.42 |
|  u_fpga_platform/u_pll0/inst/clk_out1 | u_fp_domain/u_CORTEXM3INTEGRATION/u_cortexm3ds_logic/B6kiw6                                         |                                                                                      |               15 |             29 |         1.93 |
|  u_fpga_platform/u_pll0/inst/clk_out1 | u_fp_domain/u_CORTEXM3INTEGRATION/u_cortexm3ds_logic/Z4kiw6                                         |                                                                                      |               14 |             29 |         2.07 |
|  u_fpga_platform/u_pll0/inst/clk_out1 | u_fp_domain/u_CORTEXM3INTEGRATION/u_cortexm3ds_logic/N5kiw6                                         |                                                                                      |               16 |             29 |         1.81 |
|  u_fpga_platform/u_pll0/inst/clk_out1 | u_fp_domain/u_CORTEXM3INTEGRATION/u_cortexm3ds_logic/Ebyiw6                                         |                                                                                      |               26 |             30 |         1.15 |
|  u_fpga_platform/u_pll0/inst/clk_out1 | u_fp_domain/u_CORTEXM3INTEGRATION/u_cortexm3ds_logic/Keyiw6                                         |                                                                                      |               28 |             30 |         1.07 |
|  u_fpga_platform/u_pll0/inst/clk_out1 | u_fp_domain/u_CORTEXM3INTEGRATION/u_cortexm3ds_logic/V4vm17_i_1_n_0                                 |                                                                                      |                4 |             31 |         7.75 |
|  u_fpga_platform/u_pll0/inst/clk_out1 | u_fp_domain/u_CORTEXM3INTEGRATION/u_cortexm3ds_logic/Hn5yx6                                         |                                                                                      |               28 |             31 |         1.11 |
|  u_fpga_platform/u_pll0/inst/clk_out1 | u_fp_domain/u_ahb_bus_matrix/u_ahb_bus_matrix_i_2/FSM_onehot_state_reg_reg[3][0]                    | u_fpga_platform/pll_locked_reg_0                                                     |               13 |             31 |         2.38 |
|  u_fpga_platform/u_pll0/inst/clk_out1 | u_fp_domain/u_CORTEXM3INTEGRATION/u_cortexm3ds_logic/Ag9u07_i_1_n_0                                 | u_fp_domain/u_CORTEXM3INTEGRATION/u_cortexm3ds_logic/Yfqg07_i_2_n_0                  |                5 |             31 |         6.20 |
|  TCK_IBUF_BUFG                        | u_fp_domain/u_CORTEXM3INTEGRATION/u_cortexm3ds_logic/Jcqhw6                                         | u_fp_domain/u_CORTEXM3INTEGRATION/u_cortexm3ds_logic/Sz9dt6                          |               18 |             32 |         1.78 |
|  u_fpga_platform/u_pll0/inst/clk_out1 | u_fp_domain/u_CORTEXM3INTEGRATION/u_cortexm3ds_logic/Jl1jw6                                         |                                                                                      |               26 |             32 |         1.23 |
|  TCK_IBUF_BUFG                        | u_fp_domain/u_CORTEXM3INTEGRATION/u_cortexm3ds_logic/Ueyiy6                                         | u_fp_domain/u_CORTEXM3INTEGRATION/u_cortexm3ds_logic/Sz9dt6                          |               16 |             32 |         2.00 |
|  TCK_IBUF_BUFG                        |                                                                                                     |                                                                                      |               17 |             32 |         1.88 |
|  u_fpga_platform/u_pll0/inst/clk_out1 | u_fp_domain/u_CORTEXM3INTEGRATION/u_cortexm3ds_logic/Klyiw6                                         |                                                                                      |               25 |             32 |         1.28 |
|  u_fpga_platform/u_pll0/inst/clk_out1 | u_fp_domain/u_CORTEXM3INTEGRATION/u_cortexm3ds_logic/Epyiw6                                         |                                                                                      |               26 |             32 |         1.23 |
|  u_fpga_platform/u_pll0/inst/clk_out1 | u_fp_domain/u_apb0_sync/wr_reg_reg_2[0]                                                             | u_fpga_platform/pll_locked_reg_0                                                     |               16 |             32 |         2.00 |
|  u_fpga_platform/u_pll0/inst/clk_out1 | u_fp_domain/u_CORTEXM3INTEGRATION/u_cortexm3ds_logic/Tmyiw6                                         |                                                                                      |               28 |             32 |         1.14 |
|  u_fpga_platform/u_pll0/inst/clk_out1 | u_fp_domain/u_CORTEXM3INTEGRATION/u_cortexm3ds_logic/Qoyiw6                                         |                                                                                      |               31 |             32 |         1.03 |
|  u_fpga_platform/u_pll0/inst/clk_out1 | u_fp_domain/u_CORTEXM3INTEGRATION/u_cortexm3ds_logic/Qhyiw6                                         |                                                                                      |               29 |             32 |         1.10 |
|  u_fpga_platform/u_pll0/inst/clk_out1 | u_fp_domain/u_CORTEXM3INTEGRATION/u_cortexm3ds_logic/Pkyiw6                                         |                                                                                      |               27 |             32 |         1.19 |
|  u_fpga_platform/u_pll0/inst/clk_out1 | u_fp_domain/u_CORTEXM3INTEGRATION/u_cortexm3ds_logic/Pdyiw6                                         |                                                                                      |               16 |             32 |         2.00 |
|  u_fpga_platform/u_pll0/inst/clk_out1 | u_fp_domain/u_CORTEXM3INTEGRATION/u_cortexm3ds_logic/Wj1ov6                                         | u_fp_domain/u_CORTEXM3INTEGRATION/u_cortexm3ds_logic/Yfqg07_i_2_n_0                  |               11 |             32 |         2.91 |
|  u_fpga_platform/u_pll0/inst/clk_out1 | u_fp_domain/u_CORTEXM3INTEGRATION/u_cortexm3ds_logic/Wnbh07_i_1_n_0                                 |                                                                                      |               22 |             32 |         1.45 |
|  u_fpga_platform/u_pll0/inst/clk_out1 | u_fp_domain/u_CORTEXM3INTEGRATION/u_cortexm3ds_logic/Onyiw6                                         |                                                                                      |               27 |             32 |         1.19 |
|  u_fpga_platform/u_pll0/inst/clk_out1 | u_fp_domain/u_CORTEXM3INTEGRATION/u_cortexm3ds_logic/X7hh07_i_1_n_0                                 |                                                                                      |               18 |             32 |         1.78 |
|  u_fpga_platform/u_pll0/inst/clk_out1 | u_fp_domain/u_CORTEXM3INTEGRATION/u_cortexm3ds_logic/Yedh07_i_1_n_0                                 |                                                                                      |               16 |             32 |         2.00 |
|  u_fpga_platform/u_pll0/inst/clk_out1 | u_fp_domain/u_CORTEXM3INTEGRATION/u_cortexm3ds_logic/Ykziw6                                         |                                                                                      |               30 |             32 |         1.07 |
|  u_fpga_platform/u_pll0/inst/clk_out1 | u_fp_domain/u_CORTEXM3INTEGRATION/u_cortexm3ds_logic/Njyiw6                                         |                                                                                      |               26 |             32 |         1.23 |
|  u_fpga_platform/u_pll0/inst/clk_out1 | u_fp_domain/u_CORTEXM3INTEGRATION/u_cortexm3ds_logic/S0mzz6_reg_2[0]                                | u_fpga_platform/pll_locked_reg_0                                                     |               13 |             32 |         2.46 |
|  u_fpga_platform/u_pll0/inst/clk_out1 | u_fp_domain/u_apb0_sync/wr_reg_reg_3[0]                                                             | u_fpga_platform/pll_locked_reg_0                                                     |               15 |             32 |         2.13 |
|  u_fpga_platform/u_pll0/inst/clk_out1 | u_fp_domain/u_apb0_sync/wr_reg_reg_1[0]                                                             | u_fpga_platform/pll_locked_reg_0                                                     |               16 |             32 |         2.00 |
|  u_fpga_platform/u_pll0/inst/clk_out1 | u_fp_domain/u_apb0_sync/wr_reg_reg_0[0]                                                             | u_fpga_platform/pll_locked_reg_0                                                     |               17 |             32 |         1.88 |
|  u_fpga_platform/u_pll0/inst/clk_out1 | u_fp_domain/u_apb0_sync/penable0                                                                    | u_fpga_platform/pll_locked_reg_0                                                     |               14 |             32 |         2.29 |
|  u_fpga_platform/u_pll0/inst/clk_out1 | u_fp_domain/u_CORTEXM3INTEGRATION/u_cortexm3ds_logic/Ksih07_i_1_n_0                                 |                                                                                      |               14 |             32 |         2.29 |
|  u_fpga_platform/u_pll0/inst/clk_out1 | u_fp_domain/u_CORTEXM3INTEGRATION/u_cortexm3ds_logic/Hgyiw6                                         |                                                                                      |               30 |             32 |         1.07 |
|  u_fpga_platform/u_pll0/inst/clk_out1 | u_fp_domain/u_CORTEXM3INTEGRATION/u_cortexm3ds_logic/Me0iw6                                         | u_fp_domain/u_CORTEXM3INTEGRATION/u_cortexm3ds_logic/Ox9dt6                          |                8 |             32 |         4.00 |
|  u_fpga_platform/u_pll0/inst/clk_out1 | u_fp_domain/u_CORTEXM3INTEGRATION/u_cortexm3ds_logic/Mfyiw6                                         |                                                                                      |               27 |             32 |         1.19 |
|  u_fpga_platform/u_pll0/inst/clk_out1 | u_fp_domain/u_CORTEXM3INTEGRATION/u_cortexm3ds_logic/Chyiw6                                         |                                                                                      |               29 |             32 |         1.10 |
|  TCK_IBUF_BUFG                        | u_fp_domain/u_CORTEXM3INTEGRATION/u_cortexm3ds_logic/Q0yiy6                                         | u_fp_domain/u_CORTEXM3INTEGRATION/u_cortexm3ds_logic/Sz9dt6                          |               15 |             34 |         2.27 |
|  u_fpga_platform/u_pll0/inst/clk_out1 | u_fp_domain/u_ahb_bus_matrix/u_ahb_bus_matrix_i_0/E[0]                                              | u_fpga_platform/pll_locked_reg_0                                                     |               19 |             35 |         1.84 |
|  u_fpga_platform/u_pll0/inst/clk_out1 | u_fp_domain/u_CORTEXM3INTEGRATION/u_cortexm3ds_logic/Bq4yx6                                         |                                                                                      |               34 |             40 |         1.18 |
|  u_fpga_platform/u_pll0/inst/clk_out1 |                                                                                                     | u_fp_domain/u_CORTEXM3INTEGRATION/u_cortexm3ds_logic/T0adt6                          |               25 |             81 |         3.24 |
|  TCK_IBUF_BUFG                        |                                                                                                     | u_fp_domain/u_CORTEXM3INTEGRATION/u_cortexm3ds_logic/Sz9dt6                          |               50 |            116 |         2.32 |
|  u_fpga_platform/u_pll0/inst/clk_out1 |                                                                                                     | u_fpga_platform/pll_locked_reg_0                                                     |               73 |            170 |         2.33 |
|  u_fpga_platform/u_pll0/inst/clk_out1 |                                                                                                     | u_fp_domain/u_CORTEXM3INTEGRATION/u_cortexm3ds_logic/Ox9dt6                          |              191 |            475 |         2.49 |
|  u_fpga_platform/u_pll0/inst/clk_out1 |                                                                                                     |                                                                                      |              259 |            578 |         2.23 |
|  u_fpga_platform/u_pll0/inst/clk_out1 |                                                                                                     | u_fp_domain/u_CORTEXM3INTEGRATION/u_cortexm3ds_logic/Yfqg07_i_2_n_0                  |              470 |           1005 |         2.14 |
+---------------------------------------+-----------------------------------------------------------------------------------------------------+--------------------------------------------------------------------------------------+------------------+----------------+--------------+


