Copyright 1986-2021 Xilinx, Inc. All Rights Reserved.
-------------------------------------------------------------------------------------------------------------------------------------------------------------------------------------------------
| Tool Version      : Vivado v.2021.1 (lin64) Build 3247384 Thu Jun 10 19:36:07 MDT 2021
| Date              : Tue Mar 18 14:59:13 2025
| Host              : secure-Precision-3660 running 64-bit Ubuntu 20.04.6 LTS
| Command           : report_timing_summary -max_paths 10 -file mcu_top_timing_summary_routed.rpt -pb mcu_top_timing_summary_routed.pb -rpx mcu_top_timing_summary_routed.rpx -warn_on_violation
| Design            : mcu_top
| Device            : xcku060-ffva1156
| Speed File        : -2  PRODUCTION 1.25 12-04-2018
| Temperature Grade : I
-------------------------------------------------------------------------------------------------------------------------------------------------------------------------------------------------

Timing Summary Report

------------------------------------------------------------------------------------------------
| Timer Settings
| --------------
------------------------------------------------------------------------------------------------

  Enable Multi Corner Analysis               :  Yes
  Enable Pessimism Removal                   :  Yes
  Pessimism Removal Resolution               :  Nearest Common Node
  Enable Input Delay Default Clock           :  No
  Enable Preset / Clear Arcs                 :  No
  Disable Flight Delays                      :  No
  Ignore I/O Paths                           :  No
  Timing Early Launch at Borrowing Latches   :  No
  Borrow Time for Max Delay Exceptions       :  Yes
  Merge Timing Exceptions                    :  Yes

  Corner  Analyze    Analyze    
  Name    Max Paths  Min Paths  
  ------  ---------  ---------  
  Slow    Yes        Yes        
  Fast    Yes        Yes        


------------------------------------------------------------------------------------------------
| Report Methodology
| ------------------
------------------------------------------------------------------------------------------------

Rule       Severity          Description                                                        Violations  
---------  ----------------  -----------------------------------------------------------------  ----------  
TIMING-4   Critical Warning  Invalid primary clock redefinition on a clock tree                 1           
TIMING-17  Critical Warning  Non-clocked sequential cell                                        8           
TIMING-27  Critical Warning  Invalid primary clock on hierarchical pin                          1           
CKLD-2     Warning           Clock Net has IO Driver, not a Clock Buf, and/or non-Clock loads   1           
HPDR-1     Warning           Port pin direction inconsistency                                   1           
LUTAR-1    Warning           LUT drives async reset alert                                       3           
SYNTH-10   Warning           Wide multiplier                                                    3           
TIMING-9   Warning           Unknown CDC Logic                                                  1           
TIMING-10  Warning           Missing property on synchronizer                                   1           
TIMING-18  Warning           Missing input or output delay                                      4           
TIMING-28  Warning           Auto-derived clock referenced by a timing constraint               3           
TIMING-47  Warning           False path or asynchronous clock group between synchronous clocks  2           

Note: This report is based on the most recent report_methodology run and may not be up-to-date. Run report_methodology on the current design for the latest report.



check_timing report

Table of Contents
-----------------
1. checking no_clock (8)
2. checking constant_clock (0)
3. checking pulse_width_clock (0)
4. checking unconstrained_internal_endpoints (16)
5. checking no_input_delay (5)
6. checking no_output_delay (3)
7. checking multiple_clock (0)
8. checking generated_clocks (0)
9. checking loops (0)
10. checking partial_input_delay (0)
11. checking partial_output_delay (0)
12. checking latch_loops (0)

1. checking no_clock (8)
------------------------
 There are 8 register/latch pins with no clock driven by root clock pin: u_fpga_platform/u_lsi/outclk1_reg/Q (HIGH)


2. checking constant_clock (0)
------------------------------
 There are 0 register/latch pins with constant_clock.


3. checking pulse_width_clock (0)
---------------------------------
 There are 0 register/latch pins which need pulse_width check


4. checking unconstrained_internal_endpoints (16)
-------------------------------------------------
 There are 16 pins that are not constrained for maximum delay. (HIGH)

 There are 0 pins that are not constrained for maximum delay due to constant clock.


5. checking no_input_delay (5)
------------------------------
 There are 4 input ports with no input delay specified. (HIGH)

 There is 1 input port with no input delay but user has a false path constraint. (MEDIUM)


6. checking no_output_delay (3)
-------------------------------
 There are 3 ports with no output delay specified. (HIGH)

 There are 0 ports with no output delay but user has a false path constraint

 There are 0 ports with no output delay but with a timing clock defined on it or propagating through it


7. checking multiple_clock (0)
------------------------------
 There are 0 register/latch pins with multiple clocks.


8. checking generated_clocks (0)
--------------------------------
 There are 0 generated clocks that are not connected to a clock source.


9. checking loops (0)
---------------------
 There are 0 combinational loops in the design.


10. checking partial_input_delay (0)
------------------------------------
 There are 0 input ports with partial input delay specified.


11. checking partial_output_delay (0)
-------------------------------------
 There are 0 ports with partial output delay specified.


12. checking latch_loops (0)
----------------------------
 There are 0 combinational latch loops in the design through latch input



------------------------------------------------------------------------------------------------
| Design Timing Summary
| ---------------------
------------------------------------------------------------------------------------------------

    WNS(ns)      TNS(ns)  TNS Failing Endpoints  TNS Total Endpoints      WHS(ns)      THS(ns)  THS Failing Endpoints  THS Total Endpoints     WPWS(ns)     TPWS(ns)  TPWS Failing Endpoints  TPWS Total Endpoints  
    -------      -------  ---------------------  -------------------      -------      -------  ---------------------  -------------------     --------     --------  ----------------------  --------------------  
      4.105        0.000                      0                14832        0.020        0.000                      0                14832        0.750        0.000                       0                  6425  


All user specified timing constraints are met.


------------------------------------------------------------------------------------------------
| Clock Summary
| -------------
------------------------------------------------------------------------------------------------

Clock                                Waveform(ns)         Period(ns)      Frequency(MHz)
-----                                ------------         ----------      --------------
hse                                  {0.000 2.500}        5.000           200.000         
jtag_tck                             {0.000 100.000}      200.000         5.000           
u_fpga_platform/u_pll0/inst/clk_in1  {0.000 2.500}        5.000           200.000         
  clk_out1_pll_50m                   {0.000 12.500}       25.000          40.000          
  clk_out2_pll_50m                   {0.000 10.000}       20.000          50.000          
  clk_out3_pll_50m                   {0.000 6.250}        12.500          80.000          
  clkfbout_pll_50m                   {0.000 2.500}        5.000           200.000         


------------------------------------------------------------------------------------------------
| Intra Clock Table
| -----------------
------------------------------------------------------------------------------------------------

Clock                                    WNS(ns)      TNS(ns)  TNS Failing Endpoints  TNS Total Endpoints      WHS(ns)      THS(ns)  THS Failing Endpoints  THS Total Endpoints     WPWS(ns)     TPWS(ns)  TPWS Failing Endpoints  TPWS Total Endpoints  
-----                                    -------      -------  ---------------------  -------------------      -------      -------  ---------------------  -------------------     --------     --------  ----------------------  --------------------  
hse                                        4.105        0.000                      0                   10        0.072        0.000                      0                   10        2.225        0.000                       0                     6  
jtag_tck                                  98.518        0.000                      0                  456        0.045        0.000                      0                  456       99.725        0.000                       0                   328  
u_fpga_platform/u_pll0/inst/clk_in1                                                                                                                                                    0.750        0.000                       0                     1  
  clk_out1_pll_50m                         8.625        0.000                      0                11003        0.020        0.000                      0                11003       11.646        0.000                       0                  6070  
  clk_out2_pll_50m                        19.168        0.000                      0                    7        0.054        0.000                      0                    7        9.725        0.000                       0                    10  
  clk_out3_pll_50m                        11.859        0.000                      0                    5        0.070        0.000                      0                    5        5.975        0.000                       0                     7  
  clkfbout_pll_50m                                                                                                                                                                     3.621        0.000                       0                     3  


------------------------------------------------------------------------------------------------
| Inter Clock Table
| -----------------
------------------------------------------------------------------------------------------------

From Clock    To Clock          WNS(ns)      TNS(ns)  TNS Failing Endpoints  TNS Total Endpoints      WHS(ns)      THS(ns)  THS Failing Endpoints  THS Total Endpoints  
----------    --------          -------      -------  ---------------------  -------------------      -------      -------  ---------------------  -------------------  


------------------------------------------------------------------------------------------------
| Other Path Groups Table
| -----------------------
------------------------------------------------------------------------------------------------

Path Group         From Clock         To Clock               WNS(ns)      TNS(ns)  TNS Failing Endpoints  TNS Total Endpoints      WHS(ns)      THS(ns)  THS Failing Endpoints  THS Total Endpoints  
----------         ----------         --------               -------      -------  ---------------------  -------------------      -------      -------  ---------------------  -------------------  
**async_default**  clk_out1_pll_50m   clk_out1_pll_50m        18.278        0.000                      0                 3070        0.164        0.000                      0                 3070  
**async_default**  jtag_tck           jtag_tck                98.852        0.000                      0                  281        0.144        0.000                      0                  281  


------------------------------------------------------------------------------------------------
| Timing Details
| --------------
------------------------------------------------------------------------------------------------


---------------------------------------------------------------------------------------------------
From Clock:  hse
  To Clock:  hse

Setup :            0  Failing Endpoints,  Worst Slack        4.105ns,  Total Violation        0.000ns
Hold  :            0  Failing Endpoints,  Worst Slack        0.072ns,  Total Violation        0.000ns
PW    :            0  Failing Endpoints,  Worst Slack        2.225ns,  Total Violation        0.000ns
---------------------------------------------------------------------------------------------------


Max Delay Paths
--------------------------------------------------------------------------------------
Slack (MET) :             4.105ns  (required time - arrival time)
  Source:                 u_fpga_platform/pll_locked_cnt_reg[3]/C
                            (rising edge-triggered cell FDPE clocked by hse  {rise@0.000ns fall@2.500ns period=5.000ns})
  Destination:            u_fpga_platform/pll_locked_cnt_reg[2]/CE
                            (rising edge-triggered cell FDCE clocked by hse  {rise@0.000ns fall@2.500ns period=5.000ns})
  Path Group:             hse
  Path Type:              Setup (Max at Slow Process Corner)
  Requirement:            5.000ns  (hse rise@5.000ns - hse rise@0.000ns)
  Data Path Delay:        0.809ns  (logic 0.234ns (28.925%)  route 0.575ns (71.075%))
  Logic Levels:           1  (LUT5=1)
  Clock Path Skew:        -0.003ns (DCD - SCD + CPR)
    Destination Clock Delay (DCD):    2.175ns = ( 7.175 - 5.000 ) 
    Source Clock Delay      (SCD):    2.846ns
    Clock Pessimism Removal (CPR):    0.668ns
  Clock Uncertainty:      0.035ns  ((TSJ^2 + TIJ^2)^1/2 + DJ) / 2 + PE
    Total System Jitter     (TSJ):    0.071ns
    Total Input Jitter      (TIJ):    0.000ns
    Discrete Jitter          (DJ):    0.000ns
    Phase Error              (PE):    0.000ns

    Location             Delay type                Incr(ns)  Path(ns)    Netlist Resource(s)
  -------------------------------------------------------------------    -------------------
                         (clock hse rise edge)        0.000     0.000 r  
    D24                                               0.000     0.000 r  CLK (IN)
                         net (fo=0)                   0.000     0.000    CLK_IBUF_inst/I
    D24                  INBUF (Prop_INBUF_HPIOB_PAD_O)
                                                      0.563     0.563 r  CLK_IBUF_inst/INBUF_INST/O
                         net (fo=1, routed)           0.089     0.652    CLK_IBUF_inst/OUT
    D24                  IBUFCTRL (Prop_IBUFCTRL_HPIOB_I_O)
                                                      0.000     0.652 r  CLK_IBUF_inst/IBUFCTRL_INST/O
                         net (fo=7, routed)           2.194     2.846    u_fpga_platform/CLK
    SLICE_X96Y131        FDPE                                         r  u_fpga_platform/pll_locked_cnt_reg[3]/C
  -------------------------------------------------------------------    -------------------
    SLICE_X96Y131        FDPE (Prop_BFF2_SLICEL_C_Q)
                                                      0.118     2.964 r  u_fpga_platform/pll_locked_cnt_reg[3]/Q
                         net (fo=3, routed)           0.345     3.309    u_fpga_platform/pll_locked_cnt_reg[3]
    SLICE_X96Y131        LUT5 (Prop_H6LUT_SLICEL_I0_O)
                                                      0.116     3.425 r  u_fpga_platform/pll_locked_cnt[3]_i_1/O
                         net (fo=4, routed)           0.230     3.655    u_fpga_platform/pll_locked_cnt[3]_i_1_n_0
    SLICE_X96Y131        FDCE                                         r  u_fpga_platform/pll_locked_cnt_reg[2]/CE
  -------------------------------------------------------------------    -------------------

                         (clock hse rise edge)        5.000     5.000 r  
    D24                                               0.000     5.000 r  CLK (IN)
                         net (fo=0)                   0.000     5.000    CLK_IBUF_inst/I
    D24                  INBUF (Prop_INBUF_HPIOB_PAD_O)
                                                      0.292     5.292 r  CLK_IBUF_inst/INBUF_INST/O
                         net (fo=1, routed)           0.050     5.342    CLK_IBUF_inst/OUT
    D24                  IBUFCTRL (Prop_IBUFCTRL_HPIOB_I_O)
                                                      0.000     5.342 r  CLK_IBUF_inst/IBUFCTRL_INST/O
                         net (fo=7, routed)           1.833     7.175    u_fpga_platform/CLK
    SLICE_X96Y131        FDCE                                         r  u_fpga_platform/pll_locked_cnt_reg[2]/C
                         clock pessimism              0.668     7.843    
                         clock uncertainty           -0.035     7.808    
    SLICE_X96Y131        FDCE (Setup_CFF2_SLICEL_C_CE)
                                                     -0.048     7.760    u_fpga_platform/pll_locked_cnt_reg[2]
  -------------------------------------------------------------------
                         required time                          7.760    
                         arrival time                          -3.655    
  -------------------------------------------------------------------
                         slack                                  4.105    

Slack (MET) :             4.105ns  (required time - arrival time)
  Source:                 u_fpga_platform/pll_locked_cnt_reg[3]/C
                            (rising edge-triggered cell FDPE clocked by hse  {rise@0.000ns fall@2.500ns period=5.000ns})
  Destination:            u_fpga_platform/pll_locked_cnt_reg[3]/CE
                            (rising edge-triggered cell FDPE clocked by hse  {rise@0.000ns fall@2.500ns period=5.000ns})
  Path Group:             hse
  Path Type:              Setup (Max at Slow Process Corner)
  Requirement:            5.000ns  (hse rise@5.000ns - hse rise@0.000ns)
  Data Path Delay:        0.809ns  (logic 0.234ns (28.925%)  route 0.575ns (71.075%))
  Logic Levels:           1  (LUT5=1)
  Clock Path Skew:        -0.003ns (DCD - SCD + CPR)
    Destination Clock Delay (DCD):    2.175ns = ( 7.175 - 5.000 ) 
    Source Clock Delay      (SCD):    2.846ns
    Clock Pessimism Removal (CPR):    0.668ns
  Clock Uncertainty:      0.035ns  ((TSJ^2 + TIJ^2)^1/2 + DJ) / 2 + PE
    Total System Jitter     (TSJ):    0.071ns
    Total Input Jitter      (TIJ):    0.000ns
    Discrete Jitter          (DJ):    0.000ns
    Phase Error              (PE):    0.000ns

    Location             Delay type                Incr(ns)  Path(ns)    Netlist Resource(s)
  -------------------------------------------------------------------    -------------------
                         (clock hse rise edge)        0.000     0.000 r  
    D24                                               0.000     0.000 r  CLK (IN)
                         net (fo=0)                   0.000     0.000    CLK_IBUF_inst/I
    D24                  INBUF (Prop_INBUF_HPIOB_PAD_O)
                                                      0.563     0.563 r  CLK_IBUF_inst/INBUF_INST/O
                         net (fo=1, routed)           0.089     0.652    CLK_IBUF_inst/OUT
    D24                  IBUFCTRL (Prop_IBUFCTRL_HPIOB_I_O)
                                                      0.000     0.652 r  CLK_IBUF_inst/IBUFCTRL_INST/O
                         net (fo=7, routed)           2.194     2.846    u_fpga_platform/CLK
    SLICE_X96Y131        FDPE                                         r  u_fpga_platform/pll_locked_cnt_reg[3]/C
  -------------------------------------------------------------------    -------------------
    SLICE_X96Y131        FDPE (Prop_BFF2_SLICEL_C_Q)
                                                      0.118     2.964 r  u_fpga_platform/pll_locked_cnt_reg[3]/Q
                         net (fo=3, routed)           0.345     3.309    u_fpga_platform/pll_locked_cnt_reg[3]
    SLICE_X96Y131        LUT5 (Prop_H6LUT_SLICEL_I0_O)
                                                      0.116     3.425 r  u_fpga_platform/pll_locked_cnt[3]_i_1/O
                         net (fo=4, routed)           0.230     3.655    u_fpga_platform/pll_locked_cnt[3]_i_1_n_0
    SLICE_X96Y131        FDPE                                         r  u_fpga_platform/pll_locked_cnt_reg[3]/CE
  -------------------------------------------------------------------    -------------------

                         (clock hse rise edge)        5.000     5.000 r  
    D24                                               0.000     5.000 r  CLK (IN)
                         net (fo=0)                   0.000     5.000    CLK_IBUF_inst/I
    D24                  INBUF (Prop_INBUF_HPIOB_PAD_O)
                                                      0.292     5.292 r  CLK_IBUF_inst/INBUF_INST/O
                         net (fo=1, routed)           0.050     5.342    CLK_IBUF_inst/OUT
    D24                  IBUFCTRL (Prop_IBUFCTRL_HPIOB_I_O)
                                                      0.000     5.342 r  CLK_IBUF_inst/IBUFCTRL_INST/O
                         net (fo=7, routed)           1.833     7.175    u_fpga_platform/CLK
    SLICE_X96Y131        FDPE                                         r  u_fpga_platform/pll_locked_cnt_reg[3]/C
                         clock pessimism              0.668     7.843    
                         clock uncertainty           -0.035     7.808    
    SLICE_X96Y131        FDPE (Setup_BFF2_SLICEL_C_CE)
                                                     -0.048     7.760    u_fpga_platform/pll_locked_cnt_reg[3]
  -------------------------------------------------------------------
                         required time                          7.760    
                         arrival time                          -3.655    
  -------------------------------------------------------------------
                         slack                                  4.105    

Slack (MET) :             4.109ns  (required time - arrival time)
  Source:                 u_fpga_platform/pll_locked_cnt_reg[3]/C
                            (rising edge-triggered cell FDPE clocked by hse  {rise@0.000ns fall@2.500ns period=5.000ns})
  Destination:            u_fpga_platform/pll_locked_cnt_reg[0]/CE
                            (rising edge-triggered cell FDCE clocked by hse  {rise@0.000ns fall@2.500ns period=5.000ns})
  Path Group:             hse
  Path Type:              Setup (Max at Slow Process Corner)
  Requirement:            5.000ns  (hse rise@5.000ns - hse rise@0.000ns)
  Data Path Delay:        0.806ns  (logic 0.234ns (29.032%)  route 0.572ns (70.968%))
  Logic Levels:           1  (LUT5=1)
  Clock Path Skew:        -0.003ns (DCD - SCD + CPR)
    Destination Clock Delay (DCD):    2.175ns = ( 7.175 - 5.000 ) 
    Source Clock Delay      (SCD):    2.846ns
    Clock Pessimism Removal (CPR):    0.668ns
  Clock Uncertainty:      0.035ns  ((TSJ^2 + TIJ^2)^1/2 + DJ) / 2 + PE
    Total System Jitter     (TSJ):    0.071ns
    Total Input Jitter      (TIJ):    0.000ns
    Discrete Jitter          (DJ):    0.000ns
    Phase Error              (PE):    0.000ns

    Location             Delay type                Incr(ns)  Path(ns)    Netlist Resource(s)
  -------------------------------------------------------------------    -------------------
                         (clock hse rise edge)        0.000     0.000 r  
    D24                                               0.000     0.000 r  CLK (IN)
                         net (fo=0)                   0.000     0.000    CLK_IBUF_inst/I
    D24                  INBUF (Prop_INBUF_HPIOB_PAD_O)
                                                      0.563     0.563 r  CLK_IBUF_inst/INBUF_INST/O
                         net (fo=1, routed)           0.089     0.652    CLK_IBUF_inst/OUT
    D24                  IBUFCTRL (Prop_IBUFCTRL_HPIOB_I_O)
                                                      0.000     0.652 r  CLK_IBUF_inst/IBUFCTRL_INST/O
                         net (fo=7, routed)           2.194     2.846    u_fpga_platform/CLK
    SLICE_X96Y131        FDPE                                         r  u_fpga_platform/pll_locked_cnt_reg[3]/C
  -------------------------------------------------------------------    -------------------
    SLICE_X96Y131        FDPE (Prop_BFF2_SLICEL_C_Q)
                                                      0.118     2.964 r  u_fpga_platform/pll_locked_cnt_reg[3]/Q
                         net (fo=3, routed)           0.345     3.309    u_fpga_platform/pll_locked_cnt_reg[3]
    SLICE_X96Y131        LUT5 (Prop_H6LUT_SLICEL_I0_O)
                                                      0.116     3.425 r  u_fpga_platform/pll_locked_cnt[3]_i_1/O
                         net (fo=4, routed)           0.227     3.652    u_fpga_platform/pll_locked_cnt[3]_i_1_n_0
    SLICE_X96Y131        FDCE                                         r  u_fpga_platform/pll_locked_cnt_reg[0]/CE
  -------------------------------------------------------------------    -------------------

                         (clock hse rise edge)        5.000     5.000 r  
    D24                                               0.000     5.000 r  CLK (IN)
                         net (fo=0)                   0.000     5.000    CLK_IBUF_inst/I
    D24                  INBUF (Prop_INBUF_HPIOB_PAD_O)
                                                      0.292     5.292 r  CLK_IBUF_inst/INBUF_INST/O
                         net (fo=1, routed)           0.050     5.342    CLK_IBUF_inst/OUT
    D24                  IBUFCTRL (Prop_IBUFCTRL_HPIOB_I_O)
                                                      0.000     5.342 r  CLK_IBUF_inst/IBUFCTRL_INST/O
                         net (fo=7, routed)           1.833     7.175    u_fpga_platform/CLK
    SLICE_X96Y131        FDCE                                         r  u_fpga_platform/pll_locked_cnt_reg[0]/C
                         clock pessimism              0.668     7.843    
                         clock uncertainty           -0.035     7.808    
    SLICE_X96Y131        FDCE (Setup_CFF_SLICEL_C_CE)
                                                     -0.047     7.761    u_fpga_platform/pll_locked_cnt_reg[0]
  -------------------------------------------------------------------
                         required time                          7.761    
                         arrival time                          -3.652    
  -------------------------------------------------------------------
                         slack                                  4.109    

Slack (MET) :             4.109ns  (required time - arrival time)
  Source:                 u_fpga_platform/pll_locked_cnt_reg[3]/C
                            (rising edge-triggered cell FDPE clocked by hse  {rise@0.000ns fall@2.500ns period=5.000ns})
  Destination:            u_fpga_platform/pll_locked_cnt_reg[1]/CE
                            (rising edge-triggered cell FDPE clocked by hse  {rise@0.000ns fall@2.500ns period=5.000ns})
  Path Group:             hse
  Path Type:              Setup (Max at Slow Process Corner)
  Requirement:            5.000ns  (hse rise@5.000ns - hse rise@0.000ns)
  Data Path Delay:        0.806ns  (logic 0.234ns (29.032%)  route 0.572ns (70.968%))
  Logic Levels:           1  (LUT5=1)
  Clock Path Skew:        -0.003ns (DCD - SCD + CPR)
    Destination Clock Delay (DCD):    2.175ns = ( 7.175 - 5.000 ) 
    Source Clock Delay      (SCD):    2.846ns
    Clock Pessimism Removal (CPR):    0.668ns
  Clock Uncertainty:      0.035ns  ((TSJ^2 + TIJ^2)^1/2 + DJ) / 2 + PE
    Total System Jitter     (TSJ):    0.071ns
    Total Input Jitter      (TIJ):    0.000ns
    Discrete Jitter          (DJ):    0.000ns
    Phase Error              (PE):    0.000ns

    Location             Delay type                Incr(ns)  Path(ns)    Netlist Resource(s)
  -------------------------------------------------------------------    -------------------
                         (clock hse rise edge)        0.000     0.000 r  
    D24                                               0.000     0.000 r  CLK (IN)
                         net (fo=0)                   0.000     0.000    CLK_IBUF_inst/I
    D24                  INBUF (Prop_INBUF_HPIOB_PAD_O)
                                                      0.563     0.563 r  CLK_IBUF_inst/INBUF_INST/O
                         net (fo=1, routed)           0.089     0.652    CLK_IBUF_inst/OUT
    D24                  IBUFCTRL (Prop_IBUFCTRL_HPIOB_I_O)
                                                      0.000     0.652 r  CLK_IBUF_inst/IBUFCTRL_INST/O
                         net (fo=7, routed)           2.194     2.846    u_fpga_platform/CLK
    SLICE_X96Y131        FDPE                                         r  u_fpga_platform/pll_locked_cnt_reg[3]/C
  -------------------------------------------------------------------    -------------------
    SLICE_X96Y131        FDPE (Prop_BFF2_SLICEL_C_Q)
                                                      0.118     2.964 r  u_fpga_platform/pll_locked_cnt_reg[3]/Q
                         net (fo=3, routed)           0.345     3.309    u_fpga_platform/pll_locked_cnt_reg[3]
    SLICE_X96Y131        LUT5 (Prop_H6LUT_SLICEL_I0_O)
                                                      0.116     3.425 r  u_fpga_platform/pll_locked_cnt[3]_i_1/O
                         net (fo=4, routed)           0.227     3.652    u_fpga_platform/pll_locked_cnt[3]_i_1_n_0
    SLICE_X96Y131        FDPE                                         r  u_fpga_platform/pll_locked_cnt_reg[1]/CE
  -------------------------------------------------------------------    -------------------

                         (clock hse rise edge)        5.000     5.000 r  
    D24                                               0.000     5.000 r  CLK (IN)
                         net (fo=0)                   0.000     5.000    CLK_IBUF_inst/I
    D24                  INBUF (Prop_INBUF_HPIOB_PAD_O)
                                                      0.292     5.292 r  CLK_IBUF_inst/INBUF_INST/O
                         net (fo=1, routed)           0.050     5.342    CLK_IBUF_inst/OUT
    D24                  IBUFCTRL (Prop_IBUFCTRL_HPIOB_I_O)
                                                      0.000     5.342 r  CLK_IBUF_inst/IBUFCTRL_INST/O
                         net (fo=7, routed)           1.833     7.175    u_fpga_platform/CLK
    SLICE_X96Y131        FDPE                                         r  u_fpga_platform/pll_locked_cnt_reg[1]/C
                         clock pessimism              0.668     7.843    
                         clock uncertainty           -0.035     7.808    
    SLICE_X96Y131        FDPE (Setup_BFF_SLICEL_C_CE)
                                                     -0.047     7.761    u_fpga_platform/pll_locked_cnt_reg[1]
  -------------------------------------------------------------------
                         required time                          7.761    
                         arrival time                          -3.652    
  -------------------------------------------------------------------
                         slack                                  4.109    

Slack (MET) :             4.329ns  (required time - arrival time)
  Source:                 u_fpga_platform/pll_locked_cnt_reg[0]/C
                            (rising edge-triggered cell FDCE clocked by hse  {rise@0.000ns fall@2.500ns period=5.000ns})
  Destination:            u_fpga_platform/pll_locked_cnt_reg[3]/D
                            (rising edge-triggered cell FDPE clocked by hse  {rise@0.000ns fall@2.500ns period=5.000ns})
  Path Group:             hse
  Path Type:              Setup (Max at Slow Process Corner)
  Requirement:            5.000ns  (hse rise@5.000ns - hse rise@0.000ns)
  Data Path Delay:        0.695ns  (logic 0.328ns (47.194%)  route 0.367ns (52.806%))
  Logic Levels:           1  (LUT5=1)
  Clock Path Skew:        -0.003ns (DCD - SCD + CPR)
    Destination Clock Delay (DCD):    2.175ns = ( 7.175 - 5.000 ) 
    Source Clock Delay      (SCD):    2.846ns
    Clock Pessimism Removal (CPR):    0.668ns
  Clock Uncertainty:      0.035ns  ((TSJ^2 + TIJ^2)^1/2 + DJ) / 2 + PE
    Total System Jitter     (TSJ):    0.071ns
    Total Input Jitter      (TIJ):    0.000ns
    Discrete Jitter          (DJ):    0.000ns
    Phase Error              (PE):    0.000ns

    Location             Delay type                Incr(ns)  Path(ns)    Netlist Resource(s)
  -------------------------------------------------------------------    -------------------
                         (clock hse rise edge)        0.000     0.000 r  
    D24                                               0.000     0.000 r  CLK (IN)
                         net (fo=0)                   0.000     0.000    CLK_IBUF_inst/I
    D24                  INBUF (Prop_INBUF_HPIOB_PAD_O)
                                                      0.563     0.563 r  CLK_IBUF_inst/INBUF_INST/O
                         net (fo=1, routed)           0.089     0.652    CLK_IBUF_inst/OUT
    D24                  IBUFCTRL (Prop_IBUFCTRL_HPIOB_I_O)
                                                      0.000     0.652 r  CLK_IBUF_inst/IBUFCTRL_INST/O
                         net (fo=7, routed)           2.194     2.846    u_fpga_platform/CLK
    SLICE_X96Y131        FDCE                                         r  u_fpga_platform/pll_locked_cnt_reg[0]/C
  -------------------------------------------------------------------    -------------------
    SLICE_X96Y131        FDCE (Prop_CFF_SLICEL_C_Q)
                                                      0.114     2.960 r  u_fpga_platform/pll_locked_cnt_reg[0]/Q
                         net (fo=6, routed)           0.322     3.282    u_fpga_platform/pll_locked_cnt_reg[0]
    SLICE_X96Y131        LUT5 (Prop_B5LUT_SLICEL_I3_O)
                                                      0.214     3.496 r  u_fpga_platform/pll_locked_cnt[3]_i_2/O
                         net (fo=1, routed)           0.045     3.541    u_fpga_platform/pll_locked_cnt[3]_i_2_n_0
    SLICE_X96Y131        FDPE                                         r  u_fpga_platform/pll_locked_cnt_reg[3]/D
  -------------------------------------------------------------------    -------------------

                         (clock hse rise edge)        5.000     5.000 r  
    D24                                               0.000     5.000 r  CLK (IN)
                         net (fo=0)                   0.000     5.000    CLK_IBUF_inst/I
    D24                  INBUF (Prop_INBUF_HPIOB_PAD_O)
                                                      0.292     5.292 r  CLK_IBUF_inst/INBUF_INST/O
                         net (fo=1, routed)           0.050     5.342    CLK_IBUF_inst/OUT
    D24                  IBUFCTRL (Prop_IBUFCTRL_HPIOB_I_O)
                                                      0.000     5.342 r  CLK_IBUF_inst/IBUFCTRL_INST/O
                         net (fo=7, routed)           1.833     7.175    u_fpga_platform/CLK
    SLICE_X96Y131        FDPE                                         r  u_fpga_platform/pll_locked_cnt_reg[3]/C
                         clock pessimism              0.668     7.843    
                         clock uncertainty           -0.035     7.808    
    SLICE_X96Y131        FDPE (Setup_BFF2_SLICEL_C_D)
                                                      0.062     7.870    u_fpga_platform/pll_locked_cnt_reg[3]
  -------------------------------------------------------------------
                         required time                          7.870    
                         arrival time                          -3.541    
  -------------------------------------------------------------------
                         slack                                  4.329    

Slack (MET) :             4.340ns  (required time - arrival time)
  Source:                 u_fpga_platform/pll_locked_cnt_reg[3]/C
                            (rising edge-triggered cell FDPE clocked by hse  {rise@0.000ns fall@2.500ns period=5.000ns})
  Destination:            u_fpga_platform/pll_locked_reg/D
                            (rising edge-triggered cell FDCE clocked by hse  {rise@0.000ns fall@2.500ns period=5.000ns})
  Path Group:             hse
  Path Type:              Setup (Max at Slow Process Corner)
  Requirement:            5.000ns  (hse rise@5.000ns - hse rise@0.000ns)
  Data Path Delay:        0.632ns  (logic 0.252ns (39.873%)  route 0.380ns (60.127%))
  Logic Levels:           1  (LUT4=1)
  Clock Path Skew:        -0.053ns (DCD - SCD + CPR)
    Destination Clock Delay (DCD):    2.173ns = ( 7.173 - 5.000 ) 
    Source Clock Delay      (SCD):    2.846ns
    Clock Pessimism Removal (CPR):    0.620ns
  Clock Uncertainty:      0.035ns  ((TSJ^2 + TIJ^2)^1/2 + DJ) / 2 + PE
    Total System Jitter     (TSJ):    0.071ns
    Total Input Jitter      (TIJ):    0.000ns
    Discrete Jitter          (DJ):    0.000ns
    Phase Error              (PE):    0.000ns

    Location             Delay type                Incr(ns)  Path(ns)    Netlist Resource(s)
  -------------------------------------------------------------------    -------------------
                         (clock hse rise edge)        0.000     0.000 r  
    D24                                               0.000     0.000 r  CLK (IN)
                         net (fo=0)                   0.000     0.000    CLK_IBUF_inst/I
    D24                  INBUF (Prop_INBUF_HPIOB_PAD_O)
                                                      0.563     0.563 r  CLK_IBUF_inst/INBUF_INST/O
                         net (fo=1, routed)           0.089     0.652    CLK_IBUF_inst/OUT
    D24                  IBUFCTRL (Prop_IBUFCTRL_HPIOB_I_O)
                                                      0.000     0.652 r  CLK_IBUF_inst/IBUFCTRL_INST/O
                         net (fo=7, routed)           2.194     2.846    u_fpga_platform/CLK
    SLICE_X96Y131        FDPE                                         r  u_fpga_platform/pll_locked_cnt_reg[3]/C
  -------------------------------------------------------------------    -------------------
    SLICE_X96Y131        FDPE (Prop_BFF2_SLICEL_C_Q)
                                                      0.118     2.964 f  u_fpga_platform/pll_locked_cnt_reg[3]/Q
                         net (fo=3, routed)           0.345     3.309    u_fpga_platform/pll_locked_cnt_reg[3]
    SLICE_X96Y131        LUT4 (Prop_H5LUT_SLICEL_I0_O)
                                                      0.134     3.443 r  u_fpga_platform/pll_locked/O
                         net (fo=1, routed)           0.035     3.478    u_fpga_platform/pll_locked_n_0
    SLICE_X96Y131        FDCE                                         r  u_fpga_platform/pll_locked_reg/D
  -------------------------------------------------------------------    -------------------

                         (clock hse rise edge)        5.000     5.000 r  
    D24                                               0.000     5.000 r  CLK (IN)
                         net (fo=0)                   0.000     5.000    CLK_IBUF_inst/I
    D24                  INBUF (Prop_INBUF_HPIOB_PAD_O)
                                                      0.292     5.292 r  CLK_IBUF_inst/INBUF_INST/O
                         net (fo=1, routed)           0.050     5.342    CLK_IBUF_inst/OUT
    D24                  IBUFCTRL (Prop_IBUFCTRL_HPIOB_I_O)
                                                      0.000     5.342 r  CLK_IBUF_inst/IBUFCTRL_INST/O
                         net (fo=7, routed)           1.831     7.173    u_fpga_platform/CLK
    SLICE_X96Y131        FDCE                                         r  u_fpga_platform/pll_locked_reg/C
                         clock pessimism              0.620     7.793    
                         clock uncertainty           -0.035     7.758    
    SLICE_X96Y131        FDCE (Setup_HFF2_SLICEL_C_D)
                                                      0.060     7.818    u_fpga_platform/pll_locked_reg
  -------------------------------------------------------------------
                         required time                          7.818    
                         arrival time                          -3.478    
  -------------------------------------------------------------------
                         slack                                  4.340    

Slack (MET) :             4.371ns  (required time - arrival time)
  Source:                 u_fpga_platform/pll_locked_cnt_reg[0]/C
                            (rising edge-triggered cell FDCE clocked by hse  {rise@0.000ns fall@2.500ns period=5.000ns})
  Destination:            u_fpga_platform/pll_locked_cnt_reg[1]/D
                            (rising edge-triggered cell FDPE clocked by hse  {rise@0.000ns fall@2.500ns period=5.000ns})
  Path Group:             hse
  Path Type:              Setup (Max at Slow Process Corner)
  Requirement:            5.000ns  (hse rise@5.000ns - hse rise@0.000ns)
  Data Path Delay:        0.649ns  (logic 0.301ns (46.379%)  route 0.348ns (53.621%))
  Logic Levels:           1  (LUT3=1)
  Clock Path Skew:        -0.003ns (DCD - SCD + CPR)
    Destination Clock Delay (DCD):    2.175ns = ( 7.175 - 5.000 ) 
    Source Clock Delay      (SCD):    2.846ns
    Clock Pessimism Removal (CPR):    0.668ns
  Clock Uncertainty:      0.035ns  ((TSJ^2 + TIJ^2)^1/2 + DJ) / 2 + PE
    Total System Jitter     (TSJ):    0.071ns
    Total Input Jitter      (TIJ):    0.000ns
    Discrete Jitter          (DJ):    0.000ns
    Phase Error              (PE):    0.000ns

    Location             Delay type                Incr(ns)  Path(ns)    Netlist Resource(s)
  -------------------------------------------------------------------    -------------------
                         (clock hse rise edge)        0.000     0.000 r  
    D24                                               0.000     0.000 r  CLK (IN)
                         net (fo=0)                   0.000     0.000    CLK_IBUF_inst/I
    D24                  INBUF (Prop_INBUF_HPIOB_PAD_O)
                                                      0.563     0.563 r  CLK_IBUF_inst/INBUF_INST/O
                         net (fo=1, routed)           0.089     0.652    CLK_IBUF_inst/OUT
    D24                  IBUFCTRL (Prop_IBUFCTRL_HPIOB_I_O)
                                                      0.000     0.652 r  CLK_IBUF_inst/IBUFCTRL_INST/O
                         net (fo=7, routed)           2.194     2.846    u_fpga_platform/CLK
    SLICE_X96Y131        FDCE                                         r  u_fpga_platform/pll_locked_cnt_reg[0]/C
  -------------------------------------------------------------------    -------------------
    SLICE_X96Y131        FDCE (Prop_CFF_SLICEL_C_Q)
                                                      0.114     2.960 r  u_fpga_platform/pll_locked_cnt_reg[0]/Q
                         net (fo=6, routed)           0.322     3.282    u_fpga_platform/pll_locked_cnt_reg[0]
    SLICE_X96Y131        LUT3 (Prop_B6LUT_SLICEL_I2_O)
                                                      0.187     3.469 r  u_fpga_platform/pll_locked_cnt[1]_i_1/O
                         net (fo=1, routed)           0.026     3.495    u_fpga_platform/pll_locked_cnt[1]_i_1_n_0
    SLICE_X96Y131        FDPE                                         r  u_fpga_platform/pll_locked_cnt_reg[1]/D
  -------------------------------------------------------------------    -------------------

                         (clock hse rise edge)        5.000     5.000 r  
    D24                                               0.000     5.000 r  CLK (IN)
                         net (fo=0)                   0.000     5.000    CLK_IBUF_inst/I
    D24                  INBUF (Prop_INBUF_HPIOB_PAD_O)
                                                      0.292     5.292 r  CLK_IBUF_inst/INBUF_INST/O
                         net (fo=1, routed)           0.050     5.342    CLK_IBUF_inst/OUT
    D24                  IBUFCTRL (Prop_IBUFCTRL_HPIOB_I_O)
                                                      0.000     5.342 r  CLK_IBUF_inst/IBUFCTRL_INST/O
                         net (fo=7, routed)           1.833     7.175    u_fpga_platform/CLK
    SLICE_X96Y131        FDPE                                         r  u_fpga_platform/pll_locked_cnt_reg[1]/C
                         clock pessimism              0.668     7.843    
                         clock uncertainty           -0.035     7.808    
    SLICE_X96Y131        FDPE (Setup_BFF_SLICEL_C_D)
                                                      0.058     7.866    u_fpga_platform/pll_locked_cnt_reg[1]
  -------------------------------------------------------------------
                         required time                          7.866    
                         arrival time                          -3.495    
  -------------------------------------------------------------------
                         slack                                  4.371    

Slack (MET) :             4.441ns  (required time - arrival time)
  Source:                 u_fpga_platform/pll_locked_reg/C
                            (rising edge-triggered cell FDCE clocked by hse  {rise@0.000ns fall@2.500ns period=5.000ns})
  Destination:            u_fpga_platform/pll_locked_d_reg/D
                            (rising edge-triggered cell FDCE clocked by hse  {rise@0.000ns fall@2.500ns period=5.000ns})
  Path Group:             hse
  Path Type:              Setup (Max at Slow Process Corner)
  Requirement:            5.000ns  (hse rise@5.000ns - hse rise@0.000ns)
  Data Path Delay:        0.583ns  (logic 0.117ns (20.069%)  route 0.466ns (79.931%))
  Logic Levels:           0  
  Clock Path Skew:        -0.001ns (DCD - SCD + CPR)
    Destination Clock Delay (DCD):    2.173ns = ( 7.173 - 5.000 ) 
    Source Clock Delay      (SCD):    2.842ns
    Clock Pessimism Removal (CPR):    0.668ns
  Clock Uncertainty:      0.035ns  ((TSJ^2 + TIJ^2)^1/2 + DJ) / 2 + PE
    Total System Jitter     (TSJ):    0.071ns
    Total Input Jitter      (TIJ):    0.000ns
    Discrete Jitter          (DJ):    0.000ns
    Phase Error              (PE):    0.000ns

    Location             Delay type                Incr(ns)  Path(ns)    Netlist Resource(s)
  -------------------------------------------------------------------    -------------------
                         (clock hse rise edge)        0.000     0.000 r  
    D24                                               0.000     0.000 r  CLK (IN)
                         net (fo=0)                   0.000     0.000    CLK_IBUF_inst/I
    D24                  INBUF (Prop_INBUF_HPIOB_PAD_O)
                                                      0.563     0.563 r  CLK_IBUF_inst/INBUF_INST/O
                         net (fo=1, routed)           0.089     0.652    CLK_IBUF_inst/OUT
    D24                  IBUFCTRL (Prop_IBUFCTRL_HPIOB_I_O)
                                                      0.000     0.652 r  CLK_IBUF_inst/IBUFCTRL_INST/O
                         net (fo=7, routed)           2.190     2.842    u_fpga_platform/CLK
    SLICE_X96Y131        FDCE                                         r  u_fpga_platform/pll_locked_reg/C
  -------------------------------------------------------------------    -------------------
    SLICE_X96Y131        FDCE (Prop_HFF2_SLICEL_C_Q)
                                                      0.117     2.959 r  u_fpga_platform/pll_locked_reg/Q
                         net (fo=3, routed)           0.466     3.425    u_fpga_platform/pll_locked__0
    SLICE_X96Y131        FDCE                                         r  u_fpga_platform/pll_locked_d_reg/D
  -------------------------------------------------------------------    -------------------

                         (clock hse rise edge)        5.000     5.000 r  
    D24                                               0.000     5.000 r  CLK (IN)
                         net (fo=0)                   0.000     5.000    CLK_IBUF_inst/I
    D24                  INBUF (Prop_INBUF_HPIOB_PAD_O)
                                                      0.292     5.292 r  CLK_IBUF_inst/INBUF_INST/O
                         net (fo=1, routed)           0.050     5.342    CLK_IBUF_inst/OUT
    D24                  IBUFCTRL (Prop_IBUFCTRL_HPIOB_I_O)
                                                      0.000     5.342 r  CLK_IBUF_inst/IBUFCTRL_INST/O
                         net (fo=7, routed)           1.831     7.173    u_fpga_platform/CLK
    SLICE_X96Y131        FDCE                                         r  u_fpga_platform/pll_locked_d_reg/C
                         clock pessimism              0.668     7.841    
                         clock uncertainty           -0.035     7.806    
    SLICE_X96Y131        FDCE (Setup_EFF_SLICEL_C_D)
                                                      0.060     7.866    u_fpga_platform/pll_locked_d_reg
  -------------------------------------------------------------------
                         required time                          7.866    
                         arrival time                          -3.425    
  -------------------------------------------------------------------
                         slack                                  4.441    

Slack (MET) :             4.441ns  (required time - arrival time)
  Source:                 u_fpga_platform/pll_locked_cnt_reg[2]/C
                            (rising edge-triggered cell FDCE clocked by hse  {rise@0.000ns fall@2.500ns period=5.000ns})
  Destination:            u_fpga_platform/pll_locked_cnt_reg[2]/D
                            (rising edge-triggered cell FDCE clocked by hse  {rise@0.000ns fall@2.500ns period=5.000ns})
  Path Group:             hse
  Path Type:              Setup (Max at Slow Process Corner)
  Requirement:            5.000ns  (hse rise@5.000ns - hse rise@0.000ns)
  Data Path Delay:        0.583ns  (logic 0.321ns (55.060%)  route 0.262ns (44.940%))
  Logic Levels:           1  (LUT4=1)
  Clock Path Skew:        -0.003ns (DCD - SCD + CPR)
    Destination Clock Delay (DCD):    2.175ns = ( 7.175 - 5.000 ) 
    Source Clock Delay      (SCD):    2.846ns
    Clock Pessimism Removal (CPR):    0.668ns
  Clock Uncertainty:      0.035ns  ((TSJ^2 + TIJ^2)^1/2 + DJ) / 2 + PE
    Total System Jitter     (TSJ):    0.071ns
    Total Input Jitter      (TIJ):    0.000ns
    Discrete Jitter          (DJ):    0.000ns
    Phase Error              (PE):    0.000ns

    Location             Delay type                Incr(ns)  Path(ns)    Netlist Resource(s)
  -------------------------------------------------------------------    -------------------
                         (clock hse rise edge)        0.000     0.000 r  
    D24                                               0.000     0.000 r  CLK (IN)
                         net (fo=0)                   0.000     0.000    CLK_IBUF_inst/I
    D24                  INBUF (Prop_INBUF_HPIOB_PAD_O)
                                                      0.563     0.563 r  CLK_IBUF_inst/INBUF_INST/O
                         net (fo=1, routed)           0.089     0.652    CLK_IBUF_inst/OUT
    D24                  IBUFCTRL (Prop_IBUFCTRL_HPIOB_I_O)
                                                      0.000     0.652 r  CLK_IBUF_inst/IBUFCTRL_INST/O
                         net (fo=7, routed)           2.194     2.846    u_fpga_platform/CLK
    SLICE_X96Y131        FDCE                                         r  u_fpga_platform/pll_locked_cnt_reg[2]/C
  -------------------------------------------------------------------    -------------------
    SLICE_X96Y131        FDCE (Prop_CFF2_SLICEL_C_Q)
                                                      0.117     2.963 r  u_fpga_platform/pll_locked_cnt_reg[2]/Q
                         net (fo=4, routed)           0.227     3.190    u_fpga_platform/pll_locked_cnt_reg[2]
    SLICE_X96Y131        LUT4 (Prop_C5LUT_SLICEL_I1_O)
                                                      0.204     3.394 r  u_fpga_platform/pll_locked_cnt[2]_i_1/O
                         net (fo=1, routed)           0.035     3.429    u_fpga_platform/pll_locked_cnt[2]_i_1_n_0
    SLICE_X96Y131        FDCE                                         r  u_fpga_platform/pll_locked_cnt_reg[2]/D
  -------------------------------------------------------------------    -------------------

                         (clock hse rise edge)        5.000     5.000 r  
    D24                                               0.000     5.000 r  CLK (IN)
                         net (fo=0)                   0.000     5.000    CLK_IBUF_inst/I
    D24                  INBUF (Prop_INBUF_HPIOB_PAD_O)
                                                      0.292     5.292 r  CLK_IBUF_inst/INBUF_INST/O
                         net (fo=1, routed)           0.050     5.342    CLK_IBUF_inst/OUT
    D24                  IBUFCTRL (Prop_IBUFCTRL_HPIOB_I_O)
                                                      0.000     5.342 r  CLK_IBUF_inst/IBUFCTRL_INST/O
                         net (fo=7, routed)           1.833     7.175    u_fpga_platform/CLK
    SLICE_X96Y131        FDCE                                         r  u_fpga_platform/pll_locked_cnt_reg[2]/C
                         clock pessimism              0.668     7.843    
                         clock uncertainty           -0.035     7.808    
    SLICE_X96Y131        FDCE (Setup_CFF2_SLICEL_C_D)
                                                      0.062     7.870    u_fpga_platform/pll_locked_cnt_reg[2]
  -------------------------------------------------------------------
                         required time                          7.870    
                         arrival time                          -3.429    
  -------------------------------------------------------------------
                         slack                                  4.441    

Slack (MET) :             4.473ns  (required time - arrival time)
  Source:                 u_fpga_platform/pll_locked_cnt_reg[0]/C
                            (rising edge-triggered cell FDCE clocked by hse  {rise@0.000ns fall@2.500ns period=5.000ns})
  Destination:            u_fpga_platform/pll_locked_cnt_reg[0]/D
                            (rising edge-triggered cell FDCE clocked by hse  {rise@0.000ns fall@2.500ns period=5.000ns})
  Path Group:             hse
  Path Type:              Setup (Max at Slow Process Corner)
  Requirement:            5.000ns  (hse rise@5.000ns - hse rise@0.000ns)
  Data Path Delay:        0.548ns  (logic 0.287ns (52.372%)  route 0.261ns (47.628%))
  Logic Levels:           1  (LUT2=1)
  Clock Path Skew:        -0.003ns (DCD - SCD + CPR)
    Destination Clock Delay (DCD):    2.175ns = ( 7.175 - 5.000 ) 
    Source Clock Delay      (SCD):    2.846ns
    Clock Pessimism Removal (CPR):    0.668ns
  Clock Uncertainty:      0.035ns  ((TSJ^2 + TIJ^2)^1/2 + DJ) / 2 + PE
    Total System Jitter     (TSJ):    0.071ns
    Total Input Jitter      (TIJ):    0.000ns
    Discrete Jitter          (DJ):    0.000ns
    Phase Error              (PE):    0.000ns

    Location             Delay type                Incr(ns)  Path(ns)    Netlist Resource(s)
  -------------------------------------------------------------------    -------------------
                         (clock hse rise edge)        0.000     0.000 r  
    D24                                               0.000     0.000 r  CLK (IN)
                         net (fo=0)                   0.000     0.000    CLK_IBUF_inst/I
    D24                  INBUF (Prop_INBUF_HPIOB_PAD_O)
                                                      0.563     0.563 r  CLK_IBUF_inst/INBUF_INST/O
                         net (fo=1, routed)           0.089     0.652    CLK_IBUF_inst/OUT
    D24                  IBUFCTRL (Prop_IBUFCTRL_HPIOB_I_O)
                                                      0.000     0.652 r  CLK_IBUF_inst/IBUFCTRL_INST/O
                         net (fo=7, routed)           2.194     2.846    u_fpga_platform/CLK
    SLICE_X96Y131        FDCE                                         r  u_fpga_platform/pll_locked_cnt_reg[0]/C
  -------------------------------------------------------------------    -------------------
    SLICE_X96Y131        FDCE (Prop_CFF_SLICEL_C_Q)
                                                      0.114     2.960 f  u_fpga_platform/pll_locked_cnt_reg[0]/Q
                         net (fo=6, routed)           0.232     3.192    u_fpga_platform/pll_locked_cnt_reg[0]
    SLICE_X96Y131        LUT2 (Prop_C6LUT_SLICEL_I1_O)
                                                      0.173     3.365 r  u_fpga_platform/pll_locked_cnt[0]_i_1/O
                         net (fo=1, routed)           0.029     3.394    u_fpga_platform/pll_locked_cnt[0]_i_1_n_0
    SLICE_X96Y131        FDCE                                         r  u_fpga_platform/pll_locked_cnt_reg[0]/D
  -------------------------------------------------------------------    -------------------

                         (clock hse rise edge)        5.000     5.000 r  
    D24                                               0.000     5.000 r  CLK (IN)
                         net (fo=0)                   0.000     5.000    CLK_IBUF_inst/I
    D24                  INBUF (Prop_INBUF_HPIOB_PAD_O)
                                                      0.292     5.292 r  CLK_IBUF_inst/INBUF_INST/O
                         net (fo=1, routed)           0.050     5.342    CLK_IBUF_inst/OUT
    D24                  IBUFCTRL (Prop_IBUFCTRL_HPIOB_I_O)
                                                      0.000     5.342 r  CLK_IBUF_inst/IBUFCTRL_INST/O
                         net (fo=7, routed)           1.833     7.175    u_fpga_platform/CLK
    SLICE_X96Y131        FDCE                                         r  u_fpga_platform/pll_locked_cnt_reg[0]/C
                         clock pessimism              0.668     7.843    
                         clock uncertainty           -0.035     7.808    
    SLICE_X96Y131        FDCE (Setup_CFF_SLICEL_C_D)
                                                      0.059     7.867    u_fpga_platform/pll_locked_cnt_reg[0]
  -------------------------------------------------------------------
                         required time                          7.867    
                         arrival time                          -3.394    
  -------------------------------------------------------------------
                         slack                                  4.473    





Min Delay Paths
--------------------------------------------------------------------------------------
Slack (MET) :             0.072ns  (arrival time - required time)
  Source:                 u_fpga_platform/pll_locked_cnt_reg[3]/C
                            (rising edge-triggered cell FDPE clocked by hse  {rise@0.000ns fall@2.500ns period=5.000ns})
  Destination:            u_fpga_platform/pll_locked_cnt_reg[3]/D
                            (rising edge-triggered cell FDPE clocked by hse  {rise@0.000ns fall@2.500ns period=5.000ns})
  Path Group:             hse
  Path Type:              Hold (Min at Fast Process Corner)
  Requirement:            0.000ns  (hse rise@0.000ns - hse rise@0.000ns)
  Data Path Delay:        0.133ns  (logic 0.086ns (64.662%)  route 0.047ns (35.338%))
  Logic Levels:           1  (LUT5=1)
  Clock Path Skew:        0.005ns (DCD - SCD - CPR)
    Destination Clock Delay (DCD):    1.880ns
    Source Clock Delay      (SCD):    1.159ns
    Clock Pessimism Removal (CPR):    0.716ns

    Location             Delay type                Incr(ns)  Path(ns)    Netlist Resource(s)
  -------------------------------------------------------------------    -------------------
                         (clock hse rise edge)        0.000     0.000 r  
    D24                                               0.000     0.000 r  CLK (IN)
                         net (fo=0)                   0.000     0.000    CLK_IBUF_inst/I
    D24                  INBUF (Prop_INBUF_HPIOB_PAD_O)
                                                      0.198     0.198 r  CLK_IBUF_inst/INBUF_INST/O
                         net (fo=1, routed)           0.027     0.225    CLK_IBUF_inst/OUT
    D24                  IBUFCTRL (Prop_IBUFCTRL_HPIOB_I_O)
                                                      0.000     0.225 r  CLK_IBUF_inst/IBUFCTRL_INST/O
                         net (fo=7, routed)           0.934     1.159    u_fpga_platform/CLK
    SLICE_X96Y131        FDPE                                         r  u_fpga_platform/pll_locked_cnt_reg[3]/C
  -------------------------------------------------------------------    -------------------
    SLICE_X96Y131        FDPE (Prop_BFF2_SLICEL_C_Q)
                                                      0.048     1.207 r  u_fpga_platform/pll_locked_cnt_reg[3]/Q
                         net (fo=3, routed)           0.034     1.241    u_fpga_platform/pll_locked_cnt_reg[3]
    SLICE_X96Y131        LUT5 (Prop_B5LUT_SLICEL_I1_O)
                                                      0.038     1.279 r  u_fpga_platform/pll_locked_cnt[3]_i_2/O
                         net (fo=1, routed)           0.013     1.292    u_fpga_platform/pll_locked_cnt[3]_i_2_n_0
    SLICE_X96Y131        FDPE                                         r  u_fpga_platform/pll_locked_cnt_reg[3]/D
  -------------------------------------------------------------------    -------------------

                         (clock hse rise edge)        0.000     0.000 r  
    D24                                               0.000     0.000 r  CLK (IN)
                         net (fo=0)                   0.000     0.000    CLK_IBUF_inst/I
    D24                  INBUF (Prop_INBUF_HPIOB_PAD_O)
                                                      0.545     0.545 r  CLK_IBUF_inst/INBUF_INST/O
                         net (fo=1, routed)           0.047     0.592    CLK_IBUF_inst/OUT
    D24                  IBUFCTRL (Prop_IBUFCTRL_HPIOB_I_O)
                                                      0.000     0.592 r  CLK_IBUF_inst/IBUFCTRL_INST/O
                         net (fo=7, routed)           1.288     1.880    u_fpga_platform/CLK
    SLICE_X96Y131        FDPE                                         r  u_fpga_platform/pll_locked_cnt_reg[3]/C
                         clock pessimism             -0.716     1.164    
    SLICE_X96Y131        FDPE (Hold_BFF2_SLICEL_C_D)
                                                      0.056     1.220    u_fpga_platform/pll_locked_cnt_reg[3]
  -------------------------------------------------------------------
                         required time                         -1.220    
                         arrival time                           1.292    
  -------------------------------------------------------------------
                         slack                                  0.072    

Slack (MET) :             0.073ns  (arrival time - required time)
  Source:                 u_fpga_platform/pll_locked_cnt_reg[1]/C
                            (rising edge-triggered cell FDPE clocked by hse  {rise@0.000ns fall@2.500ns period=5.000ns})
  Destination:            u_fpga_platform/pll_locked_cnt_reg[2]/D
                            (rising edge-triggered cell FDCE clocked by hse  {rise@0.000ns fall@2.500ns period=5.000ns})
  Path Group:             hse
  Path Type:              Hold (Min at Fast Process Corner)
  Requirement:            0.000ns  (hse rise@0.000ns - hse rise@0.000ns)
  Data Path Delay:        0.134ns  (logic 0.087ns (64.925%)  route 0.047ns (35.075%))
  Logic Levels:           1  (LUT4=1)
  Clock Path Skew:        0.005ns (DCD - SCD - CPR)
    Destination Clock Delay (DCD):    1.880ns
    Source Clock Delay      (SCD):    1.159ns
    Clock Pessimism Removal (CPR):    0.716ns

    Location             Delay type                Incr(ns)  Path(ns)    Netlist Resource(s)
  -------------------------------------------------------------------    -------------------
                         (clock hse rise edge)        0.000     0.000 r  
    D24                                               0.000     0.000 r  CLK (IN)
                         net (fo=0)                   0.000     0.000    CLK_IBUF_inst/I
    D24                  INBUF (Prop_INBUF_HPIOB_PAD_O)
                                                      0.198     0.198 r  CLK_IBUF_inst/INBUF_INST/O
                         net (fo=1, routed)           0.027     0.225    CLK_IBUF_inst/OUT
    D24                  IBUFCTRL (Prop_IBUFCTRL_HPIOB_I_O)
                                                      0.000     0.225 r  CLK_IBUF_inst/IBUFCTRL_INST/O
                         net (fo=7, routed)           0.934     1.159    u_fpga_platform/CLK
    SLICE_X96Y131        FDPE                                         r  u_fpga_platform/pll_locked_cnt_reg[1]/C
  -------------------------------------------------------------------    -------------------
    SLICE_X96Y131        FDPE (Prop_BFF_SLICEL_C_Q)
                                                      0.049     1.208 r  u_fpga_platform/pll_locked_cnt_reg[1]/Q
                         net (fo=5, routed)           0.036     1.244    u_fpga_platform/pll_locked_cnt_reg[1]
    SLICE_X96Y131        LUT4 (Prop_C5LUT_SLICEL_I3_O)
                                                      0.038     1.282 r  u_fpga_platform/pll_locked_cnt[2]_i_1/O
                         net (fo=1, routed)           0.011     1.293    u_fpga_platform/pll_locked_cnt[2]_i_1_n_0
    SLICE_X96Y131        FDCE                                         r  u_fpga_platform/pll_locked_cnt_reg[2]/D
  -------------------------------------------------------------------    -------------------

                         (clock hse rise edge)        0.000     0.000 r  
    D24                                               0.000     0.000 r  CLK (IN)
                         net (fo=0)                   0.000     0.000    CLK_IBUF_inst/I
    D24                  INBUF (Prop_INBUF_HPIOB_PAD_O)
                                                      0.545     0.545 r  CLK_IBUF_inst/INBUF_INST/O
                         net (fo=1, routed)           0.047     0.592    CLK_IBUF_inst/OUT
    D24                  IBUFCTRL (Prop_IBUFCTRL_HPIOB_I_O)
                                                      0.000     0.592 r  CLK_IBUF_inst/IBUFCTRL_INST/O
                         net (fo=7, routed)           1.288     1.880    u_fpga_platform/CLK
    SLICE_X96Y131        FDCE                                         r  u_fpga_platform/pll_locked_cnt_reg[2]/C
                         clock pessimism             -0.716     1.164    
    SLICE_X96Y131        FDCE (Hold_CFF2_SLICEL_C_D)
                                                      0.056     1.220    u_fpga_platform/pll_locked_cnt_reg[2]
  -------------------------------------------------------------------
                         required time                         -1.220    
                         arrival time                           1.293    
  -------------------------------------------------------------------
                         slack                                  0.073    

Slack (MET) :             0.077ns  (arrival time - required time)
  Source:                 u_fpga_platform/pll_locked_cnt_reg[2]/C
                            (rising edge-triggered cell FDCE clocked by hse  {rise@0.000ns fall@2.500ns period=5.000ns})
  Destination:            u_fpga_platform/pll_locked_reg/D
                            (rising edge-triggered cell FDCE clocked by hse  {rise@0.000ns fall@2.500ns period=5.000ns})
  Path Group:             hse
  Path Type:              Hold (Min at Fast Process Corner)
  Requirement:            0.000ns  (hse rise@0.000ns - hse rise@0.000ns)
  Data Path Delay:        0.164ns  (logic 0.111ns (67.683%)  route 0.053ns (32.317%))
  Logic Levels:           1  (LUT4=1)
  Clock Path Skew:        0.031ns (DCD - SCD - CPR)
    Destination Clock Delay (DCD):    1.877ns
    Source Clock Delay      (SCD):    1.159ns
    Clock Pessimism Removal (CPR):    0.687ns

    Location             Delay type                Incr(ns)  Path(ns)    Netlist Resource(s)
  -------------------------------------------------------------------    -------------------
                         (clock hse rise edge)        0.000     0.000 r  
    D24                                               0.000     0.000 r  CLK (IN)
                         net (fo=0)                   0.000     0.000    CLK_IBUF_inst/I
    D24                  INBUF (Prop_INBUF_HPIOB_PAD_O)
                                                      0.198     0.198 r  CLK_IBUF_inst/INBUF_INST/O
                         net (fo=1, routed)           0.027     0.225    CLK_IBUF_inst/OUT
    D24                  IBUFCTRL (Prop_IBUFCTRL_HPIOB_I_O)
                                                      0.000     0.225 r  CLK_IBUF_inst/IBUFCTRL_INST/O
                         net (fo=7, routed)           0.934     1.159    u_fpga_platform/CLK
    SLICE_X96Y131        FDCE                                         r  u_fpga_platform/pll_locked_cnt_reg[2]/C
  -------------------------------------------------------------------    -------------------
    SLICE_X96Y131        FDCE (Prop_CFF2_SLICEL_C_Q)
                                                      0.048     1.207 f  u_fpga_platform/pll_locked_cnt_reg[2]/Q
                         net (fo=4, routed)           0.041     1.248    u_fpga_platform/pll_locked_cnt_reg[2]
    SLICE_X96Y131        LUT4 (Prop_H5LUT_SLICEL_I1_O)
                                                      0.063     1.311 r  u_fpga_platform/pll_locked/O
                         net (fo=1, routed)           0.012     1.323    u_fpga_platform/pll_locked_n_0
    SLICE_X96Y131        FDCE                                         r  u_fpga_platform/pll_locked_reg/D
  -------------------------------------------------------------------    -------------------

                         (clock hse rise edge)        0.000     0.000 r  
    D24                                               0.000     0.000 r  CLK (IN)
                         net (fo=0)                   0.000     0.000    CLK_IBUF_inst/I
    D24                  INBUF (Prop_INBUF_HPIOB_PAD_O)
                                                      0.545     0.545 r  CLK_IBUF_inst/INBUF_INST/O
                         net (fo=1, routed)           0.047     0.592    CLK_IBUF_inst/OUT
    D24                  IBUFCTRL (Prop_IBUFCTRL_HPIOB_I_O)
                                                      0.000     0.592 r  CLK_IBUF_inst/IBUFCTRL_INST/O
                         net (fo=7, routed)           1.285     1.877    u_fpga_platform/CLK
    SLICE_X96Y131        FDCE                                         r  u_fpga_platform/pll_locked_reg/C
                         clock pessimism             -0.687     1.190    
    SLICE_X96Y131        FDCE (Hold_HFF2_SLICEL_C_D)
                                                      0.056     1.246    u_fpga_platform/pll_locked_reg
  -------------------------------------------------------------------
                         required time                         -1.246    
                         arrival time                           1.323    
  -------------------------------------------------------------------
                         slack                                  0.077    

Slack (MET) :             0.173ns  (arrival time - required time)
  Source:                 u_fpga_platform/pll_locked_cnt_reg[0]/C
                            (rising edge-triggered cell FDCE clocked by hse  {rise@0.000ns fall@2.500ns period=5.000ns})
  Destination:            u_fpga_platform/pll_locked_cnt_reg[0]/D
                            (rising edge-triggered cell FDCE clocked by hse  {rise@0.000ns fall@2.500ns period=5.000ns})
  Path Group:             hse
  Path Type:              Hold (Min at Fast Process Corner)
  Requirement:            0.000ns  (hse rise@0.000ns - hse rise@0.000ns)
  Data Path Delay:        0.234ns  (logic 0.112ns (47.863%)  route 0.122ns (52.137%))
  Logic Levels:           1  (LUT2=1)
  Clock Path Skew:        0.005ns (DCD - SCD - CPR)
    Destination Clock Delay (DCD):    1.880ns
    Source Clock Delay      (SCD):    1.159ns
    Clock Pessimism Removal (CPR):    0.716ns

    Location             Delay type                Incr(ns)  Path(ns)    Netlist Resource(s)
  -------------------------------------------------------------------    -------------------
                         (clock hse rise edge)        0.000     0.000 r  
    D24                                               0.000     0.000 r  CLK (IN)
                         net (fo=0)                   0.000     0.000    CLK_IBUF_inst/I
    D24                  INBUF (Prop_INBUF_HPIOB_PAD_O)
                                                      0.198     0.198 r  CLK_IBUF_inst/INBUF_INST/O
                         net (fo=1, routed)           0.027     0.225    CLK_IBUF_inst/OUT
    D24                  IBUFCTRL (Prop_IBUFCTRL_HPIOB_I_O)
                                                      0.000     0.225 r  CLK_IBUF_inst/IBUFCTRL_INST/O
                         net (fo=7, routed)           0.934     1.159    u_fpga_platform/CLK
    SLICE_X96Y131        FDCE                                         r  u_fpga_platform/pll_locked_cnt_reg[0]/C
  -------------------------------------------------------------------    -------------------
    SLICE_X96Y131        FDCE (Prop_CFF_SLICEL_C_Q)
                                                      0.048     1.207 f  u_fpga_platform/pll_locked_cnt_reg[0]/Q
                         net (fo=6, routed)           0.106     1.313    u_fpga_platform/pll_locked_cnt_reg[0]
    SLICE_X96Y131        LUT2 (Prop_C6LUT_SLICEL_I1_O)
                                                      0.064     1.377 r  u_fpga_platform/pll_locked_cnt[0]_i_1/O
                         net (fo=1, routed)           0.016     1.393    u_fpga_platform/pll_locked_cnt[0]_i_1_n_0
    SLICE_X96Y131        FDCE                                         r  u_fpga_platform/pll_locked_cnt_reg[0]/D
  -------------------------------------------------------------------    -------------------

                         (clock hse rise edge)        0.000     0.000 r  
    D24                                               0.000     0.000 r  CLK (IN)
                         net (fo=0)                   0.000     0.000    CLK_IBUF_inst/I
    D24                  INBUF (Prop_INBUF_HPIOB_PAD_O)
                                                      0.545     0.545 r  CLK_IBUF_inst/INBUF_INST/O
                         net (fo=1, routed)           0.047     0.592    CLK_IBUF_inst/OUT
    D24                  IBUFCTRL (Prop_IBUFCTRL_HPIOB_I_O)
                                                      0.000     0.592 r  CLK_IBUF_inst/IBUFCTRL_INST/O
                         net (fo=7, routed)           1.288     1.880    u_fpga_platform/CLK
    SLICE_X96Y131        FDCE                                         r  u_fpga_platform/pll_locked_cnt_reg[0]/C
                         clock pessimism             -0.716     1.164    
    SLICE_X96Y131        FDCE (Hold_CFF_SLICEL_C_D)
                                                      0.056     1.220    u_fpga_platform/pll_locked_cnt_reg[0]
  -------------------------------------------------------------------
                         required time                         -1.220    
                         arrival time                           1.393    
  -------------------------------------------------------------------
                         slack                                  0.173    

Slack (MET) :             0.179ns  (arrival time - required time)
  Source:                 u_fpga_platform/pll_locked_cnt_reg[1]/C
                            (rising edge-triggered cell FDPE clocked by hse  {rise@0.000ns fall@2.500ns period=5.000ns})
  Destination:            u_fpga_platform/pll_locked_cnt_reg[1]/D
                            (rising edge-triggered cell FDPE clocked by hse  {rise@0.000ns fall@2.500ns period=5.000ns})
  Path Group:             hse
  Path Type:              Hold (Min at Fast Process Corner)
  Requirement:            0.000ns  (hse rise@0.000ns - hse rise@0.000ns)
  Data Path Delay:        0.240ns  (logic 0.102ns (42.500%)  route 0.138ns (57.500%))
  Logic Levels:           1  (LUT3=1)
  Clock Path Skew:        0.005ns (DCD - SCD - CPR)
    Destination Clock Delay (DCD):    1.880ns
    Source Clock Delay      (SCD):    1.159ns
    Clock Pessimism Removal (CPR):    0.716ns

    Location             Delay type                Incr(ns)  Path(ns)    Netlist Resource(s)
  -------------------------------------------------------------------    -------------------
                         (clock hse rise edge)        0.000     0.000 r  
    D24                                               0.000     0.000 r  CLK (IN)
                         net (fo=0)                   0.000     0.000    CLK_IBUF_inst/I
    D24                  INBUF (Prop_INBUF_HPIOB_PAD_O)
                                                      0.198     0.198 r  CLK_IBUF_inst/INBUF_INST/O
                         net (fo=1, routed)           0.027     0.225    CLK_IBUF_inst/OUT
    D24                  IBUFCTRL (Prop_IBUFCTRL_HPIOB_I_O)
                                                      0.000     0.225 r  CLK_IBUF_inst/IBUFCTRL_INST/O
                         net (fo=7, routed)           0.934     1.159    u_fpga_platform/CLK
    SLICE_X96Y131        FDPE                                         r  u_fpga_platform/pll_locked_cnt_reg[1]/C
  -------------------------------------------------------------------    -------------------
    SLICE_X96Y131        FDPE (Prop_BFF_SLICEL_C_Q)
                                                      0.049     1.208 r  u_fpga_platform/pll_locked_cnt_reg[1]/Q
                         net (fo=5, routed)           0.123     1.331    u_fpga_platform/pll_locked_cnt_reg[1]
    SLICE_X96Y131        LUT3 (Prop_B6LUT_SLICEL_I1_O)
                                                      0.053     1.384 r  u_fpga_platform/pll_locked_cnt[1]_i_1/O
                         net (fo=1, routed)           0.015     1.399    u_fpga_platform/pll_locked_cnt[1]_i_1_n_0
    SLICE_X96Y131        FDPE                                         r  u_fpga_platform/pll_locked_cnt_reg[1]/D
  -------------------------------------------------------------------    -------------------

                         (clock hse rise edge)        0.000     0.000 r  
    D24                                               0.000     0.000 r  CLK (IN)
                         net (fo=0)                   0.000     0.000    CLK_IBUF_inst/I
    D24                  INBUF (Prop_INBUF_HPIOB_PAD_O)
                                                      0.545     0.545 r  CLK_IBUF_inst/INBUF_INST/O
                         net (fo=1, routed)           0.047     0.592    CLK_IBUF_inst/OUT
    D24                  IBUFCTRL (Prop_IBUFCTRL_HPIOB_I_O)
                                                      0.000     0.592 r  CLK_IBUF_inst/IBUFCTRL_INST/O
                         net (fo=7, routed)           1.288     1.880    u_fpga_platform/CLK
    SLICE_X96Y131        FDPE                                         r  u_fpga_platform/pll_locked_cnt_reg[1]/C
                         clock pessimism             -0.716     1.164    
    SLICE_X96Y131        FDPE (Hold_BFF_SLICEL_C_D)
                                                      0.056     1.220    u_fpga_platform/pll_locked_cnt_reg[1]
  -------------------------------------------------------------------
                         required time                         -1.220    
                         arrival time                           1.399    
  -------------------------------------------------------------------
                         slack                                  0.179    

Slack (MET) :             0.194ns  (arrival time - required time)
  Source:                 u_fpga_platform/pll_locked_reg/C
                            (rising edge-triggered cell FDCE clocked by hse  {rise@0.000ns fall@2.500ns period=5.000ns})
  Destination:            u_fpga_platform/pll_locked_d_reg/D
                            (rising edge-triggered cell FDCE clocked by hse  {rise@0.000ns fall@2.500ns period=5.000ns})
  Path Group:             hse
  Path Type:              Hold (Min at Fast Process Corner)
  Requirement:            0.000ns  (hse rise@0.000ns - hse rise@0.000ns)
  Data Path Delay:        0.254ns  (logic 0.048ns (18.898%)  route 0.206ns (81.102%))
  Logic Levels:           0  
  Clock Path Skew:        0.004ns (DCD - SCD - CPR)
    Destination Clock Delay (DCD):    1.877ns
    Source Clock Delay      (SCD):    1.157ns
    Clock Pessimism Removal (CPR):    0.716ns

    Location             Delay type                Incr(ns)  Path(ns)    Netlist Resource(s)
  -------------------------------------------------------------------    -------------------
                         (clock hse rise edge)        0.000     0.000 r  
    D24                                               0.000     0.000 r  CLK (IN)
                         net (fo=0)                   0.000     0.000    CLK_IBUF_inst/I
    D24                  INBUF (Prop_INBUF_HPIOB_PAD_O)
                                                      0.198     0.198 r  CLK_IBUF_inst/INBUF_INST/O
                         net (fo=1, routed)           0.027     0.225    CLK_IBUF_inst/OUT
    D24                  IBUFCTRL (Prop_IBUFCTRL_HPIOB_I_O)
                                                      0.000     0.225 r  CLK_IBUF_inst/IBUFCTRL_INST/O
                         net (fo=7, routed)           0.932     1.157    u_fpga_platform/CLK
    SLICE_X96Y131        FDCE                                         r  u_fpga_platform/pll_locked_reg/C
  -------------------------------------------------------------------    -------------------
    SLICE_X96Y131        FDCE (Prop_HFF2_SLICEL_C_Q)
                                                      0.048     1.205 r  u_fpga_platform/pll_locked_reg/Q
                         net (fo=3, routed)           0.206     1.411    u_fpga_platform/pll_locked__0
    SLICE_X96Y131        FDCE                                         r  u_fpga_platform/pll_locked_d_reg/D
  -------------------------------------------------------------------    -------------------

                         (clock hse rise edge)        0.000     0.000 r  
    D24                                               0.000     0.000 r  CLK (IN)
                         net (fo=0)                   0.000     0.000    CLK_IBUF_inst/I
    D24                  INBUF (Prop_INBUF_HPIOB_PAD_O)
                                                      0.545     0.545 r  CLK_IBUF_inst/INBUF_INST/O
                         net (fo=1, routed)           0.047     0.592    CLK_IBUF_inst/OUT
    D24                  IBUFCTRL (Prop_IBUFCTRL_HPIOB_I_O)
                                                      0.000     0.592 r  CLK_IBUF_inst/IBUFCTRL_INST/O
                         net (fo=7, routed)           1.285     1.877    u_fpga_platform/CLK
    SLICE_X96Y131        FDCE                                         r  u_fpga_platform/pll_locked_d_reg/C
                         clock pessimism             -0.716     1.161    
    SLICE_X96Y131        FDCE (Hold_EFF_SLICEL_C_D)
                                                      0.056     1.217    u_fpga_platform/pll_locked_d_reg
  -------------------------------------------------------------------
                         required time                         -1.217    
                         arrival time                           1.411    
  -------------------------------------------------------------------
                         slack                                  0.194    

Slack (MET) :             0.236ns  (arrival time - required time)
  Source:                 u_fpga_platform/pll_locked_cnt_reg[2]/C
                            (rising edge-triggered cell FDCE clocked by hse  {rise@0.000ns fall@2.500ns period=5.000ns})
  Destination:            u_fpga_platform/pll_locked_cnt_reg[0]/CE
                            (rising edge-triggered cell FDCE clocked by hse  {rise@0.000ns fall@2.500ns period=5.000ns})
  Path Group:             hse
  Path Type:              Hold (Min at Fast Process Corner)
  Requirement:            0.000ns  (hse rise@0.000ns - hse rise@0.000ns)
  Data Path Delay:        0.241ns  (logic 0.100ns (41.494%)  route 0.141ns (58.506%))
  Logic Levels:           1  (LUT5=1)
  Clock Path Skew:        0.005ns (DCD - SCD - CPR)
    Destination Clock Delay (DCD):    1.880ns
    Source Clock Delay      (SCD):    1.159ns
    Clock Pessimism Removal (CPR):    0.716ns

    Location             Delay type                Incr(ns)  Path(ns)    Netlist Resource(s)
  -------------------------------------------------------------------    -------------------
                         (clock hse rise edge)        0.000     0.000 r  
    D24                                               0.000     0.000 r  CLK (IN)
                         net (fo=0)                   0.000     0.000    CLK_IBUF_inst/I
    D24                  INBUF (Prop_INBUF_HPIOB_PAD_O)
                                                      0.198     0.198 r  CLK_IBUF_inst/INBUF_INST/O
                         net (fo=1, routed)           0.027     0.225    CLK_IBUF_inst/OUT
    D24                  IBUFCTRL (Prop_IBUFCTRL_HPIOB_I_O)
                                                      0.000     0.225 r  CLK_IBUF_inst/IBUFCTRL_INST/O
                         net (fo=7, routed)           0.934     1.159    u_fpga_platform/CLK
    SLICE_X96Y131        FDCE                                         r  u_fpga_platform/pll_locked_cnt_reg[2]/C
  -------------------------------------------------------------------    -------------------
    SLICE_X96Y131        FDCE (Prop_CFF2_SLICEL_C_Q)
                                                      0.048     1.207 r  u_fpga_platform/pll_locked_cnt_reg[2]/Q
                         net (fo=4, routed)           0.041     1.248    u_fpga_platform/pll_locked_cnt_reg[2]
    SLICE_X96Y131        LUT5 (Prop_H6LUT_SLICEL_I3_O)
                                                      0.052     1.300 r  u_fpga_platform/pll_locked_cnt[3]_i_1/O
                         net (fo=4, routed)           0.100     1.400    u_fpga_platform/pll_locked_cnt[3]_i_1_n_0
    SLICE_X96Y131        FDCE                                         r  u_fpga_platform/pll_locked_cnt_reg[0]/CE
  -------------------------------------------------------------------    -------------------

                         (clock hse rise edge)        0.000     0.000 r  
    D24                                               0.000     0.000 r  CLK (IN)
                         net (fo=0)                   0.000     0.000    CLK_IBUF_inst/I
    D24                  INBUF (Prop_INBUF_HPIOB_PAD_O)
                                                      0.545     0.545 r  CLK_IBUF_inst/INBUF_INST/O
                         net (fo=1, routed)           0.047     0.592    CLK_IBUF_inst/OUT
    D24                  IBUFCTRL (Prop_IBUFCTRL_HPIOB_I_O)
                                                      0.000     0.592 r  CLK_IBUF_inst/IBUFCTRL_INST/O
                         net (fo=7, routed)           1.288     1.880    u_fpga_platform/CLK
    SLICE_X96Y131        FDCE                                         r  u_fpga_platform/pll_locked_cnt_reg[0]/C
                         clock pessimism             -0.716     1.164    
    SLICE_X96Y131        FDCE (Hold_CFF_SLICEL_C_CE)
                                                      0.000     1.164    u_fpga_platform/pll_locked_cnt_reg[0]
  -------------------------------------------------------------------
                         required time                         -1.164    
                         arrival time                           1.400    
  -------------------------------------------------------------------
                         slack                                  0.236    

Slack (MET) :             0.236ns  (arrival time - required time)
  Source:                 u_fpga_platform/pll_locked_cnt_reg[2]/C
                            (rising edge-triggered cell FDCE clocked by hse  {rise@0.000ns fall@2.500ns period=5.000ns})
  Destination:            u_fpga_platform/pll_locked_cnt_reg[1]/CE
                            (rising edge-triggered cell FDPE clocked by hse  {rise@0.000ns fall@2.500ns period=5.000ns})
  Path Group:             hse
  Path Type:              Hold (Min at Fast Process Corner)
  Requirement:            0.000ns  (hse rise@0.000ns - hse rise@0.000ns)
  Data Path Delay:        0.241ns  (logic 0.100ns (41.494%)  route 0.141ns (58.506%))
  Logic Levels:           1  (LUT5=1)
  Clock Path Skew:        0.005ns (DCD - SCD - CPR)
    Destination Clock Delay (DCD):    1.880ns
    Source Clock Delay      (SCD):    1.159ns
    Clock Pessimism Removal (CPR):    0.716ns

    Location             Delay type                Incr(ns)  Path(ns)    Netlist Resource(s)
  -------------------------------------------------------------------    -------------------
                         (clock hse rise edge)        0.000     0.000 r  
    D24                                               0.000     0.000 r  CLK (IN)
                         net (fo=0)                   0.000     0.000    CLK_IBUF_inst/I
    D24                  INBUF (Prop_INBUF_HPIOB_PAD_O)
                                                      0.198     0.198 r  CLK_IBUF_inst/INBUF_INST/O
                         net (fo=1, routed)           0.027     0.225    CLK_IBUF_inst/OUT
    D24                  IBUFCTRL (Prop_IBUFCTRL_HPIOB_I_O)
                                                      0.000     0.225 r  CLK_IBUF_inst/IBUFCTRL_INST/O
                         net (fo=7, routed)           0.934     1.159    u_fpga_platform/CLK
    SLICE_X96Y131        FDCE                                         r  u_fpga_platform/pll_locked_cnt_reg[2]/C
  -------------------------------------------------------------------    -------------------
    SLICE_X96Y131        FDCE (Prop_CFF2_SLICEL_C_Q)
                                                      0.048     1.207 r  u_fpga_platform/pll_locked_cnt_reg[2]/Q
                         net (fo=4, routed)           0.041     1.248    u_fpga_platform/pll_locked_cnt_reg[2]
    SLICE_X96Y131        LUT5 (Prop_H6LUT_SLICEL_I3_O)
                                                      0.052     1.300 r  u_fpga_platform/pll_locked_cnt[3]_i_1/O
                         net (fo=4, routed)           0.100     1.400    u_fpga_platform/pll_locked_cnt[3]_i_1_n_0
    SLICE_X96Y131        FDPE                                         r  u_fpga_platform/pll_locked_cnt_reg[1]/CE
  -------------------------------------------------------------------    -------------------

                         (clock hse rise edge)        0.000     0.000 r  
    D24                                               0.000     0.000 r  CLK (IN)
                         net (fo=0)                   0.000     0.000    CLK_IBUF_inst/I
    D24                  INBUF (Prop_INBUF_HPIOB_PAD_O)
                                                      0.545     0.545 r  CLK_IBUF_inst/INBUF_INST/O
                         net (fo=1, routed)           0.047     0.592    CLK_IBUF_inst/OUT
    D24                  IBUFCTRL (Prop_IBUFCTRL_HPIOB_I_O)
                                                      0.000     0.592 r  CLK_IBUF_inst/IBUFCTRL_INST/O
                         net (fo=7, routed)           1.288     1.880    u_fpga_platform/CLK
    SLICE_X96Y131        FDPE                                         r  u_fpga_platform/pll_locked_cnt_reg[1]/C
                         clock pessimism             -0.716     1.164    
    SLICE_X96Y131        FDPE (Hold_BFF_SLICEL_C_CE)
                                                      0.000     1.164    u_fpga_platform/pll_locked_cnt_reg[1]
  -------------------------------------------------------------------
                         required time                         -1.164    
                         arrival time                           1.400    
  -------------------------------------------------------------------
                         slack                                  0.236    

Slack (MET) :             0.239ns  (arrival time - required time)
  Source:                 u_fpga_platform/pll_locked_cnt_reg[2]/C
                            (rising edge-triggered cell FDCE clocked by hse  {rise@0.000ns fall@2.500ns period=5.000ns})
  Destination:            u_fpga_platform/pll_locked_cnt_reg[2]/CE
                            (rising edge-triggered cell FDCE clocked by hse  {rise@0.000ns fall@2.500ns period=5.000ns})
  Path Group:             hse
  Path Type:              Hold (Min at Fast Process Corner)
  Requirement:            0.000ns  (hse rise@0.000ns - hse rise@0.000ns)
  Data Path Delay:        0.243ns  (logic 0.100ns (41.152%)  route 0.143ns (58.848%))
  Logic Levels:           1  (LUT5=1)
  Clock Path Skew:        0.005ns (DCD - SCD - CPR)
    Destination Clock Delay (DCD):    1.880ns
    Source Clock Delay      (SCD):    1.159ns
    Clock Pessimism Removal (CPR):    0.716ns

    Location             Delay type                Incr(ns)  Path(ns)    Netlist Resource(s)
  -------------------------------------------------------------------    -------------------
                         (clock hse rise edge)        0.000     0.000 r  
    D24                                               0.000     0.000 r  CLK (IN)
                         net (fo=0)                   0.000     0.000    CLK_IBUF_inst/I
    D24                  INBUF (Prop_INBUF_HPIOB_PAD_O)
                                                      0.198     0.198 r  CLK_IBUF_inst/INBUF_INST/O
                         net (fo=1, routed)           0.027     0.225    CLK_IBUF_inst/OUT
    D24                  IBUFCTRL (Prop_IBUFCTRL_HPIOB_I_O)
                                                      0.000     0.225 r  CLK_IBUF_inst/IBUFCTRL_INST/O
                         net (fo=7, routed)           0.934     1.159    u_fpga_platform/CLK
    SLICE_X96Y131        FDCE                                         r  u_fpga_platform/pll_locked_cnt_reg[2]/C
  -------------------------------------------------------------------    -------------------
    SLICE_X96Y131        FDCE (Prop_CFF2_SLICEL_C_Q)
                                                      0.048     1.207 r  u_fpga_platform/pll_locked_cnt_reg[2]/Q
                         net (fo=4, routed)           0.041     1.248    u_fpga_platform/pll_locked_cnt_reg[2]
    SLICE_X96Y131        LUT5 (Prop_H6LUT_SLICEL_I3_O)
                                                      0.052     1.300 r  u_fpga_platform/pll_locked_cnt[3]_i_1/O
                         net (fo=4, routed)           0.102     1.402    u_fpga_platform/pll_locked_cnt[3]_i_1_n_0
    SLICE_X96Y131        FDCE                                         r  u_fpga_platform/pll_locked_cnt_reg[2]/CE
  -------------------------------------------------------------------    -------------------

                         (clock hse rise edge)        0.000     0.000 r  
    D24                                               0.000     0.000 r  CLK (IN)
                         net (fo=0)                   0.000     0.000    CLK_IBUF_inst/I
    D24                  INBUF (Prop_INBUF_HPIOB_PAD_O)
                                                      0.545     0.545 r  CLK_IBUF_inst/INBUF_INST/O
                         net (fo=1, routed)           0.047     0.592    CLK_IBUF_inst/OUT
    D24                  IBUFCTRL (Prop_IBUFCTRL_HPIOB_I_O)
                                                      0.000     0.592 r  CLK_IBUF_inst/IBUFCTRL_INST/O
                         net (fo=7, routed)           1.288     1.880    u_fpga_platform/CLK
    SLICE_X96Y131        FDCE                                         r  u_fpga_platform/pll_locked_cnt_reg[2]/C
                         clock pessimism             -0.716     1.164    
    SLICE_X96Y131        FDCE (Hold_CFF2_SLICEL_C_CE)
                                                     -0.001     1.163    u_fpga_platform/pll_locked_cnt_reg[2]
  -------------------------------------------------------------------
                         required time                         -1.163    
                         arrival time                           1.402    
  -------------------------------------------------------------------
                         slack                                  0.239    

Slack (MET) :             0.239ns  (arrival time - required time)
  Source:                 u_fpga_platform/pll_locked_cnt_reg[2]/C
                            (rising edge-triggered cell FDCE clocked by hse  {rise@0.000ns fall@2.500ns period=5.000ns})
  Destination:            u_fpga_platform/pll_locked_cnt_reg[3]/CE
                            (rising edge-triggered cell FDPE clocked by hse  {rise@0.000ns fall@2.500ns period=5.000ns})
  Path Group:             hse
  Path Type:              Hold (Min at Fast Process Corner)
  Requirement:            0.000ns  (hse rise@0.000ns - hse rise@0.000ns)
  Data Path Delay:        0.243ns  (logic 0.100ns (41.152%)  route 0.143ns (58.848%))
  Logic Levels:           1  (LUT5=1)
  Clock Path Skew:        0.005ns (DCD - SCD - CPR)
    Destination Clock Delay (DCD):    1.880ns
    Source Clock Delay      (SCD):    1.159ns
    Clock Pessimism Removal (CPR):    0.716ns

    Location             Delay type                Incr(ns)  Path(ns)    Netlist Resource(s)
  -------------------------------------------------------------------    -------------------
                         (clock hse rise edge)        0.000     0.000 r  
    D24                                               0.000     0.000 r  CLK (IN)
                         net (fo=0)                   0.000     0.000    CLK_IBUF_inst/I
    D24                  INBUF (Prop_INBUF_HPIOB_PAD_O)
                                                      0.198     0.198 r  CLK_IBUF_inst/INBUF_INST/O
                         net (fo=1, routed)           0.027     0.225    CLK_IBUF_inst/OUT
    D24                  IBUFCTRL (Prop_IBUFCTRL_HPIOB_I_O)
                                                      0.000     0.225 r  CLK_IBUF_inst/IBUFCTRL_INST/O
                         net (fo=7, routed)           0.934     1.159    u_fpga_platform/CLK
    SLICE_X96Y131        FDCE                                         r  u_fpga_platform/pll_locked_cnt_reg[2]/C
  -------------------------------------------------------------------    -------------------
    SLICE_X96Y131        FDCE (Prop_CFF2_SLICEL_C_Q)
                                                      0.048     1.207 r  u_fpga_platform/pll_locked_cnt_reg[2]/Q
                         net (fo=4, routed)           0.041     1.248    u_fpga_platform/pll_locked_cnt_reg[2]
    SLICE_X96Y131        LUT5 (Prop_H6LUT_SLICEL_I3_O)
                                                      0.052     1.300 r  u_fpga_platform/pll_locked_cnt[3]_i_1/O
                         net (fo=4, routed)           0.102     1.402    u_fpga_platform/pll_locked_cnt[3]_i_1_n_0
    SLICE_X96Y131        FDPE                                         r  u_fpga_platform/pll_locked_cnt_reg[3]/CE
  -------------------------------------------------------------------    -------------------

                         (clock hse rise edge)        0.000     0.000 r  
    D24                                               0.000     0.000 r  CLK (IN)
                         net (fo=0)                   0.000     0.000    CLK_IBUF_inst/I
    D24                  INBUF (Prop_INBUF_HPIOB_PAD_O)
                                                      0.545     0.545 r  CLK_IBUF_inst/INBUF_INST/O
                         net (fo=1, routed)           0.047     0.592    CLK_IBUF_inst/OUT
    D24                  IBUFCTRL (Prop_IBUFCTRL_HPIOB_I_O)
                                                      0.000     0.592 r  CLK_IBUF_inst/IBUFCTRL_INST/O
                         net (fo=7, routed)           1.288     1.880    u_fpga_platform/CLK
    SLICE_X96Y131        FDPE                                         r  u_fpga_platform/pll_locked_cnt_reg[3]/C
                         clock pessimism             -0.716     1.164    
    SLICE_X96Y131        FDPE (Hold_BFF2_SLICEL_C_CE)
                                                     -0.001     1.163    u_fpga_platform/pll_locked_cnt_reg[3]
  -------------------------------------------------------------------
                         required time                         -1.163    
                         arrival time                           1.402    
  -------------------------------------------------------------------
                         slack                                  0.239    





Pulse Width Checks
--------------------------------------------------------------------------------------
Clock Name:         hse
Waveform(ns):       { 0.000 2.500 }
Period(ns):         5.000
Sources:            { CLK }

Check Type        Corner  Lib Pin  Reference Pin  Required(ns)  Actual(ns)  Slack(ns)  Location       Pin
Min Period        n/a     FDCE/C   n/a            0.550         5.000       4.450      SLICE_X96Y131  u_fpga_platform/pll_locked_cnt_reg[0]/C
Min Period        n/a     FDPE/C   n/a            0.550         5.000       4.450      SLICE_X96Y131  u_fpga_platform/pll_locked_cnt_reg[1]/C
Min Period        n/a     FDCE/C   n/a            0.550         5.000       4.450      SLICE_X96Y131  u_fpga_platform/pll_locked_cnt_reg[2]/C
Min Period        n/a     FDPE/C   n/a            0.550         5.000       4.450      SLICE_X96Y131  u_fpga_platform/pll_locked_cnt_reg[3]/C
Min Period        n/a     FDCE/C   n/a            0.550         5.000       4.450      SLICE_X96Y131  u_fpga_platform/pll_locked_d_reg/C
Min Period        n/a     FDCE/C   n/a            0.550         5.000       4.450      SLICE_X96Y131  u_fpga_platform/pll_locked_reg/C
Low Pulse Width   Slow    FDCE/C   n/a            0.275         2.500       2.225      SLICE_X96Y131  u_fpga_platform/pll_locked_cnt_reg[0]/C
Low Pulse Width   Fast    FDCE/C   n/a            0.275         2.500       2.225      SLICE_X96Y131  u_fpga_platform/pll_locked_cnt_reg[0]/C
Low Pulse Width   Slow    FDPE/C   n/a            0.275         2.500       2.225      SLICE_X96Y131  u_fpga_platform/pll_locked_cnt_reg[1]/C
Low Pulse Width   Fast    FDPE/C   n/a            0.275         2.500       2.225      SLICE_X96Y131  u_fpga_platform/pll_locked_cnt_reg[1]/C
Low Pulse Width   Slow    FDCE/C   n/a            0.275         2.500       2.225      SLICE_X96Y131  u_fpga_platform/pll_locked_cnt_reg[2]/C
Low Pulse Width   Fast    FDCE/C   n/a            0.275         2.500       2.225      SLICE_X96Y131  u_fpga_platform/pll_locked_cnt_reg[2]/C
Low Pulse Width   Slow    FDPE/C   n/a            0.275         2.500       2.225      SLICE_X96Y131  u_fpga_platform/pll_locked_cnt_reg[3]/C
Low Pulse Width   Fast    FDPE/C   n/a            0.275         2.500       2.225      SLICE_X96Y131  u_fpga_platform/pll_locked_cnt_reg[3]/C
Low Pulse Width   Slow    FDCE/C   n/a            0.275         2.500       2.225      SLICE_X96Y131  u_fpga_platform/pll_locked_d_reg/C
Low Pulse Width   Fast    FDCE/C   n/a            0.275         2.500       2.225      SLICE_X96Y131  u_fpga_platform/pll_locked_d_reg/C
High Pulse Width  Slow    FDCE/C   n/a            0.275         2.500       2.225      SLICE_X96Y131  u_fpga_platform/pll_locked_cnt_reg[0]/C
High Pulse Width  Fast    FDCE/C   n/a            0.275         2.500       2.225      SLICE_X96Y131  u_fpga_platform/pll_locked_cnt_reg[0]/C
High Pulse Width  Slow    FDPE/C   n/a            0.275         2.500       2.225      SLICE_X96Y131  u_fpga_platform/pll_locked_cnt_reg[1]/C
High Pulse Width  Fast    FDPE/C   n/a            0.275         2.500       2.225      SLICE_X96Y131  u_fpga_platform/pll_locked_cnt_reg[1]/C
High Pulse Width  Slow    FDCE/C   n/a            0.275         2.500       2.225      SLICE_X96Y131  u_fpga_platform/pll_locked_cnt_reg[2]/C
High Pulse Width  Fast    FDCE/C   n/a            0.275         2.500       2.225      SLICE_X96Y131  u_fpga_platform/pll_locked_cnt_reg[2]/C
High Pulse Width  Slow    FDPE/C   n/a            0.275         2.500       2.225      SLICE_X96Y131  u_fpga_platform/pll_locked_cnt_reg[3]/C
High Pulse Width  Fast    FDPE/C   n/a            0.275         2.500       2.225      SLICE_X96Y131  u_fpga_platform/pll_locked_cnt_reg[3]/C
High Pulse Width  Slow    FDCE/C   n/a            0.275         2.500       2.225      SLICE_X96Y131  u_fpga_platform/pll_locked_d_reg/C
High Pulse Width  Fast    FDCE/C   n/a            0.275         2.500       2.225      SLICE_X96Y131  u_fpga_platform/pll_locked_d_reg/C



---------------------------------------------------------------------------------------------------
From Clock:  jtag_tck
  To Clock:  jtag_tck

Setup :            0  Failing Endpoints,  Worst Slack       98.518ns,  Total Violation        0.000ns
Hold  :            0  Failing Endpoints,  Worst Slack        0.045ns,  Total Violation        0.000ns
PW    :            0  Failing Endpoints,  Worst Slack       99.725ns,  Total Violation        0.000ns
---------------------------------------------------------------------------------------------------


Max Delay Paths
--------------------------------------------------------------------------------------
Slack (MET) :             98.518ns  (required time - arrival time)
  Source:                 u_fp_domain/u_CORTEXM3INTEGRATION/u_cortexm3ds_logic/Nrdoz6_reg/C
                            (rising edge-triggered cell FDPE clocked by jtag_tck  {rise@0.000ns fall@100.000ns period=200.000ns})
  Destination:            u_fp_domain/u_CORTEXM3INTEGRATION/u_cortexm3ds_logic/Zry917_reg/D
                            (falling edge-triggered cell FDCE clocked by jtag_tck  {rise@0.000ns fall@100.000ns period=200.000ns})
  Path Group:             jtag_tck
  Path Type:              Setup (Max at Slow Process Corner)
  Requirement:            100.000ns  (jtag_tck fall@100.000ns - jtag_tck rise@0.000ns)
  Data Path Delay:        1.409ns  (logic 0.449ns (31.867%)  route 0.960ns (68.133%))
  Logic Levels:           2  (LUT3=1 LUT6=1)
  Clock Path Skew:        -0.099ns (DCD - SCD + CPR)
    Destination Clock Delay (DCD):    8.451ns = ( 108.451 - 100.000 ) 
    Source Clock Delay      (SCD):    10.161ns
    Clock Pessimism Removal (CPR):    1.611ns
  Clock Uncertainty:      0.035ns  ((TSJ^2 + TIJ^2)^1/2 + DJ) / 2 + PE
    Total System Jitter     (TSJ):    0.071ns
    Total Input Jitter      (TIJ):    0.000ns
    Discrete Jitter          (DJ):    0.000ns
    Phase Error              (PE):    0.000ns
  Clock Net Delay (Source):      3.019ns (routing 1.779ns, distribution 1.240ns)
  Clock Net Delay (Destination): 2.729ns (routing 1.632ns, distribution 1.097ns)

    Location             Delay type                Incr(ns)  Path(ns)    Netlist Resource(s)
  -------------------------------------------------------------------    -------------------
                         (clock jtag_tck rise edge)
                                                      0.000     0.000 r  
    AH12                                              0.000     0.000 r  TCK (IN)
                         net (fo=0)                   0.000     0.000    TCK_IBUF_inst/I
    AH12                 INBUF (Prop_INBUF_HRIO_PAD_O)
                                                      0.927     0.927 r  TCK_IBUF_inst/INBUF_INST/O
                         net (fo=1, routed)           0.092     1.019    TCK_IBUF_inst/OUT
    AH12                 IBUFCTRL (Prop_IBUFCTRL_HRIO_I_O)
                                                      0.043     1.062 r  TCK_IBUF_inst/IBUFCTRL_INST/O
                         net (fo=1, routed)           5.997     7.059    TCK_IBUF
    BUFGCE_X1Y96         BUFGCE (Prop_BUFCE_BUFGCE_I_O)
                                                      0.083     7.142 r  TCK_IBUF_BUFG_inst/O
    X4Y1 (CLOCK_ROOT)    net (fo=327, routed)         3.019    10.161    u_fp_domain/u_CORTEXM3INTEGRATION/u_cortexm3ds_logic/TCK_IBUF_BUFG
    SLICE_X99Y85         FDPE                                         r  u_fp_domain/u_CORTEXM3INTEGRATION/u_cortexm3ds_logic/Nrdoz6_reg/C
  -------------------------------------------------------------------    -------------------
    SLICE_X99Y85         FDPE (Prop_CFF_SLICEL_C_Q)
                                                      0.114    10.275 f  u_fp_domain/u_CORTEXM3INTEGRATION/u_cortexm3ds_logic/Nrdoz6_reg/Q
                         net (fo=23, routed)          0.552    10.827    u_fp_domain/u_CORTEXM3INTEGRATION/u_cortexm3ds_logic/Nrdoz6
    SLICE_X100Y89        LUT6 (Prop_G6LUT_SLICEM_I0_O)
                                                      0.116    10.943 f  u_fp_domain/u_CORTEXM3INTEGRATION/u_cortexm3ds_logic/Zry917_i_2/O
                         net (fo=1, routed)           0.363    11.306    u_fp_domain/u_CORTEXM3INTEGRATION/u_cortexm3ds_logic/Zry917_i_2_n_0
    SLICE_X101Y89        LUT3 (Prop_B5LUT_SLICEM_I0_O)
                                                      0.219    11.525 r  u_fp_domain/u_CORTEXM3INTEGRATION/u_cortexm3ds_logic/Zry917_i_1/O
                         net (fo=1, routed)           0.045    11.570    u_fp_domain/u_CORTEXM3INTEGRATION/u_cortexm3ds_logic/Lt57v6
    SLICE_X101Y89        FDCE                                         r  u_fp_domain/u_CORTEXM3INTEGRATION/u_cortexm3ds_logic/Zry917_reg/D
  -------------------------------------------------------------------    -------------------

                         (clock jtag_tck fall edge)
                                                    100.000   100.000 f  
    AH12                                              0.000   100.000 f  TCK (IN)
                         net (fo=0)                   0.000   100.000    TCK_IBUF_inst/I
    AH12                 INBUF (Prop_INBUF_HRIO_PAD_O)
                                                      0.660   100.660 f  TCK_IBUF_inst/INBUF_INST/O
                         net (fo=1, routed)           0.059   100.719    TCK_IBUF_inst/OUT
    AH12                 IBUFCTRL (Prop_IBUFCTRL_HRIO_I_O)
                                                      0.032   100.751 f  TCK_IBUF_inst/IBUFCTRL_INST/O
                         net (fo=1, routed)           4.896   105.647    TCK_IBUF
    BUFGCE_X1Y96         BUFGCE (Prop_BUFCE_BUFGCE_I_O)
                                                      0.075   105.722 f  TCK_IBUF_BUFG_inst/O
    X4Y1 (CLOCK_ROOT)    net (fo=327, routed)         2.729   108.451    u_fp_domain/u_CORTEXM3INTEGRATION/u_cortexm3ds_logic/C3a7z6
    SLICE_X101Y89        FDCE                                         r  u_fp_domain/u_CORTEXM3INTEGRATION/u_cortexm3ds_logic/Zry917_reg/C  (IS_INVERTED)
                         clock pessimism              1.611   110.061    
                         clock uncertainty           -0.035   110.026    
    SLICE_X101Y89        FDCE (Setup_BFF2_SLICEM_C_D)
                                                      0.062   110.088    u_fp_domain/u_CORTEXM3INTEGRATION/u_cortexm3ds_logic/Zry917_reg
  -------------------------------------------------------------------
                         required time                        110.088    
                         arrival time                         -11.570    
  -------------------------------------------------------------------
                         slack                                 98.518    

Slack (MET) :             98.781ns  (required time - arrival time)
  Source:                 u_fp_domain/u_CORTEXM3INTEGRATION/u_cortexm3ds_logic/Bodoz6_reg/C
                            (rising edge-triggered cell FDPE clocked by jtag_tck  {rise@0.000ns fall@100.000ns period=200.000ns})
  Destination:            u_fp_domain/u_CORTEXM3INTEGRATION/u_cortexm3ds_logic/Zudoz6_reg/D
                            (falling edge-triggered cell FDCE clocked by jtag_tck  {rise@0.000ns fall@100.000ns period=200.000ns})
  Path Group:             jtag_tck
  Path Type:              Setup (Max at Slow Process Corner)
  Requirement:            100.000ns  (jtag_tck fall@100.000ns - jtag_tck rise@0.000ns)
  Data Path Delay:        1.140ns  (logic 0.324ns (28.421%)  route 0.816ns (71.579%))
  Logic Levels:           1  (LUT3=1)
  Clock Path Skew:        -0.103ns (DCD - SCD + CPR)
    Destination Clock Delay (DCD):    8.443ns = ( 108.443 - 100.000 ) 
    Source Clock Delay      (SCD):    10.157ns
    Clock Pessimism Removal (CPR):    1.611ns
  Clock Uncertainty:      0.035ns  ((TSJ^2 + TIJ^2)^1/2 + DJ) / 2 + PE
    Total System Jitter     (TSJ):    0.071ns
    Total Input Jitter      (TIJ):    0.000ns
    Discrete Jitter          (DJ):    0.000ns
    Phase Error              (PE):    0.000ns
  Clock Net Delay (Source):      3.015ns (routing 1.779ns, distribution 1.236ns)
  Clock Net Delay (Destination): 2.721ns (routing 1.632ns, distribution 1.089ns)

    Location             Delay type                Incr(ns)  Path(ns)    Netlist Resource(s)
  -------------------------------------------------------------------    -------------------
                         (clock jtag_tck rise edge)
                                                      0.000     0.000 r  
    AH12                                              0.000     0.000 r  TCK (IN)
                         net (fo=0)                   0.000     0.000    TCK_IBUF_inst/I
    AH12                 INBUF (Prop_INBUF_HRIO_PAD_O)
                                                      0.927     0.927 r  TCK_IBUF_inst/INBUF_INST/O
                         net (fo=1, routed)           0.092     1.019    TCK_IBUF_inst/OUT
    AH12                 IBUFCTRL (Prop_IBUFCTRL_HRIO_I_O)
                                                      0.043     1.062 r  TCK_IBUF_inst/IBUFCTRL_INST/O
                         net (fo=1, routed)           5.997     7.059    TCK_IBUF
    BUFGCE_X1Y96         BUFGCE (Prop_BUFCE_BUFGCE_I_O)
                                                      0.083     7.142 r  TCK_IBUF_BUFG_inst/O
    X4Y1 (CLOCK_ROOT)    net (fo=327, routed)         3.015    10.157    u_fp_domain/u_CORTEXM3INTEGRATION/u_cortexm3ds_logic/TCK_IBUF_BUFG
    SLICE_X99Y84         FDPE                                         r  u_fp_domain/u_CORTEXM3INTEGRATION/u_cortexm3ds_logic/Bodoz6_reg/C
  -------------------------------------------------------------------    -------------------
    SLICE_X99Y84         FDPE (Prop_EFF_SLICEL_C_Q)
                                                      0.114    10.271 f  u_fp_domain/u_CORTEXM3INTEGRATION/u_cortexm3ds_logic/Bodoz6_reg/Q
                         net (fo=21, routed)          0.256    10.527    u_fp_domain/u_CORTEXM3INTEGRATION/u_cortexm3ds_logic/Bodoz6
    SLICE_X100Y85        LUT3 (Prop_D5LUT_SLICEM_I2_O)
                                                      0.210    10.737 r  u_fp_domain/u_CORTEXM3INTEGRATION/u_cortexm3ds_logic/Zudoz6_i_1/O
                         net (fo=1, routed)           0.560    11.297    u_fp_domain/u_CORTEXM3INTEGRATION/u_cortexm3ds_logic/p_3776_in
    SLICE_X100Y84        FDCE                                         r  u_fp_domain/u_CORTEXM3INTEGRATION/u_cortexm3ds_logic/Zudoz6_reg/D
  -------------------------------------------------------------------    -------------------

                         (clock jtag_tck fall edge)
                                                    100.000   100.000 f  
    AH12                                              0.000   100.000 f  TCK (IN)
                         net (fo=0)                   0.000   100.000    TCK_IBUF_inst/I
    AH12                 INBUF (Prop_INBUF_HRIO_PAD_O)
                                                      0.660   100.660 f  TCK_IBUF_inst/INBUF_INST/O
                         net (fo=1, routed)           0.059   100.719    TCK_IBUF_inst/OUT
    AH12                 IBUFCTRL (Prop_IBUFCTRL_HRIO_I_O)
                                                      0.032   100.751 f  TCK_IBUF_inst/IBUFCTRL_INST/O
                         net (fo=1, routed)           4.896   105.647    TCK_IBUF
    BUFGCE_X1Y96         BUFGCE (Prop_BUFCE_BUFGCE_I_O)
                                                      0.075   105.722 f  TCK_IBUF_BUFG_inst/O
    X4Y1 (CLOCK_ROOT)    net (fo=327, routed)         2.721   108.443    u_fp_domain/u_CORTEXM3INTEGRATION/u_cortexm3ds_logic/C3a7z6
    SLICE_X100Y84        FDCE                                         r  u_fp_domain/u_CORTEXM3INTEGRATION/u_cortexm3ds_logic/Zudoz6_reg/C  (IS_INVERTED)
                         clock pessimism              1.611   110.054    
                         clock uncertainty           -0.035   110.018    
    SLICE_X100Y84        FDCE (Setup_EFF_SLICEM_C_D)
                                                      0.060   110.078    u_fp_domain/u_CORTEXM3INTEGRATION/u_cortexm3ds_logic/Zudoz6_reg
  -------------------------------------------------------------------
                         required time                        110.078    
                         arrival time                         -11.297    
  -------------------------------------------------------------------
                         slack                                 98.781    

Slack (MET) :             194.608ns  (required time - arrival time)
  Source:                 u_fp_domain/u_CORTEXM3INTEGRATION/u_cortexm3ds_logic/H9doz6_reg/C
                            (rising edge-triggered cell FDCE clocked by jtag_tck  {rise@0.000ns fall@100.000ns period=200.000ns})
  Destination:            u_fp_domain/u_CORTEXM3INTEGRATION/u_cortexm3ds_logic/B6czz6_reg/D
                            (rising edge-triggered cell FDCE clocked by jtag_tck  {rise@0.000ns fall@100.000ns period=200.000ns})
  Path Group:             jtag_tck
  Path Type:              Setup (Max at Slow Process Corner)
  Requirement:            200.000ns  (jtag_tck rise@200.000ns - jtag_tck rise@0.000ns)
  Data Path Delay:        5.281ns  (logic 1.351ns (25.582%)  route 3.930ns (74.418%))
  Logic Levels:           10  (LUT2=1 LUT4=2 LUT5=2 LUT6=5)
  Clock Path Skew:        -0.135ns (DCD - SCD + CPR)
    Destination Clock Delay (DCD):    8.442ns = ( 208.442 - 200.000 ) 
    Source Clock Delay      (SCD):    10.187ns
    Clock Pessimism Removal (CPR):    1.610ns
  Clock Uncertainty:      0.035ns  ((TSJ^2 + TIJ^2)^1/2 + DJ) / 2 + PE
    Total System Jitter     (TSJ):    0.071ns
    Total Input Jitter      (TIJ):    0.000ns
    Discrete Jitter          (DJ):    0.000ns
    Phase Error              (PE):    0.000ns
  Clock Net Delay (Source):      3.045ns (routing 1.779ns, distribution 1.266ns)
  Clock Net Delay (Destination): 2.720ns (routing 1.632ns, distribution 1.088ns)

    Location             Delay type                Incr(ns)  Path(ns)    Netlist Resource(s)
  -------------------------------------------------------------------    -------------------
                         (clock jtag_tck rise edge)
                                                      0.000     0.000 r  
    AH12                                              0.000     0.000 r  TCK (IN)
                         net (fo=0)                   0.000     0.000    TCK_IBUF_inst/I
    AH12                 INBUF (Prop_INBUF_HRIO_PAD_O)
                                                      0.927     0.927 r  TCK_IBUF_inst/INBUF_INST/O
                         net (fo=1, routed)           0.092     1.019    TCK_IBUF_inst/OUT
    AH12                 IBUFCTRL (Prop_IBUFCTRL_HRIO_I_O)
                                                      0.043     1.062 r  TCK_IBUF_inst/IBUFCTRL_INST/O
                         net (fo=1, routed)           5.997     7.059    TCK_IBUF
    BUFGCE_X1Y96         BUFGCE (Prop_BUFCE_BUFGCE_I_O)
                                                      0.083     7.142 r  TCK_IBUF_BUFG_inst/O
    X4Y1 (CLOCK_ROOT)    net (fo=327, routed)         3.045    10.187    u_fp_domain/u_CORTEXM3INTEGRATION/u_cortexm3ds_logic/TCK_IBUF_BUFG
    SLICE_X103Y83        FDCE                                         r  u_fp_domain/u_CORTEXM3INTEGRATION/u_cortexm3ds_logic/H9doz6_reg/C
  -------------------------------------------------------------------    -------------------
    SLICE_X103Y83        FDCE (Prop_CFF_SLICEM_C_Q)
                                                      0.114    10.301 r  u_fp_domain/u_CORTEXM3INTEGRATION/u_cortexm3ds_logic/H9doz6_reg/Q
                         net (fo=6, routed)           0.347    10.648    u_fp_domain/u_CORTEXM3INTEGRATION/u_cortexm3ds_logic/H9doz6
    SLICE_X103Y83        LUT5 (Prop_F6LUT_SLICEM_I3_O)
                                                      0.192    10.840 f  u_fp_domain/u_CORTEXM3INTEGRATION/u_cortexm3ds_logic/K2roz6_i_2/O
                         net (fo=34, routed)          0.320    11.160    u_fp_domain/u_CORTEXM3INTEGRATION/u_cortexm3ds_logic/Uia7z6
    SLICE_X101Y81        LUT2 (Prop_D5LUT_SLICEM_I0_O)
                                                      0.136    11.296 r  u_fp_domain/u_CORTEXM3INTEGRATION/u_cortexm3ds_logic/Y3roz6_i_3/O
                         net (fo=11, routed)          0.574    11.870    u_fp_domain/u_CORTEXM3INTEGRATION/u_cortexm3ds_logic/Y3roz6_i_3_n_0
    SLICE_X101Y83        LUT6 (Prop_B6LUT_SLICEM_I5_O)
                                                      0.119    11.989 f  u_fp_domain/u_CORTEXM3INTEGRATION/u_cortexm3ds_logic/Yrooz6_i_3/O
                         net (fo=5, routed)           0.444    12.433    u_fp_domain/u_CORTEXM3INTEGRATION/u_cortexm3ds_logic/Yrooz6_i_3_n_0
    SLICE_X102Y86        LUT6 (Prop_G6LUT_SLICEL_I5_O)
                                                      0.116    12.549 f  u_fp_domain/u_CORTEXM3INTEGRATION/u_cortexm3ds_logic/Uchoz6_i_2/O
                         net (fo=2, routed)           0.413    12.962    u_fp_domain/u_CORTEXM3INTEGRATION/u_cortexm3ds_logic/Uchoz6_i_2_n_0
    SLICE_X101Y86        LUT5 (Prop_D6LUT_SLICEM_I4_O)
                                                      0.118    13.080 r  u_fp_domain/u_CORTEXM3INTEGRATION/u_cortexm3ds_logic/Nbeoz6_i_7/O
                         net (fo=1, routed)           0.067    13.147    u_fp_domain/u_CORTEXM3INTEGRATION/u_cortexm3ds_logic/Nbeoz6_i_7_n_0
    SLICE_X101Y86        LUT4 (Prop_E6LUT_SLICEM_I3_O)
                                                      0.040    13.187 f  u_fp_domain/u_CORTEXM3INTEGRATION/u_cortexm3ds_logic/Nbeoz6_i_2/O
                         net (fo=3, routed)           0.291    13.478    u_fp_domain/u_CORTEXM3INTEGRATION/u_cortexm3ds_logic/Nbeoz6_i_2_n_0
    SLICE_X102Y84        LUT6 (Prop_H6LUT_SLICEL_I0_O)
                                                      0.172    13.650 r  u_fp_domain/u_CORTEXM3INTEGRATION/u_cortexm3ds_logic/Uw1g07_i_3/O
                         net (fo=2, routed)           0.145    13.795    u_fp_domain/u_CORTEXM3INTEGRATION/u_cortexm3ds_logic/Uw1g07_i_3_n_0
    SLICE_X102Y85        LUT6 (Prop_H6LUT_SLICEL_I0_O)
                                                      0.040    13.835 f  u_fp_domain/u_CORTEXM3INTEGRATION/u_cortexm3ds_logic/Imhoz6_i_2/O
                         net (fo=4, routed)           0.129    13.964    u_fp_domain/u_CORTEXM3INTEGRATION/u_cortexm3ds_logic/Imhoz6_i_2_n_0
    SLICE_X102Y85        LUT4 (Prop_B6LUT_SLICEL_I2_O)
                                                      0.116    14.080 r  u_fp_domain/u_CORTEXM3INTEGRATION/u_cortexm3ds_logic/Imhoz6_i_1/O
                         net (fo=22, routed)          1.173    15.253    u_fp_domain/u_CORTEXM3INTEGRATION/u_cortexm3ds_logic/Imhoz6_i_1_n_0
    SLICE_X99Y96         LUT6 (Prop_D6LUT_SLICEL_I2_O)
                                                      0.188    15.441 r  u_fp_domain/u_CORTEXM3INTEGRATION/u_cortexm3ds_logic/B6czz6_i_1/O
                         net (fo=1, routed)           0.027    15.468    u_fp_domain/u_CORTEXM3INTEGRATION/u_cortexm3ds_logic/Lrg8v6
    SLICE_X99Y96         FDCE                                         r  u_fp_domain/u_CORTEXM3INTEGRATION/u_cortexm3ds_logic/B6czz6_reg/D
  -------------------------------------------------------------------    -------------------

                         (clock jtag_tck rise edge)
                                                    200.000   200.000 r  
    AH12                                              0.000   200.000 r  TCK (IN)
                         net (fo=0)                   0.000   200.000    TCK_IBUF_inst/I
    AH12                 INBUF (Prop_INBUF_HRIO_PAD_O)
                                                      0.660   200.660 r  TCK_IBUF_inst/INBUF_INST/O
                         net (fo=1, routed)           0.059   200.719    TCK_IBUF_inst/OUT
    AH12                 IBUFCTRL (Prop_IBUFCTRL_HRIO_I_O)
                                                      0.032   200.751 r  TCK_IBUF_inst/IBUFCTRL_INST/O
                         net (fo=1, routed)           4.896   205.647    TCK_IBUF
    BUFGCE_X1Y96         BUFGCE (Prop_BUFCE_BUFGCE_I_O)
                                                      0.075   205.722 r  TCK_IBUF_BUFG_inst/O
    X4Y1 (CLOCK_ROOT)    net (fo=327, routed)         2.720   208.442    u_fp_domain/u_CORTEXM3INTEGRATION/u_cortexm3ds_logic/TCK_IBUF_BUFG
    SLICE_X99Y96         FDCE                                         r  u_fp_domain/u_CORTEXM3INTEGRATION/u_cortexm3ds_logic/B6czz6_reg/C
                         clock pessimism              1.610   210.052    
                         clock uncertainty           -0.035   210.017    
    SLICE_X99Y96         FDCE (Setup_DFF_SLICEL_C_D)
                                                      0.059   210.076    u_fp_domain/u_CORTEXM3INTEGRATION/u_cortexm3ds_logic/B6czz6_reg
  -------------------------------------------------------------------
                         required time                        210.076    
                         arrival time                         -15.468    
  -------------------------------------------------------------------
                         slack                                194.608    

Slack (MET) :             194.614ns  (required time - arrival time)
  Source:                 u_fp_domain/u_CORTEXM3INTEGRATION/u_cortexm3ds_logic/H9doz6_reg/C
                            (rising edge-triggered cell FDCE clocked by jtag_tck  {rise@0.000ns fall@100.000ns period=200.000ns})
  Destination:            u_fp_domain/u_CORTEXM3INTEGRATION/u_cortexm3ds_logic/X7dzz6_reg/D
                            (rising edge-triggered cell FDCE clocked by jtag_tck  {rise@0.000ns fall@100.000ns period=200.000ns})
  Path Group:             jtag_tck
  Path Type:              Setup (Max at Slow Process Corner)
  Requirement:            200.000ns  (jtag_tck rise@200.000ns - jtag_tck rise@0.000ns)
  Data Path Delay:        5.266ns  (logic 1.354ns (25.712%)  route 3.912ns (74.288%))
  Logic Levels:           10  (LUT2=1 LUT4=2 LUT5=2 LUT6=5)
  Clock Path Skew:        -0.144ns (DCD - SCD + CPR)
    Destination Clock Delay (DCD):    8.432ns = ( 208.432 - 200.000 ) 
    Source Clock Delay      (SCD):    10.187ns
    Clock Pessimism Removal (CPR):    1.610ns
  Clock Uncertainty:      0.035ns  ((TSJ^2 + TIJ^2)^1/2 + DJ) / 2 + PE
    Total System Jitter     (TSJ):    0.071ns
    Total Input Jitter      (TIJ):    0.000ns
    Discrete Jitter          (DJ):    0.000ns
    Phase Error              (PE):    0.000ns
  Clock Net Delay (Source):      3.045ns (routing 1.779ns, distribution 1.266ns)
  Clock Net Delay (Destination): 2.710ns (routing 1.632ns, distribution 1.078ns)

    Location             Delay type                Incr(ns)  Path(ns)    Netlist Resource(s)
  -------------------------------------------------------------------    -------------------
                         (clock jtag_tck rise edge)
                                                      0.000     0.000 r  
    AH12                                              0.000     0.000 r  TCK (IN)
                         net (fo=0)                   0.000     0.000    TCK_IBUF_inst/I
    AH12                 INBUF (Prop_INBUF_HRIO_PAD_O)
                                                      0.927     0.927 r  TCK_IBUF_inst/INBUF_INST/O
                         net (fo=1, routed)           0.092     1.019    TCK_IBUF_inst/OUT
    AH12                 IBUFCTRL (Prop_IBUFCTRL_HRIO_I_O)
                                                      0.043     1.062 r  TCK_IBUF_inst/IBUFCTRL_INST/O
                         net (fo=1, routed)           5.997     7.059    TCK_IBUF
    BUFGCE_X1Y96         BUFGCE (Prop_BUFCE_BUFGCE_I_O)
                                                      0.083     7.142 r  TCK_IBUF_BUFG_inst/O
    X4Y1 (CLOCK_ROOT)    net (fo=327, routed)         3.045    10.187    u_fp_domain/u_CORTEXM3INTEGRATION/u_cortexm3ds_logic/TCK_IBUF_BUFG
    SLICE_X103Y83        FDCE                                         r  u_fp_domain/u_CORTEXM3INTEGRATION/u_cortexm3ds_logic/H9doz6_reg/C
  -------------------------------------------------------------------    -------------------
    SLICE_X103Y83        FDCE (Prop_CFF_SLICEM_C_Q)
                                                      0.114    10.301 r  u_fp_domain/u_CORTEXM3INTEGRATION/u_cortexm3ds_logic/H9doz6_reg/Q
                         net (fo=6, routed)           0.347    10.648    u_fp_domain/u_CORTEXM3INTEGRATION/u_cortexm3ds_logic/H9doz6
    SLICE_X103Y83        LUT5 (Prop_F6LUT_SLICEM_I3_O)
                                                      0.192    10.840 f  u_fp_domain/u_CORTEXM3INTEGRATION/u_cortexm3ds_logic/K2roz6_i_2/O
                         net (fo=34, routed)          0.320    11.160    u_fp_domain/u_CORTEXM3INTEGRATION/u_cortexm3ds_logic/Uia7z6
    SLICE_X101Y81        LUT2 (Prop_D5LUT_SLICEM_I0_O)
                                                      0.136    11.296 r  u_fp_domain/u_CORTEXM3INTEGRATION/u_cortexm3ds_logic/Y3roz6_i_3/O
                         net (fo=11, routed)          0.574    11.870    u_fp_domain/u_CORTEXM3INTEGRATION/u_cortexm3ds_logic/Y3roz6_i_3_n_0
    SLICE_X101Y83        LUT6 (Prop_B6LUT_SLICEM_I5_O)
                                                      0.119    11.989 f  u_fp_domain/u_CORTEXM3INTEGRATION/u_cortexm3ds_logic/Yrooz6_i_3/O
                         net (fo=5, routed)           0.444    12.433    u_fp_domain/u_CORTEXM3INTEGRATION/u_cortexm3ds_logic/Yrooz6_i_3_n_0
    SLICE_X102Y86        LUT6 (Prop_G6LUT_SLICEL_I5_O)
                                                      0.116    12.549 f  u_fp_domain/u_CORTEXM3INTEGRATION/u_cortexm3ds_logic/Uchoz6_i_2/O
                         net (fo=2, routed)           0.413    12.962    u_fp_domain/u_CORTEXM3INTEGRATION/u_cortexm3ds_logic/Uchoz6_i_2_n_0
    SLICE_X101Y86        LUT5 (Prop_D6LUT_SLICEM_I4_O)
                                                      0.118    13.080 r  u_fp_domain/u_CORTEXM3INTEGRATION/u_cortexm3ds_logic/Nbeoz6_i_7/O
                         net (fo=1, routed)           0.067    13.147    u_fp_domain/u_CORTEXM3INTEGRATION/u_cortexm3ds_logic/Nbeoz6_i_7_n_0
    SLICE_X101Y86        LUT4 (Prop_E6LUT_SLICEM_I3_O)
                                                      0.040    13.187 f  u_fp_domain/u_CORTEXM3INTEGRATION/u_cortexm3ds_logic/Nbeoz6_i_2/O
                         net (fo=3, routed)           0.291    13.478    u_fp_domain/u_CORTEXM3INTEGRATION/u_cortexm3ds_logic/Nbeoz6_i_2_n_0
    SLICE_X102Y84        LUT6 (Prop_H6LUT_SLICEL_I0_O)
                                                      0.172    13.650 r  u_fp_domain/u_CORTEXM3INTEGRATION/u_cortexm3ds_logic/Uw1g07_i_3/O
                         net (fo=2, routed)           0.145    13.795    u_fp_domain/u_CORTEXM3INTEGRATION/u_cortexm3ds_logic/Uw1g07_i_3_n_0
    SLICE_X102Y85        LUT6 (Prop_H6LUT_SLICEL_I0_O)
                                                      0.040    13.835 f  u_fp_domain/u_CORTEXM3INTEGRATION/u_cortexm3ds_logic/Imhoz6_i_2/O
                         net (fo=4, routed)           0.129    13.964    u_fp_domain/u_CORTEXM3INTEGRATION/u_cortexm3ds_logic/Imhoz6_i_2_n_0
    SLICE_X102Y85        LUT4 (Prop_B6LUT_SLICEL_I2_O)
                                                      0.116    14.080 r  u_fp_domain/u_CORTEXM3INTEGRATION/u_cortexm3ds_logic/Imhoz6_i_1/O
                         net (fo=22, routed)          1.160    15.240    u_fp_domain/u_CORTEXM3INTEGRATION/u_cortexm3ds_logic/Imhoz6_i_1_n_0
    SLICE_X100Y94        LUT6 (Prop_E6LUT_SLICEM_I2_O)
                                                      0.191    15.431 r  u_fp_domain/u_CORTEXM3INTEGRATION/u_cortexm3ds_logic/X7dzz6_i_1/O
                         net (fo=1, routed)           0.022    15.453    u_fp_domain/u_CORTEXM3INTEGRATION/u_cortexm3ds_logic/Zrg8v6
    SLICE_X100Y94        FDCE                                         r  u_fp_domain/u_CORTEXM3INTEGRATION/u_cortexm3ds_logic/X7dzz6_reg/D
  -------------------------------------------------------------------    -------------------

                         (clock jtag_tck rise edge)
                                                    200.000   200.000 r  
    AH12                                              0.000   200.000 r  TCK (IN)
                         net (fo=0)                   0.000   200.000    TCK_IBUF_inst/I
    AH12                 INBUF (Prop_INBUF_HRIO_PAD_O)
                                                      0.660   200.660 r  TCK_IBUF_inst/INBUF_INST/O
                         net (fo=1, routed)           0.059   200.719    TCK_IBUF_inst/OUT
    AH12                 IBUFCTRL (Prop_IBUFCTRL_HRIO_I_O)
                                                      0.032   200.751 r  TCK_IBUF_inst/IBUFCTRL_INST/O
                         net (fo=1, routed)           4.896   205.647    TCK_IBUF
    BUFGCE_X1Y96         BUFGCE (Prop_BUFCE_BUFGCE_I_O)
                                                      0.075   205.722 r  TCK_IBUF_BUFG_inst/O
    X4Y1 (CLOCK_ROOT)    net (fo=327, routed)         2.710   208.432    u_fp_domain/u_CORTEXM3INTEGRATION/u_cortexm3ds_logic/TCK_IBUF_BUFG
    SLICE_X100Y94        FDCE                                         r  u_fp_domain/u_CORTEXM3INTEGRATION/u_cortexm3ds_logic/X7dzz6_reg/C
                         clock pessimism              1.610   210.042    
                         clock uncertainty           -0.035   210.007    
    SLICE_X100Y94        FDCE (Setup_EFF_SLICEM_C_D)
                                                      0.060   210.067    u_fp_domain/u_CORTEXM3INTEGRATION/u_cortexm3ds_logic/X7dzz6_reg
  -------------------------------------------------------------------
                         required time                        210.067    
                         arrival time                         -15.453    
  -------------------------------------------------------------------
                         slack                                194.614    

Slack (MET) :             194.619ns  (required time - arrival time)
  Source:                 u_fp_domain/u_CORTEXM3INTEGRATION/u_cortexm3ds_logic/H9doz6_reg/C
                            (rising edge-triggered cell FDCE clocked by jtag_tck  {rise@0.000ns fall@100.000ns period=200.000ns})
  Destination:            u_fp_domain/u_CORTEXM3INTEGRATION/u_cortexm3ds_logic/Toezz6_reg/D
                            (rising edge-triggered cell FDCE clocked by jtag_tck  {rise@0.000ns fall@100.000ns period=200.000ns})
  Path Group:             jtag_tck
  Path Type:              Setup (Max at Slow Process Corner)
  Requirement:            200.000ns  (jtag_tck rise@200.000ns - jtag_tck rise@0.000ns)
  Data Path Delay:        5.256ns  (logic 1.278ns (24.315%)  route 3.978ns (75.685%))
  Logic Levels:           10  (LUT2=1 LUT4=2 LUT5=2 LUT6=5)
  Clock Path Skew:        -0.148ns (DCD - SCD + CPR)
    Destination Clock Delay (DCD):    8.428ns = ( 208.428 - 200.000 ) 
    Source Clock Delay      (SCD):    10.187ns
    Clock Pessimism Removal (CPR):    1.611ns
  Clock Uncertainty:      0.035ns  ((TSJ^2 + TIJ^2)^1/2 + DJ) / 2 + PE
    Total System Jitter     (TSJ):    0.071ns
    Total Input Jitter      (TIJ):    0.000ns
    Discrete Jitter          (DJ):    0.000ns
    Phase Error              (PE):    0.000ns
  Clock Net Delay (Source):      3.045ns (routing 1.779ns, distribution 1.266ns)
  Clock Net Delay (Destination): 2.706ns (routing 1.632ns, distribution 1.074ns)

    Location             Delay type                Incr(ns)  Path(ns)    Netlist Resource(s)
  -------------------------------------------------------------------    -------------------
                         (clock jtag_tck rise edge)
                                                      0.000     0.000 r  
    AH12                                              0.000     0.000 r  TCK (IN)
                         net (fo=0)                   0.000     0.000    TCK_IBUF_inst/I
    AH12                 INBUF (Prop_INBUF_HRIO_PAD_O)
                                                      0.927     0.927 r  TCK_IBUF_inst/INBUF_INST/O
                         net (fo=1, routed)           0.092     1.019    TCK_IBUF_inst/OUT
    AH12                 IBUFCTRL (Prop_IBUFCTRL_HRIO_I_O)
                                                      0.043     1.062 r  TCK_IBUF_inst/IBUFCTRL_INST/O
                         net (fo=1, routed)           5.997     7.059    TCK_IBUF
    BUFGCE_X1Y96         BUFGCE (Prop_BUFCE_BUFGCE_I_O)
                                                      0.083     7.142 r  TCK_IBUF_BUFG_inst/O
    X4Y1 (CLOCK_ROOT)    net (fo=327, routed)         3.045    10.187    u_fp_domain/u_CORTEXM3INTEGRATION/u_cortexm3ds_logic/TCK_IBUF_BUFG
    SLICE_X103Y83        FDCE                                         r  u_fp_domain/u_CORTEXM3INTEGRATION/u_cortexm3ds_logic/H9doz6_reg/C
  -------------------------------------------------------------------    -------------------
    SLICE_X103Y83        FDCE (Prop_CFF_SLICEM_C_Q)
                                                      0.114    10.301 r  u_fp_domain/u_CORTEXM3INTEGRATION/u_cortexm3ds_logic/H9doz6_reg/Q
                         net (fo=6, routed)           0.347    10.648    u_fp_domain/u_CORTEXM3INTEGRATION/u_cortexm3ds_logic/H9doz6
    SLICE_X103Y83        LUT5 (Prop_F6LUT_SLICEM_I3_O)
                                                      0.192    10.840 f  u_fp_domain/u_CORTEXM3INTEGRATION/u_cortexm3ds_logic/K2roz6_i_2/O
                         net (fo=34, routed)          0.320    11.160    u_fp_domain/u_CORTEXM3INTEGRATION/u_cortexm3ds_logic/Uia7z6
    SLICE_X101Y81        LUT2 (Prop_D5LUT_SLICEM_I0_O)
                                                      0.136    11.296 r  u_fp_domain/u_CORTEXM3INTEGRATION/u_cortexm3ds_logic/Y3roz6_i_3/O
                         net (fo=11, routed)          0.574    11.870    u_fp_domain/u_CORTEXM3INTEGRATION/u_cortexm3ds_logic/Y3roz6_i_3_n_0
    SLICE_X101Y83        LUT6 (Prop_B6LUT_SLICEM_I5_O)
                                                      0.119    11.989 f  u_fp_domain/u_CORTEXM3INTEGRATION/u_cortexm3ds_logic/Yrooz6_i_3/O
                         net (fo=5, routed)           0.444    12.433    u_fp_domain/u_CORTEXM3INTEGRATION/u_cortexm3ds_logic/Yrooz6_i_3_n_0
    SLICE_X102Y86        LUT6 (Prop_G6LUT_SLICEL_I5_O)
                                                      0.116    12.549 f  u_fp_domain/u_CORTEXM3INTEGRATION/u_cortexm3ds_logic/Uchoz6_i_2/O
                         net (fo=2, routed)           0.413    12.962    u_fp_domain/u_CORTEXM3INTEGRATION/u_cortexm3ds_logic/Uchoz6_i_2_n_0
    SLICE_X101Y86        LUT5 (Prop_D6LUT_SLICEM_I4_O)
                                                      0.118    13.080 r  u_fp_domain/u_CORTEXM3INTEGRATION/u_cortexm3ds_logic/Nbeoz6_i_7/O
                         net (fo=1, routed)           0.067    13.147    u_fp_domain/u_CORTEXM3INTEGRATION/u_cortexm3ds_logic/Nbeoz6_i_7_n_0
    SLICE_X101Y86        LUT4 (Prop_E6LUT_SLICEM_I3_O)
                                                      0.040    13.187 f  u_fp_domain/u_CORTEXM3INTEGRATION/u_cortexm3ds_logic/Nbeoz6_i_2/O
                         net (fo=3, routed)           0.291    13.478    u_fp_domain/u_CORTEXM3INTEGRATION/u_cortexm3ds_logic/Nbeoz6_i_2_n_0
    SLICE_X102Y84        LUT6 (Prop_H6LUT_SLICEL_I0_O)
                                                      0.172    13.650 r  u_fp_domain/u_CORTEXM3INTEGRATION/u_cortexm3ds_logic/Uw1g07_i_3/O
                         net (fo=2, routed)           0.145    13.795    u_fp_domain/u_CORTEXM3INTEGRATION/u_cortexm3ds_logic/Uw1g07_i_3_n_0
    SLICE_X102Y85        LUT6 (Prop_H6LUT_SLICEL_I0_O)
                                                      0.040    13.835 f  u_fp_domain/u_CORTEXM3INTEGRATION/u_cortexm3ds_logic/Imhoz6_i_2/O
                         net (fo=4, routed)           0.129    13.964    u_fp_domain/u_CORTEXM3INTEGRATION/u_cortexm3ds_logic/Imhoz6_i_2_n_0
    SLICE_X102Y85        LUT4 (Prop_B6LUT_SLICEL_I2_O)
                                                      0.116    14.080 r  u_fp_domain/u_CORTEXM3INTEGRATION/u_cortexm3ds_logic/Imhoz6_i_1/O
                         net (fo=22, routed)          1.218    15.298    u_fp_domain/u_CORTEXM3INTEGRATION/u_cortexm3ds_logic/Imhoz6_i_1_n_0
    SLICE_X100Y91        LUT6 (Prop_C6LUT_SLICEM_I2_O)
                                                      0.115    15.413 r  u_fp_domain/u_CORTEXM3INTEGRATION/u_cortexm3ds_logic/Toezz6_i_1/O
                         net (fo=1, routed)           0.030    15.443    u_fp_domain/u_CORTEXM3INTEGRATION/u_cortexm3ds_logic/Usg8v6
    SLICE_X100Y91        FDCE                                         r  u_fp_domain/u_CORTEXM3INTEGRATION/u_cortexm3ds_logic/Toezz6_reg/D
  -------------------------------------------------------------------    -------------------

                         (clock jtag_tck rise edge)
                                                    200.000   200.000 r  
    AH12                                              0.000   200.000 r  TCK (IN)
                         net (fo=0)                   0.000   200.000    TCK_IBUF_inst/I
    AH12                 INBUF (Prop_INBUF_HRIO_PAD_O)
                                                      0.660   200.660 r  TCK_IBUF_inst/INBUF_INST/O
                         net (fo=1, routed)           0.059   200.719    TCK_IBUF_inst/OUT
    AH12                 IBUFCTRL (Prop_IBUFCTRL_HRIO_I_O)
                                                      0.032   200.751 r  TCK_IBUF_inst/IBUFCTRL_INST/O
                         net (fo=1, routed)           4.896   205.647    TCK_IBUF
    BUFGCE_X1Y96         BUFGCE (Prop_BUFCE_BUFGCE_I_O)
                                                      0.075   205.722 r  TCK_IBUF_BUFG_inst/O
    X4Y1 (CLOCK_ROOT)    net (fo=327, routed)         2.706   208.428    u_fp_domain/u_CORTEXM3INTEGRATION/u_cortexm3ds_logic/TCK_IBUF_BUFG
    SLICE_X100Y91        FDCE                                         r  u_fp_domain/u_CORTEXM3INTEGRATION/u_cortexm3ds_logic/Toezz6_reg/C
                         clock pessimism              1.611   210.038    
                         clock uncertainty           -0.035   210.003    
    SLICE_X100Y91        FDCE (Setup_CFF_SLICEM_C_D)
                                                      0.059   210.062    u_fp_domain/u_CORTEXM3INTEGRATION/u_cortexm3ds_logic/Toezz6_reg
  -------------------------------------------------------------------
                         required time                        210.062    
                         arrival time                         -15.443    
  -------------------------------------------------------------------
                         slack                                194.619    

Slack (MET) :             194.621ns  (required time - arrival time)
  Source:                 u_fp_domain/u_CORTEXM3INTEGRATION/u_cortexm3ds_logic/H9doz6_reg/C
                            (rising edge-triggered cell FDCE clocked by jtag_tck  {rise@0.000ns fall@100.000ns period=200.000ns})
  Destination:            u_fp_domain/u_CORTEXM3INTEGRATION/u_cortexm3ds_logic/Fjbzz6_reg/D
                            (rising edge-triggered cell FDCE clocked by jtag_tck  {rise@0.000ns fall@100.000ns period=200.000ns})
  Path Group:             jtag_tck
  Path Type:              Setup (Max at Slow Process Corner)
  Requirement:            200.000ns  (jtag_tck rise@200.000ns - jtag_tck rise@0.000ns)
  Data Path Delay:        5.267ns  (logic 1.351ns (25.650%)  route 3.916ns (74.350%))
  Logic Levels:           10  (LUT2=1 LUT4=2 LUT5=2 LUT6=5)
  Clock Path Skew:        -0.137ns (DCD - SCD + CPR)
    Destination Clock Delay (DCD):    8.440ns = ( 208.440 - 200.000 ) 
    Source Clock Delay      (SCD):    10.187ns
    Clock Pessimism Removal (CPR):    1.610ns
  Clock Uncertainty:      0.035ns  ((TSJ^2 + TIJ^2)^1/2 + DJ) / 2 + PE
    Total System Jitter     (TSJ):    0.071ns
    Total Input Jitter      (TIJ):    0.000ns
    Discrete Jitter          (DJ):    0.000ns
    Phase Error              (PE):    0.000ns
  Clock Net Delay (Source):      3.045ns (routing 1.779ns, distribution 1.266ns)
  Clock Net Delay (Destination): 2.718ns (routing 1.632ns, distribution 1.086ns)

    Location             Delay type                Incr(ns)  Path(ns)    Netlist Resource(s)
  -------------------------------------------------------------------    -------------------
                         (clock jtag_tck rise edge)
                                                      0.000     0.000 r  
    AH12                                              0.000     0.000 r  TCK (IN)
                         net (fo=0)                   0.000     0.000    TCK_IBUF_inst/I
    AH12                 INBUF (Prop_INBUF_HRIO_PAD_O)
                                                      0.927     0.927 r  TCK_IBUF_inst/INBUF_INST/O
                         net (fo=1, routed)           0.092     1.019    TCK_IBUF_inst/OUT
    AH12                 IBUFCTRL (Prop_IBUFCTRL_HRIO_I_O)
                                                      0.043     1.062 r  TCK_IBUF_inst/IBUFCTRL_INST/O
                         net (fo=1, routed)           5.997     7.059    TCK_IBUF
    BUFGCE_X1Y96         BUFGCE (Prop_BUFCE_BUFGCE_I_O)
                                                      0.083     7.142 r  TCK_IBUF_BUFG_inst/O
    X4Y1 (CLOCK_ROOT)    net (fo=327, routed)         3.045    10.187    u_fp_domain/u_CORTEXM3INTEGRATION/u_cortexm3ds_logic/TCK_IBUF_BUFG
    SLICE_X103Y83        FDCE                                         r  u_fp_domain/u_CORTEXM3INTEGRATION/u_cortexm3ds_logic/H9doz6_reg/C
  -------------------------------------------------------------------    -------------------
    SLICE_X103Y83        FDCE (Prop_CFF_SLICEM_C_Q)
                                                      0.114    10.301 r  u_fp_domain/u_CORTEXM3INTEGRATION/u_cortexm3ds_logic/H9doz6_reg/Q
                         net (fo=6, routed)           0.347    10.648    u_fp_domain/u_CORTEXM3INTEGRATION/u_cortexm3ds_logic/H9doz6
    SLICE_X103Y83        LUT5 (Prop_F6LUT_SLICEM_I3_O)
                                                      0.192    10.840 f  u_fp_domain/u_CORTEXM3INTEGRATION/u_cortexm3ds_logic/K2roz6_i_2/O
                         net (fo=34, routed)          0.320    11.160    u_fp_domain/u_CORTEXM3INTEGRATION/u_cortexm3ds_logic/Uia7z6
    SLICE_X101Y81        LUT2 (Prop_D5LUT_SLICEM_I0_O)
                                                      0.136    11.296 r  u_fp_domain/u_CORTEXM3INTEGRATION/u_cortexm3ds_logic/Y3roz6_i_3/O
                         net (fo=11, routed)          0.574    11.870    u_fp_domain/u_CORTEXM3INTEGRATION/u_cortexm3ds_logic/Y3roz6_i_3_n_0
    SLICE_X101Y83        LUT6 (Prop_B6LUT_SLICEM_I5_O)
                                                      0.119    11.989 f  u_fp_domain/u_CORTEXM3INTEGRATION/u_cortexm3ds_logic/Yrooz6_i_3/O
                         net (fo=5, routed)           0.444    12.433    u_fp_domain/u_CORTEXM3INTEGRATION/u_cortexm3ds_logic/Yrooz6_i_3_n_0
    SLICE_X102Y86        LUT6 (Prop_G6LUT_SLICEL_I5_O)
                                                      0.116    12.549 f  u_fp_domain/u_CORTEXM3INTEGRATION/u_cortexm3ds_logic/Uchoz6_i_2/O
                         net (fo=2, routed)           0.413    12.962    u_fp_domain/u_CORTEXM3INTEGRATION/u_cortexm3ds_logic/Uchoz6_i_2_n_0
    SLICE_X101Y86        LUT5 (Prop_D6LUT_SLICEM_I4_O)
                                                      0.118    13.080 r  u_fp_domain/u_CORTEXM3INTEGRATION/u_cortexm3ds_logic/Nbeoz6_i_7/O
                         net (fo=1, routed)           0.067    13.147    u_fp_domain/u_CORTEXM3INTEGRATION/u_cortexm3ds_logic/Nbeoz6_i_7_n_0
    SLICE_X101Y86        LUT4 (Prop_E6LUT_SLICEM_I3_O)
                                                      0.040    13.187 f  u_fp_domain/u_CORTEXM3INTEGRATION/u_cortexm3ds_logic/Nbeoz6_i_2/O
                         net (fo=3, routed)           0.291    13.478    u_fp_domain/u_CORTEXM3INTEGRATION/u_cortexm3ds_logic/Nbeoz6_i_2_n_0
    SLICE_X102Y84        LUT6 (Prop_H6LUT_SLICEL_I0_O)
                                                      0.172    13.650 r  u_fp_domain/u_CORTEXM3INTEGRATION/u_cortexm3ds_logic/Uw1g07_i_3/O
                         net (fo=2, routed)           0.145    13.795    u_fp_domain/u_CORTEXM3INTEGRATION/u_cortexm3ds_logic/Uw1g07_i_3_n_0
    SLICE_X102Y85        LUT6 (Prop_H6LUT_SLICEL_I0_O)
                                                      0.040    13.835 f  u_fp_domain/u_CORTEXM3INTEGRATION/u_cortexm3ds_logic/Imhoz6_i_2/O
                         net (fo=4, routed)           0.129    13.964    u_fp_domain/u_CORTEXM3INTEGRATION/u_cortexm3ds_logic/Imhoz6_i_2_n_0
    SLICE_X102Y85        LUT4 (Prop_B6LUT_SLICEL_I2_O)
                                                      0.116    14.080 r  u_fp_domain/u_CORTEXM3INTEGRATION/u_cortexm3ds_logic/Imhoz6_i_1/O
                         net (fo=22, routed)          1.159    15.239    u_fp_domain/u_CORTEXM3INTEGRATION/u_cortexm3ds_logic/Imhoz6_i_1_n_0
    SLICE_X99Y96         LUT6 (Prop_H6LUT_SLICEL_I2_O)
                                                      0.188    15.427 r  u_fp_domain/u_CORTEXM3INTEGRATION/u_cortexm3ds_logic/Fjbzz6_i_1/O
                         net (fo=1, routed)           0.027    15.454    u_fp_domain/u_CORTEXM3INTEGRATION/u_cortexm3ds_logic/Erg8v6
    SLICE_X99Y96         FDCE                                         r  u_fp_domain/u_CORTEXM3INTEGRATION/u_cortexm3ds_logic/Fjbzz6_reg/D
  -------------------------------------------------------------------    -------------------

                         (clock jtag_tck rise edge)
                                                    200.000   200.000 r  
    AH12                                              0.000   200.000 r  TCK (IN)
                         net (fo=0)                   0.000   200.000    TCK_IBUF_inst/I
    AH12                 INBUF (Prop_INBUF_HRIO_PAD_O)
                                                      0.660   200.660 r  TCK_IBUF_inst/INBUF_INST/O
                         net (fo=1, routed)           0.059   200.719    TCK_IBUF_inst/OUT
    AH12                 IBUFCTRL (Prop_IBUFCTRL_HRIO_I_O)
                                                      0.032   200.751 r  TCK_IBUF_inst/IBUFCTRL_INST/O
                         net (fo=1, routed)           4.896   205.647    TCK_IBUF
    BUFGCE_X1Y96         BUFGCE (Prop_BUFCE_BUFGCE_I_O)
                                                      0.075   205.722 r  TCK_IBUF_BUFG_inst/O
    X4Y1 (CLOCK_ROOT)    net (fo=327, routed)         2.718   208.440    u_fp_domain/u_CORTEXM3INTEGRATION/u_cortexm3ds_logic/TCK_IBUF_BUFG
    SLICE_X99Y96         FDCE                                         r  u_fp_domain/u_CORTEXM3INTEGRATION/u_cortexm3ds_logic/Fjbzz6_reg/C
                         clock pessimism              1.610   210.050    
                         clock uncertainty           -0.035   210.015    
    SLICE_X99Y96         FDCE (Setup_HFF_SLICEL_C_D)
                                                      0.060   210.075    u_fp_domain/u_CORTEXM3INTEGRATION/u_cortexm3ds_logic/Fjbzz6_reg
  -------------------------------------------------------------------
                         required time                        210.075    
                         arrival time                         -15.454    
  -------------------------------------------------------------------
                         slack                                194.621    

Slack (MET) :             194.622ns  (required time - arrival time)
  Source:                 u_fp_domain/u_CORTEXM3INTEGRATION/u_cortexm3ds_logic/H9doz6_reg/C
                            (rising edge-triggered cell FDCE clocked by jtag_tck  {rise@0.000ns fall@100.000ns period=200.000ns})
  Destination:            u_fp_domain/u_CORTEXM3INTEGRATION/u_cortexm3ds_logic/T9ezz6_reg/D
                            (rising edge-triggered cell FDCE clocked by jtag_tck  {rise@0.000ns fall@100.000ns period=200.000ns})
  Path Group:             jtag_tck
  Path Type:              Setup (Max at Slow Process Corner)
  Requirement:            200.000ns  (jtag_tck rise@200.000ns - jtag_tck rise@0.000ns)
  Data Path Delay:        5.279ns  (logic 1.296ns (24.550%)  route 3.983ns (75.450%))
  Logic Levels:           10  (LUT2=1 LUT4=2 LUT5=2 LUT6=5)
  Clock Path Skew:        -0.124ns (DCD - SCD + CPR)
    Destination Clock Delay (DCD):    8.453ns = ( 208.453 - 200.000 ) 
    Source Clock Delay      (SCD):    10.187ns
    Clock Pessimism Removal (CPR):    1.610ns
  Clock Uncertainty:      0.035ns  ((TSJ^2 + TIJ^2)^1/2 + DJ) / 2 + PE
    Total System Jitter     (TSJ):    0.071ns
    Total Input Jitter      (TIJ):    0.000ns
    Discrete Jitter          (DJ):    0.000ns
    Phase Error              (PE):    0.000ns
  Clock Net Delay (Source):      3.045ns (routing 1.779ns, distribution 1.266ns)
  Clock Net Delay (Destination): 2.731ns (routing 1.632ns, distribution 1.099ns)

    Location             Delay type                Incr(ns)  Path(ns)    Netlist Resource(s)
  -------------------------------------------------------------------    -------------------
                         (clock jtag_tck rise edge)
                                                      0.000     0.000 r  
    AH12                                              0.000     0.000 r  TCK (IN)
                         net (fo=0)                   0.000     0.000    TCK_IBUF_inst/I
    AH12                 INBUF (Prop_INBUF_HRIO_PAD_O)
                                                      0.927     0.927 r  TCK_IBUF_inst/INBUF_INST/O
                         net (fo=1, routed)           0.092     1.019    TCK_IBUF_inst/OUT
    AH12                 IBUFCTRL (Prop_IBUFCTRL_HRIO_I_O)
                                                      0.043     1.062 r  TCK_IBUF_inst/IBUFCTRL_INST/O
                         net (fo=1, routed)           5.997     7.059    TCK_IBUF
    BUFGCE_X1Y96         BUFGCE (Prop_BUFCE_BUFGCE_I_O)
                                                      0.083     7.142 r  TCK_IBUF_BUFG_inst/O
    X4Y1 (CLOCK_ROOT)    net (fo=327, routed)         3.045    10.187    u_fp_domain/u_CORTEXM3INTEGRATION/u_cortexm3ds_logic/TCK_IBUF_BUFG
    SLICE_X103Y83        FDCE                                         r  u_fp_domain/u_CORTEXM3INTEGRATION/u_cortexm3ds_logic/H9doz6_reg/C
  -------------------------------------------------------------------    -------------------
    SLICE_X103Y83        FDCE (Prop_CFF_SLICEM_C_Q)
                                                      0.114    10.301 r  u_fp_domain/u_CORTEXM3INTEGRATION/u_cortexm3ds_logic/H9doz6_reg/Q
                         net (fo=6, routed)           0.347    10.648    u_fp_domain/u_CORTEXM3INTEGRATION/u_cortexm3ds_logic/H9doz6
    SLICE_X103Y83        LUT5 (Prop_F6LUT_SLICEM_I3_O)
                                                      0.192    10.840 f  u_fp_domain/u_CORTEXM3INTEGRATION/u_cortexm3ds_logic/K2roz6_i_2/O
                         net (fo=34, routed)          0.320    11.160    u_fp_domain/u_CORTEXM3INTEGRATION/u_cortexm3ds_logic/Uia7z6
    SLICE_X101Y81        LUT2 (Prop_D5LUT_SLICEM_I0_O)
                                                      0.136    11.296 r  u_fp_domain/u_CORTEXM3INTEGRATION/u_cortexm3ds_logic/Y3roz6_i_3/O
                         net (fo=11, routed)          0.574    11.870    u_fp_domain/u_CORTEXM3INTEGRATION/u_cortexm3ds_logic/Y3roz6_i_3_n_0
    SLICE_X101Y83        LUT6 (Prop_B6LUT_SLICEM_I5_O)
                                                      0.119    11.989 f  u_fp_domain/u_CORTEXM3INTEGRATION/u_cortexm3ds_logic/Yrooz6_i_3/O
                         net (fo=5, routed)           0.444    12.433    u_fp_domain/u_CORTEXM3INTEGRATION/u_cortexm3ds_logic/Yrooz6_i_3_n_0
    SLICE_X102Y86        LUT6 (Prop_G6LUT_SLICEL_I5_O)
                                                      0.116    12.549 f  u_fp_domain/u_CORTEXM3INTEGRATION/u_cortexm3ds_logic/Uchoz6_i_2/O
                         net (fo=2, routed)           0.413    12.962    u_fp_domain/u_CORTEXM3INTEGRATION/u_cortexm3ds_logic/Uchoz6_i_2_n_0
    SLICE_X101Y86        LUT5 (Prop_D6LUT_SLICEM_I4_O)
                                                      0.118    13.080 r  u_fp_domain/u_CORTEXM3INTEGRATION/u_cortexm3ds_logic/Nbeoz6_i_7/O
                         net (fo=1, routed)           0.067    13.147    u_fp_domain/u_CORTEXM3INTEGRATION/u_cortexm3ds_logic/Nbeoz6_i_7_n_0
    SLICE_X101Y86        LUT4 (Prop_E6LUT_SLICEM_I3_O)
                                                      0.040    13.187 f  u_fp_domain/u_CORTEXM3INTEGRATION/u_cortexm3ds_logic/Nbeoz6_i_2/O
                         net (fo=3, routed)           0.291    13.478    u_fp_domain/u_CORTEXM3INTEGRATION/u_cortexm3ds_logic/Nbeoz6_i_2_n_0
    SLICE_X102Y84        LUT6 (Prop_H6LUT_SLICEL_I0_O)
                                                      0.172    13.650 r  u_fp_domain/u_CORTEXM3INTEGRATION/u_cortexm3ds_logic/Uw1g07_i_3/O
                         net (fo=2, routed)           0.145    13.795    u_fp_domain/u_CORTEXM3INTEGRATION/u_cortexm3ds_logic/Uw1g07_i_3_n_0
    SLICE_X102Y85        LUT6 (Prop_H6LUT_SLICEL_I0_O)
                                                      0.040    13.835 f  u_fp_domain/u_CORTEXM3INTEGRATION/u_cortexm3ds_logic/Imhoz6_i_2/O
                         net (fo=4, routed)           0.129    13.964    u_fp_domain/u_CORTEXM3INTEGRATION/u_cortexm3ds_logic/Imhoz6_i_2_n_0
    SLICE_X102Y85        LUT4 (Prop_B6LUT_SLICEL_I2_O)
                                                      0.116    14.080 r  u_fp_domain/u_CORTEXM3INTEGRATION/u_cortexm3ds_logic/Imhoz6_i_1/O
                         net (fo=22, routed)          1.227    15.307    u_fp_domain/u_CORTEXM3INTEGRATION/u_cortexm3ds_logic/Imhoz6_i_1_n_0
    SLICE_X101Y95        LUT6 (Prop_G6LUT_SLICEM_I2_O)
                                                      0.133    15.440 r  u_fp_domain/u_CORTEXM3INTEGRATION/u_cortexm3ds_logic/T9ezz6_i_1/O
                         net (fo=1, routed)           0.026    15.466    u_fp_domain/u_CORTEXM3INTEGRATION/u_cortexm3ds_logic/Nsg8v6
    SLICE_X101Y95        FDCE                                         r  u_fp_domain/u_CORTEXM3INTEGRATION/u_cortexm3ds_logic/T9ezz6_reg/D
  -------------------------------------------------------------------    -------------------

                         (clock jtag_tck rise edge)
                                                    200.000   200.000 r  
    AH12                                              0.000   200.000 r  TCK (IN)
                         net (fo=0)                   0.000   200.000    TCK_IBUF_inst/I
    AH12                 INBUF (Prop_INBUF_HRIO_PAD_O)
                                                      0.660   200.660 r  TCK_IBUF_inst/INBUF_INST/O
                         net (fo=1, routed)           0.059   200.719    TCK_IBUF_inst/OUT
    AH12                 IBUFCTRL (Prop_IBUFCTRL_HRIO_I_O)
                                                      0.032   200.751 r  TCK_IBUF_inst/IBUFCTRL_INST/O
                         net (fo=1, routed)           4.896   205.647    TCK_IBUF
    BUFGCE_X1Y96         BUFGCE (Prop_BUFCE_BUFGCE_I_O)
                                                      0.075   205.722 r  TCK_IBUF_BUFG_inst/O
    X4Y1 (CLOCK_ROOT)    net (fo=327, routed)         2.731   208.453    u_fp_domain/u_CORTEXM3INTEGRATION/u_cortexm3ds_logic/TCK_IBUF_BUFG
    SLICE_X101Y95        FDCE                                         r  u_fp_domain/u_CORTEXM3INTEGRATION/u_cortexm3ds_logic/T9ezz6_reg/C
                         clock pessimism              1.610   210.063    
                         clock uncertainty           -0.035   210.028    
    SLICE_X101Y95        FDCE (Setup_GFF_SLICEM_C_D)
                                                      0.060   210.088    u_fp_domain/u_CORTEXM3INTEGRATION/u_cortexm3ds_logic/T9ezz6_reg
  -------------------------------------------------------------------
                         required time                        210.088    
                         arrival time                         -15.466    
  -------------------------------------------------------------------
                         slack                                194.622    

Slack (MET) :             194.631ns  (required time - arrival time)
  Source:                 u_fp_domain/u_CORTEXM3INTEGRATION/u_cortexm3ds_logic/H9doz6_reg/C
                            (rising edge-triggered cell FDCE clocked by jtag_tck  {rise@0.000ns fall@100.000ns period=200.000ns})
  Destination:            u_fp_domain/u_CORTEXM3INTEGRATION/u_cortexm3ds_logic/Oygoz6_reg/CE
                            (rising edge-triggered cell FDCE clocked by jtag_tck  {rise@0.000ns fall@100.000ns period=200.000ns})
  Path Group:             jtag_tck
  Path Type:              Setup (Max at Slow Process Corner)
  Requirement:            200.000ns  (jtag_tck rise@200.000ns - jtag_tck rise@0.000ns)
  Data Path Delay:        5.151ns  (logic 1.163ns (22.578%)  route 3.988ns (77.422%))
  Logic Levels:           9  (LUT2=1 LUT4=2 LUT5=2 LUT6=4)
  Clock Path Skew:        -0.136ns (DCD - SCD + CPR)
    Destination Clock Delay (DCD):    8.441ns = ( 208.441 - 200.000 ) 
    Source Clock Delay      (SCD):    10.187ns
    Clock Pessimism Removal (CPR):    1.610ns
  Clock Uncertainty:      0.035ns  ((TSJ^2 + TIJ^2)^1/2 + DJ) / 2 + PE
    Total System Jitter     (TSJ):    0.071ns
    Total Input Jitter      (TIJ):    0.000ns
    Discrete Jitter          (DJ):    0.000ns
    Phase Error              (PE):    0.000ns
  Clock Net Delay (Source):      3.045ns (routing 1.779ns, distribution 1.266ns)
  Clock Net Delay (Destination): 2.719ns (routing 1.632ns, distribution 1.087ns)

    Location             Delay type                Incr(ns)  Path(ns)    Netlist Resource(s)
  -------------------------------------------------------------------    -------------------
                         (clock jtag_tck rise edge)
                                                      0.000     0.000 r  
    AH12                                              0.000     0.000 r  TCK (IN)
                         net (fo=0)                   0.000     0.000    TCK_IBUF_inst/I
    AH12                 INBUF (Prop_INBUF_HRIO_PAD_O)
                                                      0.927     0.927 r  TCK_IBUF_inst/INBUF_INST/O
                         net (fo=1, routed)           0.092     1.019    TCK_IBUF_inst/OUT
    AH12                 IBUFCTRL (Prop_IBUFCTRL_HRIO_I_O)
                                                      0.043     1.062 r  TCK_IBUF_inst/IBUFCTRL_INST/O
                         net (fo=1, routed)           5.997     7.059    TCK_IBUF
    BUFGCE_X1Y96         BUFGCE (Prop_BUFCE_BUFGCE_I_O)
                                                      0.083     7.142 r  TCK_IBUF_BUFG_inst/O
    X4Y1 (CLOCK_ROOT)    net (fo=327, routed)         3.045    10.187    u_fp_domain/u_CORTEXM3INTEGRATION/u_cortexm3ds_logic/TCK_IBUF_BUFG
    SLICE_X103Y83        FDCE                                         r  u_fp_domain/u_CORTEXM3INTEGRATION/u_cortexm3ds_logic/H9doz6_reg/C
  -------------------------------------------------------------------    -------------------
    SLICE_X103Y83        FDCE (Prop_CFF_SLICEM_C_Q)
                                                      0.114    10.301 r  u_fp_domain/u_CORTEXM3INTEGRATION/u_cortexm3ds_logic/H9doz6_reg/Q
                         net (fo=6, routed)           0.347    10.648    u_fp_domain/u_CORTEXM3INTEGRATION/u_cortexm3ds_logic/H9doz6
    SLICE_X103Y83        LUT5 (Prop_F6LUT_SLICEM_I3_O)
                                                      0.192    10.840 f  u_fp_domain/u_CORTEXM3INTEGRATION/u_cortexm3ds_logic/K2roz6_i_2/O
                         net (fo=34, routed)          0.320    11.160    u_fp_domain/u_CORTEXM3INTEGRATION/u_cortexm3ds_logic/Uia7z6
    SLICE_X101Y81        LUT2 (Prop_D5LUT_SLICEM_I0_O)
                                                      0.136    11.296 r  u_fp_domain/u_CORTEXM3INTEGRATION/u_cortexm3ds_logic/Y3roz6_i_3/O
                         net (fo=11, routed)          0.574    11.870    u_fp_domain/u_CORTEXM3INTEGRATION/u_cortexm3ds_logic/Y3roz6_i_3_n_0
    SLICE_X101Y83        LUT6 (Prop_B6LUT_SLICEM_I5_O)
                                                      0.119    11.989 f  u_fp_domain/u_CORTEXM3INTEGRATION/u_cortexm3ds_logic/Yrooz6_i_3/O
                         net (fo=5, routed)           0.444    12.433    u_fp_domain/u_CORTEXM3INTEGRATION/u_cortexm3ds_logic/Yrooz6_i_3_n_0
    SLICE_X102Y86        LUT6 (Prop_G6LUT_SLICEL_I5_O)
                                                      0.116    12.549 f  u_fp_domain/u_CORTEXM3INTEGRATION/u_cortexm3ds_logic/Uchoz6_i_2/O
                         net (fo=2, routed)           0.413    12.962    u_fp_domain/u_CORTEXM3INTEGRATION/u_cortexm3ds_logic/Uchoz6_i_2_n_0
    SLICE_X101Y86        LUT5 (Prop_D6LUT_SLICEM_I4_O)
                                                      0.118    13.080 r  u_fp_domain/u_CORTEXM3INTEGRATION/u_cortexm3ds_logic/Nbeoz6_i_7/O
                         net (fo=1, routed)           0.067    13.147    u_fp_domain/u_CORTEXM3INTEGRATION/u_cortexm3ds_logic/Nbeoz6_i_7_n_0
    SLICE_X101Y86        LUT4 (Prop_E6LUT_SLICEM_I3_O)
                                                      0.040    13.187 f  u_fp_domain/u_CORTEXM3INTEGRATION/u_cortexm3ds_logic/Nbeoz6_i_2/O
                         net (fo=3, routed)           0.291    13.478    u_fp_domain/u_CORTEXM3INTEGRATION/u_cortexm3ds_logic/Nbeoz6_i_2_n_0
    SLICE_X102Y84        LUT6 (Prop_H6LUT_SLICEL_I0_O)
                                                      0.172    13.650 r  u_fp_domain/u_CORTEXM3INTEGRATION/u_cortexm3ds_logic/Uw1g07_i_3/O
                         net (fo=2, routed)           0.145    13.795    u_fp_domain/u_CORTEXM3INTEGRATION/u_cortexm3ds_logic/Uw1g07_i_3_n_0
    SLICE_X102Y85        LUT6 (Prop_H6LUT_SLICEL_I0_O)
                                                      0.040    13.835 f  u_fp_domain/u_CORTEXM3INTEGRATION/u_cortexm3ds_logic/Imhoz6_i_2/O
                         net (fo=4, routed)           0.129    13.964    u_fp_domain/u_CORTEXM3INTEGRATION/u_cortexm3ds_logic/Imhoz6_i_2_n_0
    SLICE_X102Y85        LUT4 (Prop_B6LUT_SLICEL_I2_O)
                                                      0.116    14.080 r  u_fp_domain/u_CORTEXM3INTEGRATION/u_cortexm3ds_logic/Imhoz6_i_1/O
                         net (fo=22, routed)          1.258    15.338    u_fp_domain/u_CORTEXM3INTEGRATION/u_cortexm3ds_logic/Imhoz6_i_1_n_0
    SLICE_X103Y94        FDCE                                         r  u_fp_domain/u_CORTEXM3INTEGRATION/u_cortexm3ds_logic/Oygoz6_reg/CE
  -------------------------------------------------------------------    -------------------

                         (clock jtag_tck rise edge)
                                                    200.000   200.000 r  
    AH12                                              0.000   200.000 r  TCK (IN)
                         net (fo=0)                   0.000   200.000    TCK_IBUF_inst/I
    AH12                 INBUF (Prop_INBUF_HRIO_PAD_O)
                                                      0.660   200.660 r  TCK_IBUF_inst/INBUF_INST/O
                         net (fo=1, routed)           0.059   200.719    TCK_IBUF_inst/OUT
    AH12                 IBUFCTRL (Prop_IBUFCTRL_HRIO_I_O)
                                                      0.032   200.751 r  TCK_IBUF_inst/IBUFCTRL_INST/O
                         net (fo=1, routed)           4.896   205.647    TCK_IBUF
    BUFGCE_X1Y96         BUFGCE (Prop_BUFCE_BUFGCE_I_O)
                                                      0.075   205.722 r  TCK_IBUF_BUFG_inst/O
    X4Y1 (CLOCK_ROOT)    net (fo=327, routed)         2.719   208.441    u_fp_domain/u_CORTEXM3INTEGRATION/u_cortexm3ds_logic/TCK_IBUF_BUFG
    SLICE_X103Y94        FDCE                                         r  u_fp_domain/u_CORTEXM3INTEGRATION/u_cortexm3ds_logic/Oygoz6_reg/C
                         clock pessimism              1.610   210.051    
                         clock uncertainty           -0.035   210.016    
    SLICE_X103Y94        FDCE (Setup_HFF_SLICEM_C_CE)
                                                     -0.047   209.969    u_fp_domain/u_CORTEXM3INTEGRATION/u_cortexm3ds_logic/Oygoz6_reg
  -------------------------------------------------------------------
                         required time                        209.969    
                         arrival time                         -15.338    
  -------------------------------------------------------------------
                         slack                                194.631    

Slack (MET) :             194.632ns  (required time - arrival time)
  Source:                 u_fp_domain/u_CORTEXM3INTEGRATION/u_cortexm3ds_logic/H9doz6_reg/C
                            (rising edge-triggered cell FDCE clocked by jtag_tck  {rise@0.000ns fall@100.000ns period=200.000ns})
  Destination:            u_fp_domain/u_CORTEXM3INTEGRATION/u_cortexm3ds_logic/Xmdzz6_reg/D
                            (rising edge-triggered cell FDCE clocked by jtag_tck  {rise@0.000ns fall@100.000ns period=200.000ns})
  Path Group:             jtag_tck
  Path Type:              Setup (Max at Slow Process Corner)
  Requirement:            200.000ns  (jtag_tck rise@200.000ns - jtag_tck rise@0.000ns)
  Data Path Delay:        5.261ns  (logic 1.340ns (25.470%)  route 3.921ns (74.530%))
  Logic Levels:           10  (LUT2=1 LUT4=2 LUT5=2 LUT6=5)
  Clock Path Skew:        -0.130ns (DCD - SCD + CPR)
    Destination Clock Delay (DCD):    8.447ns = ( 208.447 - 200.000 ) 
    Source Clock Delay      (SCD):    10.187ns
    Clock Pessimism Removal (CPR):    1.610ns
  Clock Uncertainty:      0.035ns  ((TSJ^2 + TIJ^2)^1/2 + DJ) / 2 + PE
    Total System Jitter     (TSJ):    0.071ns
    Total Input Jitter      (TIJ):    0.000ns
    Discrete Jitter          (DJ):    0.000ns
    Phase Error              (PE):    0.000ns
  Clock Net Delay (Source):      3.045ns (routing 1.779ns, distribution 1.266ns)
  Clock Net Delay (Destination): 2.725ns (routing 1.632ns, distribution 1.093ns)

    Location             Delay type                Incr(ns)  Path(ns)    Netlist Resource(s)
  -------------------------------------------------------------------    -------------------
                         (clock jtag_tck rise edge)
                                                      0.000     0.000 r  
    AH12                                              0.000     0.000 r  TCK (IN)
                         net (fo=0)                   0.000     0.000    TCK_IBUF_inst/I
    AH12                 INBUF (Prop_INBUF_HRIO_PAD_O)
                                                      0.927     0.927 r  TCK_IBUF_inst/INBUF_INST/O
                         net (fo=1, routed)           0.092     1.019    TCK_IBUF_inst/OUT
    AH12                 IBUFCTRL (Prop_IBUFCTRL_HRIO_I_O)
                                                      0.043     1.062 r  TCK_IBUF_inst/IBUFCTRL_INST/O
                         net (fo=1, routed)           5.997     7.059    TCK_IBUF
    BUFGCE_X1Y96         BUFGCE (Prop_BUFCE_BUFGCE_I_O)
                                                      0.083     7.142 r  TCK_IBUF_BUFG_inst/O
    X4Y1 (CLOCK_ROOT)    net (fo=327, routed)         3.045    10.187    u_fp_domain/u_CORTEXM3INTEGRATION/u_cortexm3ds_logic/TCK_IBUF_BUFG
    SLICE_X103Y83        FDCE                                         r  u_fp_domain/u_CORTEXM3INTEGRATION/u_cortexm3ds_logic/H9doz6_reg/C
  -------------------------------------------------------------------    -------------------
    SLICE_X103Y83        FDCE (Prop_CFF_SLICEM_C_Q)
                                                      0.114    10.301 r  u_fp_domain/u_CORTEXM3INTEGRATION/u_cortexm3ds_logic/H9doz6_reg/Q
                         net (fo=6, routed)           0.347    10.648    u_fp_domain/u_CORTEXM3INTEGRATION/u_cortexm3ds_logic/H9doz6
    SLICE_X103Y83        LUT5 (Prop_F6LUT_SLICEM_I3_O)
                                                      0.192    10.840 f  u_fp_domain/u_CORTEXM3INTEGRATION/u_cortexm3ds_logic/K2roz6_i_2/O
                         net (fo=34, routed)          0.320    11.160    u_fp_domain/u_CORTEXM3INTEGRATION/u_cortexm3ds_logic/Uia7z6
    SLICE_X101Y81        LUT2 (Prop_D5LUT_SLICEM_I0_O)
                                                      0.136    11.296 r  u_fp_domain/u_CORTEXM3INTEGRATION/u_cortexm3ds_logic/Y3roz6_i_3/O
                         net (fo=11, routed)          0.574    11.870    u_fp_domain/u_CORTEXM3INTEGRATION/u_cortexm3ds_logic/Y3roz6_i_3_n_0
    SLICE_X101Y83        LUT6 (Prop_B6LUT_SLICEM_I5_O)
                                                      0.119    11.989 f  u_fp_domain/u_CORTEXM3INTEGRATION/u_cortexm3ds_logic/Yrooz6_i_3/O
                         net (fo=5, routed)           0.444    12.433    u_fp_domain/u_CORTEXM3INTEGRATION/u_cortexm3ds_logic/Yrooz6_i_3_n_0
    SLICE_X102Y86        LUT6 (Prop_G6LUT_SLICEL_I5_O)
                                                      0.116    12.549 f  u_fp_domain/u_CORTEXM3INTEGRATION/u_cortexm3ds_logic/Uchoz6_i_2/O
                         net (fo=2, routed)           0.413    12.962    u_fp_domain/u_CORTEXM3INTEGRATION/u_cortexm3ds_logic/Uchoz6_i_2_n_0
    SLICE_X101Y86        LUT5 (Prop_D6LUT_SLICEM_I4_O)
                                                      0.118    13.080 r  u_fp_domain/u_CORTEXM3INTEGRATION/u_cortexm3ds_logic/Nbeoz6_i_7/O
                         net (fo=1, routed)           0.067    13.147    u_fp_domain/u_CORTEXM3INTEGRATION/u_cortexm3ds_logic/Nbeoz6_i_7_n_0
    SLICE_X101Y86        LUT4 (Prop_E6LUT_SLICEM_I3_O)
                                                      0.040    13.187 f  u_fp_domain/u_CORTEXM3INTEGRATION/u_cortexm3ds_logic/Nbeoz6_i_2/O
                         net (fo=3, routed)           0.291    13.478    u_fp_domain/u_CORTEXM3INTEGRATION/u_cortexm3ds_logic/Nbeoz6_i_2_n_0
    SLICE_X102Y84        LUT6 (Prop_H6LUT_SLICEL_I0_O)
                                                      0.172    13.650 r  u_fp_domain/u_CORTEXM3INTEGRATION/u_cortexm3ds_logic/Uw1g07_i_3/O
                         net (fo=2, routed)           0.145    13.795    u_fp_domain/u_CORTEXM3INTEGRATION/u_cortexm3ds_logic/Uw1g07_i_3_n_0
    SLICE_X102Y85        LUT6 (Prop_H6LUT_SLICEL_I0_O)
                                                      0.040    13.835 f  u_fp_domain/u_CORTEXM3INTEGRATION/u_cortexm3ds_logic/Imhoz6_i_2/O
                         net (fo=4, routed)           0.129    13.964    u_fp_domain/u_CORTEXM3INTEGRATION/u_cortexm3ds_logic/Imhoz6_i_2_n_0
    SLICE_X102Y85        LUT4 (Prop_B6LUT_SLICEL_I2_O)
                                                      0.116    14.080 r  u_fp_domain/u_CORTEXM3INTEGRATION/u_cortexm3ds_logic/Imhoz6_i_1/O
                         net (fo=22, routed)          1.165    15.245    u_fp_domain/u_CORTEXM3INTEGRATION/u_cortexm3ds_logic/Imhoz6_i_1_n_0
    SLICE_X101Y94        LUT6 (Prop_B6LUT_SLICEM_I2_O)
                                                      0.177    15.422 r  u_fp_domain/u_CORTEXM3INTEGRATION/u_cortexm3ds_logic/Xmdzz6_i_1/O
                         net (fo=1, routed)           0.026    15.448    u_fp_domain/u_CORTEXM3INTEGRATION/u_cortexm3ds_logic/Gsg8v6
    SLICE_X101Y94        FDCE                                         r  u_fp_domain/u_CORTEXM3INTEGRATION/u_cortexm3ds_logic/Xmdzz6_reg/D
  -------------------------------------------------------------------    -------------------

                         (clock jtag_tck rise edge)
                                                    200.000   200.000 r  
    AH12                                              0.000   200.000 r  TCK (IN)
                         net (fo=0)                   0.000   200.000    TCK_IBUF_inst/I
    AH12                 INBUF (Prop_INBUF_HRIO_PAD_O)
                                                      0.660   200.660 r  TCK_IBUF_inst/INBUF_INST/O
                         net (fo=1, routed)           0.059   200.719    TCK_IBUF_inst/OUT
    AH12                 IBUFCTRL (Prop_IBUFCTRL_HRIO_I_O)
                                                      0.032   200.751 r  TCK_IBUF_inst/IBUFCTRL_INST/O
                         net (fo=1, routed)           4.896   205.647    TCK_IBUF
    BUFGCE_X1Y96         BUFGCE (Prop_BUFCE_BUFGCE_I_O)
                                                      0.075   205.722 r  TCK_IBUF_BUFG_inst/O
    X4Y1 (CLOCK_ROOT)    net (fo=327, routed)         2.725   208.447    u_fp_domain/u_CORTEXM3INTEGRATION/u_cortexm3ds_logic/TCK_IBUF_BUFG
    SLICE_X101Y94        FDCE                                         r  u_fp_domain/u_CORTEXM3INTEGRATION/u_cortexm3ds_logic/Xmdzz6_reg/C
                         clock pessimism              1.610   210.057    
                         clock uncertainty           -0.035   210.022    
    SLICE_X101Y94        FDCE (Setup_BFF_SLICEM_C_D)
                                                      0.058   210.080    u_fp_domain/u_CORTEXM3INTEGRATION/u_cortexm3ds_logic/Xmdzz6_reg
  -------------------------------------------------------------------
                         required time                        210.080    
                         arrival time                         -15.448    
  -------------------------------------------------------------------
                         slack                                194.632    

Slack (MET) :             194.665ns  (required time - arrival time)
  Source:                 u_fp_domain/u_CORTEXM3INTEGRATION/u_cortexm3ds_logic/H9doz6_reg/C
                            (rising edge-triggered cell FDCE clocked by jtag_tck  {rise@0.000ns fall@100.000ns period=200.000ns})
  Destination:            u_fp_domain/u_CORTEXM3INTEGRATION/u_cortexm3ds_logic/Dqooz6_reg/CE
                            (rising edge-triggered cell FDCE clocked by jtag_tck  {rise@0.000ns fall@100.000ns period=200.000ns})
  Path Group:             jtag_tck
  Path Type:              Setup (Max at Slow Process Corner)
  Requirement:            200.000ns  (jtag_tck rise@200.000ns - jtag_tck rise@0.000ns)
  Data Path Delay:        5.102ns  (logic 1.163ns (22.795%)  route 3.939ns (77.205%))
  Logic Levels:           9  (LUT2=1 LUT4=2 LUT5=2 LUT6=4)
  Clock Path Skew:        -0.147ns (DCD - SCD + CPR)
    Destination Clock Delay (DCD):    8.429ns = ( 208.429 - 200.000 ) 
    Source Clock Delay      (SCD):    10.187ns
    Clock Pessimism Removal (CPR):    1.610ns
  Clock Uncertainty:      0.035ns  ((TSJ^2 + TIJ^2)^1/2 + DJ) / 2 + PE
    Total System Jitter     (TSJ):    0.071ns
    Total Input Jitter      (TIJ):    0.000ns
    Discrete Jitter          (DJ):    0.000ns
    Phase Error              (PE):    0.000ns
  Clock Net Delay (Source):      3.045ns (routing 1.779ns, distribution 1.266ns)
  Clock Net Delay (Destination): 2.707ns (routing 1.632ns, distribution 1.075ns)

    Location             Delay type                Incr(ns)  Path(ns)    Netlist Resource(s)
  -------------------------------------------------------------------    -------------------
                         (clock jtag_tck rise edge)
                                                      0.000     0.000 r  
    AH12                                              0.000     0.000 r  TCK (IN)
                         net (fo=0)                   0.000     0.000    TCK_IBUF_inst/I
    AH12                 INBUF (Prop_INBUF_HRIO_PAD_O)
                                                      0.927     0.927 r  TCK_IBUF_inst/INBUF_INST/O
                         net (fo=1, routed)           0.092     1.019    TCK_IBUF_inst/OUT
    AH12                 IBUFCTRL (Prop_IBUFCTRL_HRIO_I_O)
                                                      0.043     1.062 r  TCK_IBUF_inst/IBUFCTRL_INST/O
                         net (fo=1, routed)           5.997     7.059    TCK_IBUF
    BUFGCE_X1Y96         BUFGCE (Prop_BUFCE_BUFGCE_I_O)
                                                      0.083     7.142 r  TCK_IBUF_BUFG_inst/O
    X4Y1 (CLOCK_ROOT)    net (fo=327, routed)         3.045    10.187    u_fp_domain/u_CORTEXM3INTEGRATION/u_cortexm3ds_logic/TCK_IBUF_BUFG
    SLICE_X103Y83        FDCE                                         r  u_fp_domain/u_CORTEXM3INTEGRATION/u_cortexm3ds_logic/H9doz6_reg/C
  -------------------------------------------------------------------    -------------------
    SLICE_X103Y83        FDCE (Prop_CFF_SLICEM_C_Q)
                                                      0.114    10.301 r  u_fp_domain/u_CORTEXM3INTEGRATION/u_cortexm3ds_logic/H9doz6_reg/Q
                         net (fo=6, routed)           0.347    10.648    u_fp_domain/u_CORTEXM3INTEGRATION/u_cortexm3ds_logic/H9doz6
    SLICE_X103Y83        LUT5 (Prop_F6LUT_SLICEM_I3_O)
                                                      0.192    10.840 f  u_fp_domain/u_CORTEXM3INTEGRATION/u_cortexm3ds_logic/K2roz6_i_2/O
                         net (fo=34, routed)          0.320    11.160    u_fp_domain/u_CORTEXM3INTEGRATION/u_cortexm3ds_logic/Uia7z6
    SLICE_X101Y81        LUT2 (Prop_D5LUT_SLICEM_I0_O)
                                                      0.136    11.296 r  u_fp_domain/u_CORTEXM3INTEGRATION/u_cortexm3ds_logic/Y3roz6_i_3/O
                         net (fo=11, routed)          0.574    11.870    u_fp_domain/u_CORTEXM3INTEGRATION/u_cortexm3ds_logic/Y3roz6_i_3_n_0
    SLICE_X101Y83        LUT6 (Prop_B6LUT_SLICEM_I5_O)
                                                      0.119    11.989 f  u_fp_domain/u_CORTEXM3INTEGRATION/u_cortexm3ds_logic/Yrooz6_i_3/O
                         net (fo=5, routed)           0.444    12.433    u_fp_domain/u_CORTEXM3INTEGRATION/u_cortexm3ds_logic/Yrooz6_i_3_n_0
    SLICE_X102Y86        LUT6 (Prop_G6LUT_SLICEL_I5_O)
                                                      0.116    12.549 f  u_fp_domain/u_CORTEXM3INTEGRATION/u_cortexm3ds_logic/Uchoz6_i_2/O
                         net (fo=2, routed)           0.413    12.962    u_fp_domain/u_CORTEXM3INTEGRATION/u_cortexm3ds_logic/Uchoz6_i_2_n_0
    SLICE_X101Y86        LUT5 (Prop_D6LUT_SLICEM_I4_O)
                                                      0.118    13.080 r  u_fp_domain/u_CORTEXM3INTEGRATION/u_cortexm3ds_logic/Nbeoz6_i_7/O
                         net (fo=1, routed)           0.067    13.147    u_fp_domain/u_CORTEXM3INTEGRATION/u_cortexm3ds_logic/Nbeoz6_i_7_n_0
    SLICE_X101Y86        LUT4 (Prop_E6LUT_SLICEM_I3_O)
                                                      0.040    13.187 f  u_fp_domain/u_CORTEXM3INTEGRATION/u_cortexm3ds_logic/Nbeoz6_i_2/O
                         net (fo=3, routed)           0.291    13.478    u_fp_domain/u_CORTEXM3INTEGRATION/u_cortexm3ds_logic/Nbeoz6_i_2_n_0
    SLICE_X102Y84        LUT6 (Prop_H6LUT_SLICEL_I0_O)
                                                      0.172    13.650 r  u_fp_domain/u_CORTEXM3INTEGRATION/u_cortexm3ds_logic/Uw1g07_i_3/O
                         net (fo=2, routed)           0.145    13.795    u_fp_domain/u_CORTEXM3INTEGRATION/u_cortexm3ds_logic/Uw1g07_i_3_n_0
    SLICE_X102Y85        LUT6 (Prop_H6LUT_SLICEL_I0_O)
                                                      0.040    13.835 f  u_fp_domain/u_CORTEXM3INTEGRATION/u_cortexm3ds_logic/Imhoz6_i_2/O
                         net (fo=4, routed)           0.129    13.964    u_fp_domain/u_CORTEXM3INTEGRATION/u_cortexm3ds_logic/Imhoz6_i_2_n_0
    SLICE_X102Y85        LUT4 (Prop_B6LUT_SLICEL_I2_O)
                                                      0.116    14.080 r  u_fp_domain/u_CORTEXM3INTEGRATION/u_cortexm3ds_logic/Imhoz6_i_1/O
                         net (fo=22, routed)          1.209    15.289    u_fp_domain/u_CORTEXM3INTEGRATION/u_cortexm3ds_logic/Imhoz6_i_1_n_0
    SLICE_X100Y92        FDCE                                         r  u_fp_domain/u_CORTEXM3INTEGRATION/u_cortexm3ds_logic/Dqooz6_reg/CE
  -------------------------------------------------------------------    -------------------

                         (clock jtag_tck rise edge)
                                                    200.000   200.000 r  
    AH12                                              0.000   200.000 r  TCK (IN)
                         net (fo=0)                   0.000   200.000    TCK_IBUF_inst/I
    AH12                 INBUF (Prop_INBUF_HRIO_PAD_O)
                                                      0.660   200.660 r  TCK_IBUF_inst/INBUF_INST/O
                         net (fo=1, routed)           0.059   200.719    TCK_IBUF_inst/OUT
    AH12                 IBUFCTRL (Prop_IBUFCTRL_HRIO_I_O)
                                                      0.032   200.751 r  TCK_IBUF_inst/IBUFCTRL_INST/O
                         net (fo=1, routed)           4.896   205.647    TCK_IBUF
    BUFGCE_X1Y96         BUFGCE (Prop_BUFCE_BUFGCE_I_O)
                                                      0.075   205.722 r  TCK_IBUF_BUFG_inst/O
    X4Y1 (CLOCK_ROOT)    net (fo=327, routed)         2.707   208.429    u_fp_domain/u_CORTEXM3INTEGRATION/u_cortexm3ds_logic/TCK_IBUF_BUFG
    SLICE_X100Y92        FDCE                                         r  u_fp_domain/u_CORTEXM3INTEGRATION/u_cortexm3ds_logic/Dqooz6_reg/C
                         clock pessimism              1.610   210.039    
                         clock uncertainty           -0.035   210.004    
    SLICE_X100Y92        FDCE (Setup_HFF2_SLICEM_C_CE)
                                                     -0.050   209.954    u_fp_domain/u_CORTEXM3INTEGRATION/u_cortexm3ds_logic/Dqooz6_reg
  -------------------------------------------------------------------
                         required time                        209.954    
                         arrival time                         -15.289    
  -------------------------------------------------------------------
                         slack                                194.665    





Min Delay Paths
--------------------------------------------------------------------------------------
Slack (MET) :             0.045ns  (arrival time - required time)
  Source:                 u_fp_domain/u_CORTEXM3INTEGRATION/u_cortexm3ds_logic/Tctzz6_reg/C
                            (rising edge-triggered cell FDCE clocked by jtag_tck  {rise@0.000ns fall@100.000ns period=200.000ns})
  Destination:            u_fp_domain/u_CORTEXM3INTEGRATION/u_cortexm3ds_logic/Edeoz6_reg/D
                            (rising edge-triggered cell FDRE clocked by jtag_tck  {rise@0.000ns fall@100.000ns period=200.000ns})
  Path Group:             jtag_tck
  Path Type:              Hold (Min at Fast Process Corner)
  Requirement:            0.000ns  (jtag_tck rise@0.000ns - jtag_tck rise@0.000ns)
  Data Path Delay:        0.143ns  (logic 0.093ns (65.035%)  route 0.050ns (34.965%))
  Logic Levels:           1  (LUT5=1)
  Clock Path Skew:        0.042ns (DCD - SCD - CPR)
    Destination Clock Delay (DCD):    6.540ns
    Source Clock Delay      (SCD):    4.935ns
    Clock Pessimism Removal (CPR):    1.563ns
  Clock Net Delay (Source):      1.387ns (routing 0.886ns, distribution 0.501ns)
  Clock Net Delay (Destination): 1.616ns (routing 0.988ns, distribution 0.628ns)

    Location             Delay type                Incr(ns)  Path(ns)    Netlist Resource(s)
  -------------------------------------------------------------------    -------------------
                         (clock jtag_tck rise edge)
                                                      0.000     0.000 r  
    AH12                                              0.000     0.000 r  TCK (IN)
                         net (fo=0)                   0.000     0.000    TCK_IBUF_inst/I
    AH12                 INBUF (Prop_INBUF_HRIO_PAD_O)
                                                      0.567     0.567 r  TCK_IBUF_inst/INBUF_INST/O
                         net (fo=1, routed)           0.025     0.592    TCK_IBUF_inst/OUT
    AH12                 IBUFCTRL (Prop_IBUFCTRL_HRIO_I_O)
                                                      0.015     0.607 r  TCK_IBUF_inst/IBUFCTRL_INST/O
                         net (fo=1, routed)           2.914     3.521    TCK_IBUF
    BUFGCE_X1Y96         BUFGCE (Prop_BUFCE_BUFGCE_I_O)
                                                      0.027     3.548 r  TCK_IBUF_BUFG_inst/O
    X4Y1 (CLOCK_ROOT)    net (fo=327, routed)         1.387     4.935    u_fp_domain/u_CORTEXM3INTEGRATION/u_cortexm3ds_logic/TCK_IBUF_BUFG
    SLICE_X102Y90        FDCE                                         r  u_fp_domain/u_CORTEXM3INTEGRATION/u_cortexm3ds_logic/Tctzz6_reg/C
  -------------------------------------------------------------------    -------------------
    SLICE_X102Y90        FDCE (Prop_HFF2_SLICEL_C_Q)
                                                      0.048     4.983 r  u_fp_domain/u_CORTEXM3INTEGRATION/u_cortexm3ds_logic/Tctzz6_reg/Q
                         net (fo=1, routed)           0.034     5.017    u_fp_domain/u_CORTEXM3INTEGRATION/u_cortexm3ds_logic/Tctzz6
    SLICE_X102Y90        LUT5 (Prop_D6LUT_SLICEL_I3_O)
                                                      0.045     5.062 r  u_fp_domain/u_CORTEXM3INTEGRATION/u_cortexm3ds_logic/Edeoz6_i_1/O
                         net (fo=1, routed)           0.016     5.078    u_fp_domain/u_CORTEXM3INTEGRATION/u_cortexm3ds_logic/Ymh8v6
    SLICE_X102Y90        FDRE                                         r  u_fp_domain/u_CORTEXM3INTEGRATION/u_cortexm3ds_logic/Edeoz6_reg/D
  -------------------------------------------------------------------    -------------------

                         (clock jtag_tck rise edge)
                                                      0.000     0.000 r  
    AH12                                              0.000     0.000 r  TCK (IN)
                         net (fo=0)                   0.000     0.000    TCK_IBUF_inst/I
    AH12                 INBUF (Prop_INBUF_HRIO_PAD_O)
                                                      0.943     0.943 r  TCK_IBUF_inst/INBUF_INST/O
                         net (fo=1, routed)           0.042     0.985    TCK_IBUF_inst/OUT
    AH12                 IBUFCTRL (Prop_IBUFCTRL_HRIO_I_O)
                                                      0.022     1.007 r  TCK_IBUF_inst/IBUFCTRL_INST/O
                         net (fo=1, routed)           3.886     4.893    TCK_IBUF
    BUFGCE_X1Y96         BUFGCE (Prop_BUFCE_BUFGCE_I_O)
                                                      0.031     4.924 r  TCK_IBUF_BUFG_inst/O
    X4Y1 (CLOCK_ROOT)    net (fo=327, routed)         1.616     6.540    u_fp_domain/u_CORTEXM3INTEGRATION/u_cortexm3ds_logic/TCK_IBUF_BUFG
    SLICE_X102Y90        FDRE                                         r  u_fp_domain/u_CORTEXM3INTEGRATION/u_cortexm3ds_logic/Edeoz6_reg/C
                         clock pessimism             -1.563     4.977    
    SLICE_X102Y90        FDRE (Hold_DFF_SLICEL_C_D)
                                                      0.056     5.033    u_fp_domain/u_CORTEXM3INTEGRATION/u_cortexm3ds_logic/Edeoz6_reg
  -------------------------------------------------------------------
                         required time                         -5.033    
                         arrival time                           5.078    
  -------------------------------------------------------------------
                         slack                                  0.045    

Slack (MET) :             0.047ns  (arrival time - required time)
  Source:                 u_fp_domain/u_CORTEXM3INTEGRATION/u_cortexm3ds_logic/Scwf07_reg/C
                            (rising edge-triggered cell FDCE clocked by jtag_tck  {rise@0.000ns fall@100.000ns period=200.000ns})
  Destination:            u_fp_domain/u_CORTEXM3INTEGRATION/u_cortexm3ds_logic/Z9dzz6_reg/D
                            (rising edge-triggered cell FDRE clocked by jtag_tck  {rise@0.000ns fall@100.000ns period=200.000ns})
  Path Group:             jtag_tck
  Path Type:              Hold (Min at Fast Process Corner)
  Requirement:            0.000ns  (jtag_tck rise@0.000ns - jtag_tck rise@0.000ns)
  Data Path Delay:        0.144ns  (logic 0.093ns (64.583%)  route 0.051ns (35.417%))
  Logic Levels:           1  (LUT5=1)
  Clock Path Skew:        0.041ns (DCD - SCD - CPR)
    Destination Clock Delay (DCD):    6.550ns
    Source Clock Delay      (SCD):    4.945ns
    Clock Pessimism Removal (CPR):    1.564ns
  Clock Net Delay (Source):      1.397ns (routing 0.886ns, distribution 0.511ns)
  Clock Net Delay (Destination): 1.626ns (routing 0.988ns, distribution 0.638ns)

    Location             Delay type                Incr(ns)  Path(ns)    Netlist Resource(s)
  -------------------------------------------------------------------    -------------------
                         (clock jtag_tck rise edge)
                                                      0.000     0.000 r  
    AH12                                              0.000     0.000 r  TCK (IN)
                         net (fo=0)                   0.000     0.000    TCK_IBUF_inst/I
    AH12                 INBUF (Prop_INBUF_HRIO_PAD_O)
                                                      0.567     0.567 r  TCK_IBUF_inst/INBUF_INST/O
                         net (fo=1, routed)           0.025     0.592    TCK_IBUF_inst/OUT
    AH12                 IBUFCTRL (Prop_IBUFCTRL_HRIO_I_O)
                                                      0.015     0.607 r  TCK_IBUF_inst/IBUFCTRL_INST/O
                         net (fo=1, routed)           2.914     3.521    TCK_IBUF
    BUFGCE_X1Y96         BUFGCE (Prop_BUFCE_BUFGCE_I_O)
                                                      0.027     3.548 r  TCK_IBUF_BUFG_inst/O
    X4Y1 (CLOCK_ROOT)    net (fo=327, routed)         1.397     4.945    u_fp_domain/u_CORTEXM3INTEGRATION/u_cortexm3ds_logic/TCK_IBUF_BUFG
    SLICE_X101Y95        FDCE                                         r  u_fp_domain/u_CORTEXM3INTEGRATION/u_cortexm3ds_logic/Scwf07_reg/C
  -------------------------------------------------------------------    -------------------
    SLICE_X101Y95        FDCE (Prop_HFF2_SLICEM_C_Q)
                                                      0.048     4.993 r  u_fp_domain/u_CORTEXM3INTEGRATION/u_cortexm3ds_logic/Scwf07_reg/Q
                         net (fo=1, routed)           0.035     5.028    u_fp_domain/u_CORTEXM3INTEGRATION/u_cortexm3ds_logic/Scwf07
    SLICE_X101Y95        LUT5 (Prop_C6LUT_SLICEM_I3_O)
                                                      0.045     5.073 r  u_fp_domain/u_CORTEXM3INTEGRATION/u_cortexm3ds_logic/Z9dzz6_i_1/O
                         net (fo=1, routed)           0.016     5.089    u_fp_domain/u_CORTEXM3INTEGRATION/u_cortexm3ds_logic/Nkh8v6
    SLICE_X101Y95        FDRE                                         r  u_fp_domain/u_CORTEXM3INTEGRATION/u_cortexm3ds_logic/Z9dzz6_reg/D
  -------------------------------------------------------------------    -------------------

                         (clock jtag_tck rise edge)
                                                      0.000     0.000 r  
    AH12                                              0.000     0.000 r  TCK (IN)
                         net (fo=0)                   0.000     0.000    TCK_IBUF_inst/I
    AH12                 INBUF (Prop_INBUF_HRIO_PAD_O)
                                                      0.943     0.943 r  TCK_IBUF_inst/INBUF_INST/O
                         net (fo=1, routed)           0.042     0.985    TCK_IBUF_inst/OUT
    AH12                 IBUFCTRL (Prop_IBUFCTRL_HRIO_I_O)
                                                      0.022     1.007 r  TCK_IBUF_inst/IBUFCTRL_INST/O
                         net (fo=1, routed)           3.886     4.893    TCK_IBUF
    BUFGCE_X1Y96         BUFGCE (Prop_BUFCE_BUFGCE_I_O)
                                                      0.031     4.924 r  TCK_IBUF_BUFG_inst/O
    X4Y1 (CLOCK_ROOT)    net (fo=327, routed)         1.626     6.550    u_fp_domain/u_CORTEXM3INTEGRATION/u_cortexm3ds_logic/TCK_IBUF_BUFG
    SLICE_X101Y95        FDRE                                         r  u_fp_domain/u_CORTEXM3INTEGRATION/u_cortexm3ds_logic/Z9dzz6_reg/C
                         clock pessimism             -1.564     4.986    
    SLICE_X101Y95        FDRE (Hold_CFF_SLICEM_C_D)
                                                      0.056     5.042    u_fp_domain/u_CORTEXM3INTEGRATION/u_cortexm3ds_logic/Z9dzz6_reg
  -------------------------------------------------------------------
                         required time                         -5.042    
                         arrival time                           5.089    
  -------------------------------------------------------------------
                         slack                                  0.047    

Slack (MET) :             0.047ns  (arrival time - required time)
  Source:                 u_fp_domain/u_CORTEXM3INTEGRATION/u_cortexm3ds_logic/Iouzz6_reg/C
                            (rising edge-triggered cell FDRE clocked by jtag_tck  {rise@0.000ns fall@100.000ns period=200.000ns})
  Destination:            u_fp_domain/u_CORTEXM3INTEGRATION/u_cortexm3ds_logic/Aquzz6_reg/D
                            (rising edge-triggered cell FDCE clocked by jtag_tck  {rise@0.000ns fall@100.000ns period=200.000ns})
  Path Group:             jtag_tck
  Path Type:              Hold (Min at Fast Process Corner)
  Requirement:            0.000ns  (jtag_tck rise@0.000ns - jtag_tck rise@0.000ns)
  Data Path Delay:        0.157ns  (logic 0.049ns (31.210%)  route 0.108ns (68.790%))
  Logic Levels:           0  
  Clock Path Skew:        0.054ns (DCD - SCD - CPR)
    Destination Clock Delay (DCD):    6.546ns
    Source Clock Delay      (SCD):    4.938ns
    Clock Pessimism Removal (CPR):    1.554ns
  Clock Net Delay (Source):      1.390ns (routing 0.886ns, distribution 0.504ns)
  Clock Net Delay (Destination): 1.622ns (routing 0.988ns, distribution 0.634ns)

    Location             Delay type                Incr(ns)  Path(ns)    Netlist Resource(s)
  -------------------------------------------------------------------    -------------------
                         (clock jtag_tck rise edge)
                                                      0.000     0.000 r  
    AH12                                              0.000     0.000 r  TCK (IN)
                         net (fo=0)                   0.000     0.000    TCK_IBUF_inst/I
    AH12                 INBUF (Prop_INBUF_HRIO_PAD_O)
                                                      0.567     0.567 r  TCK_IBUF_inst/INBUF_INST/O
                         net (fo=1, routed)           0.025     0.592    TCK_IBUF_inst/OUT
    AH12                 IBUFCTRL (Prop_IBUFCTRL_HRIO_I_O)
                                                      0.015     0.607 r  TCK_IBUF_inst/IBUFCTRL_INST/O
                         net (fo=1, routed)           2.914     3.521    TCK_IBUF
    BUFGCE_X1Y96         BUFGCE (Prop_BUFCE_BUFGCE_I_O)
                                                      0.027     3.548 r  TCK_IBUF_BUFG_inst/O
    X4Y1 (CLOCK_ROOT)    net (fo=327, routed)         1.390     4.938    u_fp_domain/u_CORTEXM3INTEGRATION/u_cortexm3ds_logic/TCK_IBUF_BUFG
    SLICE_X101Y92        FDRE                                         r  u_fp_domain/u_CORTEXM3INTEGRATION/u_cortexm3ds_logic/Iouzz6_reg/C
  -------------------------------------------------------------------    -------------------
    SLICE_X101Y92        FDRE (Prop_DFF_SLICEM_C_Q)
                                                      0.049     4.987 r  u_fp_domain/u_CORTEXM3INTEGRATION/u_cortexm3ds_logic/Iouzz6_reg/Q
                         net (fo=4, routed)           0.108     5.095    u_fp_domain/u_CORTEXM3INTEGRATION/u_cortexm3ds_logic/Iouzz6
    SLICE_X101Y93        FDCE                                         r  u_fp_domain/u_CORTEXM3INTEGRATION/u_cortexm3ds_logic/Aquzz6_reg/D
  -------------------------------------------------------------------    -------------------

                         (clock jtag_tck rise edge)
                                                      0.000     0.000 r  
    AH12                                              0.000     0.000 r  TCK (IN)
                         net (fo=0)                   0.000     0.000    TCK_IBUF_inst/I
    AH12                 INBUF (Prop_INBUF_HRIO_PAD_O)
                                                      0.943     0.943 r  TCK_IBUF_inst/INBUF_INST/O
                         net (fo=1, routed)           0.042     0.985    TCK_IBUF_inst/OUT
    AH12                 IBUFCTRL (Prop_IBUFCTRL_HRIO_I_O)
                                                      0.022     1.007 r  TCK_IBUF_inst/IBUFCTRL_INST/O
                         net (fo=1, routed)           3.886     4.893    TCK_IBUF
    BUFGCE_X1Y96         BUFGCE (Prop_BUFCE_BUFGCE_I_O)
                                                      0.031     4.924 r  TCK_IBUF_BUFG_inst/O
    X4Y1 (CLOCK_ROOT)    net (fo=327, routed)         1.622     6.546    u_fp_domain/u_CORTEXM3INTEGRATION/u_cortexm3ds_logic/TCK_IBUF_BUFG
    SLICE_X101Y93        FDCE                                         r  u_fp_domain/u_CORTEXM3INTEGRATION/u_cortexm3ds_logic/Aquzz6_reg/C
                         clock pessimism             -1.554     4.991    
    SLICE_X101Y93        FDCE (Hold_DFF2_SLICEM_C_D)
                                                      0.056     5.047    u_fp_domain/u_CORTEXM3INTEGRATION/u_cortexm3ds_logic/Aquzz6_reg
  -------------------------------------------------------------------
                         required time                         -5.047    
                         arrival time                           5.095    
  -------------------------------------------------------------------
                         slack                                  0.047    

Slack (MET) :             0.049ns  (arrival time - required time)
  Source:                 u_fp_domain/u_CORTEXM3INTEGRATION/u_cortexm3ds_logic/Bzsoz6_reg/C
                            (rising edge-triggered cell FDCE clocked by jtag_tck  {rise@0.000ns fall@100.000ns period=200.000ns})
  Destination:            u_fp_domain/u_CORTEXM3INTEGRATION/u_cortexm3ds_logic/Ivsoz6_reg/D
                            (rising edge-triggered cell FDRE clocked by jtag_tck  {rise@0.000ns fall@100.000ns period=200.000ns})
  Path Group:             jtag_tck
  Path Type:              Hold (Min at Fast Process Corner)
  Requirement:            0.000ns  (jtag_tck rise@0.000ns - jtag_tck rise@0.000ns)
  Data Path Delay:        0.146ns  (logic 0.093ns (63.699%)  route 0.053ns (36.301%))
  Logic Levels:           1  (LUT4=1)
  Clock Path Skew:        0.041ns (DCD - SCD - CPR)
    Destination Clock Delay (DCD):    6.546ns
    Source Clock Delay      (SCD):    4.942ns
    Clock Pessimism Removal (CPR):    1.563ns
  Clock Net Delay (Source):      1.394ns (routing 0.886ns, distribution 0.508ns)
  Clock Net Delay (Destination): 1.622ns (routing 0.988ns, distribution 0.634ns)

    Location             Delay type                Incr(ns)  Path(ns)    Netlist Resource(s)
  -------------------------------------------------------------------    -------------------
                         (clock jtag_tck rise edge)
                                                      0.000     0.000 r  
    AH12                                              0.000     0.000 r  TCK (IN)
                         net (fo=0)                   0.000     0.000    TCK_IBUF_inst/I
    AH12                 INBUF (Prop_INBUF_HRIO_PAD_O)
                                                      0.567     0.567 r  TCK_IBUF_inst/INBUF_INST/O
                         net (fo=1, routed)           0.025     0.592    TCK_IBUF_inst/OUT
    AH12                 IBUFCTRL (Prop_IBUFCTRL_HRIO_I_O)
                                                      0.015     0.607 r  TCK_IBUF_inst/IBUFCTRL_INST/O
                         net (fo=1, routed)           2.914     3.521    TCK_IBUF
    BUFGCE_X1Y96         BUFGCE (Prop_BUFCE_BUFGCE_I_O)
                                                      0.027     3.548 r  TCK_IBUF_BUFG_inst/O
    X4Y1 (CLOCK_ROOT)    net (fo=327, routed)         1.394     4.942    u_fp_domain/u_CORTEXM3INTEGRATION/u_cortexm3ds_logic/TCK_IBUF_BUFG
    SLICE_X103Y92        FDCE                                         r  u_fp_domain/u_CORTEXM3INTEGRATION/u_cortexm3ds_logic/Bzsoz6_reg/C
  -------------------------------------------------------------------    -------------------
    SLICE_X103Y92        FDCE (Prop_HFF2_SLICEM_C_Q)
                                                      0.048     4.990 r  u_fp_domain/u_CORTEXM3INTEGRATION/u_cortexm3ds_logic/Bzsoz6_reg/Q
                         net (fo=5, routed)           0.037     5.027    u_fp_domain/u_CORTEXM3INTEGRATION/u_cortexm3ds_logic/Bzsoz6
    SLICE_X103Y92        LUT4 (Prop_C6LUT_SLICEM_I1_O)
                                                      0.045     5.072 r  u_fp_domain/u_CORTEXM3INTEGRATION/u_cortexm3ds_logic/Ivsoz6_i_1/O
                         net (fo=1, routed)           0.016     5.088    u_fp_domain/u_CORTEXM3INTEGRATION/u_cortexm3ds_logic/Hoh8v6
    SLICE_X103Y92        FDRE                                         r  u_fp_domain/u_CORTEXM3INTEGRATION/u_cortexm3ds_logic/Ivsoz6_reg/D
  -------------------------------------------------------------------    -------------------

                         (clock jtag_tck rise edge)
                                                      0.000     0.000 r  
    AH12                                              0.000     0.000 r  TCK (IN)
                         net (fo=0)                   0.000     0.000    TCK_IBUF_inst/I
    AH12                 INBUF (Prop_INBUF_HRIO_PAD_O)
                                                      0.943     0.943 r  TCK_IBUF_inst/INBUF_INST/O
                         net (fo=1, routed)           0.042     0.985    TCK_IBUF_inst/OUT
    AH12                 IBUFCTRL (Prop_IBUFCTRL_HRIO_I_O)
                                                      0.022     1.007 r  TCK_IBUF_inst/IBUFCTRL_INST/O
                         net (fo=1, routed)           3.886     4.893    TCK_IBUF
    BUFGCE_X1Y96         BUFGCE (Prop_BUFCE_BUFGCE_I_O)
                                                      0.031     4.924 r  TCK_IBUF_BUFG_inst/O
    X4Y1 (CLOCK_ROOT)    net (fo=327, routed)         1.622     6.546    u_fp_domain/u_CORTEXM3INTEGRATION/u_cortexm3ds_logic/TCK_IBUF_BUFG
    SLICE_X103Y92        FDRE                                         r  u_fp_domain/u_CORTEXM3INTEGRATION/u_cortexm3ds_logic/Ivsoz6_reg/C
                         clock pessimism             -1.563     4.983    
    SLICE_X103Y92        FDRE (Hold_CFF_SLICEM_C_D)
                                                      0.056     5.039    u_fp_domain/u_CORTEXM3INTEGRATION/u_cortexm3ds_logic/Ivsoz6_reg
  -------------------------------------------------------------------
                         required time                         -5.039    
                         arrival time                           5.088    
  -------------------------------------------------------------------
                         slack                                  0.049    

Slack (MET) :             0.049ns  (arrival time - required time)
  Source:                 u_fp_domain/u_CORTEXM3INTEGRATION/u_cortexm3ds_logic/Qi1g07_reg/C
                            (rising edge-triggered cell FDCE clocked by jtag_tck  {rise@0.000ns fall@100.000ns period=200.000ns})
  Destination:            u_fp_domain/u_CORTEXM3INTEGRATION/u_cortexm3ds_logic/Lxqoz6_reg/D
                            (rising edge-triggered cell FDRE clocked by jtag_tck  {rise@0.000ns fall@100.000ns period=200.000ns})
  Path Group:             jtag_tck
  Path Type:              Hold (Min at Fast Process Corner)
  Requirement:            0.000ns  (jtag_tck rise@0.000ns - jtag_tck rise@0.000ns)
  Data Path Delay:        0.147ns  (logic 0.063ns (42.857%)  route 0.084ns (57.143%))
  Logic Levels:           1  (LUT4=1)
  Clock Path Skew:        0.042ns (DCD - SCD - CPR)
    Destination Clock Delay (DCD):    6.545ns
    Source Clock Delay      (SCD):    4.940ns
    Clock Pessimism Removal (CPR):    1.563ns
  Clock Net Delay (Source):      1.392ns (routing 0.886ns, distribution 0.506ns)
  Clock Net Delay (Destination): 1.621ns (routing 0.988ns, distribution 0.633ns)

    Location             Delay type                Incr(ns)  Path(ns)    Netlist Resource(s)
  -------------------------------------------------------------------    -------------------
                         (clock jtag_tck rise edge)
                                                      0.000     0.000 r  
    AH12                                              0.000     0.000 r  TCK (IN)
                         net (fo=0)                   0.000     0.000    TCK_IBUF_inst/I
    AH12                 INBUF (Prop_INBUF_HRIO_PAD_O)
                                                      0.567     0.567 r  TCK_IBUF_inst/INBUF_INST/O
                         net (fo=1, routed)           0.025     0.592    TCK_IBUF_inst/OUT
    AH12                 IBUFCTRL (Prop_IBUFCTRL_HRIO_I_O)
                                                      0.015     0.607 r  TCK_IBUF_inst/IBUFCTRL_INST/O
                         net (fo=1, routed)           2.914     3.521    TCK_IBUF
    BUFGCE_X1Y96         BUFGCE (Prop_BUFCE_BUFGCE_I_O)
                                                      0.027     3.548 r  TCK_IBUF_BUFG_inst/O
    X4Y1 (CLOCK_ROOT)    net (fo=327, routed)         1.392     4.940    u_fp_domain/u_CORTEXM3INTEGRATION/u_cortexm3ds_logic/TCK_IBUF_BUFG
    SLICE_X102Y93        FDCE                                         r  u_fp_domain/u_CORTEXM3INTEGRATION/u_cortexm3ds_logic/Qi1g07_reg/C
  -------------------------------------------------------------------    -------------------
    SLICE_X102Y93        FDCE (Prop_HFF_SLICEL_C_Q)
                                                      0.048     4.988 r  u_fp_domain/u_CORTEXM3INTEGRATION/u_cortexm3ds_logic/Qi1g07_reg/Q
                         net (fo=2, routed)           0.069     5.057    u_fp_domain/u_CORTEXM3INTEGRATION/u_cortexm3ds_logic/Qi1g07
    SLICE_X102Y93        LUT4 (Prop_B6LUT_SLICEL_I1_O)
                                                      0.015     5.072 r  u_fp_domain/u_CORTEXM3INTEGRATION/u_cortexm3ds_logic/Lxqoz6_i_1/O
                         net (fo=1, routed)           0.015     5.087    u_fp_domain/u_CORTEXM3INTEGRATION/u_cortexm3ds_logic/Dmh8v6
    SLICE_X102Y93        FDRE                                         r  u_fp_domain/u_CORTEXM3INTEGRATION/u_cortexm3ds_logic/Lxqoz6_reg/D
  -------------------------------------------------------------------    -------------------

                         (clock jtag_tck rise edge)
                                                      0.000     0.000 r  
    AH12                                              0.000     0.000 r  TCK (IN)
                         net (fo=0)                   0.000     0.000    TCK_IBUF_inst/I
    AH12                 INBUF (Prop_INBUF_HRIO_PAD_O)
                                                      0.943     0.943 r  TCK_IBUF_inst/INBUF_INST/O
                         net (fo=1, routed)           0.042     0.985    TCK_IBUF_inst/OUT
    AH12                 IBUFCTRL (Prop_IBUFCTRL_HRIO_I_O)
                                                      0.022     1.007 r  TCK_IBUF_inst/IBUFCTRL_INST/O
                         net (fo=1, routed)           3.886     4.893    TCK_IBUF
    BUFGCE_X1Y96         BUFGCE (Prop_BUFCE_BUFGCE_I_O)
                                                      0.031     4.924 r  TCK_IBUF_BUFG_inst/O
    X4Y1 (CLOCK_ROOT)    net (fo=327, routed)         1.621     6.545    u_fp_domain/u_CORTEXM3INTEGRATION/u_cortexm3ds_logic/TCK_IBUF_BUFG
    SLICE_X102Y93        FDRE                                         r  u_fp_domain/u_CORTEXM3INTEGRATION/u_cortexm3ds_logic/Lxqoz6_reg/C
                         clock pessimism             -1.563     4.982    
    SLICE_X102Y93        FDRE (Hold_BFF_SLICEL_C_D)
                                                      0.056     5.038    u_fp_domain/u_CORTEXM3INTEGRATION/u_cortexm3ds_logic/Lxqoz6_reg
  -------------------------------------------------------------------
                         required time                         -5.038    
                         arrival time                           5.087    
  -------------------------------------------------------------------
                         slack                                  0.049    

Slack (MET) :             0.049ns  (arrival time - required time)
  Source:                 u_fp_domain/u_CORTEXM3INTEGRATION/u_cortexm3ds_logic/Fpkzz6_reg/C
                            (rising edge-triggered cell FDCE clocked by jtag_tck  {rise@0.000ns fall@100.000ns period=200.000ns})
  Destination:            u_fp_domain/u_CORTEXM3INTEGRATION/u_cortexm3ds_logic/Zoizz6_reg/D
                            (rising edge-triggered cell FDCE clocked by jtag_tck  {rise@0.000ns fall@100.000ns period=200.000ns})
  Path Group:             jtag_tck
  Path Type:              Hold (Min at Fast Process Corner)
  Requirement:            0.000ns  (jtag_tck rise@0.000ns - jtag_tck rise@0.000ns)
  Data Path Delay:        0.147ns  (logic 0.063ns (42.857%)  route 0.084ns (57.143%))
  Logic Levels:           1  (LUT5=1)
  Clock Path Skew:        0.042ns (DCD - SCD - CPR)
    Destination Clock Delay (DCD):    6.545ns
    Source Clock Delay      (SCD):    4.940ns
    Clock Pessimism Removal (CPR):    1.563ns
  Clock Net Delay (Source):      1.392ns (routing 0.886ns, distribution 0.506ns)
  Clock Net Delay (Destination): 1.621ns (routing 0.988ns, distribution 0.633ns)

    Location             Delay type                Incr(ns)  Path(ns)    Netlist Resource(s)
  -------------------------------------------------------------------    -------------------
                         (clock jtag_tck rise edge)
                                                      0.000     0.000 r  
    AH12                                              0.000     0.000 r  TCK (IN)
                         net (fo=0)                   0.000     0.000    TCK_IBUF_inst/I
    AH12                 INBUF (Prop_INBUF_HRIO_PAD_O)
                                                      0.567     0.567 r  TCK_IBUF_inst/INBUF_INST/O
                         net (fo=1, routed)           0.025     0.592    TCK_IBUF_inst/OUT
    AH12                 IBUFCTRL (Prop_IBUFCTRL_HRIO_I_O)
                                                      0.015     0.607 r  TCK_IBUF_inst/IBUFCTRL_INST/O
                         net (fo=1, routed)           2.914     3.521    TCK_IBUF
    BUFGCE_X1Y96         BUFGCE (Prop_BUFCE_BUFGCE_I_O)
                                                      0.027     3.548 r  TCK_IBUF_BUFG_inst/O
    X4Y1 (CLOCK_ROOT)    net (fo=327, routed)         1.392     4.940    u_fp_domain/u_CORTEXM3INTEGRATION/u_cortexm3ds_logic/TCK_IBUF_BUFG
    SLICE_X104Y92        FDCE                                         r  u_fp_domain/u_CORTEXM3INTEGRATION/u_cortexm3ds_logic/Fpkzz6_reg/C
  -------------------------------------------------------------------    -------------------
    SLICE_X104Y92        FDCE (Prop_HFF_SLICEL_C_Q)
                                                      0.048     4.988 r  u_fp_domain/u_CORTEXM3INTEGRATION/u_cortexm3ds_logic/Fpkzz6_reg/Q
                         net (fo=4, routed)           0.069     5.057    u_fp_domain/u_CORTEXM3INTEGRATION/u_cortexm3ds_logic/Fpkzz6
    SLICE_X104Y92        LUT5 (Prop_B6LUT_SLICEL_I2_O)
                                                      0.015     5.072 r  u_fp_domain/u_CORTEXM3INTEGRATION/u_cortexm3ds_logic/Zoizz6_i_1/O
                         net (fo=1, routed)           0.015     5.087    u_fp_domain/u_CORTEXM3INTEGRATION/u_cortexm3ds_logic/D1h8v6
    SLICE_X104Y92        FDCE                                         r  u_fp_domain/u_CORTEXM3INTEGRATION/u_cortexm3ds_logic/Zoizz6_reg/D
  -------------------------------------------------------------------    -------------------

                         (clock jtag_tck rise edge)
                                                      0.000     0.000 r  
    AH12                                              0.000     0.000 r  TCK (IN)
                         net (fo=0)                   0.000     0.000    TCK_IBUF_inst/I
    AH12                 INBUF (Prop_INBUF_HRIO_PAD_O)
                                                      0.943     0.943 r  TCK_IBUF_inst/INBUF_INST/O
                         net (fo=1, routed)           0.042     0.985    TCK_IBUF_inst/OUT
    AH12                 IBUFCTRL (Prop_IBUFCTRL_HRIO_I_O)
                                                      0.022     1.007 r  TCK_IBUF_inst/IBUFCTRL_INST/O
                         net (fo=1, routed)           3.886     4.893    TCK_IBUF
    BUFGCE_X1Y96         BUFGCE (Prop_BUFCE_BUFGCE_I_O)
                                                      0.031     4.924 r  TCK_IBUF_BUFG_inst/O
    X4Y1 (CLOCK_ROOT)    net (fo=327, routed)         1.621     6.545    u_fp_domain/u_CORTEXM3INTEGRATION/u_cortexm3ds_logic/TCK_IBUF_BUFG
    SLICE_X104Y92        FDCE                                         r  u_fp_domain/u_CORTEXM3INTEGRATION/u_cortexm3ds_logic/Zoizz6_reg/C
                         clock pessimism             -1.563     4.982    
    SLICE_X104Y92        FDCE (Hold_BFF_SLICEL_C_D)
                                                      0.056     5.038    u_fp_domain/u_CORTEXM3INTEGRATION/u_cortexm3ds_logic/Zoizz6_reg
  -------------------------------------------------------------------
                         required time                         -5.038    
                         arrival time                           5.087    
  -------------------------------------------------------------------
                         slack                                  0.049    

Slack (MET) :             0.050ns  (arrival time - required time)
  Source:                 u_fp_domain/u_CORTEXM3INTEGRATION/u_cortexm3ds_logic/Xdqzz6_reg/C
                            (rising edge-triggered cell FDCE clocked by jtag_tck  {rise@0.000ns fall@100.000ns period=200.000ns})
  Destination:            u_fp_domain/u_CORTEXM3INTEGRATION/u_cortexm3ds_logic/Dzqoz6_reg/D
                            (rising edge-triggered cell FDRE clocked by jtag_tck  {rise@0.000ns fall@100.000ns period=200.000ns})
  Path Group:             jtag_tck
  Path Type:              Hold (Min at Fast Process Corner)
  Requirement:            0.000ns  (jtag_tck rise@0.000ns - jtag_tck rise@0.000ns)
  Data Path Delay:        0.147ns  (logic 0.095ns (64.626%)  route 0.052ns (35.374%))
  Logic Levels:           1  (LUT4=1)
  Clock Path Skew:        0.041ns (DCD - SCD - CPR)
    Destination Clock Delay (DCD):    6.546ns
    Source Clock Delay      (SCD):    4.942ns
    Clock Pessimism Removal (CPR):    1.563ns
  Clock Net Delay (Source):      1.394ns (routing 0.886ns, distribution 0.508ns)
  Clock Net Delay (Destination): 1.622ns (routing 0.988ns, distribution 0.634ns)

    Location             Delay type                Incr(ns)  Path(ns)    Netlist Resource(s)
  -------------------------------------------------------------------    -------------------
                         (clock jtag_tck rise edge)
                                                      0.000     0.000 r  
    AH12                                              0.000     0.000 r  TCK (IN)
                         net (fo=0)                   0.000     0.000    TCK_IBUF_inst/I
    AH12                 INBUF (Prop_INBUF_HRIO_PAD_O)
                                                      0.567     0.567 r  TCK_IBUF_inst/INBUF_INST/O
                         net (fo=1, routed)           0.025     0.592    TCK_IBUF_inst/OUT
    AH12                 IBUFCTRL (Prop_IBUFCTRL_HRIO_I_O)
                                                      0.015     0.607 r  TCK_IBUF_inst/IBUFCTRL_INST/O
                         net (fo=1, routed)           2.914     3.521    TCK_IBUF
    BUFGCE_X1Y96         BUFGCE (Prop_BUFCE_BUFGCE_I_O)
                                                      0.027     3.548 r  TCK_IBUF_BUFG_inst/O
    X4Y1 (CLOCK_ROOT)    net (fo=327, routed)         1.394     4.942    u_fp_domain/u_CORTEXM3INTEGRATION/u_cortexm3ds_logic/TCK_IBUF_BUFG
    SLICE_X103Y92        FDCE                                         r  u_fp_domain/u_CORTEXM3INTEGRATION/u_cortexm3ds_logic/Xdqzz6_reg/C
  -------------------------------------------------------------------    -------------------
    SLICE_X103Y92        FDCE (Prop_FFF_SLICEM_C_Q)
                                                      0.049     4.991 r  u_fp_domain/u_CORTEXM3INTEGRATION/u_cortexm3ds_logic/Xdqzz6_reg/Q
                         net (fo=1, routed)           0.036     5.027    u_fp_domain/u_CORTEXM3INTEGRATION/u_cortexm3ds_logic/Xdqzz6
    SLICE_X103Y92        LUT4 (Prop_D6LUT_SLICEM_I1_O)
                                                      0.046     5.073 r  u_fp_domain/u_CORTEXM3INTEGRATION/u_cortexm3ds_logic/Dzqoz6_i_1/O
                         net (fo=1, routed)           0.016     5.089    u_fp_domain/u_CORTEXM3INTEGRATION/u_cortexm3ds_logic/Kmh8v6
    SLICE_X103Y92        FDRE                                         r  u_fp_domain/u_CORTEXM3INTEGRATION/u_cortexm3ds_logic/Dzqoz6_reg/D
  -------------------------------------------------------------------    -------------------

                         (clock jtag_tck rise edge)
                                                      0.000     0.000 r  
    AH12                                              0.000     0.000 r  TCK (IN)
                         net (fo=0)                   0.000     0.000    TCK_IBUF_inst/I
    AH12                 INBUF (Prop_INBUF_HRIO_PAD_O)
                                                      0.943     0.943 r  TCK_IBUF_inst/INBUF_INST/O
                         net (fo=1, routed)           0.042     0.985    TCK_IBUF_inst/OUT
    AH12                 IBUFCTRL (Prop_IBUFCTRL_HRIO_I_O)
                                                      0.022     1.007 r  TCK_IBUF_inst/IBUFCTRL_INST/O
                         net (fo=1, routed)           3.886     4.893    TCK_IBUF
    BUFGCE_X1Y96         BUFGCE (Prop_BUFCE_BUFGCE_I_O)
                                                      0.031     4.924 r  TCK_IBUF_BUFG_inst/O
    X4Y1 (CLOCK_ROOT)    net (fo=327, routed)         1.622     6.546    u_fp_domain/u_CORTEXM3INTEGRATION/u_cortexm3ds_logic/TCK_IBUF_BUFG
    SLICE_X103Y92        FDRE                                         r  u_fp_domain/u_CORTEXM3INTEGRATION/u_cortexm3ds_logic/Dzqoz6_reg/C
                         clock pessimism             -1.563     4.983    
    SLICE_X103Y92        FDRE (Hold_DFF_SLICEM_C_D)
                                                      0.056     5.039    u_fp_domain/u_CORTEXM3INTEGRATION/u_cortexm3ds_logic/Dzqoz6_reg
  -------------------------------------------------------------------
                         required time                         -5.039    
                         arrival time                           5.089    
  -------------------------------------------------------------------
                         slack                                  0.050    

Slack (MET) :             0.050ns  (arrival time - required time)
  Source:                 u_fp_domain/u_CORTEXM3INTEGRATION/u_cortexm3ds_logic/Qfkzz6_reg/C
                            (rising edge-triggered cell FDCE clocked by jtag_tck  {rise@0.000ns fall@100.000ns period=200.000ns})
  Destination:            u_fp_domain/u_CORTEXM3INTEGRATION/u_cortexm3ds_logic/Rmeoz6_reg/D
                            (rising edge-triggered cell FDCE clocked by jtag_tck  {rise@0.000ns fall@100.000ns period=200.000ns})
  Path Group:             jtag_tck
  Path Type:              Hold (Min at Fast Process Corner)
  Requirement:            0.000ns  (jtag_tck rise@0.000ns - jtag_tck rise@0.000ns)
  Data Path Delay:        0.111ns  (logic 0.064ns (57.658%)  route 0.047ns (42.342%))
  Logic Levels:           1  (LUT5=1)
  Clock Path Skew:        0.005ns (DCD - SCD - CPR)
    Destination Clock Delay (DCD):    6.549ns
    Source Clock Delay      (SCD):    4.945ns
    Clock Pessimism Removal (CPR):    1.599ns
  Clock Net Delay (Source):      1.397ns (routing 0.886ns, distribution 0.511ns)
  Clock Net Delay (Destination): 1.625ns (routing 0.988ns, distribution 0.637ns)

    Location             Delay type                Incr(ns)  Path(ns)    Netlist Resource(s)
  -------------------------------------------------------------------    -------------------
                         (clock jtag_tck rise edge)
                                                      0.000     0.000 r  
    AH12                                              0.000     0.000 r  TCK (IN)
                         net (fo=0)                   0.000     0.000    TCK_IBUF_inst/I
    AH12                 INBUF (Prop_INBUF_HRIO_PAD_O)
                                                      0.567     0.567 r  TCK_IBUF_inst/INBUF_INST/O
                         net (fo=1, routed)           0.025     0.592    TCK_IBUF_inst/OUT
    AH12                 IBUFCTRL (Prop_IBUFCTRL_HRIO_I_O)
                                                      0.015     0.607 r  TCK_IBUF_inst/IBUFCTRL_INST/O
                         net (fo=1, routed)           2.914     3.521    TCK_IBUF
    BUFGCE_X1Y96         BUFGCE (Prop_BUFCE_BUFGCE_I_O)
                                                      0.027     3.548 r  TCK_IBUF_BUFG_inst/O
    X4Y1 (CLOCK_ROOT)    net (fo=327, routed)         1.397     4.945    u_fp_domain/u_CORTEXM3INTEGRATION/u_cortexm3ds_logic/TCK_IBUF_BUFG
    SLICE_X102Y95        FDCE                                         r  u_fp_domain/u_CORTEXM3INTEGRATION/u_cortexm3ds_logic/Qfkzz6_reg/C
  -------------------------------------------------------------------    -------------------
    SLICE_X102Y95        FDCE (Prop_DFF2_SLICEL_C_Q)
                                                      0.049     4.994 r  u_fp_domain/u_CORTEXM3INTEGRATION/u_cortexm3ds_logic/Qfkzz6_reg/Q
                         net (fo=2, routed)           0.035     5.029    u_fp_domain/u_CORTEXM3INTEGRATION/u_cortexm3ds_logic/Qfkzz6
    SLICE_X102Y95        LUT5 (Prop_A6LUT_SLICEL_I1_O)
                                                      0.015     5.044 r  u_fp_domain/u_CORTEXM3INTEGRATION/u_cortexm3ds_logic/Rmeoz6_i_1/O
                         net (fo=1, routed)           0.012     5.056    u_fp_domain/u_CORTEXM3INTEGRATION/u_cortexm3ds_logic/V3h8v6
    SLICE_X102Y95        FDCE                                         r  u_fp_domain/u_CORTEXM3INTEGRATION/u_cortexm3ds_logic/Rmeoz6_reg/D
  -------------------------------------------------------------------    -------------------

                         (clock jtag_tck rise edge)
                                                      0.000     0.000 r  
    AH12                                              0.000     0.000 r  TCK (IN)
                         net (fo=0)                   0.000     0.000    TCK_IBUF_inst/I
    AH12                 INBUF (Prop_INBUF_HRIO_PAD_O)
                                                      0.943     0.943 r  TCK_IBUF_inst/INBUF_INST/O
                         net (fo=1, routed)           0.042     0.985    TCK_IBUF_inst/OUT
    AH12                 IBUFCTRL (Prop_IBUFCTRL_HRIO_I_O)
                                                      0.022     1.007 r  TCK_IBUF_inst/IBUFCTRL_INST/O
                         net (fo=1, routed)           3.886     4.893    TCK_IBUF
    BUFGCE_X1Y96         BUFGCE (Prop_BUFCE_BUFGCE_I_O)
                                                      0.031     4.924 r  TCK_IBUF_BUFG_inst/O
    X4Y1 (CLOCK_ROOT)    net (fo=327, routed)         1.625     6.549    u_fp_domain/u_CORTEXM3INTEGRATION/u_cortexm3ds_logic/TCK_IBUF_BUFG
    SLICE_X102Y95        FDCE                                         r  u_fp_domain/u_CORTEXM3INTEGRATION/u_cortexm3ds_logic/Rmeoz6_reg/C
                         clock pessimism             -1.599     4.950    
    SLICE_X102Y95        FDCE (Hold_AFF_SLICEL_C_D)
                                                      0.056     5.006    u_fp_domain/u_CORTEXM3INTEGRATION/u_cortexm3ds_logic/Rmeoz6_reg
  -------------------------------------------------------------------
                         required time                         -5.006    
                         arrival time                           5.056    
  -------------------------------------------------------------------
                         slack                                  0.050    

Slack (MET) :             0.050ns  (arrival time - required time)
  Source:                 u_fp_domain/u_CORTEXM3INTEGRATION/u_cortexm3ds_logic/Xzdoz6_reg/C
                            (rising edge-triggered cell FDCE clocked by jtag_tck  {rise@0.000ns fall@100.000ns period=200.000ns})
  Destination:            u_fp_domain/u_CORTEXM3INTEGRATION/u_cortexm3ds_logic/Xzdoz6_reg/D
                            (rising edge-triggered cell FDCE clocked by jtag_tck  {rise@0.000ns fall@100.000ns period=200.000ns})
  Path Group:             jtag_tck
  Path Type:              Hold (Min at Fast Process Corner)
  Requirement:            0.000ns  (jtag_tck rise@0.000ns - jtag_tck rise@0.000ns)
  Data Path Delay:        0.111ns  (logic 0.064ns (57.658%)  route 0.047ns (42.342%))
  Logic Levels:           1  (LUT6=1)
  Clock Path Skew:        0.005ns (DCD - SCD - CPR)
    Destination Clock Delay (DCD):    6.524ns
    Source Clock Delay      (SCD):    4.929ns
    Clock Pessimism Removal (CPR):    1.590ns
  Clock Net Delay (Source):      1.381ns (routing 0.886ns, distribution 0.495ns)
  Clock Net Delay (Destination): 1.600ns (routing 0.988ns, distribution 0.612ns)

    Location             Delay type                Incr(ns)  Path(ns)    Netlist Resource(s)
  -------------------------------------------------------------------    -------------------
                         (clock jtag_tck rise edge)
                                                      0.000     0.000 r  
    AH12                                              0.000     0.000 r  TCK (IN)
                         net (fo=0)                   0.000     0.000    TCK_IBUF_inst/I
    AH12                 INBUF (Prop_INBUF_HRIO_PAD_O)
                                                      0.567     0.567 r  TCK_IBUF_inst/INBUF_INST/O
                         net (fo=1, routed)           0.025     0.592    TCK_IBUF_inst/OUT
    AH12                 IBUFCTRL (Prop_IBUFCTRL_HRIO_I_O)
                                                      0.015     0.607 r  TCK_IBUF_inst/IBUFCTRL_INST/O
                         net (fo=1, routed)           2.914     3.521    TCK_IBUF
    BUFGCE_X1Y96         BUFGCE (Prop_BUFCE_BUFGCE_I_O)
                                                      0.027     3.548 r  TCK_IBUF_BUFG_inst/O
    X4Y1 (CLOCK_ROOT)    net (fo=327, routed)         1.381     4.929    u_fp_domain/u_CORTEXM3INTEGRATION/u_cortexm3ds_logic/TCK_IBUF_BUFG
    SLICE_X99Y88         FDCE                                         r  u_fp_domain/u_CORTEXM3INTEGRATION/u_cortexm3ds_logic/Xzdoz6_reg/C
  -------------------------------------------------------------------    -------------------
    SLICE_X99Y88         FDCE (Prop_AFF_SLICEL_C_Q)
                                                      0.049     4.978 r  u_fp_domain/u_CORTEXM3INTEGRATION/u_cortexm3ds_logic/Xzdoz6_reg/Q
                         net (fo=3, routed)           0.035     5.013    u_fp_domain/u_CORTEXM3INTEGRATION/u_cortexm3ds_logic/Xzdoz6
    SLICE_X99Y88         LUT6 (Prop_A6LUT_SLICEL_I0_O)
                                                      0.015     5.028 r  u_fp_domain/u_CORTEXM3INTEGRATION/u_cortexm3ds_logic/Xzdoz6_i_1/O
                         net (fo=1, routed)           0.012     5.040    u_fp_domain/u_CORTEXM3INTEGRATION/u_cortexm3ds_logic/Qbh8v6
    SLICE_X99Y88         FDCE                                         r  u_fp_domain/u_CORTEXM3INTEGRATION/u_cortexm3ds_logic/Xzdoz6_reg/D
  -------------------------------------------------------------------    -------------------

                         (clock jtag_tck rise edge)
                                                      0.000     0.000 r  
    AH12                                              0.000     0.000 r  TCK (IN)
                         net (fo=0)                   0.000     0.000    TCK_IBUF_inst/I
    AH12                 INBUF (Prop_INBUF_HRIO_PAD_O)
                                                      0.943     0.943 r  TCK_IBUF_inst/INBUF_INST/O
                         net (fo=1, routed)           0.042     0.985    TCK_IBUF_inst/OUT
    AH12                 IBUFCTRL (Prop_IBUFCTRL_HRIO_I_O)
                                                      0.022     1.007 r  TCK_IBUF_inst/IBUFCTRL_INST/O
                         net (fo=1, routed)           3.886     4.893    TCK_IBUF
    BUFGCE_X1Y96         BUFGCE (Prop_BUFCE_BUFGCE_I_O)
                                                      0.031     4.924 r  TCK_IBUF_BUFG_inst/O
    X4Y1 (CLOCK_ROOT)    net (fo=327, routed)         1.600     6.524    u_fp_domain/u_CORTEXM3INTEGRATION/u_cortexm3ds_logic/TCK_IBUF_BUFG
    SLICE_X99Y88         FDCE                                         r  u_fp_domain/u_CORTEXM3INTEGRATION/u_cortexm3ds_logic/Xzdoz6_reg/C
                         clock pessimism             -1.590     4.934    
    SLICE_X99Y88         FDCE (Hold_AFF_SLICEL_C_D)
                                                      0.056     4.990    u_fp_domain/u_CORTEXM3INTEGRATION/u_cortexm3ds_logic/Xzdoz6_reg
  -------------------------------------------------------------------
                         required time                         -4.990    
                         arrival time                           5.040    
  -------------------------------------------------------------------
                         slack                                  0.050    

Slack (MET) :             0.050ns  (arrival time - required time)
  Source:                 u_fp_domain/u_CORTEXM3INTEGRATION/u_cortexm3ds_logic/L3vzz6_reg/C
                            (rising edge-triggered cell FDCE clocked by jtag_tck  {rise@0.000ns fall@100.000ns period=200.000ns})
  Destination:            u_fp_domain/u_CORTEXM3INTEGRATION/u_cortexm3ds_logic/Wreoz6_reg/D
                            (rising edge-triggered cell FDCE clocked by jtag_tck  {rise@0.000ns fall@100.000ns period=200.000ns})
  Path Group:             jtag_tck
  Path Type:              Hold (Min at Fast Process Corner)
  Requirement:            0.000ns  (jtag_tck rise@0.000ns - jtag_tck rise@0.000ns)
  Data Path Delay:        0.111ns  (logic 0.064ns (57.658%)  route 0.047ns (42.342%))
  Logic Levels:           1  (LUT5=1)
  Clock Path Skew:        0.005ns (DCD - SCD - CPR)
    Destination Clock Delay (DCD):    6.538ns
    Source Clock Delay      (SCD):    4.939ns
    Clock Pessimism Removal (CPR):    1.594ns
  Clock Net Delay (Source):      1.391ns (routing 0.886ns, distribution 0.505ns)
  Clock Net Delay (Destination): 1.614ns (routing 0.988ns, distribution 0.626ns)

    Location             Delay type                Incr(ns)  Path(ns)    Netlist Resource(s)
  -------------------------------------------------------------------    -------------------
                         (clock jtag_tck rise edge)
                                                      0.000     0.000 r  
    AH12                                              0.000     0.000 r  TCK (IN)
                         net (fo=0)                   0.000     0.000    TCK_IBUF_inst/I
    AH12                 INBUF (Prop_INBUF_HRIO_PAD_O)
                                                      0.567     0.567 r  TCK_IBUF_inst/INBUF_INST/O
                         net (fo=1, routed)           0.025     0.592    TCK_IBUF_inst/OUT
    AH12                 IBUFCTRL (Prop_IBUFCTRL_HRIO_I_O)
                                                      0.015     0.607 r  TCK_IBUF_inst/IBUFCTRL_INST/O
                         net (fo=1, routed)           2.914     3.521    TCK_IBUF
    BUFGCE_X1Y96         BUFGCE (Prop_BUFCE_BUFGCE_I_O)
                                                      0.027     3.548 r  TCK_IBUF_BUFG_inst/O
    X4Y1 (CLOCK_ROOT)    net (fo=327, routed)         1.391     4.939    u_fp_domain/u_CORTEXM3INTEGRATION/u_cortexm3ds_logic/TCK_IBUF_BUFG
    SLICE_X104Y93        FDCE                                         r  u_fp_domain/u_CORTEXM3INTEGRATION/u_cortexm3ds_logic/L3vzz6_reg/C
  -------------------------------------------------------------------    -------------------
    SLICE_X104Y93        FDCE (Prop_DFF2_SLICEL_C_Q)
                                                      0.049     4.988 r  u_fp_domain/u_CORTEXM3INTEGRATION/u_cortexm3ds_logic/L3vzz6_reg/Q
                         net (fo=4, routed)           0.035     5.023    u_fp_domain/u_CORTEXM3INTEGRATION/u_cortexm3ds_logic/L3vzz6
    SLICE_X104Y93        LUT5 (Prop_A6LUT_SLICEL_I3_O)
                                                      0.015     5.038 r  u_fp_domain/u_CORTEXM3INTEGRATION/u_cortexm3ds_logic/Wreoz6_i_1/O
                         net (fo=1, routed)           0.012     5.050    u_fp_domain/u_CORTEXM3INTEGRATION/u_cortexm3ds_logic/A3h8v6
    SLICE_X104Y93        FDCE                                         r  u_fp_domain/u_CORTEXM3INTEGRATION/u_cortexm3ds_logic/Wreoz6_reg/D
  -------------------------------------------------------------------    -------------------

                         (clock jtag_tck rise edge)
                                                      0.000     0.000 r  
    AH12                                              0.000     0.000 r  TCK (IN)
                         net (fo=0)                   0.000     0.000    TCK_IBUF_inst/I
    AH12                 INBUF (Prop_INBUF_HRIO_PAD_O)
                                                      0.943     0.943 r  TCK_IBUF_inst/INBUF_INST/O
                         net (fo=1, routed)           0.042     0.985    TCK_IBUF_inst/OUT
    AH12                 IBUFCTRL (Prop_IBUFCTRL_HRIO_I_O)
                                                      0.022     1.007 r  TCK_IBUF_inst/IBUFCTRL_INST/O
                         net (fo=1, routed)           3.886     4.893    TCK_IBUF
    BUFGCE_X1Y96         BUFGCE (Prop_BUFCE_BUFGCE_I_O)
                                                      0.031     4.924 r  TCK_IBUF_BUFG_inst/O
    X4Y1 (CLOCK_ROOT)    net (fo=327, routed)         1.614     6.538    u_fp_domain/u_CORTEXM3INTEGRATION/u_cortexm3ds_logic/TCK_IBUF_BUFG
    SLICE_X104Y93        FDCE                                         r  u_fp_domain/u_CORTEXM3INTEGRATION/u_cortexm3ds_logic/Wreoz6_reg/C
                         clock pessimism             -1.594     4.944    
    SLICE_X104Y93        FDCE (Hold_AFF_SLICEL_C_D)
                                                      0.056     5.000    u_fp_domain/u_CORTEXM3INTEGRATION/u_cortexm3ds_logic/Wreoz6_reg
  -------------------------------------------------------------------
                         required time                         -5.000    
                         arrival time                           5.050    
  -------------------------------------------------------------------
                         slack                                  0.050    





Pulse Width Checks
--------------------------------------------------------------------------------------
Clock Name:         jtag_tck
Waveform(ns):       { 0.000 100.000 }
Period(ns):         200.000
Sources:            { TCK }

Check Type        Corner  Lib Pin   Reference Pin  Required(ns)  Actual(ns)  Slack(ns)  Location       Pin
Min Period        n/a     BUFGCE/I  n/a            1.379         200.000     198.621    BUFGCE_X1Y96   TCK_IBUF_BUFG_inst/I
Min Period        n/a     FDCE/C    n/a            0.550         200.000     199.450    SLICE_X101Y95  u_fp_domain/u_CORTEXM3INTEGRATION/u_cortexm3ds_logic/A2ezz6_reg/C
Min Period        n/a     FDCE/C    n/a            0.550         200.000     199.450    SLICE_X101Y81  u_fp_domain/u_CORTEXM3INTEGRATION/u_cortexm3ds_logic/A7roz6_reg/C
Min Period        n/a     FDCE/C    n/a            0.550         200.000     199.450    SLICE_X98Y94   u_fp_domain/u_CORTEXM3INTEGRATION/u_cortexm3ds_logic/Ak2107_reg/C
Min Period        n/a     FDCE/C    n/a            0.550         200.000     199.450    SLICE_X101Y93  u_fp_domain/u_CORTEXM3INTEGRATION/u_cortexm3ds_logic/Amfoz6_reg/C
Min Period        n/a     FDCE/C    n/a            0.550         200.000     199.450    SLICE_X98Y92   u_fp_domain/u_CORTEXM3INTEGRATION/u_cortexm3ds_logic/Aocoz6_reg/C
Min Period        n/a     FDCE/C    n/a            0.550         200.000     199.450    SLICE_X102Y94  u_fp_domain/u_CORTEXM3INTEGRATION/u_cortexm3ds_logic/Aqroz6_reg/C
Min Period        n/a     FDCE/C    n/a            0.550         200.000     199.450    SLICE_X101Y93  u_fp_domain/u_CORTEXM3INTEGRATION/u_cortexm3ds_logic/Aquzz6_reg/C
Min Period        n/a     FDCE/C    n/a            0.550         200.000     199.450    SLICE_X100Y83  u_fp_domain/u_CORTEXM3INTEGRATION/u_cortexm3ds_logic/Aucoz6_reg/C
Min Period        n/a     FDCE/C    n/a            0.550         200.000     199.450    SLICE_X100Y95  u_fp_domain/u_CORTEXM3INTEGRATION/u_cortexm3ds_logic/B0czz6_reg/C
Low Pulse Width   Slow    FDCE/C    n/a            0.275         100.000     99.725     SLICE_X101Y95  u_fp_domain/u_CORTEXM3INTEGRATION/u_cortexm3ds_logic/A2ezz6_reg/C
Low Pulse Width   Fast    FDCE/C    n/a            0.275         100.000     99.725     SLICE_X101Y95  u_fp_domain/u_CORTEXM3INTEGRATION/u_cortexm3ds_logic/A2ezz6_reg/C
Low Pulse Width   Slow    FDCE/C    n/a            0.275         100.000     99.725     SLICE_X101Y81  u_fp_domain/u_CORTEXM3INTEGRATION/u_cortexm3ds_logic/A7roz6_reg/C
Low Pulse Width   Fast    FDCE/C    n/a            0.275         100.000     99.725     SLICE_X101Y81  u_fp_domain/u_CORTEXM3INTEGRATION/u_cortexm3ds_logic/A7roz6_reg/C
Low Pulse Width   Slow    FDCE/C    n/a            0.275         100.000     99.725     SLICE_X98Y94   u_fp_domain/u_CORTEXM3INTEGRATION/u_cortexm3ds_logic/Ak2107_reg/C
Low Pulse Width   Fast    FDCE/C    n/a            0.275         100.000     99.725     SLICE_X98Y94   u_fp_domain/u_CORTEXM3INTEGRATION/u_cortexm3ds_logic/Ak2107_reg/C
Low Pulse Width   Slow    FDCE/C    n/a            0.275         100.000     99.725     SLICE_X101Y93  u_fp_domain/u_CORTEXM3INTEGRATION/u_cortexm3ds_logic/Amfoz6_reg/C
Low Pulse Width   Fast    FDCE/C    n/a            0.275         100.000     99.725     SLICE_X101Y93  u_fp_domain/u_CORTEXM3INTEGRATION/u_cortexm3ds_logic/Amfoz6_reg/C
Low Pulse Width   Slow    FDCE/C    n/a            0.275         100.000     99.725     SLICE_X98Y92   u_fp_domain/u_CORTEXM3INTEGRATION/u_cortexm3ds_logic/Aocoz6_reg/C
Low Pulse Width   Fast    FDCE/C    n/a            0.275         100.000     99.725     SLICE_X98Y92   u_fp_domain/u_CORTEXM3INTEGRATION/u_cortexm3ds_logic/Aocoz6_reg/C
High Pulse Width  Slow    FDCE/C    n/a            0.275         100.000     99.725     SLICE_X101Y95  u_fp_domain/u_CORTEXM3INTEGRATION/u_cortexm3ds_logic/A2ezz6_reg/C
High Pulse Width  Fast    FDCE/C    n/a            0.275         100.000     99.725     SLICE_X101Y95  u_fp_domain/u_CORTEXM3INTEGRATION/u_cortexm3ds_logic/A2ezz6_reg/C
High Pulse Width  Slow    FDCE/C    n/a            0.275         100.000     99.725     SLICE_X101Y81  u_fp_domain/u_CORTEXM3INTEGRATION/u_cortexm3ds_logic/A7roz6_reg/C
High Pulse Width  Fast    FDCE/C    n/a            0.275         100.000     99.725     SLICE_X101Y81  u_fp_domain/u_CORTEXM3INTEGRATION/u_cortexm3ds_logic/A7roz6_reg/C
High Pulse Width  Slow    FDCE/C    n/a            0.275         100.000     99.725     SLICE_X98Y94   u_fp_domain/u_CORTEXM3INTEGRATION/u_cortexm3ds_logic/Ak2107_reg/C
High Pulse Width  Fast    FDCE/C    n/a            0.275         100.000     99.725     SLICE_X98Y94   u_fp_domain/u_CORTEXM3INTEGRATION/u_cortexm3ds_logic/Ak2107_reg/C
High Pulse Width  Slow    FDCE/C    n/a            0.275         100.000     99.725     SLICE_X101Y93  u_fp_domain/u_CORTEXM3INTEGRATION/u_cortexm3ds_logic/Amfoz6_reg/C
High Pulse Width  Fast    FDCE/C    n/a            0.275         100.000     99.725     SLICE_X101Y93  u_fp_domain/u_CORTEXM3INTEGRATION/u_cortexm3ds_logic/Amfoz6_reg/C
High Pulse Width  Slow    FDCE/C    n/a            0.275         100.000     99.725     SLICE_X98Y92   u_fp_domain/u_CORTEXM3INTEGRATION/u_cortexm3ds_logic/Aocoz6_reg/C
High Pulse Width  Fast    FDCE/C    n/a            0.275         100.000     99.725     SLICE_X98Y92   u_fp_domain/u_CORTEXM3INTEGRATION/u_cortexm3ds_logic/Aocoz6_reg/C



---------------------------------------------------------------------------------------------------
From Clock:  u_fpga_platform/u_pll0/inst/clk_in1
  To Clock:  u_fpga_platform/u_pll0/inst/clk_in1

Setup :           NA  Failing Endpoints,  Worst Slack           NA  ,  Total Violation           NA
Hold  :           NA  Failing Endpoints,  Worst Slack           NA  ,  Total Violation           NA
PW    :            0  Failing Endpoints,  Worst Slack        0.750ns,  Total Violation        0.000ns
---------------------------------------------------------------------------------------------------


Pulse Width Checks
--------------------------------------------------------------------------------------
Clock Name:         u_fpga_platform/u_pll0/inst/clk_in1
Waveform(ns):       { 0.000 2.500 }
Period(ns):         5.000
Sources:            { u_fpga_platform/u_pll0/inst/clk_in1 }

Check Type        Corner  Lib Pin            Reference Pin  Required(ns)  Actual(ns)  Slack(ns)  Location         Pin
Min Period        n/a     MMCME3_ADV/CLKIN1  n/a            1.071         5.000       3.929      MMCME3_ADV_X2Y3  u_fpga_platform/u_pll0/inst/mmcme3_adv_inst/CLKIN1
Low Pulse Width   Slow    MMCME3_ADV/CLKIN1  n/a            1.750         2.500       0.750      MMCME3_ADV_X2Y3  u_fpga_platform/u_pll0/inst/mmcme3_adv_inst/CLKIN1
Low Pulse Width   Fast    MMCME3_ADV/CLKIN1  n/a            1.750         2.500       0.750      MMCME3_ADV_X2Y3  u_fpga_platform/u_pll0/inst/mmcme3_adv_inst/CLKIN1
High Pulse Width  Slow    MMCME3_ADV/CLKIN1  n/a            1.750         2.500       0.750      MMCME3_ADV_X2Y3  u_fpga_platform/u_pll0/inst/mmcme3_adv_inst/CLKIN1
High Pulse Width  Fast    MMCME3_ADV/CLKIN1  n/a            1.750         2.500       0.750      MMCME3_ADV_X2Y3  u_fpga_platform/u_pll0/inst/mmcme3_adv_inst/CLKIN1



---------------------------------------------------------------------------------------------------
From Clock:  clk_out1_pll_50m
  To Clock:  clk_out1_pll_50m

Setup :            0  Failing Endpoints,  Worst Slack        8.625ns,  Total Violation        0.000ns
Hold  :            0  Failing Endpoints,  Worst Slack        0.020ns,  Total Violation        0.000ns
PW    :            0  Failing Endpoints,  Worst Slack       11.646ns,  Total Violation        0.000ns
---------------------------------------------------------------------------------------------------


Max Delay Paths
--------------------------------------------------------------------------------------
Slack (MET) :             8.625ns  (required time - arrival time)
  Source:                 u_fp_domain/u_CORTEXM3INTEGRATION/u_cortexm3ds_logic/Jxpm17_reg/C
                            (rising edge-triggered cell FDCE clocked by clk_out1_pll_50m  {rise@0.000ns fall@12.500ns period=25.000ns})
  Destination:            u_fp_domain/u_CORTEXM3INTEGRATION/u_cortexm3ds_logic/Grnm17_reg/D
                            (rising edge-triggered cell FDCE clocked by clk_out1_pll_50m  {rise@0.000ns fall@12.500ns period=25.000ns})
  Path Group:             clk_out1_pll_50m
  Path Type:              Setup (Max at Slow Process Corner)
  Requirement:            25.000ns  (clk_out1_pll_50m rise@25.000ns - clk_out1_pll_50m rise@0.000ns)
  Data Path Delay:        16.216ns  (logic 3.768ns (23.236%)  route 12.448ns (76.764%))
  Logic Levels:           24  (CARRY8=5 LUT2=2 LUT3=1 LUT5=3 LUT6=13)
  Clock Path Skew:        -0.141ns (DCD - SCD + CPR)
    Destination Clock Delay (DCD):    -1.355ns = ( 23.645 - 25.000 ) 
    Source Clock Delay      (SCD):    -1.240ns
    Clock Pessimism Removal (CPR):    -0.026ns
  Clock Uncertainty:      0.078ns  ((TSJ^2 + DJ^2)^1/2) / 2 + PE
    Total System Jitter     (TSJ):    0.071ns
    Discrete Jitter          (DJ):    0.138ns
    Phase Error              (PE):    0.000ns
  Clock Net Delay (Source):      2.516ns (routing 0.988ns, distribution 1.528ns)
  Clock Net Delay (Destination): 2.231ns (routing 0.905ns, distribution 1.326ns)

    Location             Delay type                Incr(ns)  Path(ns)    Netlist Resource(s)
  -------------------------------------------------------------------    -------------------
                         (clock clk_out1_pll_50m rise edge)
                                                      0.000     0.000 r  
    D24                  IBUFCTRL                     0.000     0.000 r  CLK_IBUF_inst/IBUFCTRL_INST/O
                         net (fo=7, routed)           0.865     0.865    u_fpga_platform/u_pll0/inst/clk_in1
    MMCME3_ADV_X2Y3      MMCME3_ADV (Prop_MMCME3_ADV_CLKIN1_CLKOUT0)
                                                     -5.141    -4.276 r  u_fpga_platform/u_pll0/inst/mmcme3_adv_inst/CLKOUT0
                         net (fo=1, routed)           0.437    -3.839    u_fpga_platform/u_pll0/inst/clk_out1_pll_50m
    BUFGCE_X2Y74         BUFGCE (Prop_BUFCE_BUFGCE_I_O)
                                                      0.083    -3.756 r  u_fpga_platform/u_pll0/inst/clkout1_buf/O
    X4Y1 (CLOCK_ROOT)    net (fo=6068, routed)        2.516    -1.240    u_fp_domain/u_CORTEXM3INTEGRATION/u_cortexm3ds_logic/clk_out1
    SLICE_X115Y125       FDCE                                         r  u_fp_domain/u_CORTEXM3INTEGRATION/u_cortexm3ds_logic/Jxpm17_reg/C
  -------------------------------------------------------------------    -------------------
    SLICE_X115Y125       FDCE (Prop_DFF_SLICEM_C_Q)
                                                      0.114    -1.126 r  u_fp_domain/u_CORTEXM3INTEGRATION/u_cortexm3ds_logic/Jxpm17_reg/Q
                         net (fo=2, routed)           0.559    -0.567    u_fp_domain/u_CORTEXM3INTEGRATION/u_cortexm3ds_logic/Jxpm17
    SLICE_X115Y149       LUT2 (Prop_B6LUT_SLICEM_I1_O)
                                                      0.119    -0.448 r  u_fp_domain/u_CORTEXM3INTEGRATION/u_cortexm3ds_logic/Pzioz6_i_10/O
                         net (fo=1, routed)           0.000    -0.448    u_fp_domain/u_CORTEXM3INTEGRATION/u_cortexm3ds_logic/Pzioz6_i_10_n_0
    SLICE_X115Y149       CARRY8 (Prop_CARRY8_SLICEM_S[1]_CO[7])
                                                      0.343    -0.105 r  u_fp_domain/u_CORTEXM3INTEGRATION/u_cortexm3ds_logic/Pzioz6_reg_i_2/CO[7]
                         net (fo=1, routed)           0.040    -0.065    u_fp_domain/u_CORTEXM3INTEGRATION/u_cortexm3ds_logic/Pzioz6_reg_i_2_n_0
    SLICE_X115Y150       CARRY8 (Prop_CARRY8_SLICEM_CI_O[0])
                                                      0.099     0.034 r  u_fp_domain/u_CORTEXM3INTEGRATION/u_cortexm3ds_logic/Gptzz6_reg_i_5/O[0]
                         net (fo=1, routed)           0.478     0.512    u_fp_domain/u_CORTEXM3INTEGRATION/u_cortexm3ds_logic/Z9zm17[8]
    SLICE_X114Y150       CARRY8 (Prop_CARRY8_SLICEL_S[0]_CO[7])
                                                      0.404     0.916 r  u_fp_domain/u_CORTEXM3INTEGRATION/u_cortexm3ds_logic/Gptzz6_reg_i_4/CO[7]
                         net (fo=1, routed)           0.027     0.943    u_fp_domain/u_CORTEXM3INTEGRATION/u_cortexm3ds_logic/Gptzz6_reg_i_4_n_0
    SLICE_X114Y151       CARRY8 (Prop_CARRY8_SLICEL_CI_CO[7])
                                                      0.022     0.965 r  u_fp_domain/u_CORTEXM3INTEGRATION/u_cortexm3ds_logic/Torzz6_reg_i_5/CO[7]
                         net (fo=1, routed)           0.027     0.992    u_fp_domain/u_CORTEXM3INTEGRATION/u_cortexm3ds_logic/Torzz6_reg_i_5_n_0
    SLICE_X114Y152       CARRY8 (Prop_CARRY8_SLICEL_CI_O[1])
                                                      0.133     1.125 f  u_fp_domain/u_CORTEXM3INTEGRATION/u_cortexm3ds_logic/Degzz6_reg_i_2/O[1]
                         net (fo=21, routed)          1.585     2.710    u_fp_domain/u_CORTEXM3INTEGRATION/u_cortexm3ds_logic/p_0_in666_in
    SLICE_X115Y209       LUT3 (Prop_H5LUT_SLICEM_I2_O)
                                                      0.155     2.865 f  u_fp_domain/u_CORTEXM3INTEGRATION/u_cortexm3ds_logic/Jwboz6_i_548/O
                         net (fo=9, routed)           0.764     3.629    u_fp_domain/u_CORTEXM3INTEGRATION/u_cortexm3ds_logic/Jwboz6_i_548_n_0
    SLICE_X110Y219       LUT5 (Prop_B6LUT_SLICEM_I1_O)
                                                      0.119     3.748 f  u_fp_domain/u_CORTEXM3INTEGRATION/u_cortexm3ds_logic/Jwboz6_i_307/O
                         net (fo=1, routed)           0.359     4.107    u_fp_domain/u_CORTEXM3INTEGRATION/u_cortexm3ds_logic/Jwboz6_i_307_n_0
    SLICE_X109Y222       LUT6 (Prop_H6LUT_SLICEM_I0_O)
                                                      0.137     4.244 r  u_fp_domain/u_CORTEXM3INTEGRATION/u_cortexm3ds_logic/Jwboz6_i_102/O
                         net (fo=2, routed)           0.225     4.469    u_fp_domain/u_CORTEXM3INTEGRATION/u_cortexm3ds_logic/Jwboz6_i_102_n_0
    SLICE_X108Y223       LUT6 (Prop_C6LUT_SLICEL_I2_O)
                                                      0.130     4.599 f  u_fp_domain/u_CORTEXM3INTEGRATION/u_cortexm3ds_logic/Jwboz6_i_28/O
                         net (fo=1, routed)           0.286     4.885    u_fp_domain/u_CORTEXM3INTEGRATION/u_cortexm3ds_logic/Jwboz6_i_28_n_0
    SLICE_X108Y221       LUT6 (Prop_H6LUT_SLICEL_I0_O)
                                                      0.172     5.057 f  u_fp_domain/u_CORTEXM3INTEGRATION/u_cortexm3ds_logic/Jwboz6_i_10/O
                         net (fo=2, routed)           0.659     5.716    u_fp_domain/u_CORTEXM3INTEGRATION/u_cortexm3ds_logic/Qcn6z6
    SLICE_X111Y206       LUT6 (Prop_C6LUT_SLICEL_I0_O)
                                                      0.130     5.846 f  u_fp_domain/u_CORTEXM3INTEGRATION/u_cortexm3ds_logic/Jwboz6_i_4/O
                         net (fo=11, routed)          0.708     6.554    u_fp_domain/u_CORTEXM3INTEGRATION/u_cortexm3ds_logic/Jwboz6_i_4_n_0
    SLICE_X111Y170       LUT5 (Prop_D5LUT_SLICEL_I1_O)
                                                      0.093     6.647 f  u_fp_domain/u_CORTEXM3INTEGRATION/u_cortexm3ds_logic/Mi5nz6_i_29/O
                         net (fo=4, routed)           0.613     7.260    u_fp_domain/u_CORTEXM3INTEGRATION/u_cortexm3ds_logic/Mi5nz6_i_29_n_0
    SLICE_X111Y196       LUT6 (Prop_H6LUT_SLICEL_I3_O)
                                                      0.132     7.392 f  u_fp_domain/u_CORTEXM3INTEGRATION/u_cortexm3ds_logic/Mi5nz6_i_26/O
                         net (fo=1, routed)           0.538     7.930    u_fp_domain/u_CORTEXM3INTEGRATION/u_cortexm3ds_logic/Mi5nz6_i_26_n_0
    SLICE_X111Y170       LUT6 (Prop_H6LUT_SLICEL_I5_O)
                                                      0.116     8.046 r  u_fp_domain/u_CORTEXM3INTEGRATION/u_cortexm3ds_logic/Mi5nz6_i_11/O
                         net (fo=3, routed)           0.838     8.884    u_fp_domain/u_CORTEXM3INTEGRATION/u_cortexm3ds_logic/Mi5nz6_i_11_n_0
    SLICE_X113Y123       LUT6 (Prop_E6LUT_SLICEM_I3_O)
                                                      0.177     9.061 f  u_fp_domain/u_CORTEXM3INTEGRATION/u_cortexm3ds_logic/Mi5nz6_i_4/O
                         net (fo=3, routed)           0.632     9.693    u_fp_domain/u_CORTEXM3INTEGRATION/u_cortexm3ds_logic/Mi5nz6_i_4_n_0
    SLICE_X119Y116       LUT6 (Prop_E6LUT_SLICEM_I4_O)
                                                      0.134     9.827 f  u_fp_domain/u_CORTEXM3INTEGRATION/u_cortexm3ds_logic/Ng9oz6_i_5/O
                         net (fo=5, routed)           0.585    10.412    u_fp_domain/u_CORTEXM3INTEGRATION/u_cortexm3ds_logic/Ng9oz6_i_5_n_0
    SLICE_X112Y115       LUT6 (Prop_H6LUT_SLICEM_I5_O)
                                                      0.120    10.532 f  u_fp_domain/u_CORTEXM3INTEGRATION/u_cortexm3ds_logic/O59oz6_i_17/O
                         net (fo=2, routed)           0.235    10.767    u_fp_domain/u_CORTEXM3INTEGRATION/u_cortexm3ds_logic/O59oz6_i_17_n_0
    SLICE_X110Y115       LUT6 (Prop_F6LUT_SLICEM_I0_O)
                                                      0.192    10.959 r  u_fp_domain/u_CORTEXM3INTEGRATION/u_cortexm3ds_logic/O59oz6_i_7/O
                         net (fo=12, routed)          0.206    11.165    u_fp_domain/u_CORTEXM3INTEGRATION/u_cortexm3ds_logic/O59oz6_i_7_n_0
    SLICE_X111Y114       LUT5 (Prop_C6LUT_SLICEL_I3_O)
                                                      0.115    11.280 f  u_fp_domain/u_CORTEXM3INTEGRATION/u_cortexm3ds_logic/Gd7oz6_i_2/O
                         net (fo=104, routed)         0.763    12.043    u_fp_domain/u_CORTEXM3INTEGRATION/u_cortexm3ds_logic/N3onv6
    SLICE_X117Y105       LUT6 (Prop_H6LUT_SLICEL_I2_O)
                                                      0.116    12.159 f  u_fp_domain/u_CORTEXM3INTEGRATION/u_cortexm3ds_logic/Jxpm17_i_6/O
                         net (fo=24, routed)          1.120    13.279    u_fp_domain/u_CORTEXM3INTEGRATION/u_cortexm3ds_logic/Jxpm17_i_6_n_0
    SLICE_X116Y153       LUT2 (Prop_H6LUT_SLICEL_I0_O)
                                                      0.188    13.467 r  u_fp_domain/u_CORTEXM3INTEGRATION/u_cortexm3ds_logic/G0im17_i_6/O
                         net (fo=11, routed)          0.962    14.429    u_fp_domain/u_CORTEXM3INTEGRATION/u_cortexm3ds_logic/G0im17_i_6_n_0
    SLICE_X118Y125       LUT6 (Prop_G6LUT_SLICEM_I4_O)
                                                      0.193    14.622 r  u_fp_domain/u_CORTEXM3INTEGRATION/u_cortexm3ds_logic/Grnm17_i_3/O
                         net (fo=1, routed)           0.210    14.832    u_fp_domain/u_CORTEXM3INTEGRATION/u_cortexm3ds_logic/Grnm17_i_3_n_0
    SLICE_X117Y126       LUT6 (Prop_C6LUT_SLICEL_I4_O)
                                                      0.115    14.947 r  u_fp_domain/u_CORTEXM3INTEGRATION/u_cortexm3ds_logic/Grnm17_i_1/O
                         net (fo=1, routed)           0.029    14.976    u_fp_domain/u_CORTEXM3INTEGRATION/u_cortexm3ds_logic/Yzi8v6
    SLICE_X117Y126       FDCE                                         r  u_fp_domain/u_CORTEXM3INTEGRATION/u_cortexm3ds_logic/Grnm17_reg/D
  -------------------------------------------------------------------    -------------------

                         (clock clk_out1_pll_50m rise edge)
                                                     25.000    25.000 r  
    D24                  IBUFCTRL                     0.000    25.000 r  CLK_IBUF_inst/IBUFCTRL_INST/O
                         net (fo=7, routed)           0.778    25.778    u_fpga_platform/u_pll0/inst/clk_in1
    MMCME3_ADV_X2Y3      MMCME3_ADV (Prop_MMCME3_ADV_CLKIN1_CLKOUT0)
                                                     -4.811    20.967 r  u_fpga_platform/u_pll0/inst/mmcme3_adv_inst/CLKOUT0
                         net (fo=1, routed)           0.372    21.339    u_fpga_platform/u_pll0/inst/clk_out1_pll_50m
    BUFGCE_X2Y74         BUFGCE (Prop_BUFCE_BUFGCE_I_O)
                                                      0.075    21.414 r  u_fpga_platform/u_pll0/inst/clkout1_buf/O
    X4Y1 (CLOCK_ROOT)    net (fo=6068, routed)        2.231    23.645    u_fp_domain/u_CORTEXM3INTEGRATION/u_cortexm3ds_logic/clk_out1
    SLICE_X117Y126       FDCE                                         r  u_fp_domain/u_CORTEXM3INTEGRATION/u_cortexm3ds_logic/Grnm17_reg/C
                         clock pessimism             -0.026    23.619    
                         clock uncertainty           -0.078    23.542    
    SLICE_X117Y126       FDCE (Setup_CFF_SLICEL_C_D)
                                                      0.059    23.601    u_fp_domain/u_CORTEXM3INTEGRATION/u_cortexm3ds_logic/Grnm17_reg
  -------------------------------------------------------------------
                         required time                         23.601    
                         arrival time                         -14.976    
  -------------------------------------------------------------------
                         slack                                  8.625    

Slack (MET) :             8.628ns  (required time - arrival time)
  Source:                 u_fp_domain/u_CORTEXM3INTEGRATION/u_cortexm3ds_logic/T0nm17_reg/C
                            (rising edge-triggered cell FDCE clocked by clk_out1_pll_50m  {rise@0.000ns fall@12.500ns period=25.000ns})
  Destination:            u_fp_domain/u_CORTEXM3INTEGRATION/u_cortexm3ds_logic/Xomm17_reg/D
                            (rising edge-triggered cell FDCE clocked by clk_out1_pll_50m  {rise@0.000ns fall@12.500ns period=25.000ns})
  Path Group:             clk_out1_pll_50m
  Path Type:              Setup (Max at Slow Process Corner)
  Requirement:            25.000ns  (clk_out1_pll_50m rise@25.000ns - clk_out1_pll_50m rise@0.000ns)
  Data Path Delay:        16.239ns  (logic 3.752ns (23.105%)  route 12.487ns (76.895%))
  Logic Levels:           24  (CARRY8=5 LUT2=3 LUT3=1 LUT5=3 LUT6=12)
  Clock Path Skew:        -0.114ns (DCD - SCD + CPR)
    Destination Clock Delay (DCD):    -1.353ns = ( 23.647 - 25.000 ) 
    Source Clock Delay      (SCD):    -1.264ns
    Clock Pessimism Removal (CPR):    -0.025ns
  Clock Uncertainty:      0.078ns  ((TSJ^2 + DJ^2)^1/2) / 2 + PE
    Total System Jitter     (TSJ):    0.071ns
    Discrete Jitter          (DJ):    0.138ns
    Phase Error              (PE):    0.000ns
  Clock Net Delay (Source):      2.492ns (routing 0.988ns, distribution 1.504ns)
  Clock Net Delay (Destination): 2.233ns (routing 0.905ns, distribution 1.328ns)

    Location             Delay type                Incr(ns)  Path(ns)    Netlist Resource(s)
  -------------------------------------------------------------------    -------------------
                         (clock clk_out1_pll_50m rise edge)
                                                      0.000     0.000 r  
    D24                  IBUFCTRL                     0.000     0.000 r  CLK_IBUF_inst/IBUFCTRL_INST/O
                         net (fo=7, routed)           0.865     0.865    u_fpga_platform/u_pll0/inst/clk_in1
    MMCME3_ADV_X2Y3      MMCME3_ADV (Prop_MMCME3_ADV_CLKIN1_CLKOUT0)
                                                     -5.141    -4.276 r  u_fpga_platform/u_pll0/inst/mmcme3_adv_inst/CLKOUT0
                         net (fo=1, routed)           0.437    -3.839    u_fpga_platform/u_pll0/inst/clk_out1_pll_50m
    BUFGCE_X2Y74         BUFGCE (Prop_BUFCE_BUFGCE_I_O)
                                                      0.083    -3.756 r  u_fpga_platform/u_pll0/inst/clkout1_buf/O
    X4Y1 (CLOCK_ROOT)    net (fo=6068, routed)        2.492    -1.264    u_fp_domain/u_CORTEXM3INTEGRATION/u_cortexm3ds_logic/clk_out1
    SLICE_X117Y123       FDCE                                         r  u_fp_domain/u_CORTEXM3INTEGRATION/u_cortexm3ds_logic/T0nm17_reg/C
  -------------------------------------------------------------------    -------------------
    SLICE_X117Y123       FDCE (Prop_AFF_SLICEL_C_Q)
                                                      0.115    -1.149 r  u_fp_domain/u_CORTEXM3INTEGRATION/u_cortexm3ds_logic/T0nm17_reg/Q
                         net (fo=2, routed)           0.652    -0.497    u_fp_domain/u_CORTEXM3INTEGRATION/u_cortexm3ds_logic/T0nm17
    SLICE_X115Y149       LUT2 (Prop_F6LUT_SLICEM_I1_O)
                                                      0.178    -0.319 r  u_fp_domain/u_CORTEXM3INTEGRATION/u_cortexm3ds_logic/Pzioz6_i_6/O
                         net (fo=1, routed)           0.000    -0.319    u_fp_domain/u_CORTEXM3INTEGRATION/u_cortexm3ds_logic/Pzioz6_i_6_n_0
    SLICE_X115Y149       CARRY8 (Prop_CARRY8_SLICEM_S[5]_CO[7])
                                                      0.253    -0.066 r  u_fp_domain/u_CORTEXM3INTEGRATION/u_cortexm3ds_logic/Pzioz6_reg_i_2/CO[7]
                         net (fo=1, routed)           0.040    -0.026    u_fp_domain/u_CORTEXM3INTEGRATION/u_cortexm3ds_logic/Pzioz6_reg_i_2_n_0
    SLICE_X115Y150       CARRY8 (Prop_CARRY8_SLICEM_CI_O[0])
                                                      0.099     0.073 r  u_fp_domain/u_CORTEXM3INTEGRATION/u_cortexm3ds_logic/Gptzz6_reg_i_5/O[0]
                         net (fo=1, routed)           0.478     0.551    u_fp_domain/u_CORTEXM3INTEGRATION/u_cortexm3ds_logic/Z9zm17[8]
    SLICE_X114Y150       CARRY8 (Prop_CARRY8_SLICEL_S[0]_CO[7])
                                                      0.404     0.955 r  u_fp_domain/u_CORTEXM3INTEGRATION/u_cortexm3ds_logic/Gptzz6_reg_i_4/CO[7]
                         net (fo=1, routed)           0.027     0.982    u_fp_domain/u_CORTEXM3INTEGRATION/u_cortexm3ds_logic/Gptzz6_reg_i_4_n_0
    SLICE_X114Y151       CARRY8 (Prop_CARRY8_SLICEL_CI_CO[7])
                                                      0.022     1.004 r  u_fp_domain/u_CORTEXM3INTEGRATION/u_cortexm3ds_logic/Torzz6_reg_i_5/CO[7]
                         net (fo=1, routed)           0.027     1.031    u_fp_domain/u_CORTEXM3INTEGRATION/u_cortexm3ds_logic/Torzz6_reg_i_5_n_0
    SLICE_X114Y152       CARRY8 (Prop_CARRY8_SLICEL_CI_O[1])
                                                      0.133     1.164 f  u_fp_domain/u_CORTEXM3INTEGRATION/u_cortexm3ds_logic/Degzz6_reg_i_2/O[1]
                         net (fo=21, routed)          1.585     2.749    u_fp_domain/u_CORTEXM3INTEGRATION/u_cortexm3ds_logic/p_0_in666_in
    SLICE_X115Y209       LUT3 (Prop_H5LUT_SLICEM_I2_O)
                                                      0.155     2.904 f  u_fp_domain/u_CORTEXM3INTEGRATION/u_cortexm3ds_logic/Jwboz6_i_548/O
                         net (fo=9, routed)           0.764     3.668    u_fp_domain/u_CORTEXM3INTEGRATION/u_cortexm3ds_logic/Jwboz6_i_548_n_0
    SLICE_X110Y219       LUT5 (Prop_B6LUT_SLICEM_I1_O)
                                                      0.119     3.787 f  u_fp_domain/u_CORTEXM3INTEGRATION/u_cortexm3ds_logic/Jwboz6_i_307/O
                         net (fo=1, routed)           0.359     4.146    u_fp_domain/u_CORTEXM3INTEGRATION/u_cortexm3ds_logic/Jwboz6_i_307_n_0
    SLICE_X109Y222       LUT6 (Prop_H6LUT_SLICEM_I0_O)
                                                      0.137     4.283 r  u_fp_domain/u_CORTEXM3INTEGRATION/u_cortexm3ds_logic/Jwboz6_i_102/O
                         net (fo=2, routed)           0.225     4.508    u_fp_domain/u_CORTEXM3INTEGRATION/u_cortexm3ds_logic/Jwboz6_i_102_n_0
    SLICE_X108Y223       LUT6 (Prop_C6LUT_SLICEL_I2_O)
                                                      0.130     4.638 f  u_fp_domain/u_CORTEXM3INTEGRATION/u_cortexm3ds_logic/Jwboz6_i_28/O
                         net (fo=1, routed)           0.286     4.924    u_fp_domain/u_CORTEXM3INTEGRATION/u_cortexm3ds_logic/Jwboz6_i_28_n_0
    SLICE_X108Y221       LUT6 (Prop_H6LUT_SLICEL_I0_O)
                                                      0.172     5.096 f  u_fp_domain/u_CORTEXM3INTEGRATION/u_cortexm3ds_logic/Jwboz6_i_10/O
                         net (fo=2, routed)           0.659     5.755    u_fp_domain/u_CORTEXM3INTEGRATION/u_cortexm3ds_logic/Qcn6z6
    SLICE_X111Y206       LUT6 (Prop_C6LUT_SLICEL_I0_O)
                                                      0.130     5.885 f  u_fp_domain/u_CORTEXM3INTEGRATION/u_cortexm3ds_logic/Jwboz6_i_4/O
                         net (fo=11, routed)          0.708     6.593    u_fp_domain/u_CORTEXM3INTEGRATION/u_cortexm3ds_logic/Jwboz6_i_4_n_0
    SLICE_X111Y170       LUT5 (Prop_D5LUT_SLICEL_I1_O)
                                                      0.093     6.686 f  u_fp_domain/u_CORTEXM3INTEGRATION/u_cortexm3ds_logic/Mi5nz6_i_29/O
                         net (fo=4, routed)           0.613     7.299    u_fp_domain/u_CORTEXM3INTEGRATION/u_cortexm3ds_logic/Mi5nz6_i_29_n_0
    SLICE_X111Y196       LUT6 (Prop_H6LUT_SLICEL_I3_O)
                                                      0.132     7.431 f  u_fp_domain/u_CORTEXM3INTEGRATION/u_cortexm3ds_logic/Mi5nz6_i_26/O
                         net (fo=1, routed)           0.538     7.969    u_fp_domain/u_CORTEXM3INTEGRATION/u_cortexm3ds_logic/Mi5nz6_i_26_n_0
    SLICE_X111Y170       LUT6 (Prop_H6LUT_SLICEL_I5_O)
                                                      0.116     8.085 r  u_fp_domain/u_CORTEXM3INTEGRATION/u_cortexm3ds_logic/Mi5nz6_i_11/O
                         net (fo=3, routed)           0.838     8.923    u_fp_domain/u_CORTEXM3INTEGRATION/u_cortexm3ds_logic/Mi5nz6_i_11_n_0
    SLICE_X113Y123       LUT6 (Prop_E6LUT_SLICEM_I3_O)
                                                      0.177     9.100 f  u_fp_domain/u_CORTEXM3INTEGRATION/u_cortexm3ds_logic/Mi5nz6_i_4/O
                         net (fo=3, routed)           0.632     9.732    u_fp_domain/u_CORTEXM3INTEGRATION/u_cortexm3ds_logic/Mi5nz6_i_4_n_0
    SLICE_X119Y116       LUT6 (Prop_E6LUT_SLICEM_I4_O)
                                                      0.134     9.866 f  u_fp_domain/u_CORTEXM3INTEGRATION/u_cortexm3ds_logic/Ng9oz6_i_5/O
                         net (fo=5, routed)           0.585    10.451    u_fp_domain/u_CORTEXM3INTEGRATION/u_cortexm3ds_logic/Ng9oz6_i_5_n_0
    SLICE_X112Y115       LUT6 (Prop_H6LUT_SLICEM_I5_O)
                                                      0.120    10.571 f  u_fp_domain/u_CORTEXM3INTEGRATION/u_cortexm3ds_logic/O59oz6_i_17/O
                         net (fo=2, routed)           0.235    10.806    u_fp_domain/u_CORTEXM3INTEGRATION/u_cortexm3ds_logic/O59oz6_i_17_n_0
    SLICE_X110Y115       LUT6 (Prop_F6LUT_SLICEM_I0_O)
                                                      0.192    10.998 r  u_fp_domain/u_CORTEXM3INTEGRATION/u_cortexm3ds_logic/O59oz6_i_7/O
                         net (fo=12, routed)          0.206    11.204    u_fp_domain/u_CORTEXM3INTEGRATION/u_cortexm3ds_logic/O59oz6_i_7_n_0
    SLICE_X111Y114       LUT5 (Prop_C6LUT_SLICEL_I3_O)
                                                      0.115    11.319 f  u_fp_domain/u_CORTEXM3INTEGRATION/u_cortexm3ds_logic/Gd7oz6_i_2/O
                         net (fo=104, routed)         0.763    12.082    u_fp_domain/u_CORTEXM3INTEGRATION/u_cortexm3ds_logic/N3onv6
    SLICE_X117Y105       LUT6 (Prop_H6LUT_SLICEL_I2_O)
                                                      0.116    12.198 f  u_fp_domain/u_CORTEXM3INTEGRATION/u_cortexm3ds_logic/Jxpm17_i_6/O
                         net (fo=24, routed)          1.120    13.318    u_fp_domain/u_CORTEXM3INTEGRATION/u_cortexm3ds_logic/Jxpm17_i_6_n_0
    SLICE_X116Y153       LUT2 (Prop_H6LUT_SLICEL_I0_O)
                                                      0.188    13.506 r  u_fp_domain/u_CORTEXM3INTEGRATION/u_cortexm3ds_logic/G0im17_i_6/O
                         net (fo=11, routed)          0.877    14.383    u_fp_domain/u_CORTEXM3INTEGRATION/u_cortexm3ds_logic/G0im17_i_6_n_0
    SLICE_X117Y125       LUT2 (Prop_G5LUT_SLICEL_I0_O)
                                                      0.207    14.590 r  u_fp_domain/u_CORTEXM3INTEGRATION/u_cortexm3ds_logic/Xomm17_i_2/O
                         net (fo=1, routed)           0.243    14.833    u_fp_domain/u_CORTEXM3INTEGRATION/u_cortexm3ds_logic/Xomm17_i_2_n_0
    SLICE_X116Y125       LUT6 (Prop_D6LUT_SLICEL_I3_O)
                                                      0.115    14.948 r  u_fp_domain/u_CORTEXM3INTEGRATION/u_cortexm3ds_logic/Xomm17_i_1/O
                         net (fo=1, routed)           0.027    14.975    u_fp_domain/u_CORTEXM3INTEGRATION/u_cortexm3ds_logic/Byi8v6
    SLICE_X116Y125       FDCE                                         r  u_fp_domain/u_CORTEXM3INTEGRATION/u_cortexm3ds_logic/Xomm17_reg/D
  -------------------------------------------------------------------    -------------------

                         (clock clk_out1_pll_50m rise edge)
                                                     25.000    25.000 r  
    D24                  IBUFCTRL                     0.000    25.000 r  CLK_IBUF_inst/IBUFCTRL_INST/O
                         net (fo=7, routed)           0.778    25.778    u_fpga_platform/u_pll0/inst/clk_in1
    MMCME3_ADV_X2Y3      MMCME3_ADV (Prop_MMCME3_ADV_CLKIN1_CLKOUT0)
                                                     -4.811    20.967 r  u_fpga_platform/u_pll0/inst/mmcme3_adv_inst/CLKOUT0
                         net (fo=1, routed)           0.372    21.339    u_fpga_platform/u_pll0/inst/clk_out1_pll_50m
    BUFGCE_X2Y74         BUFGCE (Prop_BUFCE_BUFGCE_I_O)
                                                      0.075    21.414 r  u_fpga_platform/u_pll0/inst/clkout1_buf/O
    X4Y1 (CLOCK_ROOT)    net (fo=6068, routed)        2.233    23.647    u_fp_domain/u_CORTEXM3INTEGRATION/u_cortexm3ds_logic/clk_out1
    SLICE_X116Y125       FDCE                                         r  u_fp_domain/u_CORTEXM3INTEGRATION/u_cortexm3ds_logic/Xomm17_reg/C
                         clock pessimism             -0.025    23.622    
                         clock uncertainty           -0.078    23.544    
    SLICE_X116Y125       FDCE (Setup_DFF_SLICEL_C_D)
                                                      0.059    23.603    u_fp_domain/u_CORTEXM3INTEGRATION/u_cortexm3ds_logic/Xomm17_reg
  -------------------------------------------------------------------
                         required time                         23.603    
                         arrival time                         -14.975    
  -------------------------------------------------------------------
                         slack                                  8.628    

Slack (MET) :             8.645ns  (required time - arrival time)
  Source:                 u_fp_domain/u_CORTEXM3INTEGRATION/u_cortexm3ds_logic/Jxpm17_reg/C
                            (rising edge-triggered cell FDCE clocked by clk_out1_pll_50m  {rise@0.000ns fall@12.500ns period=25.000ns})
  Destination:            u_fp_domain/u_CORTEXM3INTEGRATION/u_cortexm3ds_logic/G0im17_reg/D
                            (rising edge-triggered cell FDCE clocked by clk_out1_pll_50m  {rise@0.000ns fall@12.500ns period=25.000ns})
  Path Group:             clk_out1_pll_50m
  Path Type:              Setup (Max at Slow Process Corner)
  Requirement:            25.000ns  (clk_out1_pll_50m rise@25.000ns - clk_out1_pll_50m rise@0.000ns)
  Data Path Delay:        16.195ns  (logic 3.837ns (23.692%)  route 12.358ns (76.307%))
  Logic Levels:           24  (CARRY8=5 LUT2=2 LUT3=1 LUT4=1 LUT5=4 LUT6=11)
  Clock Path Skew:        -0.142ns (DCD - SCD + CPR)
    Destination Clock Delay (DCD):    -1.357ns = ( 23.643 - 25.000 ) 
    Source Clock Delay      (SCD):    -1.240ns
    Clock Pessimism Removal (CPR):    -0.025ns
  Clock Uncertainty:      0.078ns  ((TSJ^2 + DJ^2)^1/2) / 2 + PE
    Total System Jitter     (TSJ):    0.071ns
    Discrete Jitter          (DJ):    0.138ns
    Phase Error              (PE):    0.000ns
  Clock Net Delay (Source):      2.516ns (routing 0.988ns, distribution 1.528ns)
  Clock Net Delay (Destination): 2.229ns (routing 0.905ns, distribution 1.324ns)

    Location             Delay type                Incr(ns)  Path(ns)    Netlist Resource(s)
  -------------------------------------------------------------------    -------------------
                         (clock clk_out1_pll_50m rise edge)
                                                      0.000     0.000 r  
    D24                  IBUFCTRL                     0.000     0.000 r  CLK_IBUF_inst/IBUFCTRL_INST/O
                         net (fo=7, routed)           0.865     0.865    u_fpga_platform/u_pll0/inst/clk_in1
    MMCME3_ADV_X2Y3      MMCME3_ADV (Prop_MMCME3_ADV_CLKIN1_CLKOUT0)
                                                     -5.141    -4.276 r  u_fpga_platform/u_pll0/inst/mmcme3_adv_inst/CLKOUT0
                         net (fo=1, routed)           0.437    -3.839    u_fpga_platform/u_pll0/inst/clk_out1_pll_50m
    BUFGCE_X2Y74         BUFGCE (Prop_BUFCE_BUFGCE_I_O)
                                                      0.083    -3.756 r  u_fpga_platform/u_pll0/inst/clkout1_buf/O
    X4Y1 (CLOCK_ROOT)    net (fo=6068, routed)        2.516    -1.240    u_fp_domain/u_CORTEXM3INTEGRATION/u_cortexm3ds_logic/clk_out1
    SLICE_X115Y125       FDCE                                         r  u_fp_domain/u_CORTEXM3INTEGRATION/u_cortexm3ds_logic/Jxpm17_reg/C
  -------------------------------------------------------------------    -------------------
    SLICE_X115Y125       FDCE (Prop_DFF_SLICEM_C_Q)
                                                      0.114    -1.126 r  u_fp_domain/u_CORTEXM3INTEGRATION/u_cortexm3ds_logic/Jxpm17_reg/Q
                         net (fo=2, routed)           0.559    -0.567    u_fp_domain/u_CORTEXM3INTEGRATION/u_cortexm3ds_logic/Jxpm17
    SLICE_X115Y149       LUT2 (Prop_B6LUT_SLICEM_I1_O)
                                                      0.119    -0.448 r  u_fp_domain/u_CORTEXM3INTEGRATION/u_cortexm3ds_logic/Pzioz6_i_10/O
                         net (fo=1, routed)           0.000    -0.448    u_fp_domain/u_CORTEXM3INTEGRATION/u_cortexm3ds_logic/Pzioz6_i_10_n_0
    SLICE_X115Y149       CARRY8 (Prop_CARRY8_SLICEM_S[1]_CO[7])
                                                      0.343    -0.105 r  u_fp_domain/u_CORTEXM3INTEGRATION/u_cortexm3ds_logic/Pzioz6_reg_i_2/CO[7]
                         net (fo=1, routed)           0.040    -0.065    u_fp_domain/u_CORTEXM3INTEGRATION/u_cortexm3ds_logic/Pzioz6_reg_i_2_n_0
    SLICE_X115Y150       CARRY8 (Prop_CARRY8_SLICEM_CI_O[0])
                                                      0.099     0.034 r  u_fp_domain/u_CORTEXM3INTEGRATION/u_cortexm3ds_logic/Gptzz6_reg_i_5/O[0]
                         net (fo=1, routed)           0.478     0.512    u_fp_domain/u_CORTEXM3INTEGRATION/u_cortexm3ds_logic/Z9zm17[8]
    SLICE_X114Y150       CARRY8 (Prop_CARRY8_SLICEL_S[0]_CO[7])
                                                      0.404     0.916 r  u_fp_domain/u_CORTEXM3INTEGRATION/u_cortexm3ds_logic/Gptzz6_reg_i_4/CO[7]
                         net (fo=1, routed)           0.027     0.943    u_fp_domain/u_CORTEXM3INTEGRATION/u_cortexm3ds_logic/Gptzz6_reg_i_4_n_0
    SLICE_X114Y151       CARRY8 (Prop_CARRY8_SLICEL_CI_CO[7])
                                                      0.022     0.965 r  u_fp_domain/u_CORTEXM3INTEGRATION/u_cortexm3ds_logic/Torzz6_reg_i_5/CO[7]
                         net (fo=1, routed)           0.027     0.992    u_fp_domain/u_CORTEXM3INTEGRATION/u_cortexm3ds_logic/Torzz6_reg_i_5_n_0
    SLICE_X114Y152       CARRY8 (Prop_CARRY8_SLICEL_CI_O[1])
                                                      0.133     1.125 f  u_fp_domain/u_CORTEXM3INTEGRATION/u_cortexm3ds_logic/Degzz6_reg_i_2/O[1]
                         net (fo=21, routed)          1.585     2.710    u_fp_domain/u_CORTEXM3INTEGRATION/u_cortexm3ds_logic/p_0_in666_in
    SLICE_X115Y209       LUT3 (Prop_H5LUT_SLICEM_I2_O)
                                                      0.155     2.865 f  u_fp_domain/u_CORTEXM3INTEGRATION/u_cortexm3ds_logic/Jwboz6_i_548/O
                         net (fo=9, routed)           0.764     3.629    u_fp_domain/u_CORTEXM3INTEGRATION/u_cortexm3ds_logic/Jwboz6_i_548_n_0
    SLICE_X110Y219       LUT5 (Prop_B6LUT_SLICEM_I1_O)
                                                      0.119     3.748 f  u_fp_domain/u_CORTEXM3INTEGRATION/u_cortexm3ds_logic/Jwboz6_i_307/O
                         net (fo=1, routed)           0.359     4.107    u_fp_domain/u_CORTEXM3INTEGRATION/u_cortexm3ds_logic/Jwboz6_i_307_n_0
    SLICE_X109Y222       LUT6 (Prop_H6LUT_SLICEM_I0_O)
                                                      0.137     4.244 r  u_fp_domain/u_CORTEXM3INTEGRATION/u_cortexm3ds_logic/Jwboz6_i_102/O
                         net (fo=2, routed)           0.225     4.469    u_fp_domain/u_CORTEXM3INTEGRATION/u_cortexm3ds_logic/Jwboz6_i_102_n_0
    SLICE_X108Y223       LUT6 (Prop_C6LUT_SLICEL_I2_O)
                                                      0.130     4.599 f  u_fp_domain/u_CORTEXM3INTEGRATION/u_cortexm3ds_logic/Jwboz6_i_28/O
                         net (fo=1, routed)           0.286     4.885    u_fp_domain/u_CORTEXM3INTEGRATION/u_cortexm3ds_logic/Jwboz6_i_28_n_0
    SLICE_X108Y221       LUT6 (Prop_H6LUT_SLICEL_I0_O)
                                                      0.172     5.057 f  u_fp_domain/u_CORTEXM3INTEGRATION/u_cortexm3ds_logic/Jwboz6_i_10/O
                         net (fo=2, routed)           0.659     5.716    u_fp_domain/u_CORTEXM3INTEGRATION/u_cortexm3ds_logic/Qcn6z6
    SLICE_X111Y206       LUT6 (Prop_C6LUT_SLICEL_I0_O)
                                                      0.130     5.846 f  u_fp_domain/u_CORTEXM3INTEGRATION/u_cortexm3ds_logic/Jwboz6_i_4/O
                         net (fo=11, routed)          0.708     6.554    u_fp_domain/u_CORTEXM3INTEGRATION/u_cortexm3ds_logic/Jwboz6_i_4_n_0
    SLICE_X111Y170       LUT5 (Prop_D5LUT_SLICEL_I1_O)
                                                      0.093     6.647 f  u_fp_domain/u_CORTEXM3INTEGRATION/u_cortexm3ds_logic/Mi5nz6_i_29/O
                         net (fo=4, routed)           0.613     7.260    u_fp_domain/u_CORTEXM3INTEGRATION/u_cortexm3ds_logic/Mi5nz6_i_29_n_0
    SLICE_X111Y196       LUT6 (Prop_H6LUT_SLICEL_I3_O)
                                                      0.132     7.392 f  u_fp_domain/u_CORTEXM3INTEGRATION/u_cortexm3ds_logic/Mi5nz6_i_26/O
                         net (fo=1, routed)           0.538     7.930    u_fp_domain/u_CORTEXM3INTEGRATION/u_cortexm3ds_logic/Mi5nz6_i_26_n_0
    SLICE_X111Y170       LUT6 (Prop_H6LUT_SLICEL_I5_O)
                                                      0.116     8.046 r  u_fp_domain/u_CORTEXM3INTEGRATION/u_cortexm3ds_logic/Mi5nz6_i_11/O
                         net (fo=3, routed)           0.838     8.884    u_fp_domain/u_CORTEXM3INTEGRATION/u_cortexm3ds_logic/Mi5nz6_i_11_n_0
    SLICE_X113Y123       LUT6 (Prop_E6LUT_SLICEM_I3_O)
                                                      0.177     9.061 f  u_fp_domain/u_CORTEXM3INTEGRATION/u_cortexm3ds_logic/Mi5nz6_i_4/O
                         net (fo=3, routed)           0.632     9.693    u_fp_domain/u_CORTEXM3INTEGRATION/u_cortexm3ds_logic/Mi5nz6_i_4_n_0
    SLICE_X119Y116       LUT6 (Prop_E6LUT_SLICEM_I4_O)
                                                      0.134     9.827 f  u_fp_domain/u_CORTEXM3INTEGRATION/u_cortexm3ds_logic/Ng9oz6_i_5/O
                         net (fo=5, routed)           0.585    10.412    u_fp_domain/u_CORTEXM3INTEGRATION/u_cortexm3ds_logic/Ng9oz6_i_5_n_0
    SLICE_X112Y115       LUT6 (Prop_H6LUT_SLICEM_I5_O)
                                                      0.120    10.532 f  u_fp_domain/u_CORTEXM3INTEGRATION/u_cortexm3ds_logic/O59oz6_i_17/O
                         net (fo=2, routed)           0.235    10.767    u_fp_domain/u_CORTEXM3INTEGRATION/u_cortexm3ds_logic/O59oz6_i_17_n_0
    SLICE_X110Y115       LUT6 (Prop_F6LUT_SLICEM_I0_O)
                                                      0.192    10.959 r  u_fp_domain/u_CORTEXM3INTEGRATION/u_cortexm3ds_logic/O59oz6_i_7/O
                         net (fo=12, routed)          0.206    11.165    u_fp_domain/u_CORTEXM3INTEGRATION/u_cortexm3ds_logic/O59oz6_i_7_n_0
    SLICE_X111Y114       LUT5 (Prop_C6LUT_SLICEL_I3_O)
                                                      0.115    11.280 f  u_fp_domain/u_CORTEXM3INTEGRATION/u_cortexm3ds_logic/Gd7oz6_i_2/O
                         net (fo=104, routed)         0.763    12.043    u_fp_domain/u_CORTEXM3INTEGRATION/u_cortexm3ds_logic/N3onv6
    SLICE_X117Y105       LUT6 (Prop_H6LUT_SLICEL_I2_O)
                                                      0.116    12.159 f  u_fp_domain/u_CORTEXM3INTEGRATION/u_cortexm3ds_logic/Jxpm17_i_6/O
                         net (fo=24, routed)          1.120    13.279    u_fp_domain/u_CORTEXM3INTEGRATION/u_cortexm3ds_logic/Jxpm17_i_6_n_0
    SLICE_X116Y153       LUT2 (Prop_H6LUT_SLICEL_I0_O)
                                                      0.188    13.467 r  u_fp_domain/u_CORTEXM3INTEGRATION/u_cortexm3ds_logic/G0im17_i_6/O
                         net (fo=11, routed)          0.877    14.344    u_fp_domain/u_CORTEXM3INTEGRATION/u_cortexm3ds_logic/G0im17_i_6_n_0
    SLICE_X117Y125       LUT4 (Prop_G6LUT_SLICEL_I0_O)
                                                      0.189    14.533 r  u_fp_domain/u_CORTEXM3INTEGRATION/u_cortexm3ds_logic/G0im17_i_3/O
                         net (fo=1, routed)           0.207    14.740    u_fp_domain/u_CORTEXM3INTEGRATION/u_cortexm3ds_logic/G0im17_i_3_n_0
    SLICE_X117Y125       LUT5 (Prop_H6LUT_SLICEL_I4_O)
                                                      0.188    14.928 r  u_fp_domain/u_CORTEXM3INTEGRATION/u_cortexm3ds_logic/G0im17_i_1/O
                         net (fo=1, routed)           0.027    14.955    u_fp_domain/u_CORTEXM3INTEGRATION/u_cortexm3ds_logic/Uxi8v6
    SLICE_X117Y125       FDCE                                         r  u_fp_domain/u_CORTEXM3INTEGRATION/u_cortexm3ds_logic/G0im17_reg/D
  -------------------------------------------------------------------    -------------------

                         (clock clk_out1_pll_50m rise edge)
                                                     25.000    25.000 r  
    D24                  IBUFCTRL                     0.000    25.000 r  CLK_IBUF_inst/IBUFCTRL_INST/O
                         net (fo=7, routed)           0.778    25.778    u_fpga_platform/u_pll0/inst/clk_in1
    MMCME3_ADV_X2Y3      MMCME3_ADV (Prop_MMCME3_ADV_CLKIN1_CLKOUT0)
                                                     -4.811    20.967 r  u_fpga_platform/u_pll0/inst/mmcme3_adv_inst/CLKOUT0
                         net (fo=1, routed)           0.372    21.339    u_fpga_platform/u_pll0/inst/clk_out1_pll_50m
    BUFGCE_X2Y74         BUFGCE (Prop_BUFCE_BUFGCE_I_O)
                                                      0.075    21.414 r  u_fpga_platform/u_pll0/inst/clkout1_buf/O
    X4Y1 (CLOCK_ROOT)    net (fo=6068, routed)        2.229    23.643    u_fp_domain/u_CORTEXM3INTEGRATION/u_cortexm3ds_logic/clk_out1
    SLICE_X117Y125       FDCE                                         r  u_fp_domain/u_CORTEXM3INTEGRATION/u_cortexm3ds_logic/G0im17_reg/C
                         clock pessimism             -0.025    23.618    
                         clock uncertainty           -0.078    23.540    
    SLICE_X117Y125       FDCE (Setup_HFF_SLICEL_C_D)
                                                      0.060    23.600    u_fp_domain/u_CORTEXM3INTEGRATION/u_cortexm3ds_logic/G0im17_reg
  -------------------------------------------------------------------
                         required time                         23.600    
                         arrival time                         -14.955    
  -------------------------------------------------------------------
                         slack                                  8.645    

Slack (MET) :             8.647ns  (required time - arrival time)
  Source:                 u_fp_domain/u_CORTEXM3INTEGRATION/u_cortexm3ds_logic/T0nm17_reg/C
                            (rising edge-triggered cell FDCE clocked by clk_out1_pll_50m  {rise@0.000ns fall@12.500ns period=25.000ns})
  Destination:            u_fp_domain/u_CORTEXM3INTEGRATION/u_cortexm3ds_logic/Ilnm17_reg/D
                            (rising edge-triggered cell FDCE clocked by clk_out1_pll_50m  {rise@0.000ns fall@12.500ns period=25.000ns})
  Path Group:             clk_out1_pll_50m
  Path Type:              Setup (Max at Slow Process Corner)
  Requirement:            25.000ns  (clk_out1_pll_50m rise@25.000ns - clk_out1_pll_50m rise@0.000ns)
  Data Path Delay:        16.213ns  (logic 3.753ns (23.148%)  route 12.460ns (76.852%))
  Logic Levels:           24  (CARRY8=5 LUT2=2 LUT3=1 LUT5=3 LUT6=13)
  Clock Path Skew:        -0.121ns (DCD - SCD + CPR)
    Destination Clock Delay (DCD):    -1.360ns = ( 23.640 - 25.000 ) 
    Source Clock Delay      (SCD):    -1.264ns
    Clock Pessimism Removal (CPR):    -0.025ns
  Clock Uncertainty:      0.078ns  ((TSJ^2 + DJ^2)^1/2) / 2 + PE
    Total System Jitter     (TSJ):    0.071ns
    Discrete Jitter          (DJ):    0.138ns
    Phase Error              (PE):    0.000ns
  Clock Net Delay (Source):      2.492ns (routing 0.988ns, distribution 1.504ns)
  Clock Net Delay (Destination): 2.226ns (routing 0.905ns, distribution 1.321ns)

    Location             Delay type                Incr(ns)  Path(ns)    Netlist Resource(s)
  -------------------------------------------------------------------    -------------------
                         (clock clk_out1_pll_50m rise edge)
                                                      0.000     0.000 r  
    D24                  IBUFCTRL                     0.000     0.000 r  CLK_IBUF_inst/IBUFCTRL_INST/O
                         net (fo=7, routed)           0.865     0.865    u_fpga_platform/u_pll0/inst/clk_in1
    MMCME3_ADV_X2Y3      MMCME3_ADV (Prop_MMCME3_ADV_CLKIN1_CLKOUT0)
                                                     -5.141    -4.276 r  u_fpga_platform/u_pll0/inst/mmcme3_adv_inst/CLKOUT0
                         net (fo=1, routed)           0.437    -3.839    u_fpga_platform/u_pll0/inst/clk_out1_pll_50m
    BUFGCE_X2Y74         BUFGCE (Prop_BUFCE_BUFGCE_I_O)
                                                      0.083    -3.756 r  u_fpga_platform/u_pll0/inst/clkout1_buf/O
    X4Y1 (CLOCK_ROOT)    net (fo=6068, routed)        2.492    -1.264    u_fp_domain/u_CORTEXM3INTEGRATION/u_cortexm3ds_logic/clk_out1
    SLICE_X117Y123       FDCE                                         r  u_fp_domain/u_CORTEXM3INTEGRATION/u_cortexm3ds_logic/T0nm17_reg/C
  -------------------------------------------------------------------    -------------------
    SLICE_X117Y123       FDCE (Prop_AFF_SLICEL_C_Q)
                                                      0.115    -1.149 r  u_fp_domain/u_CORTEXM3INTEGRATION/u_cortexm3ds_logic/T0nm17_reg/Q
                         net (fo=2, routed)           0.652    -0.497    u_fp_domain/u_CORTEXM3INTEGRATION/u_cortexm3ds_logic/T0nm17
    SLICE_X115Y149       LUT2 (Prop_F6LUT_SLICEM_I1_O)
                                                      0.178    -0.319 r  u_fp_domain/u_CORTEXM3INTEGRATION/u_cortexm3ds_logic/Pzioz6_i_6/O
                         net (fo=1, routed)           0.000    -0.319    u_fp_domain/u_CORTEXM3INTEGRATION/u_cortexm3ds_logic/Pzioz6_i_6_n_0
    SLICE_X115Y149       CARRY8 (Prop_CARRY8_SLICEM_S[5]_CO[7])
                                                      0.253    -0.066 r  u_fp_domain/u_CORTEXM3INTEGRATION/u_cortexm3ds_logic/Pzioz6_reg_i_2/CO[7]
                         net (fo=1, routed)           0.040    -0.026    u_fp_domain/u_CORTEXM3INTEGRATION/u_cortexm3ds_logic/Pzioz6_reg_i_2_n_0
    SLICE_X115Y150       CARRY8 (Prop_CARRY8_SLICEM_CI_O[0])
                                                      0.099     0.073 r  u_fp_domain/u_CORTEXM3INTEGRATION/u_cortexm3ds_logic/Gptzz6_reg_i_5/O[0]
                         net (fo=1, routed)           0.478     0.551    u_fp_domain/u_CORTEXM3INTEGRATION/u_cortexm3ds_logic/Z9zm17[8]
    SLICE_X114Y150       CARRY8 (Prop_CARRY8_SLICEL_S[0]_CO[7])
                                                      0.404     0.955 r  u_fp_domain/u_CORTEXM3INTEGRATION/u_cortexm3ds_logic/Gptzz6_reg_i_4/CO[7]
                         net (fo=1, routed)           0.027     0.982    u_fp_domain/u_CORTEXM3INTEGRATION/u_cortexm3ds_logic/Gptzz6_reg_i_4_n_0
    SLICE_X114Y151       CARRY8 (Prop_CARRY8_SLICEL_CI_CO[7])
                                                      0.022     1.004 r  u_fp_domain/u_CORTEXM3INTEGRATION/u_cortexm3ds_logic/Torzz6_reg_i_5/CO[7]
                         net (fo=1, routed)           0.027     1.031    u_fp_domain/u_CORTEXM3INTEGRATION/u_cortexm3ds_logic/Torzz6_reg_i_5_n_0
    SLICE_X114Y152       CARRY8 (Prop_CARRY8_SLICEL_CI_O[1])
                                                      0.133     1.164 f  u_fp_domain/u_CORTEXM3INTEGRATION/u_cortexm3ds_logic/Degzz6_reg_i_2/O[1]
                         net (fo=21, routed)          1.585     2.749    u_fp_domain/u_CORTEXM3INTEGRATION/u_cortexm3ds_logic/p_0_in666_in
    SLICE_X115Y209       LUT3 (Prop_H5LUT_SLICEM_I2_O)
                                                      0.155     2.904 f  u_fp_domain/u_CORTEXM3INTEGRATION/u_cortexm3ds_logic/Jwboz6_i_548/O
                         net (fo=9, routed)           0.764     3.668    u_fp_domain/u_CORTEXM3INTEGRATION/u_cortexm3ds_logic/Jwboz6_i_548_n_0
    SLICE_X110Y219       LUT5 (Prop_B6LUT_SLICEM_I1_O)
                                                      0.119     3.787 f  u_fp_domain/u_CORTEXM3INTEGRATION/u_cortexm3ds_logic/Jwboz6_i_307/O
                         net (fo=1, routed)           0.359     4.146    u_fp_domain/u_CORTEXM3INTEGRATION/u_cortexm3ds_logic/Jwboz6_i_307_n_0
    SLICE_X109Y222       LUT6 (Prop_H6LUT_SLICEM_I0_O)
                                                      0.137     4.283 r  u_fp_domain/u_CORTEXM3INTEGRATION/u_cortexm3ds_logic/Jwboz6_i_102/O
                         net (fo=2, routed)           0.225     4.508    u_fp_domain/u_CORTEXM3INTEGRATION/u_cortexm3ds_logic/Jwboz6_i_102_n_0
    SLICE_X108Y223       LUT6 (Prop_C6LUT_SLICEL_I2_O)
                                                      0.130     4.638 f  u_fp_domain/u_CORTEXM3INTEGRATION/u_cortexm3ds_logic/Jwboz6_i_28/O
                         net (fo=1, routed)           0.286     4.924    u_fp_domain/u_CORTEXM3INTEGRATION/u_cortexm3ds_logic/Jwboz6_i_28_n_0
    SLICE_X108Y221       LUT6 (Prop_H6LUT_SLICEL_I0_O)
                                                      0.172     5.096 f  u_fp_domain/u_CORTEXM3INTEGRATION/u_cortexm3ds_logic/Jwboz6_i_10/O
                         net (fo=2, routed)           0.659     5.755    u_fp_domain/u_CORTEXM3INTEGRATION/u_cortexm3ds_logic/Qcn6z6
    SLICE_X111Y206       LUT6 (Prop_C6LUT_SLICEL_I0_O)
                                                      0.130     5.885 f  u_fp_domain/u_CORTEXM3INTEGRATION/u_cortexm3ds_logic/Jwboz6_i_4/O
                         net (fo=11, routed)          0.708     6.593    u_fp_domain/u_CORTEXM3INTEGRATION/u_cortexm3ds_logic/Jwboz6_i_4_n_0
    SLICE_X111Y170       LUT5 (Prop_D5LUT_SLICEL_I1_O)
                                                      0.093     6.686 f  u_fp_domain/u_CORTEXM3INTEGRATION/u_cortexm3ds_logic/Mi5nz6_i_29/O
                         net (fo=4, routed)           0.613     7.299    u_fp_domain/u_CORTEXM3INTEGRATION/u_cortexm3ds_logic/Mi5nz6_i_29_n_0
    SLICE_X111Y196       LUT6 (Prop_H6LUT_SLICEL_I3_O)
                                                      0.132     7.431 f  u_fp_domain/u_CORTEXM3INTEGRATION/u_cortexm3ds_logic/Mi5nz6_i_26/O
                         net (fo=1, routed)           0.538     7.969    u_fp_domain/u_CORTEXM3INTEGRATION/u_cortexm3ds_logic/Mi5nz6_i_26_n_0
    SLICE_X111Y170       LUT6 (Prop_H6LUT_SLICEL_I5_O)
                                                      0.116     8.085 r  u_fp_domain/u_CORTEXM3INTEGRATION/u_cortexm3ds_logic/Mi5nz6_i_11/O
                         net (fo=3, routed)           0.838     8.923    u_fp_domain/u_CORTEXM3INTEGRATION/u_cortexm3ds_logic/Mi5nz6_i_11_n_0
    SLICE_X113Y123       LUT6 (Prop_E6LUT_SLICEM_I3_O)
                                                      0.177     9.100 f  u_fp_domain/u_CORTEXM3INTEGRATION/u_cortexm3ds_logic/Mi5nz6_i_4/O
                         net (fo=3, routed)           0.632     9.732    u_fp_domain/u_CORTEXM3INTEGRATION/u_cortexm3ds_logic/Mi5nz6_i_4_n_0
    SLICE_X119Y116       LUT6 (Prop_E6LUT_SLICEM_I4_O)
                                                      0.134     9.866 f  u_fp_domain/u_CORTEXM3INTEGRATION/u_cortexm3ds_logic/Ng9oz6_i_5/O
                         net (fo=5, routed)           0.585    10.451    u_fp_domain/u_CORTEXM3INTEGRATION/u_cortexm3ds_logic/Ng9oz6_i_5_n_0
    SLICE_X112Y115       LUT6 (Prop_H6LUT_SLICEM_I5_O)
                                                      0.120    10.571 f  u_fp_domain/u_CORTEXM3INTEGRATION/u_cortexm3ds_logic/O59oz6_i_17/O
                         net (fo=2, routed)           0.235    10.806    u_fp_domain/u_CORTEXM3INTEGRATION/u_cortexm3ds_logic/O59oz6_i_17_n_0
    SLICE_X110Y115       LUT6 (Prop_F6LUT_SLICEM_I0_O)
                                                      0.192    10.998 r  u_fp_domain/u_CORTEXM3INTEGRATION/u_cortexm3ds_logic/O59oz6_i_7/O
                         net (fo=12, routed)          0.206    11.204    u_fp_domain/u_CORTEXM3INTEGRATION/u_cortexm3ds_logic/O59oz6_i_7_n_0
    SLICE_X111Y114       LUT5 (Prop_C6LUT_SLICEL_I3_O)
                                                      0.115    11.319 f  u_fp_domain/u_CORTEXM3INTEGRATION/u_cortexm3ds_logic/Gd7oz6_i_2/O
                         net (fo=104, routed)         0.763    12.082    u_fp_domain/u_CORTEXM3INTEGRATION/u_cortexm3ds_logic/N3onv6
    SLICE_X117Y105       LUT6 (Prop_H6LUT_SLICEL_I2_O)
                                                      0.116    12.198 f  u_fp_domain/u_CORTEXM3INTEGRATION/u_cortexm3ds_logic/Jxpm17_i_6/O
                         net (fo=24, routed)          1.120    13.318    u_fp_domain/u_CORTEXM3INTEGRATION/u_cortexm3ds_logic/Jxpm17_i_6_n_0
    SLICE_X116Y153       LUT2 (Prop_H6LUT_SLICEL_I0_O)
                                                      0.188    13.506 r  u_fp_domain/u_CORTEXM3INTEGRATION/u_cortexm3ds_logic/G0im17_i_6/O
                         net (fo=11, routed)          0.817    14.323    u_fp_domain/u_CORTEXM3INTEGRATION/u_cortexm3ds_logic/G0im17_i_6_n_0
    SLICE_X117Y124       LUT6 (Prop_F6LUT_SLICEL_I5_O)
                                                      0.132    14.455 r  u_fp_domain/u_CORTEXM3INTEGRATION/u_cortexm3ds_logic/Ilnm17_i_3/O
                         net (fo=1, routed)           0.276    14.731    u_fp_domain/u_CORTEXM3INTEGRATION/u_cortexm3ds_logic/Ilnm17_i_3_n_0
    SLICE_X115Y124       LUT6 (Prop_D6LUT_SLICEM_I4_O)
                                                      0.191    14.922 r  u_fp_domain/u_CORTEXM3INTEGRATION/u_cortexm3ds_logic/Ilnm17_i_1/O
                         net (fo=1, routed)           0.027    14.949    u_fp_domain/u_CORTEXM3INTEGRATION/u_cortexm3ds_logic/Rzi8v6
    SLICE_X115Y124       FDCE                                         r  u_fp_domain/u_CORTEXM3INTEGRATION/u_cortexm3ds_logic/Ilnm17_reg/D
  -------------------------------------------------------------------    -------------------

                         (clock clk_out1_pll_50m rise edge)
                                                     25.000    25.000 r  
    D24                  IBUFCTRL                     0.000    25.000 r  CLK_IBUF_inst/IBUFCTRL_INST/O
                         net (fo=7, routed)           0.778    25.778    u_fpga_platform/u_pll0/inst/clk_in1
    MMCME3_ADV_X2Y3      MMCME3_ADV (Prop_MMCME3_ADV_CLKIN1_CLKOUT0)
                                                     -4.811    20.967 r  u_fpga_platform/u_pll0/inst/mmcme3_adv_inst/CLKOUT0
                         net (fo=1, routed)           0.372    21.339    u_fpga_platform/u_pll0/inst/clk_out1_pll_50m
    BUFGCE_X2Y74         BUFGCE (Prop_BUFCE_BUFGCE_I_O)
                                                      0.075    21.414 r  u_fpga_platform/u_pll0/inst/clkout1_buf/O
    X4Y1 (CLOCK_ROOT)    net (fo=6068, routed)        2.226    23.640    u_fp_domain/u_CORTEXM3INTEGRATION/u_cortexm3ds_logic/clk_out1
    SLICE_X115Y124       FDCE                                         r  u_fp_domain/u_CORTEXM3INTEGRATION/u_cortexm3ds_logic/Ilnm17_reg/C
                         clock pessimism             -0.025    23.615    
                         clock uncertainty           -0.078    23.537    
    SLICE_X115Y124       FDCE (Setup_DFF_SLICEM_C_D)
                                                      0.059    23.596    u_fp_domain/u_CORTEXM3INTEGRATION/u_cortexm3ds_logic/Ilnm17_reg
  -------------------------------------------------------------------
                         required time                         23.596    
                         arrival time                         -14.949    
  -------------------------------------------------------------------
                         slack                                  8.647    

Slack (MET) :             8.729ns  (required time - arrival time)
  Source:                 u_fp_domain/u_CORTEXM3INTEGRATION/u_cortexm3ds_logic/T0nm17_reg/C
                            (rising edge-triggered cell FDCE clocked by clk_out1_pll_50m  {rise@0.000ns fall@12.500ns period=25.000ns})
  Destination:            u_fp_domain/u_CORTEXM3INTEGRATION/u_cortexm3ds_logic/Fodm17_reg/D
                            (rising edge-triggered cell FDCE clocked by clk_out1_pll_50m  {rise@0.000ns fall@12.500ns period=25.000ns})
  Path Group:             clk_out1_pll_50m
  Path Type:              Setup (Max at Slow Process Corner)
  Requirement:            25.000ns  (clk_out1_pll_50m rise@25.000ns - clk_out1_pll_50m rise@0.000ns)
  Data Path Delay:        16.114ns  (logic 3.577ns (22.198%)  route 12.537ns (77.802%))
  Logic Levels:           24  (CARRY8=5 LUT2=1 LUT3=1 LUT5=4 LUT6=13)
  Clock Path Skew:        -0.138ns (DCD - SCD + CPR)
    Destination Clock Delay (DCD):    -1.377ns = ( 23.623 - 25.000 ) 
    Source Clock Delay      (SCD):    -1.264ns
    Clock Pessimism Removal (CPR):    -0.025ns
  Clock Uncertainty:      0.078ns  ((TSJ^2 + DJ^2)^1/2) / 2 + PE
    Total System Jitter     (TSJ):    0.071ns
    Discrete Jitter          (DJ):    0.138ns
    Phase Error              (PE):    0.000ns
  Clock Net Delay (Source):      2.492ns (routing 0.988ns, distribution 1.504ns)
  Clock Net Delay (Destination): 2.209ns (routing 0.905ns, distribution 1.304ns)

    Location             Delay type                Incr(ns)  Path(ns)    Netlist Resource(s)
  -------------------------------------------------------------------    -------------------
                         (clock clk_out1_pll_50m rise edge)
                                                      0.000     0.000 r  
    D24                  IBUFCTRL                     0.000     0.000 r  CLK_IBUF_inst/IBUFCTRL_INST/O
                         net (fo=7, routed)           0.865     0.865    u_fpga_platform/u_pll0/inst/clk_in1
    MMCME3_ADV_X2Y3      MMCME3_ADV (Prop_MMCME3_ADV_CLKIN1_CLKOUT0)
                                                     -5.141    -4.276 r  u_fpga_platform/u_pll0/inst/mmcme3_adv_inst/CLKOUT0
                         net (fo=1, routed)           0.437    -3.839    u_fpga_platform/u_pll0/inst/clk_out1_pll_50m
    BUFGCE_X2Y74         BUFGCE (Prop_BUFCE_BUFGCE_I_O)
                                                      0.083    -3.756 r  u_fpga_platform/u_pll0/inst/clkout1_buf/O
    X4Y1 (CLOCK_ROOT)    net (fo=6068, routed)        2.492    -1.264    u_fp_domain/u_CORTEXM3INTEGRATION/u_cortexm3ds_logic/clk_out1
    SLICE_X117Y123       FDCE                                         r  u_fp_domain/u_CORTEXM3INTEGRATION/u_cortexm3ds_logic/T0nm17_reg/C
  -------------------------------------------------------------------    -------------------
    SLICE_X117Y123       FDCE (Prop_AFF_SLICEL_C_Q)
                                                      0.115    -1.149 r  u_fp_domain/u_CORTEXM3INTEGRATION/u_cortexm3ds_logic/T0nm17_reg/Q
                         net (fo=2, routed)           0.652    -0.497    u_fp_domain/u_CORTEXM3INTEGRATION/u_cortexm3ds_logic/T0nm17
    SLICE_X115Y149       LUT2 (Prop_F6LUT_SLICEM_I1_O)
                                                      0.178    -0.319 r  u_fp_domain/u_CORTEXM3INTEGRATION/u_cortexm3ds_logic/Pzioz6_i_6/O
                         net (fo=1, routed)           0.000    -0.319    u_fp_domain/u_CORTEXM3INTEGRATION/u_cortexm3ds_logic/Pzioz6_i_6_n_0
    SLICE_X115Y149       CARRY8 (Prop_CARRY8_SLICEM_S[5]_CO[7])
                                                      0.253    -0.066 r  u_fp_domain/u_CORTEXM3INTEGRATION/u_cortexm3ds_logic/Pzioz6_reg_i_2/CO[7]
                         net (fo=1, routed)           0.040    -0.026    u_fp_domain/u_CORTEXM3INTEGRATION/u_cortexm3ds_logic/Pzioz6_reg_i_2_n_0
    SLICE_X115Y150       CARRY8 (Prop_CARRY8_SLICEM_CI_O[0])
                                                      0.099     0.073 r  u_fp_domain/u_CORTEXM3INTEGRATION/u_cortexm3ds_logic/Gptzz6_reg_i_5/O[0]
                         net (fo=1, routed)           0.478     0.551    u_fp_domain/u_CORTEXM3INTEGRATION/u_cortexm3ds_logic/Z9zm17[8]
    SLICE_X114Y150       CARRY8 (Prop_CARRY8_SLICEL_S[0]_CO[7])
                                                      0.404     0.955 r  u_fp_domain/u_CORTEXM3INTEGRATION/u_cortexm3ds_logic/Gptzz6_reg_i_4/CO[7]
                         net (fo=1, routed)           0.027     0.982    u_fp_domain/u_CORTEXM3INTEGRATION/u_cortexm3ds_logic/Gptzz6_reg_i_4_n_0
    SLICE_X114Y151       CARRY8 (Prop_CARRY8_SLICEL_CI_CO[7])
                                                      0.022     1.004 r  u_fp_domain/u_CORTEXM3INTEGRATION/u_cortexm3ds_logic/Torzz6_reg_i_5/CO[7]
                         net (fo=1, routed)           0.027     1.031    u_fp_domain/u_CORTEXM3INTEGRATION/u_cortexm3ds_logic/Torzz6_reg_i_5_n_0
    SLICE_X114Y152       CARRY8 (Prop_CARRY8_SLICEL_CI_O[1])
                                                      0.133     1.164 f  u_fp_domain/u_CORTEXM3INTEGRATION/u_cortexm3ds_logic/Degzz6_reg_i_2/O[1]
                         net (fo=21, routed)          1.585     2.749    u_fp_domain/u_CORTEXM3INTEGRATION/u_cortexm3ds_logic/p_0_in666_in
    SLICE_X115Y209       LUT3 (Prop_H5LUT_SLICEM_I2_O)
                                                      0.155     2.904 f  u_fp_domain/u_CORTEXM3INTEGRATION/u_cortexm3ds_logic/Jwboz6_i_548/O
                         net (fo=9, routed)           0.764     3.668    u_fp_domain/u_CORTEXM3INTEGRATION/u_cortexm3ds_logic/Jwboz6_i_548_n_0
    SLICE_X110Y219       LUT5 (Prop_B6LUT_SLICEM_I1_O)
                                                      0.119     3.787 f  u_fp_domain/u_CORTEXM3INTEGRATION/u_cortexm3ds_logic/Jwboz6_i_307/O
                         net (fo=1, routed)           0.359     4.146    u_fp_domain/u_CORTEXM3INTEGRATION/u_cortexm3ds_logic/Jwboz6_i_307_n_0
    SLICE_X109Y222       LUT6 (Prop_H6LUT_SLICEM_I0_O)
                                                      0.137     4.283 r  u_fp_domain/u_CORTEXM3INTEGRATION/u_cortexm3ds_logic/Jwboz6_i_102/O
                         net (fo=2, routed)           0.225     4.508    u_fp_domain/u_CORTEXM3INTEGRATION/u_cortexm3ds_logic/Jwboz6_i_102_n_0
    SLICE_X108Y223       LUT6 (Prop_C6LUT_SLICEL_I2_O)
                                                      0.130     4.638 r  u_fp_domain/u_CORTEXM3INTEGRATION/u_cortexm3ds_logic/Jwboz6_i_28/O
                         net (fo=1, routed)           0.286     4.924    u_fp_domain/u_CORTEXM3INTEGRATION/u_cortexm3ds_logic/Jwboz6_i_28_n_0
    SLICE_X108Y221       LUT6 (Prop_H6LUT_SLICEL_I0_O)
                                                      0.172     5.096 r  u_fp_domain/u_CORTEXM3INTEGRATION/u_cortexm3ds_logic/Jwboz6_i_10/O
                         net (fo=2, routed)           0.659     5.755    u_fp_domain/u_CORTEXM3INTEGRATION/u_cortexm3ds_logic/Qcn6z6
    SLICE_X111Y206       LUT6 (Prop_C6LUT_SLICEL_I0_O)
                                                      0.130     5.885 r  u_fp_domain/u_CORTEXM3INTEGRATION/u_cortexm3ds_logic/Jwboz6_i_4/O
                         net (fo=11, routed)          0.708     6.593    u_fp_domain/u_CORTEXM3INTEGRATION/u_cortexm3ds_logic/Jwboz6_i_4_n_0
    SLICE_X111Y170       LUT5 (Prop_D5LUT_SLICEL_I1_O)
                                                      0.093     6.686 r  u_fp_domain/u_CORTEXM3INTEGRATION/u_cortexm3ds_logic/Mi5nz6_i_29/O
                         net (fo=4, routed)           0.613     7.299    u_fp_domain/u_CORTEXM3INTEGRATION/u_cortexm3ds_logic/Mi5nz6_i_29_n_0
    SLICE_X111Y196       LUT6 (Prop_H6LUT_SLICEL_I3_O)
                                                      0.132     7.431 r  u_fp_domain/u_CORTEXM3INTEGRATION/u_cortexm3ds_logic/Mi5nz6_i_26/O
                         net (fo=1, routed)           0.538     7.969    u_fp_domain/u_CORTEXM3INTEGRATION/u_cortexm3ds_logic/Mi5nz6_i_26_n_0
    SLICE_X111Y170       LUT6 (Prop_H6LUT_SLICEL_I5_O)
                                                      0.116     8.085 f  u_fp_domain/u_CORTEXM3INTEGRATION/u_cortexm3ds_logic/Mi5nz6_i_11/O
                         net (fo=3, routed)           0.838     8.923    u_fp_domain/u_CORTEXM3INTEGRATION/u_cortexm3ds_logic/Mi5nz6_i_11_n_0
    SLICE_X113Y123       LUT6 (Prop_E6LUT_SLICEM_I3_O)
                                                      0.177     9.100 r  u_fp_domain/u_CORTEXM3INTEGRATION/u_cortexm3ds_logic/Mi5nz6_i_4/O
                         net (fo=3, routed)           0.632     9.732    u_fp_domain/u_CORTEXM3INTEGRATION/u_cortexm3ds_logic/Mi5nz6_i_4_n_0
    SLICE_X119Y116       LUT6 (Prop_E6LUT_SLICEM_I4_O)
                                                      0.134     9.866 r  u_fp_domain/u_CORTEXM3INTEGRATION/u_cortexm3ds_logic/Ng9oz6_i_5/O
                         net (fo=5, routed)           0.585    10.451    u_fp_domain/u_CORTEXM3INTEGRATION/u_cortexm3ds_logic/Ng9oz6_i_5_n_0
    SLICE_X112Y115       LUT6 (Prop_H6LUT_SLICEM_I5_O)
                                                      0.120    10.571 r  u_fp_domain/u_CORTEXM3INTEGRATION/u_cortexm3ds_logic/O59oz6_i_17/O
                         net (fo=2, routed)           0.235    10.806    u_fp_domain/u_CORTEXM3INTEGRATION/u_cortexm3ds_logic/O59oz6_i_17_n_0
    SLICE_X110Y115       LUT6 (Prop_F6LUT_SLICEM_I0_O)
                                                      0.192    10.998 f  u_fp_domain/u_CORTEXM3INTEGRATION/u_cortexm3ds_logic/O59oz6_i_7/O
                         net (fo=12, routed)          0.206    11.204    u_fp_domain/u_CORTEXM3INTEGRATION/u_cortexm3ds_logic/O59oz6_i_7_n_0
    SLICE_X111Y114       LUT5 (Prop_C6LUT_SLICEL_I3_O)
                                                      0.115    11.319 r  u_fp_domain/u_CORTEXM3INTEGRATION/u_cortexm3ds_logic/Gd7oz6_i_2/O
                         net (fo=104, routed)         0.537    11.856    u_fp_domain/u_CORTEXM3INTEGRATION/u_cortexm3ds_logic/N3onv6
    SLICE_X118Y113       LUT5 (Prop_D6LUT_SLICEM_I1_O)
                                                      0.074    11.930 f  u_fp_domain/u_CORTEXM3INTEGRATION/u_cortexm3ds_logic/G2uf07_i_8/O
                         net (fo=6, routed)           0.441    12.371    u_fp_domain/u_CORTEXM3INTEGRATION/u_cortexm3ds_logic/G2uf07_i_8_n_0
    SLICE_X114Y118       LUT6 (Prop_G6LUT_SLICEL_I4_O)
                                                      0.071    12.442 r  u_fp_domain/u_CORTEXM3INTEGRATION/u_cortexm3ds_logic/G2uf07_i_3/O
                         net (fo=105, routed)         1.474    13.916    u_fp_domain/u_CORTEXM3INTEGRATION/u_cortexm3ds_logic/Hyhhw6
    SLICE_X119Y161       LUT6 (Prop_D6LUT_SLICEM_I1_O)
                                                      0.118    14.034 r  u_fp_domain/u_CORTEXM3INTEGRATION/u_cortexm3ds_logic/Fodm17_i_2/O
                         net (fo=1, routed)           0.601    14.635    u_fp_domain/u_CORTEXM3INTEGRATION/u_cortexm3ds_logic/Fodm17_i_2_n_0
    SLICE_X116Y152       LUT6 (Prop_D6LUT_SLICEL_I0_O)
                                                      0.188    14.823 r  u_fp_domain/u_CORTEXM3INTEGRATION/u_cortexm3ds_logic/Fodm17_i_1/O
                         net (fo=1, routed)           0.027    14.850    u_fp_domain/u_CORTEXM3INTEGRATION/u_cortexm3ds_logic/Nas7v6
    SLICE_X116Y152       FDCE                                         r  u_fp_domain/u_CORTEXM3INTEGRATION/u_cortexm3ds_logic/Fodm17_reg/D
  -------------------------------------------------------------------    -------------------

                         (clock clk_out1_pll_50m rise edge)
                                                     25.000    25.000 r  
    D24                  IBUFCTRL                     0.000    25.000 r  CLK_IBUF_inst/IBUFCTRL_INST/O
                         net (fo=7, routed)           0.778    25.778    u_fpga_platform/u_pll0/inst/clk_in1
    MMCME3_ADV_X2Y3      MMCME3_ADV (Prop_MMCME3_ADV_CLKIN1_CLKOUT0)
                                                     -4.811    20.967 r  u_fpga_platform/u_pll0/inst/mmcme3_adv_inst/CLKOUT0
                         net (fo=1, routed)           0.372    21.339    u_fpga_platform/u_pll0/inst/clk_out1_pll_50m
    BUFGCE_X2Y74         BUFGCE (Prop_BUFCE_BUFGCE_I_O)
                                                      0.075    21.414 r  u_fpga_platform/u_pll0/inst/clkout1_buf/O
    X4Y1 (CLOCK_ROOT)    net (fo=6068, routed)        2.209    23.623    u_fp_domain/u_CORTEXM3INTEGRATION/u_cortexm3ds_logic/clk_out1
    SLICE_X116Y152       FDCE                                         r  u_fp_domain/u_CORTEXM3INTEGRATION/u_cortexm3ds_logic/Fodm17_reg/C
                         clock pessimism             -0.025    23.598    
                         clock uncertainty           -0.078    23.520    
    SLICE_X116Y152       FDCE (Setup_DFF_SLICEL_C_D)
                                                      0.059    23.579    u_fp_domain/u_CORTEXM3INTEGRATION/u_cortexm3ds_logic/Fodm17_reg
  -------------------------------------------------------------------
                         required time                         23.579    
                         arrival time                         -14.850    
  -------------------------------------------------------------------
                         slack                                  8.729    

Slack (MET) :             8.761ns  (required time - arrival time)
  Source:                 u_fp_domain/u_CORTEXM3INTEGRATION/u_cortexm3ds_logic/T0nm17_reg/C
                            (rising edge-triggered cell FDCE clocked by clk_out1_pll_50m  {rise@0.000ns fall@12.500ns period=25.000ns})
  Destination:            u_fp_domain/u_CORTEXM3INTEGRATION/u_cortexm3ds_logic/R7qnz6_reg/D
                            (rising edge-triggered cell FDRE clocked by clk_out1_pll_50m  {rise@0.000ns fall@12.500ns period=25.000ns})
  Path Group:             clk_out1_pll_50m
  Path Type:              Setup (Max at Slow Process Corner)
  Requirement:            25.000ns  (clk_out1_pll_50m rise@25.000ns - clk_out1_pll_50m rise@0.000ns)
  Data Path Delay:        16.073ns  (logic 3.808ns (23.692%)  route 12.265ns (76.308%))
  Logic Levels:           24  (CARRY8=5 LUT2=2 LUT3=1 LUT5=4 LUT6=12)
  Clock Path Skew:        -0.146ns (DCD - SCD + CPR)
    Destination Clock Delay (DCD):    -1.385ns = ( 23.615 - 25.000 ) 
    Source Clock Delay      (SCD):    -1.264ns
    Clock Pessimism Removal (CPR):    -0.025ns
  Clock Uncertainty:      0.078ns  ((TSJ^2 + DJ^2)^1/2) / 2 + PE
    Total System Jitter     (TSJ):    0.071ns
    Discrete Jitter          (DJ):    0.138ns
    Phase Error              (PE):    0.000ns
  Clock Net Delay (Source):      2.492ns (routing 0.988ns, distribution 1.504ns)
  Clock Net Delay (Destination): 2.201ns (routing 0.905ns, distribution 1.296ns)

    Location             Delay type                Incr(ns)  Path(ns)    Netlist Resource(s)
  -------------------------------------------------------------------    -------------------
                         (clock clk_out1_pll_50m rise edge)
                                                      0.000     0.000 r  
    D24                  IBUFCTRL                     0.000     0.000 r  CLK_IBUF_inst/IBUFCTRL_INST/O
                         net (fo=7, routed)           0.865     0.865    u_fpga_platform/u_pll0/inst/clk_in1
    MMCME3_ADV_X2Y3      MMCME3_ADV (Prop_MMCME3_ADV_CLKIN1_CLKOUT0)
                                                     -5.141    -4.276 r  u_fpga_platform/u_pll0/inst/mmcme3_adv_inst/CLKOUT0
                         net (fo=1, routed)           0.437    -3.839    u_fpga_platform/u_pll0/inst/clk_out1_pll_50m
    BUFGCE_X2Y74         BUFGCE (Prop_BUFCE_BUFGCE_I_O)
                                                      0.083    -3.756 r  u_fpga_platform/u_pll0/inst/clkout1_buf/O
    X4Y1 (CLOCK_ROOT)    net (fo=6068, routed)        2.492    -1.264    u_fp_domain/u_CORTEXM3INTEGRATION/u_cortexm3ds_logic/clk_out1
    SLICE_X117Y123       FDCE                                         r  u_fp_domain/u_CORTEXM3INTEGRATION/u_cortexm3ds_logic/T0nm17_reg/C
  -------------------------------------------------------------------    -------------------
    SLICE_X117Y123       FDCE (Prop_AFF_SLICEL_C_Q)
                                                      0.115    -1.149 r  u_fp_domain/u_CORTEXM3INTEGRATION/u_cortexm3ds_logic/T0nm17_reg/Q
                         net (fo=2, routed)           0.652    -0.497    u_fp_domain/u_CORTEXM3INTEGRATION/u_cortexm3ds_logic/T0nm17
    SLICE_X115Y149       LUT2 (Prop_F6LUT_SLICEM_I1_O)
                                                      0.178    -0.319 r  u_fp_domain/u_CORTEXM3INTEGRATION/u_cortexm3ds_logic/Pzioz6_i_6/O
                         net (fo=1, routed)           0.000    -0.319    u_fp_domain/u_CORTEXM3INTEGRATION/u_cortexm3ds_logic/Pzioz6_i_6_n_0
    SLICE_X115Y149       CARRY8 (Prop_CARRY8_SLICEM_S[5]_CO[7])
                                                      0.253    -0.066 r  u_fp_domain/u_CORTEXM3INTEGRATION/u_cortexm3ds_logic/Pzioz6_reg_i_2/CO[7]
                         net (fo=1, routed)           0.040    -0.026    u_fp_domain/u_CORTEXM3INTEGRATION/u_cortexm3ds_logic/Pzioz6_reg_i_2_n_0
    SLICE_X115Y150       CARRY8 (Prop_CARRY8_SLICEM_CI_O[0])
                                                      0.099     0.073 r  u_fp_domain/u_CORTEXM3INTEGRATION/u_cortexm3ds_logic/Gptzz6_reg_i_5/O[0]
                         net (fo=1, routed)           0.478     0.551    u_fp_domain/u_CORTEXM3INTEGRATION/u_cortexm3ds_logic/Z9zm17[8]
    SLICE_X114Y150       CARRY8 (Prop_CARRY8_SLICEL_S[0]_CO[7])
                                                      0.404     0.955 r  u_fp_domain/u_CORTEXM3INTEGRATION/u_cortexm3ds_logic/Gptzz6_reg_i_4/CO[7]
                         net (fo=1, routed)           0.027     0.982    u_fp_domain/u_CORTEXM3INTEGRATION/u_cortexm3ds_logic/Gptzz6_reg_i_4_n_0
    SLICE_X114Y151       CARRY8 (Prop_CARRY8_SLICEL_CI_CO[7])
                                                      0.022     1.004 r  u_fp_domain/u_CORTEXM3INTEGRATION/u_cortexm3ds_logic/Torzz6_reg_i_5/CO[7]
                         net (fo=1, routed)           0.027     1.031    u_fp_domain/u_CORTEXM3INTEGRATION/u_cortexm3ds_logic/Torzz6_reg_i_5_n_0
    SLICE_X114Y152       CARRY8 (Prop_CARRY8_SLICEL_CI_O[1])
                                                      0.133     1.164 f  u_fp_domain/u_CORTEXM3INTEGRATION/u_cortexm3ds_logic/Degzz6_reg_i_2/O[1]
                         net (fo=21, routed)          1.585     2.749    u_fp_domain/u_CORTEXM3INTEGRATION/u_cortexm3ds_logic/p_0_in666_in
    SLICE_X115Y209       LUT3 (Prop_H5LUT_SLICEM_I2_O)
                                                      0.155     2.904 f  u_fp_domain/u_CORTEXM3INTEGRATION/u_cortexm3ds_logic/Jwboz6_i_548/O
                         net (fo=9, routed)           0.764     3.668    u_fp_domain/u_CORTEXM3INTEGRATION/u_cortexm3ds_logic/Jwboz6_i_548_n_0
    SLICE_X110Y219       LUT5 (Prop_B6LUT_SLICEM_I1_O)
                                                      0.119     3.787 f  u_fp_domain/u_CORTEXM3INTEGRATION/u_cortexm3ds_logic/Jwboz6_i_307/O
                         net (fo=1, routed)           0.359     4.146    u_fp_domain/u_CORTEXM3INTEGRATION/u_cortexm3ds_logic/Jwboz6_i_307_n_0
    SLICE_X109Y222       LUT6 (Prop_H6LUT_SLICEM_I0_O)
                                                      0.137     4.283 r  u_fp_domain/u_CORTEXM3INTEGRATION/u_cortexm3ds_logic/Jwboz6_i_102/O
                         net (fo=2, routed)           0.225     4.508    u_fp_domain/u_CORTEXM3INTEGRATION/u_cortexm3ds_logic/Jwboz6_i_102_n_0
    SLICE_X108Y223       LUT6 (Prop_C6LUT_SLICEL_I2_O)
                                                      0.130     4.638 r  u_fp_domain/u_CORTEXM3INTEGRATION/u_cortexm3ds_logic/Jwboz6_i_28/O
                         net (fo=1, routed)           0.286     4.924    u_fp_domain/u_CORTEXM3INTEGRATION/u_cortexm3ds_logic/Jwboz6_i_28_n_0
    SLICE_X108Y221       LUT6 (Prop_H6LUT_SLICEL_I0_O)
                                                      0.172     5.096 r  u_fp_domain/u_CORTEXM3INTEGRATION/u_cortexm3ds_logic/Jwboz6_i_10/O
                         net (fo=2, routed)           0.659     5.755    u_fp_domain/u_CORTEXM3INTEGRATION/u_cortexm3ds_logic/Qcn6z6
    SLICE_X111Y206       LUT6 (Prop_C6LUT_SLICEL_I0_O)
                                                      0.130     5.885 r  u_fp_domain/u_CORTEXM3INTEGRATION/u_cortexm3ds_logic/Jwboz6_i_4/O
                         net (fo=11, routed)          0.708     6.593    u_fp_domain/u_CORTEXM3INTEGRATION/u_cortexm3ds_logic/Jwboz6_i_4_n_0
    SLICE_X111Y170       LUT5 (Prop_D5LUT_SLICEL_I1_O)
                                                      0.093     6.686 r  u_fp_domain/u_CORTEXM3INTEGRATION/u_cortexm3ds_logic/Mi5nz6_i_29/O
                         net (fo=4, routed)           0.613     7.299    u_fp_domain/u_CORTEXM3INTEGRATION/u_cortexm3ds_logic/Mi5nz6_i_29_n_0
    SLICE_X111Y196       LUT6 (Prop_H6LUT_SLICEL_I3_O)
                                                      0.132     7.431 r  u_fp_domain/u_CORTEXM3INTEGRATION/u_cortexm3ds_logic/Mi5nz6_i_26/O
                         net (fo=1, routed)           0.538     7.969    u_fp_domain/u_CORTEXM3INTEGRATION/u_cortexm3ds_logic/Mi5nz6_i_26_n_0
    SLICE_X111Y170       LUT6 (Prop_H6LUT_SLICEL_I5_O)
                                                      0.116     8.085 f  u_fp_domain/u_CORTEXM3INTEGRATION/u_cortexm3ds_logic/Mi5nz6_i_11/O
                         net (fo=3, routed)           0.838     8.923    u_fp_domain/u_CORTEXM3INTEGRATION/u_cortexm3ds_logic/Mi5nz6_i_11_n_0
    SLICE_X113Y123       LUT6 (Prop_E6LUT_SLICEM_I3_O)
                                                      0.177     9.100 r  u_fp_domain/u_CORTEXM3INTEGRATION/u_cortexm3ds_logic/Mi5nz6_i_4/O
                         net (fo=3, routed)           0.632     9.732    u_fp_domain/u_CORTEXM3INTEGRATION/u_cortexm3ds_logic/Mi5nz6_i_4_n_0
    SLICE_X119Y116       LUT6 (Prop_E6LUT_SLICEM_I4_O)
                                                      0.134     9.866 r  u_fp_domain/u_CORTEXM3INTEGRATION/u_cortexm3ds_logic/Ng9oz6_i_5/O
                         net (fo=5, routed)           0.585    10.451    u_fp_domain/u_CORTEXM3INTEGRATION/u_cortexm3ds_logic/Ng9oz6_i_5_n_0
    SLICE_X112Y115       LUT6 (Prop_H6LUT_SLICEM_I5_O)
                                                      0.120    10.571 r  u_fp_domain/u_CORTEXM3INTEGRATION/u_cortexm3ds_logic/O59oz6_i_17/O
                         net (fo=2, routed)           0.235    10.806    u_fp_domain/u_CORTEXM3INTEGRATION/u_cortexm3ds_logic/O59oz6_i_17_n_0
    SLICE_X110Y115       LUT6 (Prop_F6LUT_SLICEM_I0_O)
                                                      0.192    10.998 f  u_fp_domain/u_CORTEXM3INTEGRATION/u_cortexm3ds_logic/O59oz6_i_7/O
                         net (fo=12, routed)          0.206    11.204    u_fp_domain/u_CORTEXM3INTEGRATION/u_cortexm3ds_logic/O59oz6_i_7_n_0
    SLICE_X111Y114       LUT5 (Prop_C6LUT_SLICEL_I3_O)
                                                      0.115    11.319 r  u_fp_domain/u_CORTEXM3INTEGRATION/u_cortexm3ds_logic/Gd7oz6_i_2/O
                         net (fo=104, routed)         0.672    11.991    u_fp_domain/u_CORTEXM3INTEGRATION/u_cortexm3ds_logic/N3onv6
    SLICE_X123Y109       LUT2 (Prop_D5LUT_SLICEL_I1_O)
                                                      0.205    12.196 r  u_fp_domain/u_CORTEXM3INTEGRATION/u_cortexm3ds_logic/Rg0007_i_4/O
                         net (fo=10, routed)          0.684    12.880    u_fp_domain/u_CORTEXM3INTEGRATION/u_cortexm3ds_logic/Rg0007_i_4_n_0
    SLICE_X117Y122       LUT6 (Prop_G6LUT_SLICEL_I2_O)
                                                      0.172    13.052 f  u_fp_domain/u_CORTEXM3INTEGRATION/u_cortexm3ds_logic/Z73oz6_i_3/O
                         net (fo=31, routed)          0.914    13.966    u_fp_domain/u_CORTEXM3INTEGRATION/u_cortexm3ds_logic/Z73oz6_i_3_n_0
    SLICE_X116Y149       LUT5 (Prop_A6LUT_SLICEL_I3_O)
                                                      0.173    14.139 r  u_fp_domain/u_CORTEXM3INTEGRATION/u_cortexm3ds_logic/R7qnz6_i_2/O
                         net (fo=1, routed)           0.512    14.651    u_fp_domain/u_CORTEXM3INTEGRATION/u_cortexm3ds_logic/R7qnz6_i_2_n_0
    SLICE_X116Y149       LUT6 (Prop_B6LUT_SLICEL_I0_O)
                                                      0.132    14.783 r  u_fp_domain/u_CORTEXM3INTEGRATION/u_cortexm3ds_logic/R7qnz6_i_1/O
                         net (fo=1, routed)           0.026    14.809    u_fp_domain/u_CORTEXM3INTEGRATION/u_cortexm3ds_logic/C8z7v6
    SLICE_X116Y149       FDRE                                         r  u_fp_domain/u_CORTEXM3INTEGRATION/u_cortexm3ds_logic/R7qnz6_reg/D
  -------------------------------------------------------------------    -------------------

                         (clock clk_out1_pll_50m rise edge)
                                                     25.000    25.000 r  
    D24                  IBUFCTRL                     0.000    25.000 r  CLK_IBUF_inst/IBUFCTRL_INST/O
                         net (fo=7, routed)           0.778    25.778    u_fpga_platform/u_pll0/inst/clk_in1
    MMCME3_ADV_X2Y3      MMCME3_ADV (Prop_MMCME3_ADV_CLKIN1_CLKOUT0)
                                                     -4.811    20.967 r  u_fpga_platform/u_pll0/inst/mmcme3_adv_inst/CLKOUT0
                         net (fo=1, routed)           0.372    21.339    u_fpga_platform/u_pll0/inst/clk_out1_pll_50m
    BUFGCE_X2Y74         BUFGCE (Prop_BUFCE_BUFGCE_I_O)
                                                      0.075    21.414 r  u_fpga_platform/u_pll0/inst/clkout1_buf/O
    X4Y1 (CLOCK_ROOT)    net (fo=6068, routed)        2.201    23.615    u_fp_domain/u_CORTEXM3INTEGRATION/u_cortexm3ds_logic/clk_out1
    SLICE_X116Y149       FDRE                                         r  u_fp_domain/u_CORTEXM3INTEGRATION/u_cortexm3ds_logic/R7qnz6_reg/C
                         clock pessimism             -0.025    23.590    
                         clock uncertainty           -0.078    23.512    
    SLICE_X116Y149       FDRE (Setup_BFF_SLICEL_C_D)
                                                      0.058    23.570    u_fp_domain/u_CORTEXM3INTEGRATION/u_cortexm3ds_logic/R7qnz6_reg
  -------------------------------------------------------------------
                         required time                         23.570    
                         arrival time                         -14.809    
  -------------------------------------------------------------------
                         slack                                  8.761    

Slack (MET) :             8.833ns  (required time - arrival time)
  Source:                 u_fp_domain/u_CORTEXM3INTEGRATION/u_cortexm3ds_logic/T0nm17_reg/C
                            (rising edge-triggered cell FDCE clocked by clk_out1_pll_50m  {rise@0.000ns fall@12.500ns period=25.000ns})
  Destination:            u_fp_domain/u_CORTEXM3INTEGRATION/u_cortexm3ds_logic/N3jnz6_reg/D
                            (rising edge-triggered cell FDCE clocked by clk_out1_pll_50m  {rise@0.000ns fall@12.500ns period=25.000ns})
  Path Group:             clk_out1_pll_50m
  Path Type:              Setup (Max at Slow Process Corner)
  Requirement:            25.000ns  (clk_out1_pll_50m rise@25.000ns - clk_out1_pll_50m rise@0.000ns)
  Data Path Delay:        16.009ns  (logic 3.718ns (23.224%)  route 12.291ns (76.776%))
  Logic Levels:           26  (CARRY8=5 LUT2=1 LUT3=3 LUT5=4 LUT6=13)
  Clock Path Skew:        -0.139ns (DCD - SCD + CPR)
    Destination Clock Delay (DCD):    -1.378ns = ( 23.622 - 25.000 ) 
    Source Clock Delay      (SCD):    -1.264ns
    Clock Pessimism Removal (CPR):    -0.025ns
  Clock Uncertainty:      0.078ns  ((TSJ^2 + DJ^2)^1/2) / 2 + PE
    Total System Jitter     (TSJ):    0.071ns
    Discrete Jitter          (DJ):    0.138ns
    Phase Error              (PE):    0.000ns
  Clock Net Delay (Source):      2.492ns (routing 0.988ns, distribution 1.504ns)
  Clock Net Delay (Destination): 2.208ns (routing 0.905ns, distribution 1.303ns)

    Location             Delay type                Incr(ns)  Path(ns)    Netlist Resource(s)
  -------------------------------------------------------------------    -------------------
                         (clock clk_out1_pll_50m rise edge)
                                                      0.000     0.000 r  
    D24                  IBUFCTRL                     0.000     0.000 r  CLK_IBUF_inst/IBUFCTRL_INST/O
                         net (fo=7, routed)           0.865     0.865    u_fpga_platform/u_pll0/inst/clk_in1
    MMCME3_ADV_X2Y3      MMCME3_ADV (Prop_MMCME3_ADV_CLKIN1_CLKOUT0)
                                                     -5.141    -4.276 r  u_fpga_platform/u_pll0/inst/mmcme3_adv_inst/CLKOUT0
                         net (fo=1, routed)           0.437    -3.839    u_fpga_platform/u_pll0/inst/clk_out1_pll_50m
    BUFGCE_X2Y74         BUFGCE (Prop_BUFCE_BUFGCE_I_O)
                                                      0.083    -3.756 r  u_fpga_platform/u_pll0/inst/clkout1_buf/O
    X4Y1 (CLOCK_ROOT)    net (fo=6068, routed)        2.492    -1.264    u_fp_domain/u_CORTEXM3INTEGRATION/u_cortexm3ds_logic/clk_out1
    SLICE_X117Y123       FDCE                                         r  u_fp_domain/u_CORTEXM3INTEGRATION/u_cortexm3ds_logic/T0nm17_reg/C
  -------------------------------------------------------------------    -------------------
    SLICE_X117Y123       FDCE (Prop_AFF_SLICEL_C_Q)
                                                      0.115    -1.149 r  u_fp_domain/u_CORTEXM3INTEGRATION/u_cortexm3ds_logic/T0nm17_reg/Q
                         net (fo=2, routed)           0.652    -0.497    u_fp_domain/u_CORTEXM3INTEGRATION/u_cortexm3ds_logic/T0nm17
    SLICE_X115Y149       LUT2 (Prop_F6LUT_SLICEM_I1_O)
                                                      0.178    -0.319 r  u_fp_domain/u_CORTEXM3INTEGRATION/u_cortexm3ds_logic/Pzioz6_i_6/O
                         net (fo=1, routed)           0.000    -0.319    u_fp_domain/u_CORTEXM3INTEGRATION/u_cortexm3ds_logic/Pzioz6_i_6_n_0
    SLICE_X115Y149       CARRY8 (Prop_CARRY8_SLICEM_S[5]_CO[7])
                                                      0.253    -0.066 r  u_fp_domain/u_CORTEXM3INTEGRATION/u_cortexm3ds_logic/Pzioz6_reg_i_2/CO[7]
                         net (fo=1, routed)           0.040    -0.026    u_fp_domain/u_CORTEXM3INTEGRATION/u_cortexm3ds_logic/Pzioz6_reg_i_2_n_0
    SLICE_X115Y150       CARRY8 (Prop_CARRY8_SLICEM_CI_O[0])
                                                      0.099     0.073 r  u_fp_domain/u_CORTEXM3INTEGRATION/u_cortexm3ds_logic/Gptzz6_reg_i_5/O[0]
                         net (fo=1, routed)           0.478     0.551    u_fp_domain/u_CORTEXM3INTEGRATION/u_cortexm3ds_logic/Z9zm17[8]
    SLICE_X114Y150       CARRY8 (Prop_CARRY8_SLICEL_S[0]_CO[7])
                                                      0.404     0.955 r  u_fp_domain/u_CORTEXM3INTEGRATION/u_cortexm3ds_logic/Gptzz6_reg_i_4/CO[7]
                         net (fo=1, routed)           0.027     0.982    u_fp_domain/u_CORTEXM3INTEGRATION/u_cortexm3ds_logic/Gptzz6_reg_i_4_n_0
    SLICE_X114Y151       CARRY8 (Prop_CARRY8_SLICEL_CI_CO[7])
                                                      0.022     1.004 r  u_fp_domain/u_CORTEXM3INTEGRATION/u_cortexm3ds_logic/Torzz6_reg_i_5/CO[7]
                         net (fo=1, routed)           0.027     1.031    u_fp_domain/u_CORTEXM3INTEGRATION/u_cortexm3ds_logic/Torzz6_reg_i_5_n_0
    SLICE_X114Y152       CARRY8 (Prop_CARRY8_SLICEL_CI_O[1])
                                                      0.133     1.164 f  u_fp_domain/u_CORTEXM3INTEGRATION/u_cortexm3ds_logic/Degzz6_reg_i_2/O[1]
                         net (fo=21, routed)          1.585     2.749    u_fp_domain/u_CORTEXM3INTEGRATION/u_cortexm3ds_logic/p_0_in666_in
    SLICE_X115Y209       LUT3 (Prop_H5LUT_SLICEM_I2_O)
                                                      0.155     2.904 f  u_fp_domain/u_CORTEXM3INTEGRATION/u_cortexm3ds_logic/Jwboz6_i_548/O
                         net (fo=9, routed)           0.764     3.668    u_fp_domain/u_CORTEXM3INTEGRATION/u_cortexm3ds_logic/Jwboz6_i_548_n_0
    SLICE_X110Y219       LUT5 (Prop_B6LUT_SLICEM_I1_O)
                                                      0.119     3.787 f  u_fp_domain/u_CORTEXM3INTEGRATION/u_cortexm3ds_logic/Jwboz6_i_307/O
                         net (fo=1, routed)           0.359     4.146    u_fp_domain/u_CORTEXM3INTEGRATION/u_cortexm3ds_logic/Jwboz6_i_307_n_0
    SLICE_X109Y222       LUT6 (Prop_H6LUT_SLICEM_I0_O)
                                                      0.137     4.283 r  u_fp_domain/u_CORTEXM3INTEGRATION/u_cortexm3ds_logic/Jwboz6_i_102/O
                         net (fo=2, routed)           0.225     4.508    u_fp_domain/u_CORTEXM3INTEGRATION/u_cortexm3ds_logic/Jwboz6_i_102_n_0
    SLICE_X108Y223       LUT6 (Prop_C6LUT_SLICEL_I2_O)
                                                      0.130     4.638 f  u_fp_domain/u_CORTEXM3INTEGRATION/u_cortexm3ds_logic/Jwboz6_i_28/O
                         net (fo=1, routed)           0.286     4.924    u_fp_domain/u_CORTEXM3INTEGRATION/u_cortexm3ds_logic/Jwboz6_i_28_n_0
    SLICE_X108Y221       LUT6 (Prop_H6LUT_SLICEL_I0_O)
                                                      0.172     5.096 f  u_fp_domain/u_CORTEXM3INTEGRATION/u_cortexm3ds_logic/Jwboz6_i_10/O
                         net (fo=2, routed)           0.659     5.755    u_fp_domain/u_CORTEXM3INTEGRATION/u_cortexm3ds_logic/Qcn6z6
    SLICE_X111Y206       LUT6 (Prop_C6LUT_SLICEL_I0_O)
                                                      0.130     5.885 f  u_fp_domain/u_CORTEXM3INTEGRATION/u_cortexm3ds_logic/Jwboz6_i_4/O
                         net (fo=11, routed)          0.708     6.593    u_fp_domain/u_CORTEXM3INTEGRATION/u_cortexm3ds_logic/Jwboz6_i_4_n_0
    SLICE_X111Y170       LUT5 (Prop_D5LUT_SLICEL_I1_O)
                                                      0.093     6.686 f  u_fp_domain/u_CORTEXM3INTEGRATION/u_cortexm3ds_logic/Mi5nz6_i_29/O
                         net (fo=4, routed)           0.613     7.299    u_fp_domain/u_CORTEXM3INTEGRATION/u_cortexm3ds_logic/Mi5nz6_i_29_n_0
    SLICE_X111Y196       LUT6 (Prop_H6LUT_SLICEL_I3_O)
                                                      0.132     7.431 f  u_fp_domain/u_CORTEXM3INTEGRATION/u_cortexm3ds_logic/Mi5nz6_i_26/O
                         net (fo=1, routed)           0.538     7.969    u_fp_domain/u_CORTEXM3INTEGRATION/u_cortexm3ds_logic/Mi5nz6_i_26_n_0
    SLICE_X111Y170       LUT6 (Prop_H6LUT_SLICEL_I5_O)
                                                      0.116     8.085 r  u_fp_domain/u_CORTEXM3INTEGRATION/u_cortexm3ds_logic/Mi5nz6_i_11/O
                         net (fo=3, routed)           0.838     8.923    u_fp_domain/u_CORTEXM3INTEGRATION/u_cortexm3ds_logic/Mi5nz6_i_11_n_0
    SLICE_X113Y123       LUT6 (Prop_E6LUT_SLICEM_I3_O)
                                                      0.177     9.100 f  u_fp_domain/u_CORTEXM3INTEGRATION/u_cortexm3ds_logic/Mi5nz6_i_4/O
                         net (fo=3, routed)           0.632     9.732    u_fp_domain/u_CORTEXM3INTEGRATION/u_cortexm3ds_logic/Mi5nz6_i_4_n_0
    SLICE_X119Y116       LUT6 (Prop_E6LUT_SLICEM_I4_O)
                                                      0.134     9.866 f  u_fp_domain/u_CORTEXM3INTEGRATION/u_cortexm3ds_logic/Ng9oz6_i_5/O
                         net (fo=5, routed)           0.585    10.451    u_fp_domain/u_CORTEXM3INTEGRATION/u_cortexm3ds_logic/Ng9oz6_i_5_n_0
    SLICE_X112Y115       LUT6 (Prop_H6LUT_SLICEM_I5_O)
                                                      0.120    10.571 f  u_fp_domain/u_CORTEXM3INTEGRATION/u_cortexm3ds_logic/O59oz6_i_17/O
                         net (fo=2, routed)           0.235    10.806    u_fp_domain/u_CORTEXM3INTEGRATION/u_cortexm3ds_logic/O59oz6_i_17_n_0
    SLICE_X110Y115       LUT6 (Prop_F6LUT_SLICEM_I0_O)
                                                      0.192    10.998 r  u_fp_domain/u_CORTEXM3INTEGRATION/u_cortexm3ds_logic/O59oz6_i_7/O
                         net (fo=12, routed)          0.206    11.204    u_fp_domain/u_CORTEXM3INTEGRATION/u_cortexm3ds_logic/O59oz6_i_7_n_0
    SLICE_X111Y114       LUT5 (Prop_C6LUT_SLICEL_I3_O)
                                                      0.115    11.319 f  u_fp_domain/u_CORTEXM3INTEGRATION/u_cortexm3ds_logic/Gd7oz6_i_2/O
                         net (fo=104, routed)         0.160    11.479    u_fp_domain/u_CORTEXM3INTEGRATION/u_cortexm3ds_logic/N3onv6
    SLICE_X111Y115       LUT3 (Prop_E6LUT_SLICEL_I0_O)
                                                      0.115    11.594 f  u_fp_domain/u_CORTEXM3INTEGRATION/u_cortexm3ds_logic/I85107_i_1/O
                         net (fo=28, routed)          0.404    11.998    u_fp_domain/u_CORTEXM3INTEGRATION/u_cortexm3ds_logic/Hmtov6
    SLICE_X110Y124       LUT6 (Prop_H6LUT_SLICEM_I2_O)
                                                      0.043    12.041 f  u_fp_domain/u_CORTEXM3INTEGRATION/u_cortexm3ds_logic/Exlnz6_i_2/O
                         net (fo=11, routed)          1.031    13.072    u_fp_domain/u_CORTEXM3INTEGRATION/u_cortexm3ds_logic/X83nv6
    SLICE_X108Y167       LUT6 (Prop_G6LUT_SLICEL_I3_O)
                                                      0.116    13.188 r  u_fp_domain/u_CORTEXM3INTEGRATION/u_cortexm3ds_logic/Bijnz6_i_3/O
                         net (fo=1, routed)           0.136    13.324    u_fp_domain/u_CORTEXM3INTEGRATION/u_cortexm3ds_logic/Bijnz6_i_3_n_0
    SLICE_X108Y166       LUT3 (Prop_D6LUT_SLICEL_I1_O)
                                                      0.115    13.439 r  u_fp_domain/u_CORTEXM3INTEGRATION/u_cortexm3ds_logic/Bijnz6_i_2/O
                         net (fo=2, routed)           0.315    13.754    u_fp_domain/u_CORTEXM3INTEGRATION/u_cortexm3ds_logic/Qnfov6
    SLICE_X107Y168       LUT6 (Prop_G6LUT_SLICEM_I2_O)
                                                      0.071    13.825 r  u_fp_domain/u_CORTEXM3INTEGRATION/u_cortexm3ds_logic/N3jnz6_i_2/O
                         net (fo=1, routed)           0.765    14.590    u_fp_domain/u_CORTEXM3INTEGRATION/u_cortexm3ds_logic/N3jnz6_i_2_n_0
    SLICE_X110Y129       LUT5 (Prop_A6LUT_SLICEM_I4_O)
                                                      0.132    14.722 r  u_fp_domain/u_CORTEXM3INTEGRATION/u_cortexm3ds_logic/N3jnz6_i_1/O
                         net (fo=1, routed)           0.023    14.745    u_fp_domain/u_CORTEXM3INTEGRATION/u_cortexm3ds_logic/Znk8v6
    SLICE_X110Y129       FDCE                                         r  u_fp_domain/u_CORTEXM3INTEGRATION/u_cortexm3ds_logic/N3jnz6_reg/D
  -------------------------------------------------------------------    -------------------

                         (clock clk_out1_pll_50m rise edge)
                                                     25.000    25.000 r  
    D24                  IBUFCTRL                     0.000    25.000 r  CLK_IBUF_inst/IBUFCTRL_INST/O
                         net (fo=7, routed)           0.778    25.778    u_fpga_platform/u_pll0/inst/clk_in1
    MMCME3_ADV_X2Y3      MMCME3_ADV (Prop_MMCME3_ADV_CLKIN1_CLKOUT0)
                                                     -4.811    20.967 r  u_fpga_platform/u_pll0/inst/mmcme3_adv_inst/CLKOUT0
                         net (fo=1, routed)           0.372    21.339    u_fpga_platform/u_pll0/inst/clk_out1_pll_50m
    BUFGCE_X2Y74         BUFGCE (Prop_BUFCE_BUFGCE_I_O)
                                                      0.075    21.414 r  u_fpga_platform/u_pll0/inst/clkout1_buf/O
    X4Y1 (CLOCK_ROOT)    net (fo=6068, routed)        2.208    23.622    u_fp_domain/u_CORTEXM3INTEGRATION/u_cortexm3ds_logic/clk_out1
    SLICE_X110Y129       FDCE                                         r  u_fp_domain/u_CORTEXM3INTEGRATION/u_cortexm3ds_logic/N3jnz6_reg/C
                         clock pessimism             -0.025    23.597    
                         clock uncertainty           -0.078    23.519    
    SLICE_X110Y129       FDCE (Setup_AFF_SLICEM_C_D)
                                                      0.059    23.578    u_fp_domain/u_CORTEXM3INTEGRATION/u_cortexm3ds_logic/N3jnz6_reg
  -------------------------------------------------------------------
                         required time                         23.578    
                         arrival time                         -14.745    
  -------------------------------------------------------------------
                         slack                                  8.833    

Slack (MET) :             8.863ns  (required time - arrival time)
  Source:                 u_fp_domain/u_CORTEXM3INTEGRATION/u_cortexm3ds_logic/T0nm17_reg/C
                            (rising edge-triggered cell FDCE clocked by clk_out1_pll_50m  {rise@0.000ns fall@12.500ns period=25.000ns})
  Destination:            u_fp_domain/u_CORTEXM3INTEGRATION/u_cortexm3ds_logic/Fb7m17_reg/D
                            (rising edge-triggered cell FDCE clocked by clk_out1_pll_50m  {rise@0.000ns fall@12.500ns period=25.000ns})
  Path Group:             clk_out1_pll_50m
  Path Type:              Setup (Max at Slow Process Corner)
  Requirement:            25.000ns  (clk_out1_pll_50m rise@25.000ns - clk_out1_pll_50m rise@0.000ns)
  Data Path Delay:        15.970ns  (logic 3.443ns (21.559%)  route 12.527ns (78.441%))
  Logic Levels:           24  (CARRY8=5 LUT2=1 LUT3=1 LUT5=4 LUT6=13)
  Clock Path Skew:        -0.149ns (DCD - SCD + CPR)
    Destination Clock Delay (DCD):    -1.388ns = ( 23.612 - 25.000 ) 
    Source Clock Delay      (SCD):    -1.264ns
    Clock Pessimism Removal (CPR):    -0.025ns
  Clock Uncertainty:      0.078ns  ((TSJ^2 + DJ^2)^1/2) / 2 + PE
    Total System Jitter     (TSJ):    0.071ns
    Discrete Jitter          (DJ):    0.138ns
    Phase Error              (PE):    0.000ns
  Clock Net Delay (Source):      2.492ns (routing 0.988ns, distribution 1.504ns)
  Clock Net Delay (Destination): 2.198ns (routing 0.905ns, distribution 1.293ns)

    Location             Delay type                Incr(ns)  Path(ns)    Netlist Resource(s)
  -------------------------------------------------------------------    -------------------
                         (clock clk_out1_pll_50m rise edge)
                                                      0.000     0.000 r  
    D24                  IBUFCTRL                     0.000     0.000 r  CLK_IBUF_inst/IBUFCTRL_INST/O
                         net (fo=7, routed)           0.865     0.865    u_fpga_platform/u_pll0/inst/clk_in1
    MMCME3_ADV_X2Y3      MMCME3_ADV (Prop_MMCME3_ADV_CLKIN1_CLKOUT0)
                                                     -5.141    -4.276 r  u_fpga_platform/u_pll0/inst/mmcme3_adv_inst/CLKOUT0
                         net (fo=1, routed)           0.437    -3.839    u_fpga_platform/u_pll0/inst/clk_out1_pll_50m
    BUFGCE_X2Y74         BUFGCE (Prop_BUFCE_BUFGCE_I_O)
                                                      0.083    -3.756 r  u_fpga_platform/u_pll0/inst/clkout1_buf/O
    X4Y1 (CLOCK_ROOT)    net (fo=6068, routed)        2.492    -1.264    u_fp_domain/u_CORTEXM3INTEGRATION/u_cortexm3ds_logic/clk_out1
    SLICE_X117Y123       FDCE                                         r  u_fp_domain/u_CORTEXM3INTEGRATION/u_cortexm3ds_logic/T0nm17_reg/C
  -------------------------------------------------------------------    -------------------
    SLICE_X117Y123       FDCE (Prop_AFF_SLICEL_C_Q)
                                                      0.115    -1.149 r  u_fp_domain/u_CORTEXM3INTEGRATION/u_cortexm3ds_logic/T0nm17_reg/Q
                         net (fo=2, routed)           0.652    -0.497    u_fp_domain/u_CORTEXM3INTEGRATION/u_cortexm3ds_logic/T0nm17
    SLICE_X115Y149       LUT2 (Prop_F6LUT_SLICEM_I1_O)
                                                      0.178    -0.319 r  u_fp_domain/u_CORTEXM3INTEGRATION/u_cortexm3ds_logic/Pzioz6_i_6/O
                         net (fo=1, routed)           0.000    -0.319    u_fp_domain/u_CORTEXM3INTEGRATION/u_cortexm3ds_logic/Pzioz6_i_6_n_0
    SLICE_X115Y149       CARRY8 (Prop_CARRY8_SLICEM_S[5]_CO[7])
                                                      0.253    -0.066 r  u_fp_domain/u_CORTEXM3INTEGRATION/u_cortexm3ds_logic/Pzioz6_reg_i_2/CO[7]
                         net (fo=1, routed)           0.040    -0.026    u_fp_domain/u_CORTEXM3INTEGRATION/u_cortexm3ds_logic/Pzioz6_reg_i_2_n_0
    SLICE_X115Y150       CARRY8 (Prop_CARRY8_SLICEM_CI_O[0])
                                                      0.099     0.073 r  u_fp_domain/u_CORTEXM3INTEGRATION/u_cortexm3ds_logic/Gptzz6_reg_i_5/O[0]
                         net (fo=1, routed)           0.478     0.551    u_fp_domain/u_CORTEXM3INTEGRATION/u_cortexm3ds_logic/Z9zm17[8]
    SLICE_X114Y150       CARRY8 (Prop_CARRY8_SLICEL_S[0]_CO[7])
                                                      0.404     0.955 r  u_fp_domain/u_CORTEXM3INTEGRATION/u_cortexm3ds_logic/Gptzz6_reg_i_4/CO[7]
                         net (fo=1, routed)           0.027     0.982    u_fp_domain/u_CORTEXM3INTEGRATION/u_cortexm3ds_logic/Gptzz6_reg_i_4_n_0
    SLICE_X114Y151       CARRY8 (Prop_CARRY8_SLICEL_CI_CO[7])
                                                      0.022     1.004 r  u_fp_domain/u_CORTEXM3INTEGRATION/u_cortexm3ds_logic/Torzz6_reg_i_5/CO[7]
                         net (fo=1, routed)           0.027     1.031    u_fp_domain/u_CORTEXM3INTEGRATION/u_cortexm3ds_logic/Torzz6_reg_i_5_n_0
    SLICE_X114Y152       CARRY8 (Prop_CARRY8_SLICEL_CI_O[1])
                                                      0.133     1.164 f  u_fp_domain/u_CORTEXM3INTEGRATION/u_cortexm3ds_logic/Degzz6_reg_i_2/O[1]
                         net (fo=21, routed)          1.585     2.749    u_fp_domain/u_CORTEXM3INTEGRATION/u_cortexm3ds_logic/p_0_in666_in
    SLICE_X115Y209       LUT3 (Prop_H5LUT_SLICEM_I2_O)
                                                      0.155     2.904 f  u_fp_domain/u_CORTEXM3INTEGRATION/u_cortexm3ds_logic/Jwboz6_i_548/O
                         net (fo=9, routed)           0.764     3.668    u_fp_domain/u_CORTEXM3INTEGRATION/u_cortexm3ds_logic/Jwboz6_i_548_n_0
    SLICE_X110Y219       LUT5 (Prop_B6LUT_SLICEM_I1_O)
                                                      0.119     3.787 f  u_fp_domain/u_CORTEXM3INTEGRATION/u_cortexm3ds_logic/Jwboz6_i_307/O
                         net (fo=1, routed)           0.359     4.146    u_fp_domain/u_CORTEXM3INTEGRATION/u_cortexm3ds_logic/Jwboz6_i_307_n_0
    SLICE_X109Y222       LUT6 (Prop_H6LUT_SLICEM_I0_O)
                                                      0.137     4.283 r  u_fp_domain/u_CORTEXM3INTEGRATION/u_cortexm3ds_logic/Jwboz6_i_102/O
                         net (fo=2, routed)           0.225     4.508    u_fp_domain/u_CORTEXM3INTEGRATION/u_cortexm3ds_logic/Jwboz6_i_102_n_0
    SLICE_X108Y223       LUT6 (Prop_C6LUT_SLICEL_I2_O)
                                                      0.130     4.638 r  u_fp_domain/u_CORTEXM3INTEGRATION/u_cortexm3ds_logic/Jwboz6_i_28/O
                         net (fo=1, routed)           0.286     4.924    u_fp_domain/u_CORTEXM3INTEGRATION/u_cortexm3ds_logic/Jwboz6_i_28_n_0
    SLICE_X108Y221       LUT6 (Prop_H6LUT_SLICEL_I0_O)
                                                      0.172     5.096 r  u_fp_domain/u_CORTEXM3INTEGRATION/u_cortexm3ds_logic/Jwboz6_i_10/O
                         net (fo=2, routed)           0.659     5.755    u_fp_domain/u_CORTEXM3INTEGRATION/u_cortexm3ds_logic/Qcn6z6
    SLICE_X111Y206       LUT6 (Prop_C6LUT_SLICEL_I0_O)
                                                      0.130     5.885 r  u_fp_domain/u_CORTEXM3INTEGRATION/u_cortexm3ds_logic/Jwboz6_i_4/O
                         net (fo=11, routed)          0.708     6.593    u_fp_domain/u_CORTEXM3INTEGRATION/u_cortexm3ds_logic/Jwboz6_i_4_n_0
    SLICE_X111Y170       LUT5 (Prop_D5LUT_SLICEL_I1_O)
                                                      0.093     6.686 r  u_fp_domain/u_CORTEXM3INTEGRATION/u_cortexm3ds_logic/Mi5nz6_i_29/O
                         net (fo=4, routed)           0.613     7.299    u_fp_domain/u_CORTEXM3INTEGRATION/u_cortexm3ds_logic/Mi5nz6_i_29_n_0
    SLICE_X111Y196       LUT6 (Prop_H6LUT_SLICEL_I3_O)
                                                      0.132     7.431 r  u_fp_domain/u_CORTEXM3INTEGRATION/u_cortexm3ds_logic/Mi5nz6_i_26/O
                         net (fo=1, routed)           0.538     7.969    u_fp_domain/u_CORTEXM3INTEGRATION/u_cortexm3ds_logic/Mi5nz6_i_26_n_0
    SLICE_X111Y170       LUT6 (Prop_H6LUT_SLICEL_I5_O)
                                                      0.116     8.085 f  u_fp_domain/u_CORTEXM3INTEGRATION/u_cortexm3ds_logic/Mi5nz6_i_11/O
                         net (fo=3, routed)           0.838     8.923    u_fp_domain/u_CORTEXM3INTEGRATION/u_cortexm3ds_logic/Mi5nz6_i_11_n_0
    SLICE_X113Y123       LUT6 (Prop_E6LUT_SLICEM_I3_O)
                                                      0.177     9.100 r  u_fp_domain/u_CORTEXM3INTEGRATION/u_cortexm3ds_logic/Mi5nz6_i_4/O
                         net (fo=3, routed)           0.632     9.732    u_fp_domain/u_CORTEXM3INTEGRATION/u_cortexm3ds_logic/Mi5nz6_i_4_n_0
    SLICE_X119Y116       LUT6 (Prop_E6LUT_SLICEM_I4_O)
                                                      0.134     9.866 r  u_fp_domain/u_CORTEXM3INTEGRATION/u_cortexm3ds_logic/Ng9oz6_i_5/O
                         net (fo=5, routed)           0.585    10.451    u_fp_domain/u_CORTEXM3INTEGRATION/u_cortexm3ds_logic/Ng9oz6_i_5_n_0
    SLICE_X112Y115       LUT6 (Prop_H6LUT_SLICEM_I5_O)
                                                      0.120    10.571 r  u_fp_domain/u_CORTEXM3INTEGRATION/u_cortexm3ds_logic/O59oz6_i_17/O
                         net (fo=2, routed)           0.235    10.806    u_fp_domain/u_CORTEXM3INTEGRATION/u_cortexm3ds_logic/O59oz6_i_17_n_0
    SLICE_X110Y115       LUT6 (Prop_F6LUT_SLICEM_I0_O)
                                                      0.192    10.998 f  u_fp_domain/u_CORTEXM3INTEGRATION/u_cortexm3ds_logic/O59oz6_i_7/O
                         net (fo=12, routed)          0.206    11.204    u_fp_domain/u_CORTEXM3INTEGRATION/u_cortexm3ds_logic/O59oz6_i_7_n_0
    SLICE_X111Y114       LUT5 (Prop_C6LUT_SLICEL_I3_O)
                                                      0.115    11.319 r  u_fp_domain/u_CORTEXM3INTEGRATION/u_cortexm3ds_logic/Gd7oz6_i_2/O
                         net (fo=104, routed)         0.537    11.856    u_fp_domain/u_CORTEXM3INTEGRATION/u_cortexm3ds_logic/N3onv6
    SLICE_X118Y113       LUT5 (Prop_D6LUT_SLICEM_I1_O)
                                                      0.074    11.930 f  u_fp_domain/u_CORTEXM3INTEGRATION/u_cortexm3ds_logic/G2uf07_i_8/O
                         net (fo=6, routed)           0.441    12.371    u_fp_domain/u_CORTEXM3INTEGRATION/u_cortexm3ds_logic/G2uf07_i_8_n_0
    SLICE_X114Y118       LUT6 (Prop_G6LUT_SLICEL_I4_O)
                                                      0.071    12.442 r  u_fp_domain/u_CORTEXM3INTEGRATION/u_cortexm3ds_logic/G2uf07_i_3/O
                         net (fo=105, routed)         1.515    13.957    u_fp_domain/u_CORTEXM3INTEGRATION/u_cortexm3ds_logic/Hyhhw6
    SLICE_X124Y162       LUT6 (Prop_H6LUT_SLICEL_I1_O)
                                                      0.040    13.997 r  u_fp_domain/u_CORTEXM3INTEGRATION/u_cortexm3ds_logic/Fb7m17_i_2/O
                         net (fo=1, routed)           0.547    14.544    u_fp_domain/u_CORTEXM3INTEGRATION/u_cortexm3ds_logic/Fb7m17_i_2_n_0
    SLICE_X113Y150       LUT6 (Prop_C6LUT_SLICEM_I0_O)
                                                      0.132    14.676 r  u_fp_domain/u_CORTEXM3INTEGRATION/u_cortexm3ds_logic/Fb7m17_i_1/O
                         net (fo=1, routed)           0.030    14.706    u_fp_domain/u_CORTEXM3INTEGRATION/u_cortexm3ds_logic/S9s7v6
    SLICE_X113Y150       FDCE                                         r  u_fp_domain/u_CORTEXM3INTEGRATION/u_cortexm3ds_logic/Fb7m17_reg/D
  -------------------------------------------------------------------    -------------------

                         (clock clk_out1_pll_50m rise edge)
                                                     25.000    25.000 r  
    D24                  IBUFCTRL                     0.000    25.000 r  CLK_IBUF_inst/IBUFCTRL_INST/O
                         net (fo=7, routed)           0.778    25.778    u_fpga_platform/u_pll0/inst/clk_in1
    MMCME3_ADV_X2Y3      MMCME3_ADV (Prop_MMCME3_ADV_CLKIN1_CLKOUT0)
                                                     -4.811    20.967 r  u_fpga_platform/u_pll0/inst/mmcme3_adv_inst/CLKOUT0
                         net (fo=1, routed)           0.372    21.339    u_fpga_platform/u_pll0/inst/clk_out1_pll_50m
    BUFGCE_X2Y74         BUFGCE (Prop_BUFCE_BUFGCE_I_O)
                                                      0.075    21.414 r  u_fpga_platform/u_pll0/inst/clkout1_buf/O
    X4Y1 (CLOCK_ROOT)    net (fo=6068, routed)        2.198    23.612    u_fp_domain/u_CORTEXM3INTEGRATION/u_cortexm3ds_logic/clk_out1
    SLICE_X113Y150       FDCE                                         r  u_fp_domain/u_CORTEXM3INTEGRATION/u_cortexm3ds_logic/Fb7m17_reg/C
                         clock pessimism             -0.025    23.587    
                         clock uncertainty           -0.078    23.510    
    SLICE_X113Y150       FDCE (Setup_CFF_SLICEM_C_D)
                                                      0.059    23.569    u_fp_domain/u_CORTEXM3INTEGRATION/u_cortexm3ds_logic/Fb7m17_reg
  -------------------------------------------------------------------
                         required time                         23.569    
                         arrival time                         -14.706    
  -------------------------------------------------------------------
                         slack                                  8.863    

Slack (MET) :             8.863ns  (required time - arrival time)
  Source:                 u_fp_domain/u_CORTEXM3INTEGRATION/u_cortexm3ds_logic/Jxpm17_reg/C
                            (rising edge-triggered cell FDCE clocked by clk_out1_pll_50m  {rise@0.000ns fall@12.500ns period=25.000ns})
  Destination:            u_fp_domain/u_CORTEXM3INTEGRATION/u_cortexm3ds_logic/Exnm17_reg/D
                            (rising edge-triggered cell FDCE clocked by clk_out1_pll_50m  {rise@0.000ns fall@12.500ns period=25.000ns})
  Path Group:             clk_out1_pll_50m
  Path Type:              Setup (Max at Slow Process Corner)
  Requirement:            25.000ns  (clk_out1_pll_50m rise@25.000ns - clk_out1_pll_50m rise@0.000ns)
  Data Path Delay:        15.978ns  (logic 3.716ns (23.257%)  route 12.262ns (76.743%))
  Logic Levels:           24  (CARRY8=5 LUT2=2 LUT3=1 LUT5=3 LUT6=13)
  Clock Path Skew:        -0.141ns (DCD - SCD + CPR)
    Destination Clock Delay (DCD):    -1.355ns = ( 23.645 - 25.000 ) 
    Source Clock Delay      (SCD):    -1.240ns
    Clock Pessimism Removal (CPR):    -0.026ns
  Clock Uncertainty:      0.078ns  ((TSJ^2 + DJ^2)^1/2) / 2 + PE
    Total System Jitter     (TSJ):    0.071ns
    Discrete Jitter          (DJ):    0.138ns
    Phase Error              (PE):    0.000ns
  Clock Net Delay (Source):      2.516ns (routing 0.988ns, distribution 1.528ns)
  Clock Net Delay (Destination): 2.231ns (routing 0.905ns, distribution 1.326ns)

    Location             Delay type                Incr(ns)  Path(ns)    Netlist Resource(s)
  -------------------------------------------------------------------    -------------------
                         (clock clk_out1_pll_50m rise edge)
                                                      0.000     0.000 r  
    D24                  IBUFCTRL                     0.000     0.000 r  CLK_IBUF_inst/IBUFCTRL_INST/O
                         net (fo=7, routed)           0.865     0.865    u_fpga_platform/u_pll0/inst/clk_in1
    MMCME3_ADV_X2Y3      MMCME3_ADV (Prop_MMCME3_ADV_CLKIN1_CLKOUT0)
                                                     -5.141    -4.276 r  u_fpga_platform/u_pll0/inst/mmcme3_adv_inst/CLKOUT0
                         net (fo=1, routed)           0.437    -3.839    u_fpga_platform/u_pll0/inst/clk_out1_pll_50m
    BUFGCE_X2Y74         BUFGCE (Prop_BUFCE_BUFGCE_I_O)
                                                      0.083    -3.756 r  u_fpga_platform/u_pll0/inst/clkout1_buf/O
    X4Y1 (CLOCK_ROOT)    net (fo=6068, routed)        2.516    -1.240    u_fp_domain/u_CORTEXM3INTEGRATION/u_cortexm3ds_logic/clk_out1
    SLICE_X115Y125       FDCE                                         r  u_fp_domain/u_CORTEXM3INTEGRATION/u_cortexm3ds_logic/Jxpm17_reg/C
  -------------------------------------------------------------------    -------------------
    SLICE_X115Y125       FDCE (Prop_DFF_SLICEM_C_Q)
                                                      0.114    -1.126 r  u_fp_domain/u_CORTEXM3INTEGRATION/u_cortexm3ds_logic/Jxpm17_reg/Q
                         net (fo=2, routed)           0.559    -0.567    u_fp_domain/u_CORTEXM3INTEGRATION/u_cortexm3ds_logic/Jxpm17
    SLICE_X115Y149       LUT2 (Prop_B6LUT_SLICEM_I1_O)
                                                      0.119    -0.448 r  u_fp_domain/u_CORTEXM3INTEGRATION/u_cortexm3ds_logic/Pzioz6_i_10/O
                         net (fo=1, routed)           0.000    -0.448    u_fp_domain/u_CORTEXM3INTEGRATION/u_cortexm3ds_logic/Pzioz6_i_10_n_0
    SLICE_X115Y149       CARRY8 (Prop_CARRY8_SLICEM_S[1]_CO[7])
                                                      0.343    -0.105 r  u_fp_domain/u_CORTEXM3INTEGRATION/u_cortexm3ds_logic/Pzioz6_reg_i_2/CO[7]
                         net (fo=1, routed)           0.040    -0.065    u_fp_domain/u_CORTEXM3INTEGRATION/u_cortexm3ds_logic/Pzioz6_reg_i_2_n_0
    SLICE_X115Y150       CARRY8 (Prop_CARRY8_SLICEM_CI_O[0])
                                                      0.099     0.034 r  u_fp_domain/u_CORTEXM3INTEGRATION/u_cortexm3ds_logic/Gptzz6_reg_i_5/O[0]
                         net (fo=1, routed)           0.478     0.512    u_fp_domain/u_CORTEXM3INTEGRATION/u_cortexm3ds_logic/Z9zm17[8]
    SLICE_X114Y150       CARRY8 (Prop_CARRY8_SLICEL_S[0]_CO[7])
                                                      0.404     0.916 r  u_fp_domain/u_CORTEXM3INTEGRATION/u_cortexm3ds_logic/Gptzz6_reg_i_4/CO[7]
                         net (fo=1, routed)           0.027     0.943    u_fp_domain/u_CORTEXM3INTEGRATION/u_cortexm3ds_logic/Gptzz6_reg_i_4_n_0
    SLICE_X114Y151       CARRY8 (Prop_CARRY8_SLICEL_CI_CO[7])
                                                      0.022     0.965 r  u_fp_domain/u_CORTEXM3INTEGRATION/u_cortexm3ds_logic/Torzz6_reg_i_5/CO[7]
                         net (fo=1, routed)           0.027     0.992    u_fp_domain/u_CORTEXM3INTEGRATION/u_cortexm3ds_logic/Torzz6_reg_i_5_n_0
    SLICE_X114Y152       CARRY8 (Prop_CARRY8_SLICEL_CI_O[1])
                                                      0.133     1.125 f  u_fp_domain/u_CORTEXM3INTEGRATION/u_cortexm3ds_logic/Degzz6_reg_i_2/O[1]
                         net (fo=21, routed)          1.585     2.710    u_fp_domain/u_CORTEXM3INTEGRATION/u_cortexm3ds_logic/p_0_in666_in
    SLICE_X115Y209       LUT3 (Prop_H5LUT_SLICEM_I2_O)
                                                      0.155     2.865 f  u_fp_domain/u_CORTEXM3INTEGRATION/u_cortexm3ds_logic/Jwboz6_i_548/O
                         net (fo=9, routed)           0.764     3.629    u_fp_domain/u_CORTEXM3INTEGRATION/u_cortexm3ds_logic/Jwboz6_i_548_n_0
    SLICE_X110Y219       LUT5 (Prop_B6LUT_SLICEM_I1_O)
                                                      0.119     3.748 f  u_fp_domain/u_CORTEXM3INTEGRATION/u_cortexm3ds_logic/Jwboz6_i_307/O
                         net (fo=1, routed)           0.359     4.107    u_fp_domain/u_CORTEXM3INTEGRATION/u_cortexm3ds_logic/Jwboz6_i_307_n_0
    SLICE_X109Y222       LUT6 (Prop_H6LUT_SLICEM_I0_O)
                                                      0.137     4.244 r  u_fp_domain/u_CORTEXM3INTEGRATION/u_cortexm3ds_logic/Jwboz6_i_102/O
                         net (fo=2, routed)           0.225     4.469    u_fp_domain/u_CORTEXM3INTEGRATION/u_cortexm3ds_logic/Jwboz6_i_102_n_0
    SLICE_X108Y223       LUT6 (Prop_C6LUT_SLICEL_I2_O)
                                                      0.130     4.599 f  u_fp_domain/u_CORTEXM3INTEGRATION/u_cortexm3ds_logic/Jwboz6_i_28/O
                         net (fo=1, routed)           0.286     4.885    u_fp_domain/u_CORTEXM3INTEGRATION/u_cortexm3ds_logic/Jwboz6_i_28_n_0
    SLICE_X108Y221       LUT6 (Prop_H6LUT_SLICEL_I0_O)
                                                      0.172     5.057 f  u_fp_domain/u_CORTEXM3INTEGRATION/u_cortexm3ds_logic/Jwboz6_i_10/O
                         net (fo=2, routed)           0.659     5.716    u_fp_domain/u_CORTEXM3INTEGRATION/u_cortexm3ds_logic/Qcn6z6
    SLICE_X111Y206       LUT6 (Prop_C6LUT_SLICEL_I0_O)
                                                      0.130     5.846 f  u_fp_domain/u_CORTEXM3INTEGRATION/u_cortexm3ds_logic/Jwboz6_i_4/O
                         net (fo=11, routed)          0.708     6.554    u_fp_domain/u_CORTEXM3INTEGRATION/u_cortexm3ds_logic/Jwboz6_i_4_n_0
    SLICE_X111Y170       LUT5 (Prop_D5LUT_SLICEL_I1_O)
                                                      0.093     6.647 f  u_fp_domain/u_CORTEXM3INTEGRATION/u_cortexm3ds_logic/Mi5nz6_i_29/O
                         net (fo=4, routed)           0.613     7.260    u_fp_domain/u_CORTEXM3INTEGRATION/u_cortexm3ds_logic/Mi5nz6_i_29_n_0
    SLICE_X111Y196       LUT6 (Prop_H6LUT_SLICEL_I3_O)
                                                      0.132     7.392 f  u_fp_domain/u_CORTEXM3INTEGRATION/u_cortexm3ds_logic/Mi5nz6_i_26/O
                         net (fo=1, routed)           0.538     7.930    u_fp_domain/u_CORTEXM3INTEGRATION/u_cortexm3ds_logic/Mi5nz6_i_26_n_0
    SLICE_X111Y170       LUT6 (Prop_H6LUT_SLICEL_I5_O)
                                                      0.116     8.046 r  u_fp_domain/u_CORTEXM3INTEGRATION/u_cortexm3ds_logic/Mi5nz6_i_11/O
                         net (fo=3, routed)           0.838     8.884    u_fp_domain/u_CORTEXM3INTEGRATION/u_cortexm3ds_logic/Mi5nz6_i_11_n_0
    SLICE_X113Y123       LUT6 (Prop_E6LUT_SLICEM_I3_O)
                                                      0.177     9.061 f  u_fp_domain/u_CORTEXM3INTEGRATION/u_cortexm3ds_logic/Mi5nz6_i_4/O
                         net (fo=3, routed)           0.632     9.693    u_fp_domain/u_CORTEXM3INTEGRATION/u_cortexm3ds_logic/Mi5nz6_i_4_n_0
    SLICE_X119Y116       LUT6 (Prop_E6LUT_SLICEM_I4_O)
                                                      0.134     9.827 f  u_fp_domain/u_CORTEXM3INTEGRATION/u_cortexm3ds_logic/Ng9oz6_i_5/O
                         net (fo=5, routed)           0.585    10.412    u_fp_domain/u_CORTEXM3INTEGRATION/u_cortexm3ds_logic/Ng9oz6_i_5_n_0
    SLICE_X112Y115       LUT6 (Prop_H6LUT_SLICEM_I5_O)
                                                      0.120    10.532 f  u_fp_domain/u_CORTEXM3INTEGRATION/u_cortexm3ds_logic/O59oz6_i_17/O
                         net (fo=2, routed)           0.235    10.767    u_fp_domain/u_CORTEXM3INTEGRATION/u_cortexm3ds_logic/O59oz6_i_17_n_0
    SLICE_X110Y115       LUT6 (Prop_F6LUT_SLICEM_I0_O)
                                                      0.192    10.959 r  u_fp_domain/u_CORTEXM3INTEGRATION/u_cortexm3ds_logic/O59oz6_i_7/O
                         net (fo=12, routed)          0.206    11.165    u_fp_domain/u_CORTEXM3INTEGRATION/u_cortexm3ds_logic/O59oz6_i_7_n_0
    SLICE_X111Y114       LUT5 (Prop_C6LUT_SLICEL_I3_O)
                                                      0.115    11.280 f  u_fp_domain/u_CORTEXM3INTEGRATION/u_cortexm3ds_logic/Gd7oz6_i_2/O
                         net (fo=104, routed)         0.763    12.043    u_fp_domain/u_CORTEXM3INTEGRATION/u_cortexm3ds_logic/N3onv6
    SLICE_X117Y105       LUT6 (Prop_H6LUT_SLICEL_I2_O)
                                                      0.116    12.159 f  u_fp_domain/u_CORTEXM3INTEGRATION/u_cortexm3ds_logic/Jxpm17_i_6/O
                         net (fo=24, routed)          1.120    13.279    u_fp_domain/u_CORTEXM3INTEGRATION/u_cortexm3ds_logic/Jxpm17_i_6_n_0
    SLICE_X116Y153       LUT2 (Prop_H6LUT_SLICEL_I0_O)
                                                      0.188    13.467 r  u_fp_domain/u_CORTEXM3INTEGRATION/u_cortexm3ds_logic/G0im17_i_6/O
                         net (fo=11, routed)          0.853    14.320    u_fp_domain/u_CORTEXM3INTEGRATION/u_cortexm3ds_logic/G0im17_i_6_n_0
    SLICE_X117Y125       LUT6 (Prop_A6LUT_SLICEL_I5_O)
                                                      0.185    14.505 r  u_fp_domain/u_CORTEXM3INTEGRATION/u_cortexm3ds_logic/Exnm17_i_3/O
                         net (fo=1, routed)           0.135    14.640    u_fp_domain/u_CORTEXM3INTEGRATION/u_cortexm3ds_logic/Exnm17_i_3_n_0
    SLICE_X117Y126       LUT6 (Prop_D6LUT_SLICEL_I4_O)
                                                      0.071    14.711 r  u_fp_domain/u_CORTEXM3INTEGRATION/u_cortexm3ds_logic/Exnm17_i_1/O
                         net (fo=1, routed)           0.027    14.738    u_fp_domain/u_CORTEXM3INTEGRATION/u_cortexm3ds_logic/F0j8v6
    SLICE_X117Y126       FDCE                                         r  u_fp_domain/u_CORTEXM3INTEGRATION/u_cortexm3ds_logic/Exnm17_reg/D
  -------------------------------------------------------------------    -------------------

                         (clock clk_out1_pll_50m rise edge)
                                                     25.000    25.000 r  
    D24                  IBUFCTRL                     0.000    25.000 r  CLK_IBUF_inst/IBUFCTRL_INST/O
                         net (fo=7, routed)           0.778    25.778    u_fpga_platform/u_pll0/inst/clk_in1
    MMCME3_ADV_X2Y3      MMCME3_ADV (Prop_MMCME3_ADV_CLKIN1_CLKOUT0)
                                                     -4.811    20.967 r  u_fpga_platform/u_pll0/inst/mmcme3_adv_inst/CLKOUT0
                         net (fo=1, routed)           0.372    21.339    u_fpga_platform/u_pll0/inst/clk_out1_pll_50m
    BUFGCE_X2Y74         BUFGCE (Prop_BUFCE_BUFGCE_I_O)
                                                      0.075    21.414 r  u_fpga_platform/u_pll0/inst/clkout1_buf/O
    X4Y1 (CLOCK_ROOT)    net (fo=6068, routed)        2.231    23.645    u_fp_domain/u_CORTEXM3INTEGRATION/u_cortexm3ds_logic/clk_out1
    SLICE_X117Y126       FDCE                                         r  u_fp_domain/u_CORTEXM3INTEGRATION/u_cortexm3ds_logic/Exnm17_reg/C
                         clock pessimism             -0.026    23.619    
                         clock uncertainty           -0.078    23.542    
    SLICE_X117Y126       FDCE (Setup_DFF_SLICEL_C_D)
                                                      0.059    23.601    u_fp_domain/u_CORTEXM3INTEGRATION/u_cortexm3ds_logic/Exnm17_reg
  -------------------------------------------------------------------
                         required time                         23.601    
                         arrival time                         -14.738    
  -------------------------------------------------------------------
                         slack                                  8.863    

Slack (MET) :             8.883ns  (required time - arrival time)
  Source:                 u_fp_domain/u_CORTEXM3INTEGRATION/u_cortexm3ds_logic/T0nm17_reg/C
                            (rising edge-triggered cell FDCE clocked by clk_out1_pll_50m  {rise@0.000ns fall@12.500ns period=25.000ns})
  Destination:            u_fp_domain/u_CORTEXM3INTEGRATION/u_cortexm3ds_logic/O3tm17_reg/D
                            (rising edge-triggered cell FDCE clocked by clk_out1_pll_50m  {rise@0.000ns fall@12.500ns period=25.000ns})
  Path Group:             clk_out1_pll_50m
  Path Type:              Setup (Max at Slow Process Corner)
  Requirement:            25.000ns  (clk_out1_pll_50m rise@25.000ns - clk_out1_pll_50m rise@0.000ns)
  Data Path Delay:        15.977ns  (logic 3.789ns (23.715%)  route 12.188ns (76.285%))
  Logic Levels:           27  (CARRY8=5 LUT2=2 LUT3=1 LUT5=5 LUT6=14)
  Clock Path Skew:        -0.122ns (DCD - SCD + CPR)
    Destination Clock Delay (DCD):    -1.361ns = ( 23.639 - 25.000 ) 
    Source Clock Delay      (SCD):    -1.264ns
    Clock Pessimism Removal (CPR):    -0.025ns
  Clock Uncertainty:      0.078ns  ((TSJ^2 + DJ^2)^1/2) / 2 + PE
    Total System Jitter     (TSJ):    0.071ns
    Discrete Jitter          (DJ):    0.138ns
    Phase Error              (PE):    0.000ns
  Clock Net Delay (Source):      2.492ns (routing 0.988ns, distribution 1.504ns)
  Clock Net Delay (Destination): 2.225ns (routing 0.905ns, distribution 1.320ns)

    Location             Delay type                Incr(ns)  Path(ns)    Netlist Resource(s)
  -------------------------------------------------------------------    -------------------
                         (clock clk_out1_pll_50m rise edge)
                                                      0.000     0.000 r  
    D24                  IBUFCTRL                     0.000     0.000 r  CLK_IBUF_inst/IBUFCTRL_INST/O
                         net (fo=7, routed)           0.865     0.865    u_fpga_platform/u_pll0/inst/clk_in1
    MMCME3_ADV_X2Y3      MMCME3_ADV (Prop_MMCME3_ADV_CLKIN1_CLKOUT0)
                                                     -5.141    -4.276 r  u_fpga_platform/u_pll0/inst/mmcme3_adv_inst/CLKOUT0
                         net (fo=1, routed)           0.437    -3.839    u_fpga_platform/u_pll0/inst/clk_out1_pll_50m
    BUFGCE_X2Y74         BUFGCE (Prop_BUFCE_BUFGCE_I_O)
                                                      0.083    -3.756 r  u_fpga_platform/u_pll0/inst/clkout1_buf/O
    X4Y1 (CLOCK_ROOT)    net (fo=6068, routed)        2.492    -1.264    u_fp_domain/u_CORTEXM3INTEGRATION/u_cortexm3ds_logic/clk_out1
    SLICE_X117Y123       FDCE                                         r  u_fp_domain/u_CORTEXM3INTEGRATION/u_cortexm3ds_logic/T0nm17_reg/C
  -------------------------------------------------------------------    -------------------
    SLICE_X117Y123       FDCE (Prop_AFF_SLICEL_C_Q)
                                                      0.115    -1.149 r  u_fp_domain/u_CORTEXM3INTEGRATION/u_cortexm3ds_logic/T0nm17_reg/Q
                         net (fo=2, routed)           0.652    -0.497    u_fp_domain/u_CORTEXM3INTEGRATION/u_cortexm3ds_logic/T0nm17
    SLICE_X115Y149       LUT2 (Prop_F6LUT_SLICEM_I1_O)
                                                      0.178    -0.319 r  u_fp_domain/u_CORTEXM3INTEGRATION/u_cortexm3ds_logic/Pzioz6_i_6/O
                         net (fo=1, routed)           0.000    -0.319    u_fp_domain/u_CORTEXM3INTEGRATION/u_cortexm3ds_logic/Pzioz6_i_6_n_0
    SLICE_X115Y149       CARRY8 (Prop_CARRY8_SLICEM_S[5]_CO[7])
                                                      0.253    -0.066 r  u_fp_domain/u_CORTEXM3INTEGRATION/u_cortexm3ds_logic/Pzioz6_reg_i_2/CO[7]
                         net (fo=1, routed)           0.040    -0.026    u_fp_domain/u_CORTEXM3INTEGRATION/u_cortexm3ds_logic/Pzioz6_reg_i_2_n_0
    SLICE_X115Y150       CARRY8 (Prop_CARRY8_SLICEM_CI_O[0])
                                                      0.099     0.073 r  u_fp_domain/u_CORTEXM3INTEGRATION/u_cortexm3ds_logic/Gptzz6_reg_i_5/O[0]
                         net (fo=1, routed)           0.478     0.551    u_fp_domain/u_CORTEXM3INTEGRATION/u_cortexm3ds_logic/Z9zm17[8]
    SLICE_X114Y150       CARRY8 (Prop_CARRY8_SLICEL_S[0]_CO[7])
                                                      0.404     0.955 r  u_fp_domain/u_CORTEXM3INTEGRATION/u_cortexm3ds_logic/Gptzz6_reg_i_4/CO[7]
                         net (fo=1, routed)           0.027     0.982    u_fp_domain/u_CORTEXM3INTEGRATION/u_cortexm3ds_logic/Gptzz6_reg_i_4_n_0
    SLICE_X114Y151       CARRY8 (Prop_CARRY8_SLICEL_CI_CO[7])
                                                      0.022     1.004 r  u_fp_domain/u_CORTEXM3INTEGRATION/u_cortexm3ds_logic/Torzz6_reg_i_5/CO[7]
                         net (fo=1, routed)           0.027     1.031    u_fp_domain/u_CORTEXM3INTEGRATION/u_cortexm3ds_logic/Torzz6_reg_i_5_n_0
    SLICE_X114Y152       CARRY8 (Prop_CARRY8_SLICEL_CI_O[1])
                                                      0.133     1.164 f  u_fp_domain/u_CORTEXM3INTEGRATION/u_cortexm3ds_logic/Degzz6_reg_i_2/O[1]
                         net (fo=21, routed)          1.585     2.749    u_fp_domain/u_CORTEXM3INTEGRATION/u_cortexm3ds_logic/p_0_in666_in
    SLICE_X115Y209       LUT3 (Prop_H5LUT_SLICEM_I2_O)
                                                      0.155     2.904 f  u_fp_domain/u_CORTEXM3INTEGRATION/u_cortexm3ds_logic/Jwboz6_i_548/O
                         net (fo=9, routed)           0.764     3.668    u_fp_domain/u_CORTEXM3INTEGRATION/u_cortexm3ds_logic/Jwboz6_i_548_n_0
    SLICE_X110Y219       LUT5 (Prop_B6LUT_SLICEM_I1_O)
                                                      0.119     3.787 f  u_fp_domain/u_CORTEXM3INTEGRATION/u_cortexm3ds_logic/Jwboz6_i_307/O
                         net (fo=1, routed)           0.359     4.146    u_fp_domain/u_CORTEXM3INTEGRATION/u_cortexm3ds_logic/Jwboz6_i_307_n_0
    SLICE_X109Y222       LUT6 (Prop_H6LUT_SLICEM_I0_O)
                                                      0.137     4.283 r  u_fp_domain/u_CORTEXM3INTEGRATION/u_cortexm3ds_logic/Jwboz6_i_102/O
                         net (fo=2, routed)           0.225     4.508    u_fp_domain/u_CORTEXM3INTEGRATION/u_cortexm3ds_logic/Jwboz6_i_102_n_0
    SLICE_X108Y223       LUT6 (Prop_C6LUT_SLICEL_I2_O)
                                                      0.130     4.638 r  u_fp_domain/u_CORTEXM3INTEGRATION/u_cortexm3ds_logic/Jwboz6_i_28/O
                         net (fo=1, routed)           0.286     4.924    u_fp_domain/u_CORTEXM3INTEGRATION/u_cortexm3ds_logic/Jwboz6_i_28_n_0
    SLICE_X108Y221       LUT6 (Prop_H6LUT_SLICEL_I0_O)
                                                      0.172     5.096 r  u_fp_domain/u_CORTEXM3INTEGRATION/u_cortexm3ds_logic/Jwboz6_i_10/O
                         net (fo=2, routed)           0.659     5.755    u_fp_domain/u_CORTEXM3INTEGRATION/u_cortexm3ds_logic/Qcn6z6
    SLICE_X111Y206       LUT6 (Prop_C6LUT_SLICEL_I0_O)
                                                      0.130     5.885 r  u_fp_domain/u_CORTEXM3INTEGRATION/u_cortexm3ds_logic/Jwboz6_i_4/O
                         net (fo=11, routed)          0.708     6.593    u_fp_domain/u_CORTEXM3INTEGRATION/u_cortexm3ds_logic/Jwboz6_i_4_n_0
    SLICE_X111Y170       LUT5 (Prop_D5LUT_SLICEL_I1_O)
                                                      0.093     6.686 r  u_fp_domain/u_CORTEXM3INTEGRATION/u_cortexm3ds_logic/Mi5nz6_i_29/O
                         net (fo=4, routed)           0.613     7.299    u_fp_domain/u_CORTEXM3INTEGRATION/u_cortexm3ds_logic/Mi5nz6_i_29_n_0
    SLICE_X111Y196       LUT6 (Prop_H6LUT_SLICEL_I3_O)
                                                      0.132     7.431 r  u_fp_domain/u_CORTEXM3INTEGRATION/u_cortexm3ds_logic/Mi5nz6_i_26/O
                         net (fo=1, routed)           0.538     7.969    u_fp_domain/u_CORTEXM3INTEGRATION/u_cortexm3ds_logic/Mi5nz6_i_26_n_0
    SLICE_X111Y170       LUT6 (Prop_H6LUT_SLICEL_I5_O)
                                                      0.116     8.085 f  u_fp_domain/u_CORTEXM3INTEGRATION/u_cortexm3ds_logic/Mi5nz6_i_11/O
                         net (fo=3, routed)           0.838     8.923    u_fp_domain/u_CORTEXM3INTEGRATION/u_cortexm3ds_logic/Mi5nz6_i_11_n_0
    SLICE_X113Y123       LUT6 (Prop_E6LUT_SLICEM_I3_O)
                                                      0.177     9.100 r  u_fp_domain/u_CORTEXM3INTEGRATION/u_cortexm3ds_logic/Mi5nz6_i_4/O
                         net (fo=3, routed)           0.632     9.732    u_fp_domain/u_CORTEXM3INTEGRATION/u_cortexm3ds_logic/Mi5nz6_i_4_n_0
    SLICE_X119Y116       LUT6 (Prop_E6LUT_SLICEM_I4_O)
                                                      0.134     9.866 r  u_fp_domain/u_CORTEXM3INTEGRATION/u_cortexm3ds_logic/Ng9oz6_i_5/O
                         net (fo=5, routed)           0.585    10.451    u_fp_domain/u_CORTEXM3INTEGRATION/u_cortexm3ds_logic/Ng9oz6_i_5_n_0
    SLICE_X112Y115       LUT6 (Prop_H6LUT_SLICEM_I5_O)
                                                      0.120    10.571 r  u_fp_domain/u_CORTEXM3INTEGRATION/u_cortexm3ds_logic/O59oz6_i_17/O
                         net (fo=2, routed)           0.235    10.806    u_fp_domain/u_CORTEXM3INTEGRATION/u_cortexm3ds_logic/O59oz6_i_17_n_0
    SLICE_X110Y115       LUT6 (Prop_F6LUT_SLICEM_I0_O)
                                                      0.192    10.998 f  u_fp_domain/u_CORTEXM3INTEGRATION/u_cortexm3ds_logic/O59oz6_i_7/O
                         net (fo=12, routed)          0.206    11.204    u_fp_domain/u_CORTEXM3INTEGRATION/u_cortexm3ds_logic/O59oz6_i_7_n_0
    SLICE_X111Y114       LUT5 (Prop_C6LUT_SLICEL_I3_O)
                                                      0.115    11.319 r  u_fp_domain/u_CORTEXM3INTEGRATION/u_cortexm3ds_logic/Gd7oz6_i_2/O
                         net (fo=104, routed)         0.957    12.276    u_fp_domain/u_CORTEXM3INTEGRATION/u_cortexm3ds_logic/N3onv6
    SLICE_X122Y108       LUT5 (Prop_F6LUT_SLICEL_I0_O)
                                                      0.132    12.408 r  u_fp_domain/u_CORTEXM3INTEGRATION/u_cortexm3ds_logic/Vv5g07_i_2/O
                         net (fo=6, routed)           0.526    12.934    u_fp_domain/u_CORTEXM3INTEGRATION/u_cortexm3ds_logic/Vv5g07_i_2_n_0
    SLICE_X121Y120       LUT2 (Prop_D5LUT_SLICEL_I1_O)
                                                      0.193    13.127 f  u_fp_domain/u_CORTEXM3INTEGRATION/u_cortexm3ds_logic/L01t07_i_5/O
                         net (fo=4, routed)           0.367    13.494    u_fp_domain/u_CORTEXM3INTEGRATION/u_cortexm3ds_logic/p_7132_in
    SLICE_X121Y123       LUT6 (Prop_E6LUT_SLICEL_I5_O)
                                                      0.040    13.534 f  u_fp_domain/u_CORTEXM3INTEGRATION/u_cortexm3ds_logic/Mzonz6_i_2/O
                         net (fo=2, routed)           0.148    13.682    u_fp_domain/u_CORTEXM3INTEGRATION/u_cortexm3ds_logic/Mzonz6_i_2_n_0
    SLICE_X120Y123       LUT5 (Prop_B6LUT_SLICEL_I0_O)
                                                      0.071    13.753 f  u_fp_domain/u_CORTEXM3INTEGRATION/u_cortexm3ds_logic/Mzonz6_i_7/O
                         net (fo=1, routed)           0.135    13.888    u_fp_domain/u_CORTEXM3INTEGRATION/u_cortexm3ds_logic/Mzonz6_i_7_n_0
    SLICE_X120Y124       LUT6 (Prop_B6LUT_SLICEL_I1_O)
                                                      0.041    13.929 f  u_fp_domain/u_CORTEXM3INTEGRATION/u_cortexm3ds_logic/Mzonz6_i_3/O
                         net (fo=1, routed)           0.063    13.992    u_fp_domain/u_CORTEXM3INTEGRATION/u_cortexm3ds_logic/Mzonz6_i_3_n_0
    SLICE_X120Y124       LUT6 (Prop_C6LUT_SLICEL_I2_O)
                                                      0.070    14.062 f  u_fp_domain/u_CORTEXM3INTEGRATION/u_cortexm3ds_logic/Mzonz6_i_1/O
                         net (fo=7, routed)           0.509    14.571    u_fp_domain/u_CORTEXM3INTEGRATION/u_cortexm3ds_logic/I4a7z6
    SLICE_X118Y135       LUT6 (Prop_G6LUT_SLICEM_I5_O)
                                                      0.116    14.687 r  u_fp_domain/u_CORTEXM3INTEGRATION/u_cortexm3ds_logic/O3tm17_i_1/O
                         net (fo=1, routed)           0.026    14.713    u_fp_domain/u_CORTEXM3INTEGRATION/u_cortexm3ds_logic/Oh38v6
    SLICE_X118Y135       FDCE                                         r  u_fp_domain/u_CORTEXM3INTEGRATION/u_cortexm3ds_logic/O3tm17_reg/D
  -------------------------------------------------------------------    -------------------

                         (clock clk_out1_pll_50m rise edge)
                                                     25.000    25.000 r  
    D24                  IBUFCTRL                     0.000    25.000 r  CLK_IBUF_inst/IBUFCTRL_INST/O
                         net (fo=7, routed)           0.778    25.778    u_fpga_platform/u_pll0/inst/clk_in1
    MMCME3_ADV_X2Y3      MMCME3_ADV (Prop_MMCME3_ADV_CLKIN1_CLKOUT0)
                                                     -4.811    20.967 r  u_fpga_platform/u_pll0/inst/mmcme3_adv_inst/CLKOUT0
                         net (fo=1, routed)           0.372    21.339    u_fpga_platform/u_pll0/inst/clk_out1_pll_50m
    BUFGCE_X2Y74         BUFGCE (Prop_BUFCE_BUFGCE_I_O)
                                                      0.075    21.414 r  u_fpga_platform/u_pll0/inst/clkout1_buf/O
    X4Y1 (CLOCK_ROOT)    net (fo=6068, routed)        2.225    23.639    u_fp_domain/u_CORTEXM3INTEGRATION/u_cortexm3ds_logic/clk_out1
    SLICE_X118Y135       FDCE                                         r  u_fp_domain/u_CORTEXM3INTEGRATION/u_cortexm3ds_logic/O3tm17_reg/C
                         clock pessimism             -0.025    23.614    
                         clock uncertainty           -0.078    23.536    
    SLICE_X118Y135       FDCE (Setup_GFF_SLICEM_C_D)
                                                      0.060    23.596    u_fp_domain/u_CORTEXM3INTEGRATION/u_cortexm3ds_logic/O3tm17_reg
  -------------------------------------------------------------------
                         required time                         23.596    
                         arrival time                         -14.713    
  -------------------------------------------------------------------
                         slack                                  8.883    





Min Delay Paths
--------------------------------------------------------------------------------------
Slack (MET) :             0.020ns  (arrival time - required time)
  Source:                 u_fp_domain/u_CORTEXM3INTEGRATION/u_cortexm3ds_logic/Y5du07_reg/C
                            (rising edge-triggered cell FDCE clocked by clk_out1_pll_50m  {rise@0.000ns fall@12.500ns period=25.000ns})
  Destination:            u_fp_domain/u_CORTEXM3INTEGRATION/u_cortexm3ds_logic/W0ju07_reg/D
                            (rising edge-triggered cell FDCE clocked by clk_out1_pll_50m  {rise@0.000ns fall@12.500ns period=25.000ns})
  Path Group:             clk_out1_pll_50m
  Path Type:              Hold (Min at Fast Process Corner)
  Requirement:            0.000ns  (clk_out1_pll_50m rise@0.000ns - clk_out1_pll_50m rise@0.000ns)
  Data Path Delay:        0.166ns  (logic 0.079ns (47.590%)  route 0.087ns (52.410%))
  Logic Levels:           1  (LUT6=1)
  Clock Path Skew:        0.090ns (DCD - SCD - CPR)
    Destination Clock Delay (DCD):    -1.182ns
    Source Clock Delay      (SCD):    -0.822ns
    Clock Pessimism Removal (CPR):    -0.450ns
  Clock Net Delay (Source):      1.059ns (routing 0.455ns, distribution 0.604ns)
  Clock Net Delay (Destination): 1.254ns (routing 0.503ns, distribution 0.751ns)

    Location             Delay type                Incr(ns)  Path(ns)    Netlist Resource(s)
  -------------------------------------------------------------------    -------------------
                         (clock clk_out1_pll_50m rise edge)
                                                      0.000     0.000 r  
    D24                  IBUFCTRL                     0.000     0.000 r  CLK_IBUF_inst/IBUFCTRL_INST/O
                         net (fo=7, routed)           0.405     0.405    u_fpga_platform/u_pll0/inst/clk_in1
    MMCME3_ADV_X2Y3      MMCME3_ADV (Prop_MMCME3_ADV_CLKIN1_CLKOUT0)
                                                     -2.480    -2.075 r  u_fpga_platform/u_pll0/inst/mmcme3_adv_inst/CLKOUT0
                         net (fo=1, routed)           0.167    -1.908    u_fpga_platform/u_pll0/inst/clk_out1_pll_50m
    BUFGCE_X2Y74         BUFGCE (Prop_BUFCE_BUFGCE_I_O)
                                                      0.027    -1.881 r  u_fpga_platform/u_pll0/inst/clkout1_buf/O
    X4Y1 (CLOCK_ROOT)    net (fo=6068, routed)        1.059    -0.822    u_fp_domain/u_CORTEXM3INTEGRATION/u_cortexm3ds_logic/clk_out1
    SLICE_X103Y142       FDCE                                         r  u_fp_domain/u_CORTEXM3INTEGRATION/u_cortexm3ds_logic/Y5du07_reg/C
  -------------------------------------------------------------------    -------------------
    SLICE_X103Y142       FDCE (Prop_AFF2_SLICEM_C_Q)
                                                      0.049    -0.773 r  u_fp_domain/u_CORTEXM3INTEGRATION/u_cortexm3ds_logic/Y5du07_reg/Q
                         net (fo=3, routed)           0.075    -0.698    u_fp_domain/u_CORTEXM3INTEGRATION/u_cortexm3ds_logic/Y5du07
    SLICE_X102Y142       LUT6 (Prop_A6LUT_SLICEL_I3_O)
                                                      0.030    -0.668 r  u_fp_domain/u_CORTEXM3INTEGRATION/u_cortexm3ds_logic/W0ju07_i_1/O
                         net (fo=1, routed)           0.012    -0.656    u_fp_domain/u_CORTEXM3INTEGRATION/u_cortexm3ds_logic/T1zmz6_6
    SLICE_X102Y142       FDCE                                         r  u_fp_domain/u_CORTEXM3INTEGRATION/u_cortexm3ds_logic/W0ju07_reg/D
  -------------------------------------------------------------------    -------------------

                         (clock clk_out1_pll_50m rise edge)
                                                      0.000     0.000 r  
    D24                  IBUFCTRL                     0.000     0.000 r  CLK_IBUF_inst/IBUFCTRL_INST/O
                         net (fo=7, routed)           0.457     0.457    u_fpga_platform/u_pll0/inst/clk_in1
    MMCME3_ADV_X2Y3      MMCME3_ADV (Prop_MMCME3_ADV_CLKIN1_CLKOUT0)
                                                     -3.133    -2.676 r  u_fpga_platform/u_pll0/inst/mmcme3_adv_inst/CLKOUT0
                         net (fo=1, routed)           0.209    -2.467    u_fpga_platform/u_pll0/inst/clk_out1_pll_50m
    BUFGCE_X2Y74         BUFGCE (Prop_BUFCE_BUFGCE_I_O)
                                                      0.031    -2.436 r  u_fpga_platform/u_pll0/inst/clkout1_buf/O
    X4Y1 (CLOCK_ROOT)    net (fo=6068, routed)        1.254    -1.182    u_fp_domain/u_CORTEXM3INTEGRATION/u_cortexm3ds_logic/clk_out1
    SLICE_X102Y142       FDCE                                         r  u_fp_domain/u_CORTEXM3INTEGRATION/u_cortexm3ds_logic/W0ju07_reg/C
                         clock pessimism              0.450    -0.732    
    SLICE_X102Y142       FDCE (Hold_AFF_SLICEL_C_D)
                                                      0.056    -0.676    u_fp_domain/u_CORTEXM3INTEGRATION/u_cortexm3ds_logic/W0ju07_reg
  -------------------------------------------------------------------
                         required time                          0.676    
                         arrival time                          -0.656    
  -------------------------------------------------------------------
                         slack                                  0.020    

Slack (MET) :             0.023ns  (arrival time - required time)
  Source:                 u_fp_domain/u_CORTEXM3INTEGRATION/u_cortexm3ds_logic/L1eu07_reg/C
                            (rising edge-triggered cell FDCE clocked by clk_out1_pll_50m  {rise@0.000ns fall@12.500ns period=25.000ns})
  Destination:            u_fp_domain/u_CORTEXM3INTEGRATION/u_cortexm3ds_logic/Kcju07_reg/D
                            (rising edge-triggered cell FDCE clocked by clk_out1_pll_50m  {rise@0.000ns fall@12.500ns period=25.000ns})
  Path Group:             clk_out1_pll_50m
  Path Type:              Hold (Min at Fast Process Corner)
  Requirement:            0.000ns  (clk_out1_pll_50m rise@0.000ns - clk_out1_pll_50m rise@0.000ns)
  Data Path Delay:        0.154ns  (logic 0.064ns (41.558%)  route 0.090ns (58.442%))
  Logic Levels:           1  (LUT6=1)
  Clock Path Skew:        0.075ns (DCD - SCD - CPR)
    Destination Clock Delay (DCD):    -1.196ns
    Source Clock Delay      (SCD):    -0.821ns
    Clock Pessimism Removal (CPR):    -0.450ns
  Clock Net Delay (Source):      1.060ns (routing 0.455ns, distribution 0.605ns)
  Clock Net Delay (Destination): 1.240ns (routing 0.503ns, distribution 0.737ns)

    Location             Delay type                Incr(ns)  Path(ns)    Netlist Resource(s)
  -------------------------------------------------------------------    -------------------
                         (clock clk_out1_pll_50m rise edge)
                                                      0.000     0.000 r  
    D24                  IBUFCTRL                     0.000     0.000 r  CLK_IBUF_inst/IBUFCTRL_INST/O
                         net (fo=7, routed)           0.405     0.405    u_fpga_platform/u_pll0/inst/clk_in1
    MMCME3_ADV_X2Y3      MMCME3_ADV (Prop_MMCME3_ADV_CLKIN1_CLKOUT0)
                                                     -2.480    -2.075 r  u_fpga_platform/u_pll0/inst/mmcme3_adv_inst/CLKOUT0
                         net (fo=1, routed)           0.167    -1.908    u_fpga_platform/u_pll0/inst/clk_out1_pll_50m
    BUFGCE_X2Y74         BUFGCE (Prop_BUFCE_BUFGCE_I_O)
                                                      0.027    -1.881 r  u_fpga_platform/u_pll0/inst/clkout1_buf/O
    X4Y1 (CLOCK_ROOT)    net (fo=6068, routed)        1.060    -0.821    u_fp_domain/u_CORTEXM3INTEGRATION/u_cortexm3ds_logic/clk_out1
    SLICE_X106Y143       FDCE                                         r  u_fp_domain/u_CORTEXM3INTEGRATION/u_cortexm3ds_logic/L1eu07_reg/C
  -------------------------------------------------------------------    -------------------
    SLICE_X106Y143       FDCE (Prop_EFF_SLICEM_C_Q)
                                                      0.049    -0.772 r  u_fp_domain/u_CORTEXM3INTEGRATION/u_cortexm3ds_logic/L1eu07_reg/Q
                         net (fo=3, routed)           0.074    -0.698    u_fp_domain/u_CORTEXM3INTEGRATION/u_cortexm3ds_logic/L1eu07
    SLICE_X105Y143       LUT6 (Prop_D6LUT_SLICEL_I3_O)
                                                      0.015    -0.683 r  u_fp_domain/u_CORTEXM3INTEGRATION/u_cortexm3ds_logic/Kcju07_i_1/O
                         net (fo=1, routed)           0.016    -0.667    u_fp_domain/u_CORTEXM3INTEGRATION/u_cortexm3ds_logic/T1zmz6_13
    SLICE_X105Y143       FDCE                                         r  u_fp_domain/u_CORTEXM3INTEGRATION/u_cortexm3ds_logic/Kcju07_reg/D
  -------------------------------------------------------------------    -------------------

                         (clock clk_out1_pll_50m rise edge)
                                                      0.000     0.000 r  
    D24                  IBUFCTRL                     0.000     0.000 r  CLK_IBUF_inst/IBUFCTRL_INST/O
                         net (fo=7, routed)           0.457     0.457    u_fpga_platform/u_pll0/inst/clk_in1
    MMCME3_ADV_X2Y3      MMCME3_ADV (Prop_MMCME3_ADV_CLKIN1_CLKOUT0)
                                                     -3.133    -2.676 r  u_fpga_platform/u_pll0/inst/mmcme3_adv_inst/CLKOUT0
                         net (fo=1, routed)           0.209    -2.467    u_fpga_platform/u_pll0/inst/clk_out1_pll_50m
    BUFGCE_X2Y74         BUFGCE (Prop_BUFCE_BUFGCE_I_O)
                                                      0.031    -2.436 r  u_fpga_platform/u_pll0/inst/clkout1_buf/O
    X4Y1 (CLOCK_ROOT)    net (fo=6068, routed)        1.240    -1.196    u_fp_domain/u_CORTEXM3INTEGRATION/u_cortexm3ds_logic/clk_out1
    SLICE_X105Y143       FDCE                                         r  u_fp_domain/u_CORTEXM3INTEGRATION/u_cortexm3ds_logic/Kcju07_reg/C
                         clock pessimism              0.450    -0.746    
    SLICE_X105Y143       FDCE (Hold_DFF_SLICEL_C_D)
                                                      0.056    -0.690    u_fp_domain/u_CORTEXM3INTEGRATION/u_cortexm3ds_logic/Kcju07_reg
  -------------------------------------------------------------------
                         required time                          0.690    
                         arrival time                          -0.667    
  -------------------------------------------------------------------
                         slack                                  0.023    

Slack (MET) :             0.025ns  (arrival time - required time)
  Source:                 u_fp_domain/u_CORTEXM3INTEGRATION/u_cortexm3ds_logic/I8vf07_reg/C
                            (rising edge-triggered cell FDRE clocked by clk_out1_pll_50m  {rise@0.000ns fall@12.500ns period=25.000ns})
  Destination:            u_fp_domain/u_CORTEXM3INTEGRATION/u_cortexm3ds_logic/As2107_reg/D
                            (rising edge-triggered cell FDCE clocked by clk_out1_pll_50m  {rise@0.000ns fall@12.500ns period=25.000ns})
  Path Group:             clk_out1_pll_50m
  Path Type:              Hold (Min at Fast Process Corner)
  Requirement:            0.000ns  (clk_out1_pll_50m rise@0.000ns - clk_out1_pll_50m rise@0.000ns)
  Data Path Delay:        0.171ns  (logic 0.079ns (46.199%)  route 0.092ns (53.801%))
  Logic Levels:           1  (LUT6=1)
  Clock Path Skew:        0.090ns (DCD - SCD - CPR)
    Destination Clock Delay (DCD):    -1.177ns
    Source Clock Delay      (SCD):    -0.814ns
    Clock Pessimism Removal (CPR):    -0.453ns
  Clock Net Delay (Source):      1.067ns (routing 0.455ns, distribution 0.612ns)
  Clock Net Delay (Destination): 1.259ns (routing 0.503ns, distribution 0.756ns)

    Location             Delay type                Incr(ns)  Path(ns)    Netlist Resource(s)
  -------------------------------------------------------------------    -------------------
                         (clock clk_out1_pll_50m rise edge)
                                                      0.000     0.000 r  
    D24                  IBUFCTRL                     0.000     0.000 r  CLK_IBUF_inst/IBUFCTRL_INST/O
                         net (fo=7, routed)           0.405     0.405    u_fpga_platform/u_pll0/inst/clk_in1
    MMCME3_ADV_X2Y3      MMCME3_ADV (Prop_MMCME3_ADV_CLKIN1_CLKOUT0)
                                                     -2.480    -2.075 r  u_fpga_platform/u_pll0/inst/mmcme3_adv_inst/CLKOUT0
                         net (fo=1, routed)           0.167    -1.908    u_fpga_platform/u_pll0/inst/clk_out1_pll_50m
    BUFGCE_X2Y74         BUFGCE (Prop_BUFCE_BUFGCE_I_O)
                                                      0.027    -1.881 r  u_fpga_platform/u_pll0/inst/clkout1_buf/O
    X4Y1 (CLOCK_ROOT)    net (fo=6068, routed)        1.067    -0.814    u_fp_domain/u_CORTEXM3INTEGRATION/u_cortexm3ds_logic/clk_out1
    SLICE_X115Y104       FDRE                                         r  u_fp_domain/u_CORTEXM3INTEGRATION/u_cortexm3ds_logic/I8vf07_reg/C
  -------------------------------------------------------------------    -------------------
    SLICE_X115Y104       FDRE (Prop_DFF_SLICEM_C_Q)
                                                      0.049    -0.765 r  u_fp_domain/u_CORTEXM3INTEGRATION/u_cortexm3ds_logic/I8vf07_reg/Q
                         net (fo=3, routed)           0.076    -0.689    u_fp_domain/u_CORTEXM3INTEGRATION/u_cortexm3ds_logic/I8vf07
    SLICE_X114Y104       LUT6 (Prop_D6LUT_SLICEL_I4_O)
                                                      0.030    -0.659 r  u_fp_domain/u_CORTEXM3INTEGRATION/u_cortexm3ds_logic/As2107_i_1/O
                         net (fo=1, routed)           0.016    -0.643    u_fp_domain/u_CORTEXM3INTEGRATION/u_cortexm3ds_logic/Zhj8v6
    SLICE_X114Y104       FDCE                                         r  u_fp_domain/u_CORTEXM3INTEGRATION/u_cortexm3ds_logic/As2107_reg/D
  -------------------------------------------------------------------    -------------------

                         (clock clk_out1_pll_50m rise edge)
                                                      0.000     0.000 r  
    D24                  IBUFCTRL                     0.000     0.000 r  CLK_IBUF_inst/IBUFCTRL_INST/O
                         net (fo=7, routed)           0.457     0.457    u_fpga_platform/u_pll0/inst/clk_in1
    MMCME3_ADV_X2Y3      MMCME3_ADV (Prop_MMCME3_ADV_CLKIN1_CLKOUT0)
                                                     -3.133    -2.676 r  u_fpga_platform/u_pll0/inst/mmcme3_adv_inst/CLKOUT0
                         net (fo=1, routed)           0.209    -2.467    u_fpga_platform/u_pll0/inst/clk_out1_pll_50m
    BUFGCE_X2Y74         BUFGCE (Prop_BUFCE_BUFGCE_I_O)
                                                      0.031    -2.436 r  u_fpga_platform/u_pll0/inst/clkout1_buf/O
    X4Y1 (CLOCK_ROOT)    net (fo=6068, routed)        1.259    -1.177    u_fp_domain/u_CORTEXM3INTEGRATION/u_cortexm3ds_logic/clk_out1
    SLICE_X114Y104       FDCE                                         r  u_fp_domain/u_CORTEXM3INTEGRATION/u_cortexm3ds_logic/As2107_reg/C
                         clock pessimism              0.453    -0.724    
    SLICE_X114Y104       FDCE (Hold_DFF_SLICEL_C_D)
                                                      0.056    -0.668    u_fp_domain/u_CORTEXM3INTEGRATION/u_cortexm3ds_logic/As2107_reg
  -------------------------------------------------------------------
                         required time                          0.668    
                         arrival time                          -0.643    
  -------------------------------------------------------------------
                         slack                                  0.025    

Slack (MET) :             0.026ns  (arrival time - required time)
  Source:                 u_fp_domain/u_apb0_sync_top/u_uart0/u_uart_regs_wrap/u_uart_apb_cfg/r_int0_clr_reg/C
                            (rising edge-triggered cell FDCE clocked by clk_out1_pll_50m  {rise@0.000ns fall@12.500ns period=25.000ns})
  Destination:            u_fp_domain/u_apb0_sync_top/u_uart0/u_interrupt_gen/INT_GEN[0].u_int_bit_gen/int_sta_reg/D
                            (rising edge-triggered cell FDCE clocked by clk_out1_pll_50m  {rise@0.000ns fall@12.500ns period=25.000ns})
  Path Group:             clk_out1_pll_50m
  Path Type:              Hold (Min at Fast Process Corner)
  Requirement:            0.000ns  (clk_out1_pll_50m rise@0.000ns - clk_out1_pll_50m rise@0.000ns)
  Data Path Delay:        0.155ns  (logic 0.063ns (40.645%)  route 0.092ns (59.355%))
  Logic Levels:           1  (LUT4=1)
  Clock Path Skew:        0.073ns (DCD - SCD - CPR)
    Destination Clock Delay (DCD):    -1.221ns
    Source Clock Delay      (SCD):    -0.842ns
    Clock Pessimism Removal (CPR):    -0.452ns
  Clock Net Delay (Source):      1.039ns (routing 0.455ns, distribution 0.584ns)
  Clock Net Delay (Destination): 1.215ns (routing 0.503ns, distribution 0.712ns)

    Location             Delay type                Incr(ns)  Path(ns)    Netlist Resource(s)
  -------------------------------------------------------------------    -------------------
                         (clock clk_out1_pll_50m rise edge)
                                                      0.000     0.000 r  
    D24                  IBUFCTRL                     0.000     0.000 r  CLK_IBUF_inst/IBUFCTRL_INST/O
                         net (fo=7, routed)           0.405     0.405    u_fpga_platform/u_pll0/inst/clk_in1
    MMCME3_ADV_X2Y3      MMCME3_ADV (Prop_MMCME3_ADV_CLKIN1_CLKOUT0)
                                                     -2.480    -2.075 r  u_fpga_platform/u_pll0/inst/mmcme3_adv_inst/CLKOUT0
                         net (fo=1, routed)           0.167    -1.908    u_fpga_platform/u_pll0/inst/clk_out1_pll_50m
    BUFGCE_X2Y74         BUFGCE (Prop_BUFCE_BUFGCE_I_O)
                                                      0.027    -1.881 r  u_fpga_platform/u_pll0/inst/clkout1_buf/O
    X4Y1 (CLOCK_ROOT)    net (fo=6068, routed)        1.039    -0.842    u_fp_domain/u_apb0_sync_top/u_uart0/u_uart_regs_wrap/u_uart_apb_cfg/clk_out1
    SLICE_X100Y107       FDCE                                         r  u_fp_domain/u_apb0_sync_top/u_uart0/u_uart_regs_wrap/u_uart_apb_cfg/r_int0_clr_reg/C
  -------------------------------------------------------------------    -------------------
    SLICE_X100Y107       FDCE (Prop_HFF2_SLICEM_C_Q)
                                                      0.048    -0.794 f  u_fp_domain/u_apb0_sync_top/u_uart0/u_uart_regs_wrap/u_uart_apb_cfg/r_int0_clr_reg/Q
                         net (fo=2, routed)           0.076    -0.718    u_fp_domain/u_apb0_sync_top/u_uart0/u_uart_regs_wrap/u_uart_apb_cfg/int_clr[0]
    SLICE_X99Y107        LUT4 (Prop_C6LUT_SLICEL_I0_O)
                                                      0.015    -0.703 r  u_fp_domain/u_apb0_sync_top/u_uart0/u_uart_regs_wrap/u_uart_apb_cfg/int_sta_i_1__2/O
                         net (fo=1, routed)           0.016    -0.687    u_fp_domain/u_apb0_sync_top/u_uart0/u_interrupt_gen/INT_GEN[0].u_int_bit_gen/int_sta_reg_0
    SLICE_X99Y107        FDCE                                         r  u_fp_domain/u_apb0_sync_top/u_uart0/u_interrupt_gen/INT_GEN[0].u_int_bit_gen/int_sta_reg/D
  -------------------------------------------------------------------    -------------------

                         (clock clk_out1_pll_50m rise edge)
                                                      0.000     0.000 r  
    D24                  IBUFCTRL                     0.000     0.000 r  CLK_IBUF_inst/IBUFCTRL_INST/O
                         net (fo=7, routed)           0.457     0.457    u_fpga_platform/u_pll0/inst/clk_in1
    MMCME3_ADV_X2Y3      MMCME3_ADV (Prop_MMCME3_ADV_CLKIN1_CLKOUT0)
                                                     -3.133    -2.676 r  u_fpga_platform/u_pll0/inst/mmcme3_adv_inst/CLKOUT0
                         net (fo=1, routed)           0.209    -2.467    u_fpga_platform/u_pll0/inst/clk_out1_pll_50m
    BUFGCE_X2Y74         BUFGCE (Prop_BUFCE_BUFGCE_I_O)
                                                      0.031    -2.436 r  u_fpga_platform/u_pll0/inst/clkout1_buf/O
    X4Y1 (CLOCK_ROOT)    net (fo=6068, routed)        1.215    -1.221    u_fp_domain/u_apb0_sync_top/u_uart0/u_interrupt_gen/INT_GEN[0].u_int_bit_gen/clk_out1
    SLICE_X99Y107        FDCE                                         r  u_fp_domain/u_apb0_sync_top/u_uart0/u_interrupt_gen/INT_GEN[0].u_int_bit_gen/int_sta_reg/C
                         clock pessimism              0.452    -0.769    
    SLICE_X99Y107        FDCE (Hold_CFF_SLICEL_C_D)
                                                      0.056    -0.713    u_fp_domain/u_apb0_sync_top/u_uart0/u_interrupt_gen/INT_GEN[0].u_int_bit_gen/int_sta_reg
  -------------------------------------------------------------------
                         required time                          0.713    
                         arrival time                          -0.687    
  -------------------------------------------------------------------
                         slack                                  0.026    

Slack (MET) :             0.031ns  (arrival time - required time)
  Source:                 u_fp_domain/u_CORTEXM3INTEGRATION/u_cortexm3ds_logic/Hqph07_reg/C
                            (rising edge-triggered cell FDCE clocked by clk_out1_pll_50m  {rise@0.000ns fall@12.500ns period=25.000ns})
  Destination:            u_fp_domain/u_CORTEXM3INTEGRATION/u_cortexm3ds_logic/Hfba17_reg/D
                            (rising edge-triggered cell FDCE clocked by clk_out1_pll_50m  {rise@0.000ns fall@12.500ns period=25.000ns})
  Path Group:             clk_out1_pll_50m
  Path Type:              Hold (Min at Fast Process Corner)
  Requirement:            0.000ns  (clk_out1_pll_50m rise@0.000ns - clk_out1_pll_50m rise@0.000ns)
  Data Path Delay:        0.157ns  (logic 0.064ns (40.764%)  route 0.093ns (59.236%))
  Logic Levels:           1  (LUT6=1)
  Clock Path Skew:        0.070ns (DCD - SCD - CPR)
    Destination Clock Delay (DCD):    -1.198ns
    Source Clock Delay      (SCD):    -0.818ns
    Clock Pessimism Removal (CPR):    -0.450ns
  Clock Net Delay (Source):      1.063ns (routing 0.455ns, distribution 0.608ns)
  Clock Net Delay (Destination): 1.238ns (routing 0.503ns, distribution 0.735ns)

    Location             Delay type                Incr(ns)  Path(ns)    Netlist Resource(s)
  -------------------------------------------------------------------    -------------------
                         (clock clk_out1_pll_50m rise edge)
                                                      0.000     0.000 r  
    D24                  IBUFCTRL                     0.000     0.000 r  CLK_IBUF_inst/IBUFCTRL_INST/O
                         net (fo=7, routed)           0.405     0.405    u_fpga_platform/u_pll0/inst/clk_in1
    MMCME3_ADV_X2Y3      MMCME3_ADV (Prop_MMCME3_ADV_CLKIN1_CLKOUT0)
                                                     -2.480    -2.075 r  u_fpga_platform/u_pll0/inst/mmcme3_adv_inst/CLKOUT0
                         net (fo=1, routed)           0.167    -1.908    u_fpga_platform/u_pll0/inst/clk_out1_pll_50m
    BUFGCE_X2Y74         BUFGCE (Prop_BUFCE_BUFGCE_I_O)
                                                      0.027    -1.881 r  u_fpga_platform/u_pll0/inst/clkout1_buf/O
    X4Y1 (CLOCK_ROOT)    net (fo=6068, routed)        1.063    -0.818    u_fp_domain/u_CORTEXM3INTEGRATION/u_cortexm3ds_logic/clk_out1
    SLICE_X108Y147       FDCE                                         r  u_fp_domain/u_CORTEXM3INTEGRATION/u_cortexm3ds_logic/Hqph07_reg/C
  -------------------------------------------------------------------    -------------------
    SLICE_X108Y147       FDCE (Prop_EFF_SLICEL_C_Q)
                                                      0.049    -0.769 r  u_fp_domain/u_CORTEXM3INTEGRATION/u_cortexm3ds_logic/Hqph07_reg/Q
                         net (fo=5, routed)           0.077    -0.692    u_fp_domain/u_CORTEXM3INTEGRATION/u_cortexm3ds_logic/Hqph07
    SLICE_X109Y147       LUT6 (Prop_C6LUT_SLICEM_I2_O)
                                                      0.015    -0.677 r  u_fp_domain/u_CORTEXM3INTEGRATION/u_cortexm3ds_logic/Hfba17_i_1/O
                         net (fo=1, routed)           0.016    -0.661    u_fp_domain/u_CORTEXM3INTEGRATION/u_cortexm3ds_logic/Zxymz6_2
    SLICE_X109Y147       FDCE                                         r  u_fp_domain/u_CORTEXM3INTEGRATION/u_cortexm3ds_logic/Hfba17_reg/D
  -------------------------------------------------------------------    -------------------

                         (clock clk_out1_pll_50m rise edge)
                                                      0.000     0.000 r  
    D24                  IBUFCTRL                     0.000     0.000 r  CLK_IBUF_inst/IBUFCTRL_INST/O
                         net (fo=7, routed)           0.457     0.457    u_fpga_platform/u_pll0/inst/clk_in1
    MMCME3_ADV_X2Y3      MMCME3_ADV (Prop_MMCME3_ADV_CLKIN1_CLKOUT0)
                                                     -3.133    -2.676 r  u_fpga_platform/u_pll0/inst/mmcme3_adv_inst/CLKOUT0
                         net (fo=1, routed)           0.209    -2.467    u_fpga_platform/u_pll0/inst/clk_out1_pll_50m
    BUFGCE_X2Y74         BUFGCE (Prop_BUFCE_BUFGCE_I_O)
                                                      0.031    -2.436 r  u_fpga_platform/u_pll0/inst/clkout1_buf/O
    X4Y1 (CLOCK_ROOT)    net (fo=6068, routed)        1.238    -1.198    u_fp_domain/u_CORTEXM3INTEGRATION/u_cortexm3ds_logic/clk_out1
    SLICE_X109Y147       FDCE                                         r  u_fp_domain/u_CORTEXM3INTEGRATION/u_cortexm3ds_logic/Hfba17_reg/C
                         clock pessimism              0.450    -0.748    
    SLICE_X109Y147       FDCE (Hold_CFF_SLICEM_C_D)
                                                      0.056    -0.692    u_fp_domain/u_CORTEXM3INTEGRATION/u_cortexm3ds_logic/Hfba17_reg
  -------------------------------------------------------------------
                         required time                          0.692    
                         arrival time                          -0.661    
  -------------------------------------------------------------------
                         slack                                  0.031    

Slack (MET) :             0.035ns  (arrival time - required time)
  Source:                 u_fp_domain/u_ahb_bus_matrix/u_ahb_bus_matrix_om6_2/u_output_arb/iaddr_in_port_reg[1]/C
                            (rising edge-triggered cell FDCE clocked by clk_out1_pll_50m  {rise@0.000ns fall@12.500ns period=25.000ns})
  Destination:            u_fp_domain/u_apb0_sync/addr_reg_reg[4]/D
                            (rising edge-triggered cell FDCE clocked by clk_out1_pll_50m  {rise@0.000ns fall@12.500ns period=25.000ns})
  Path Group:             clk_out1_pll_50m
  Path Type:              Hold (Min at Fast Process Corner)
  Requirement:            0.000ns  (clk_out1_pll_50m rise@0.000ns - clk_out1_pll_50m rise@0.000ns)
  Data Path Delay:        0.161ns  (logic 0.064ns (39.752%)  route 0.097ns (60.248%))
  Logic Levels:           1  (LUT5=1)
  Clock Path Skew:        0.070ns (DCD - SCD - CPR)
    Destination Clock Delay (DCD):    -1.211ns
    Source Clock Delay      (SCD):    -0.829ns
    Clock Pessimism Removal (CPR):    -0.452ns
  Clock Net Delay (Source):      1.052ns (routing 0.455ns, distribution 0.597ns)
  Clock Net Delay (Destination): 1.225ns (routing 0.503ns, distribution 0.722ns)

    Location             Delay type                Incr(ns)  Path(ns)    Netlist Resource(s)
  -------------------------------------------------------------------    -------------------
                         (clock clk_out1_pll_50m rise edge)
                                                      0.000     0.000 r  
    D24                  IBUFCTRL                     0.000     0.000 r  CLK_IBUF_inst/IBUFCTRL_INST/O
                         net (fo=7, routed)           0.405     0.405    u_fpga_platform/u_pll0/inst/clk_in1
    MMCME3_ADV_X2Y3      MMCME3_ADV (Prop_MMCME3_ADV_CLKIN1_CLKOUT0)
                                                     -2.480    -2.075 r  u_fpga_platform/u_pll0/inst/mmcme3_adv_inst/CLKOUT0
                         net (fo=1, routed)           0.167    -1.908    u_fpga_platform/u_pll0/inst/clk_out1_pll_50m
    BUFGCE_X2Y74         BUFGCE (Prop_BUFCE_BUFGCE_I_O)
                                                      0.027    -1.881 r  u_fpga_platform/u_pll0/inst/clkout1_buf/O
    X4Y1 (CLOCK_ROOT)    net (fo=6068, routed)        1.052    -0.829    u_fp_domain/u_ahb_bus_matrix/u_ahb_bus_matrix_om6_2/u_output_arb/clk_out1
    SLICE_X102Y119       FDCE                                         r  u_fp_domain/u_ahb_bus_matrix/u_ahb_bus_matrix_om6_2/u_output_arb/iaddr_in_port_reg[1]/C
  -------------------------------------------------------------------    -------------------
    SLICE_X102Y119       FDCE (Prop_CFF_SLICEL_C_Q)
                                                      0.048    -0.781 r  u_fp_domain/u_ahb_bus_matrix/u_ahb_bus_matrix_om6_2/u_output_arb/iaddr_in_port_reg[1]/Q
                         net (fo=38, routed)          0.081    -0.700    u_fp_domain/u_ahb_bus_matrix/u_ahb_bus_matrix_i_2/addr_in_port_4[0]
    SLICE_X103Y119       LUT5 (Prop_D6LUT_SLICEM_I3_O)
                                                      0.016    -0.684 r  u_fp_domain/u_ahb_bus_matrix/u_ahb_bus_matrix_i_2/addr_reg[4]_i_1/O
                         net (fo=1, routed)           0.016    -0.668    u_fp_domain/u_apb0_sync/D[4]
    SLICE_X103Y119       FDCE                                         r  u_fp_domain/u_apb0_sync/addr_reg_reg[4]/D
  -------------------------------------------------------------------    -------------------

                         (clock clk_out1_pll_50m rise edge)
                                                      0.000     0.000 r  
    D24                  IBUFCTRL                     0.000     0.000 r  CLK_IBUF_inst/IBUFCTRL_INST/O
                         net (fo=7, routed)           0.457     0.457    u_fpga_platform/u_pll0/inst/clk_in1
    MMCME3_ADV_X2Y3      MMCME3_ADV (Prop_MMCME3_ADV_CLKIN1_CLKOUT0)
                                                     -3.133    -2.676 r  u_fpga_platform/u_pll0/inst/mmcme3_adv_inst/CLKOUT0
                         net (fo=1, routed)           0.209    -2.467    u_fpga_platform/u_pll0/inst/clk_out1_pll_50m
    BUFGCE_X2Y74         BUFGCE (Prop_BUFCE_BUFGCE_I_O)
                                                      0.031    -2.436 r  u_fpga_platform/u_pll0/inst/clkout1_buf/O
    X4Y1 (CLOCK_ROOT)    net (fo=6068, routed)        1.225    -1.211    u_fp_domain/u_apb0_sync/clk_out1
    SLICE_X103Y119       FDCE                                         r  u_fp_domain/u_apb0_sync/addr_reg_reg[4]/C
                         clock pessimism              0.452    -0.759    
    SLICE_X103Y119       FDCE (Hold_DFF_SLICEM_C_D)
                                                      0.056    -0.703    u_fp_domain/u_apb0_sync/addr_reg_reg[4]
  -------------------------------------------------------------------
                         required time                          0.703    
                         arrival time                          -0.668    
  -------------------------------------------------------------------
                         slack                                  0.035    

Slack (MET) :             0.035ns  (arrival time - required time)
  Source:                 u_fp_domain/u_CORTEXM3INTEGRATION/u_cortexm3ds_logic/Mbuf07_reg/C
                            (rising edge-triggered cell FDCE clocked by clk_out1_pll_50m  {rise@0.000ns fall@12.500ns period=25.000ns})
  Destination:            u_fp_domain/u_CORTEXM3INTEGRATION/u_cortexm3ds_logic/J61t07_reg/D
                            (rising edge-triggered cell FDCE clocked by clk_out1_pll_50m  {rise@0.000ns fall@12.500ns period=25.000ns})
  Path Group:             clk_out1_pll_50m
  Path Type:              Hold (Min at Fast Process Corner)
  Requirement:            0.000ns  (clk_out1_pll_50m rise@0.000ns - clk_out1_pll_50m rise@0.000ns)
  Data Path Delay:        0.256ns  (logic 0.081ns (31.641%)  route 0.175ns (68.359%))
  Logic Levels:           1  (LUT6=1)
  Clock Path Skew:        0.165ns (DCD - SCD - CPR)
    Destination Clock Delay (DCD):    -1.106ns
    Source Clock Delay      (SCD):    -0.764ns
    Clock Pessimism Removal (CPR):    -0.507ns
  Clock Net Delay (Source):      1.117ns (routing 0.455ns, distribution 0.662ns)
  Clock Net Delay (Destination): 1.330ns (routing 0.503ns, distribution 0.827ns)

    Location             Delay type                Incr(ns)  Path(ns)    Netlist Resource(s)
  -------------------------------------------------------------------    -------------------
                         (clock clk_out1_pll_50m rise edge)
                                                      0.000     0.000 r  
    D24                  IBUFCTRL                     0.000     0.000 r  CLK_IBUF_inst/IBUFCTRL_INST/O
                         net (fo=7, routed)           0.405     0.405    u_fpga_platform/u_pll0/inst/clk_in1
    MMCME3_ADV_X2Y3      MMCME3_ADV (Prop_MMCME3_ADV_CLKIN1_CLKOUT0)
                                                     -2.480    -2.075 r  u_fpga_platform/u_pll0/inst/mmcme3_adv_inst/CLKOUT0
                         net (fo=1, routed)           0.167    -1.908    u_fpga_platform/u_pll0/inst/clk_out1_pll_50m
    BUFGCE_X2Y74         BUFGCE (Prop_BUFCE_BUFGCE_I_O)
                                                      0.027    -1.881 r  u_fpga_platform/u_pll0/inst/clkout1_buf/O
    X4Y1 (CLOCK_ROOT)    net (fo=6068, routed)        1.117    -0.764    u_fp_domain/u_CORTEXM3INTEGRATION/u_cortexm3ds_logic/clk_out1
    SLICE_X119Y119       FDCE                                         r  u_fp_domain/u_CORTEXM3INTEGRATION/u_cortexm3ds_logic/Mbuf07_reg/C
  -------------------------------------------------------------------    -------------------
    SLICE_X119Y119       FDCE (Prop_FFF_SLICEM_C_Q)
                                                      0.049    -0.715 r  u_fp_domain/u_CORTEXM3INTEGRATION/u_cortexm3ds_logic/Mbuf07_reg/Q
                         net (fo=3, routed)           0.159    -0.556    u_fp_domain/u_CORTEXM3INTEGRATION/u_cortexm3ds_logic/Mbuf07
    SLICE_X119Y120       LUT6 (Prop_H6LUT_SLICEM_I3_O)
                                                      0.032    -0.524 r  u_fp_domain/u_CORTEXM3INTEGRATION/u_cortexm3ds_logic/J61t07_i_1/O
                         net (fo=1, routed)           0.016    -0.508    u_fp_domain/u_CORTEXM3INTEGRATION/u_cortexm3ds_logic/Rei8v6
    SLICE_X119Y120       FDCE                                         r  u_fp_domain/u_CORTEXM3INTEGRATION/u_cortexm3ds_logic/J61t07_reg/D
  -------------------------------------------------------------------    -------------------

                         (clock clk_out1_pll_50m rise edge)
                                                      0.000     0.000 r  
    D24                  IBUFCTRL                     0.000     0.000 r  CLK_IBUF_inst/IBUFCTRL_INST/O
                         net (fo=7, routed)           0.457     0.457    u_fpga_platform/u_pll0/inst/clk_in1
    MMCME3_ADV_X2Y3      MMCME3_ADV (Prop_MMCME3_ADV_CLKIN1_CLKOUT0)
                                                     -3.133    -2.676 r  u_fpga_platform/u_pll0/inst/mmcme3_adv_inst/CLKOUT0
                         net (fo=1, routed)           0.209    -2.467    u_fpga_platform/u_pll0/inst/clk_out1_pll_50m
    BUFGCE_X2Y74         BUFGCE (Prop_BUFCE_BUFGCE_I_O)
                                                      0.031    -2.436 r  u_fpga_platform/u_pll0/inst/clkout1_buf/O
    X4Y1 (CLOCK_ROOT)    net (fo=6068, routed)        1.330    -1.106    u_fp_domain/u_CORTEXM3INTEGRATION/u_cortexm3ds_logic/clk_out1
    SLICE_X119Y120       FDCE                                         r  u_fp_domain/u_CORTEXM3INTEGRATION/u_cortexm3ds_logic/J61t07_reg/C
                         clock pessimism              0.507    -0.599    
    SLICE_X119Y120       FDCE (Hold_HFF_SLICEM_C_D)
                                                      0.056    -0.543    u_fp_domain/u_CORTEXM3INTEGRATION/u_cortexm3ds_logic/J61t07_reg
  -------------------------------------------------------------------
                         required time                          0.543    
                         arrival time                          -0.508    
  -------------------------------------------------------------------
                         slack                                  0.035    

Slack (MET) :             0.035ns  (arrival time - required time)
  Source:                 u_fp_domain/u_CORTEXM3INTEGRATION/u_cortexm3ds_logic/Hqph07_reg/C
                            (rising edge-triggered cell FDCE clocked by clk_out1_pll_50m  {rise@0.000ns fall@12.500ns period=25.000ns})
  Destination:            u_fp_domain/u_CORTEXM3INTEGRATION/u_cortexm3ds_logic/Gz9a17_reg/D
                            (rising edge-triggered cell FDCE clocked by clk_out1_pll_50m  {rise@0.000ns fall@12.500ns period=25.000ns})
  Path Group:             clk_out1_pll_50m
  Path Type:              Hold (Min at Fast Process Corner)
  Requirement:            0.000ns  (clk_out1_pll_50m rise@0.000ns - clk_out1_pll_50m rise@0.000ns)
  Data Path Delay:        0.161ns  (logic 0.065ns (40.373%)  route 0.096ns (59.627%))
  Logic Levels:           1  (LUT6=1)
  Clock Path Skew:        0.070ns (DCD - SCD - CPR)
    Destination Clock Delay (DCD):    -1.198ns
    Source Clock Delay      (SCD):    -0.818ns
    Clock Pessimism Removal (CPR):    -0.450ns
  Clock Net Delay (Source):      1.063ns (routing 0.455ns, distribution 0.608ns)
  Clock Net Delay (Destination): 1.238ns (routing 0.503ns, distribution 0.735ns)

    Location             Delay type                Incr(ns)  Path(ns)    Netlist Resource(s)
  -------------------------------------------------------------------    -------------------
                         (clock clk_out1_pll_50m rise edge)
                                                      0.000     0.000 r  
    D24                  IBUFCTRL                     0.000     0.000 r  CLK_IBUF_inst/IBUFCTRL_INST/O
                         net (fo=7, routed)           0.405     0.405    u_fpga_platform/u_pll0/inst/clk_in1
    MMCME3_ADV_X2Y3      MMCME3_ADV (Prop_MMCME3_ADV_CLKIN1_CLKOUT0)
                                                     -2.480    -2.075 r  u_fpga_platform/u_pll0/inst/mmcme3_adv_inst/CLKOUT0
                         net (fo=1, routed)           0.167    -1.908    u_fpga_platform/u_pll0/inst/clk_out1_pll_50m
    BUFGCE_X2Y74         BUFGCE (Prop_BUFCE_BUFGCE_I_O)
                                                      0.027    -1.881 r  u_fpga_platform/u_pll0/inst/clkout1_buf/O
    X4Y1 (CLOCK_ROOT)    net (fo=6068, routed)        1.063    -0.818    u_fp_domain/u_CORTEXM3INTEGRATION/u_cortexm3ds_logic/clk_out1
    SLICE_X108Y147       FDCE                                         r  u_fp_domain/u_CORTEXM3INTEGRATION/u_cortexm3ds_logic/Hqph07_reg/C
  -------------------------------------------------------------------    -------------------
    SLICE_X108Y147       FDCE (Prop_EFF_SLICEL_C_Q)
                                                      0.049    -0.769 r  u_fp_domain/u_CORTEXM3INTEGRATION/u_cortexm3ds_logic/Hqph07_reg/Q
                         net (fo=5, routed)           0.080    -0.689    u_fp_domain/u_CORTEXM3INTEGRATION/u_cortexm3ds_logic/Hqph07
    SLICE_X109Y147       LUT6 (Prop_D6LUT_SLICEM_I1_O)
                                                      0.016    -0.673 r  u_fp_domain/u_CORTEXM3INTEGRATION/u_cortexm3ds_logic/Gz9a17_i_1/O
                         net (fo=1, routed)           0.016    -0.657    u_fp_domain/u_CORTEXM3INTEGRATION/u_cortexm3ds_logic/Zxymz6_3
    SLICE_X109Y147       FDCE                                         r  u_fp_domain/u_CORTEXM3INTEGRATION/u_cortexm3ds_logic/Gz9a17_reg/D
  -------------------------------------------------------------------    -------------------

                         (clock clk_out1_pll_50m rise edge)
                                                      0.000     0.000 r  
    D24                  IBUFCTRL                     0.000     0.000 r  CLK_IBUF_inst/IBUFCTRL_INST/O
                         net (fo=7, routed)           0.457     0.457    u_fpga_platform/u_pll0/inst/clk_in1
    MMCME3_ADV_X2Y3      MMCME3_ADV (Prop_MMCME3_ADV_CLKIN1_CLKOUT0)
                                                     -3.133    -2.676 r  u_fpga_platform/u_pll0/inst/mmcme3_adv_inst/CLKOUT0
                         net (fo=1, routed)           0.209    -2.467    u_fpga_platform/u_pll0/inst/clk_out1_pll_50m
    BUFGCE_X2Y74         BUFGCE (Prop_BUFCE_BUFGCE_I_O)
                                                      0.031    -2.436 r  u_fpga_platform/u_pll0/inst/clkout1_buf/O
    X4Y1 (CLOCK_ROOT)    net (fo=6068, routed)        1.238    -1.198    u_fp_domain/u_CORTEXM3INTEGRATION/u_cortexm3ds_logic/clk_out1
    SLICE_X109Y147       FDCE                                         r  u_fp_domain/u_CORTEXM3INTEGRATION/u_cortexm3ds_logic/Gz9a17_reg/C
                         clock pessimism              0.450    -0.748    
    SLICE_X109Y147       FDCE (Hold_DFF_SLICEM_C_D)
                                                      0.056    -0.692    u_fp_domain/u_CORTEXM3INTEGRATION/u_cortexm3ds_logic/Gz9a17_reg
  -------------------------------------------------------------------
                         required time                          0.692    
                         arrival time                          -0.657    
  -------------------------------------------------------------------
                         slack                                  0.035    

Slack (MET) :             0.036ns  (arrival time - required time)
  Source:                 u_fp_domain/u_apb0_sync_top/u_uart0/u_uart_pe_core/u_uart_pe_rx/fifo_data_reg[6]/C
                            (rising edge-triggered cell FDCE clocked by clk_out1_pll_50m  {rise@0.000ns fall@12.500ns period=25.000ns})
  Destination:            u_fp_domain/u_apb0_sync_top/u_uart0/u_uart_data_buffer/u_rx_fifo/fifo_reg[1][6]/D
                            (rising edge-triggered cell FDCE clocked by clk_out1_pll_50m  {rise@0.000ns fall@12.500ns period=25.000ns})
  Path Group:             clk_out1_pll_50m
  Path Type:              Hold (Min at Fast Process Corner)
  Requirement:            0.000ns  (clk_out1_pll_50m rise@0.000ns - clk_out1_pll_50m rise@0.000ns)
  Data Path Delay:        0.147ns  (logic 0.049ns (33.333%)  route 0.098ns (66.667%))
  Logic Levels:           0  
  Clock Path Skew:        0.055ns (DCD - SCD - CPR)
    Destination Clock Delay (DCD):    -1.204ns
    Source Clock Delay      (SCD):    -0.838ns
    Clock Pessimism Removal (CPR):    -0.421ns
  Clock Net Delay (Source):      1.043ns (routing 0.455ns, distribution 0.588ns)
  Clock Net Delay (Destination): 1.232ns (routing 0.503ns, distribution 0.729ns)

    Location             Delay type                Incr(ns)  Path(ns)    Netlist Resource(s)
  -------------------------------------------------------------------    -------------------
                         (clock clk_out1_pll_50m rise edge)
                                                      0.000     0.000 r  
    D24                  IBUFCTRL                     0.000     0.000 r  CLK_IBUF_inst/IBUFCTRL_INST/O
                         net (fo=7, routed)           0.405     0.405    u_fpga_platform/u_pll0/inst/clk_in1
    MMCME3_ADV_X2Y3      MMCME3_ADV (Prop_MMCME3_ADV_CLKIN1_CLKOUT0)
                                                     -2.480    -2.075 r  u_fpga_platform/u_pll0/inst/mmcme3_adv_inst/CLKOUT0
                         net (fo=1, routed)           0.167    -1.908    u_fpga_platform/u_pll0/inst/clk_out1_pll_50m
    BUFGCE_X2Y74         BUFGCE (Prop_BUFCE_BUFGCE_I_O)
                                                      0.027    -1.881 r  u_fpga_platform/u_pll0/inst/clkout1_buf/O
    X4Y1 (CLOCK_ROOT)    net (fo=6068, routed)        1.043    -0.838    u_fp_domain/u_apb0_sync_top/u_uart0/u_uart_pe_core/u_uart_pe_rx/clk_out1
    SLICE_X98Y110        FDCE                                         r  u_fp_domain/u_apb0_sync_top/u_uart0/u_uart_pe_core/u_uart_pe_rx/fifo_data_reg[6]/C
  -------------------------------------------------------------------    -------------------
    SLICE_X98Y110        FDCE (Prop_EFF_SLICEL_C_Q)
                                                      0.049    -0.789 r  u_fp_domain/u_apb0_sync_top/u_uart0/u_uart_pe_core/u_uart_pe_rx/fifo_data_reg[6]/Q
                         net (fo=16, routed)          0.098    -0.691    u_fp_domain/u_apb0_sync_top/u_uart0/u_uart_data_buffer/u_rx_fifo/fifo_reg[15][9]_0[6]
    SLICE_X98Y111        FDCE                                         r  u_fp_domain/u_apb0_sync_top/u_uart0/u_uart_data_buffer/u_rx_fifo/fifo_reg[1][6]/D
  -------------------------------------------------------------------    -------------------

                         (clock clk_out1_pll_50m rise edge)
                                                      0.000     0.000 r  
    D24                  IBUFCTRL                     0.000     0.000 r  CLK_IBUF_inst/IBUFCTRL_INST/O
                         net (fo=7, routed)           0.457     0.457    u_fpga_platform/u_pll0/inst/clk_in1
    MMCME3_ADV_X2Y3      MMCME3_ADV (Prop_MMCME3_ADV_CLKIN1_CLKOUT0)
                                                     -3.133    -2.676 r  u_fpga_platform/u_pll0/inst/mmcme3_adv_inst/CLKOUT0
                         net (fo=1, routed)           0.209    -2.467    u_fpga_platform/u_pll0/inst/clk_out1_pll_50m
    BUFGCE_X2Y74         BUFGCE (Prop_BUFCE_BUFGCE_I_O)
                                                      0.031    -2.436 r  u_fpga_platform/u_pll0/inst/clkout1_buf/O
    X4Y1 (CLOCK_ROOT)    net (fo=6068, routed)        1.232    -1.204    u_fp_domain/u_apb0_sync_top/u_uart0/u_uart_data_buffer/u_rx_fifo/clk_out1
    SLICE_X98Y111        FDCE                                         r  u_fp_domain/u_apb0_sync_top/u_uart0/u_uart_data_buffer/u_rx_fifo/fifo_reg[1][6]/C
                         clock pessimism              0.421    -0.783    
    SLICE_X98Y111        FDCE (Hold_DFF2_SLICEL_C_D)
                                                      0.056    -0.727    u_fp_domain/u_apb0_sync_top/u_uart0/u_uart_data_buffer/u_rx_fifo/fifo_reg[1][6]
  -------------------------------------------------------------------
                         required time                          0.727    
                         arrival time                          -0.691    
  -------------------------------------------------------------------
                         slack                                  0.036    

Slack (MET) :             0.037ns  (arrival time - required time)
  Source:                 u_fp_domain/u_CORTEXM3INTEGRATION/u_cortexm3ds_logic/Pagg07_reg/C
                            (rising edge-triggered cell FDCE clocked by clk_out1_pll_50m  {rise@0.000ns fall@12.500ns period=25.000ns})
  Destination:            u_fp_domain/u_CORTEXM3INTEGRATION/u_cortexm3ds_logic/Y1b917_reg/D
                            (rising edge-triggered cell FDCE clocked by clk_out1_pll_50m  {rise@0.000ns fall@12.500ns period=25.000ns})
  Path Group:             clk_out1_pll_50m
  Path Type:              Hold (Min at Fast Process Corner)
  Requirement:            0.000ns  (clk_out1_pll_50m rise@0.000ns - clk_out1_pll_50m rise@0.000ns)
  Data Path Delay:        0.172ns  (logic 0.080ns (46.512%)  route 0.092ns (53.488%))
  Logic Levels:           1  (LUT4=1)
  Clock Path Skew:        0.079ns (DCD - SCD - CPR)
    Destination Clock Delay (DCD):    -1.186ns
    Source Clock Delay      (SCD):    -0.815ns
    Clock Pessimism Removal (CPR):    -0.450ns
  Clock Net Delay (Source):      1.066ns (routing 0.455ns, distribution 0.611ns)
  Clock Net Delay (Destination): 1.250ns (routing 0.503ns, distribution 0.747ns)

    Location             Delay type                Incr(ns)  Path(ns)    Netlist Resource(s)
  -------------------------------------------------------------------    -------------------
                         (clock clk_out1_pll_50m rise edge)
                                                      0.000     0.000 r  
    D24                  IBUFCTRL                     0.000     0.000 r  CLK_IBUF_inst/IBUFCTRL_INST/O
                         net (fo=7, routed)           0.405     0.405    u_fpga_platform/u_pll0/inst/clk_in1
    MMCME3_ADV_X2Y3      MMCME3_ADV (Prop_MMCME3_ADV_CLKIN1_CLKOUT0)
                                                     -2.480    -2.075 r  u_fpga_platform/u_pll0/inst/mmcme3_adv_inst/CLKOUT0
                         net (fo=1, routed)           0.167    -1.908    u_fpga_platform/u_pll0/inst/clk_out1_pll_50m
    BUFGCE_X2Y74         BUFGCE (Prop_BUFCE_BUFGCE_I_O)
                                                      0.027    -1.881 r  u_fpga_platform/u_pll0/inst/clkout1_buf/O
    X4Y1 (CLOCK_ROOT)    net (fo=6068, routed)        1.066    -0.815    u_fp_domain/u_CORTEXM3INTEGRATION/u_cortexm3ds_logic/clk_out1
    SLICE_X102Y172       FDCE                                         r  u_fp_domain/u_CORTEXM3INTEGRATION/u_cortexm3ds_logic/Pagg07_reg/C
  -------------------------------------------------------------------    -------------------
    SLICE_X102Y172       FDCE (Prop_HFF_SLICEL_C_Q)
                                                      0.048    -0.767 r  u_fp_domain/u_CORTEXM3INTEGRATION/u_cortexm3ds_logic/Pagg07_reg/Q
                         net (fo=2, routed)           0.076    -0.691    u_fp_domain/u_CORTEXM3INTEGRATION/u_cortexm3ds_logic/Pagg07
    SLICE_X103Y172       LUT4 (Prop_H6LUT_SLICEM_I3_O)
                                                      0.032    -0.659 r  u_fp_domain/u_CORTEXM3INTEGRATION/u_cortexm3ds_logic/Y1b917_i_1/O
                         net (fo=1, routed)           0.016    -0.643    u_fp_domain/u_CORTEXM3INTEGRATION/u_cortexm3ds_logic/Ykc8v6
    SLICE_X103Y172       FDCE                                         r  u_fp_domain/u_CORTEXM3INTEGRATION/u_cortexm3ds_logic/Y1b917_reg/D
  -------------------------------------------------------------------    -------------------

                         (clock clk_out1_pll_50m rise edge)
                                                      0.000     0.000 r  
    D24                  IBUFCTRL                     0.000     0.000 r  CLK_IBUF_inst/IBUFCTRL_INST/O
                         net (fo=7, routed)           0.457     0.457    u_fpga_platform/u_pll0/inst/clk_in1
    MMCME3_ADV_X2Y3      MMCME3_ADV (Prop_MMCME3_ADV_CLKIN1_CLKOUT0)
                                                     -3.133    -2.676 r  u_fpga_platform/u_pll0/inst/mmcme3_adv_inst/CLKOUT0
                         net (fo=1, routed)           0.209    -2.467    u_fpga_platform/u_pll0/inst/clk_out1_pll_50m
    BUFGCE_X2Y74         BUFGCE (Prop_BUFCE_BUFGCE_I_O)
                                                      0.031    -2.436 r  u_fpga_platform/u_pll0/inst/clkout1_buf/O
    X4Y1 (CLOCK_ROOT)    net (fo=6068, routed)        1.250    -1.186    u_fp_domain/u_CORTEXM3INTEGRATION/u_cortexm3ds_logic/clk_out1
    SLICE_X103Y172       FDCE                                         r  u_fp_domain/u_CORTEXM3INTEGRATION/u_cortexm3ds_logic/Y1b917_reg/C
                         clock pessimism              0.450    -0.736    
    SLICE_X103Y172       FDCE (Hold_HFF_SLICEM_C_D)
                                                      0.056    -0.680    u_fp_domain/u_CORTEXM3INTEGRATION/u_cortexm3ds_logic/Y1b917_reg
  -------------------------------------------------------------------
                         required time                          0.680    
                         arrival time                          -0.643    
  -------------------------------------------------------------------
                         slack                                  0.037    





Pulse Width Checks
--------------------------------------------------------------------------------------
Clock Name:         clk_out1_pll_50m
Waveform(ns):       { 0.000 12.500 }
Period(ns):         25.000
Sources:            { u_fpga_platform/u_pll0/inst/mmcme3_adv_inst/CLKOUT0 }

Check Type        Corner  Lib Pin             Reference Pin  Required(ns)  Actual(ns)  Slack(ns)  Location      Pin
Min Period        n/a     RAMB36E2/CLKARDCLK  n/a            1.709         25.000      23.291     RAMB36_X13Y6  u_fp_domain/u_sram_top/u_dtcm/U0/inst_blk_mem_gen/gnbram.gnativebmg.native_blk_mem_gen/valid.cstr/ramloop[0].ram.r/prim_init.ram/DEVICE_8SERIES.NO_BMM_INFO.SP.SIMPLE_PRIM36.ram/CLKARDCLK
Min Period        n/a     RAMB36E2/CLKBWRCLK  n/a            1.709         25.000      23.291     RAMB36_X13Y6  u_fp_domain/u_sram_top/u_dtcm/U0/inst_blk_mem_gen/gnbram.gnativebmg.native_blk_mem_gen/valid.cstr/ramloop[0].ram.r/prim_init.ram/DEVICE_8SERIES.NO_BMM_INFO.SP.SIMPLE_PRIM36.ram/CLKBWRCLK
Min Period        n/a     RAMB36E2/CLKARDCLK  n/a            1.709         25.000      23.291     RAMB36_X13Y2  u_fp_domain/u_sram_top/u_dtcm/U0/inst_blk_mem_gen/gnbram.gnativebmg.native_blk_mem_gen/valid.cstr/ramloop[10].ram.r/prim_init.ram/DEVICE_8SERIES.NO_BMM_INFO.SP.SIMPLE_PRIM36.ram/CLKARDCLK
Min Period        n/a     RAMB36E2/CLKBWRCLK  n/a            1.709         25.000      23.291     RAMB36_X13Y2  u_fp_domain/u_sram_top/u_dtcm/U0/inst_blk_mem_gen/gnbram.gnativebmg.native_blk_mem_gen/valid.cstr/ramloop[10].ram.r/prim_init.ram/DEVICE_8SERIES.NO_BMM_INFO.SP.SIMPLE_PRIM36.ram/CLKBWRCLK
Min Period        n/a     RAMB36E2/CLKARDCLK  n/a            1.709         25.000      23.291     RAMB36_X12Y2  u_fp_domain/u_sram_top/u_dtcm/U0/inst_blk_mem_gen/gnbram.gnativebmg.native_blk_mem_gen/valid.cstr/ramloop[11].ram.r/prim_init.ram/DEVICE_8SERIES.NO_BMM_INFO.SP.SIMPLE_PRIM36.ram/CLKARDCLK
Min Period        n/a     RAMB36E2/CLKBWRCLK  n/a            1.709         25.000      23.291     RAMB36_X12Y2  u_fp_domain/u_sram_top/u_dtcm/U0/inst_blk_mem_gen/gnbram.gnativebmg.native_blk_mem_gen/valid.cstr/ramloop[11].ram.r/prim_init.ram/DEVICE_8SERIES.NO_BMM_INFO.SP.SIMPLE_PRIM36.ram/CLKBWRCLK
Min Period        n/a     RAMB36E2/CLKARDCLK  n/a            1.709         25.000      23.291     RAMB36_X12Y5  u_fp_domain/u_sram_top/u_dtcm/U0/inst_blk_mem_gen/gnbram.gnativebmg.native_blk_mem_gen/valid.cstr/ramloop[12].ram.r/prim_init.ram/DEVICE_8SERIES.NO_BMM_INFO.SP.SIMPLE_PRIM36.ram/CLKARDCLK
Min Period        n/a     RAMB36E2/CLKBWRCLK  n/a            1.709         25.000      23.291     RAMB36_X12Y5  u_fp_domain/u_sram_top/u_dtcm/U0/inst_blk_mem_gen/gnbram.gnativebmg.native_blk_mem_gen/valid.cstr/ramloop[12].ram.r/prim_init.ram/DEVICE_8SERIES.NO_BMM_INFO.SP.SIMPLE_PRIM36.ram/CLKBWRCLK
Min Period        n/a     RAMB36E2/CLKARDCLK  n/a            1.709         25.000      23.291     RAMB36_X12Y3  u_fp_domain/u_sram_top/u_dtcm/U0/inst_blk_mem_gen/gnbram.gnativebmg.native_blk_mem_gen/valid.cstr/ramloop[13].ram.r/prim_init.ram/DEVICE_8SERIES.NO_BMM_INFO.SP.SIMPLE_PRIM36.ram/CLKARDCLK
Min Period        n/a     RAMB36E2/CLKBWRCLK  n/a            1.709         25.000      23.291     RAMB36_X12Y3  u_fp_domain/u_sram_top/u_dtcm/U0/inst_blk_mem_gen/gnbram.gnativebmg.native_blk_mem_gen/valid.cstr/ramloop[13].ram.r/prim_init.ram/DEVICE_8SERIES.NO_BMM_INFO.SP.SIMPLE_PRIM36.ram/CLKBWRCLK
Low Pulse Width   Slow    RAMB36E2/CLKARDCLK  n/a            0.854         12.500      11.646     RAMB36_X13Y6  u_fp_domain/u_sram_top/u_dtcm/U0/inst_blk_mem_gen/gnbram.gnativebmg.native_blk_mem_gen/valid.cstr/ramloop[0].ram.r/prim_init.ram/DEVICE_8SERIES.NO_BMM_INFO.SP.SIMPLE_PRIM36.ram/CLKARDCLK
Low Pulse Width   Fast    RAMB36E2/CLKARDCLK  n/a            0.854         12.500      11.646     RAMB36_X13Y6  u_fp_domain/u_sram_top/u_dtcm/U0/inst_blk_mem_gen/gnbram.gnativebmg.native_blk_mem_gen/valid.cstr/ramloop[0].ram.r/prim_init.ram/DEVICE_8SERIES.NO_BMM_INFO.SP.SIMPLE_PRIM36.ram/CLKARDCLK
Low Pulse Width   Slow    RAMB36E2/CLKBWRCLK  n/a            0.854         12.500      11.646     RAMB36_X13Y6  u_fp_domain/u_sram_top/u_dtcm/U0/inst_blk_mem_gen/gnbram.gnativebmg.native_blk_mem_gen/valid.cstr/ramloop[0].ram.r/prim_init.ram/DEVICE_8SERIES.NO_BMM_INFO.SP.SIMPLE_PRIM36.ram/CLKBWRCLK
Low Pulse Width   Fast    RAMB36E2/CLKBWRCLK  n/a            0.854         12.500      11.646     RAMB36_X13Y6  u_fp_domain/u_sram_top/u_dtcm/U0/inst_blk_mem_gen/gnbram.gnativebmg.native_blk_mem_gen/valid.cstr/ramloop[0].ram.r/prim_init.ram/DEVICE_8SERIES.NO_BMM_INFO.SP.SIMPLE_PRIM36.ram/CLKBWRCLK
Low Pulse Width   Slow    RAMB36E2/CLKARDCLK  n/a            0.854         12.500      11.646     RAMB36_X13Y2  u_fp_domain/u_sram_top/u_dtcm/U0/inst_blk_mem_gen/gnbram.gnativebmg.native_blk_mem_gen/valid.cstr/ramloop[10].ram.r/prim_init.ram/DEVICE_8SERIES.NO_BMM_INFO.SP.SIMPLE_PRIM36.ram/CLKARDCLK
Low Pulse Width   Fast    RAMB36E2/CLKARDCLK  n/a            0.854         12.500      11.646     RAMB36_X13Y2  u_fp_domain/u_sram_top/u_dtcm/U0/inst_blk_mem_gen/gnbram.gnativebmg.native_blk_mem_gen/valid.cstr/ramloop[10].ram.r/prim_init.ram/DEVICE_8SERIES.NO_BMM_INFO.SP.SIMPLE_PRIM36.ram/CLKARDCLK
Low Pulse Width   Slow    RAMB36E2/CLKBWRCLK  n/a            0.854         12.500      11.646     RAMB36_X13Y2  u_fp_domain/u_sram_top/u_dtcm/U0/inst_blk_mem_gen/gnbram.gnativebmg.native_blk_mem_gen/valid.cstr/ramloop[10].ram.r/prim_init.ram/DEVICE_8SERIES.NO_BMM_INFO.SP.SIMPLE_PRIM36.ram/CLKBWRCLK
Low Pulse Width   Fast    RAMB36E2/CLKBWRCLK  n/a            0.854         12.500      11.646     RAMB36_X13Y2  u_fp_domain/u_sram_top/u_dtcm/U0/inst_blk_mem_gen/gnbram.gnativebmg.native_blk_mem_gen/valid.cstr/ramloop[10].ram.r/prim_init.ram/DEVICE_8SERIES.NO_BMM_INFO.SP.SIMPLE_PRIM36.ram/CLKBWRCLK
Low Pulse Width   Slow    RAMB36E2/CLKARDCLK  n/a            0.854         12.500      11.646     RAMB36_X12Y2  u_fp_domain/u_sram_top/u_dtcm/U0/inst_blk_mem_gen/gnbram.gnativebmg.native_blk_mem_gen/valid.cstr/ramloop[11].ram.r/prim_init.ram/DEVICE_8SERIES.NO_BMM_INFO.SP.SIMPLE_PRIM36.ram/CLKARDCLK
Low Pulse Width   Fast    RAMB36E2/CLKARDCLK  n/a            0.854         12.500      11.646     RAMB36_X12Y2  u_fp_domain/u_sram_top/u_dtcm/U0/inst_blk_mem_gen/gnbram.gnativebmg.native_blk_mem_gen/valid.cstr/ramloop[11].ram.r/prim_init.ram/DEVICE_8SERIES.NO_BMM_INFO.SP.SIMPLE_PRIM36.ram/CLKARDCLK
High Pulse Width  Slow    RAMB36E2/CLKARDCLK  n/a            0.854         12.500      11.646     RAMB36_X13Y6  u_fp_domain/u_sram_top/u_dtcm/U0/inst_blk_mem_gen/gnbram.gnativebmg.native_blk_mem_gen/valid.cstr/ramloop[0].ram.r/prim_init.ram/DEVICE_8SERIES.NO_BMM_INFO.SP.SIMPLE_PRIM36.ram/CLKARDCLK
High Pulse Width  Fast    RAMB36E2/CLKARDCLK  n/a            0.854         12.500      11.646     RAMB36_X13Y6  u_fp_domain/u_sram_top/u_dtcm/U0/inst_blk_mem_gen/gnbram.gnativebmg.native_blk_mem_gen/valid.cstr/ramloop[0].ram.r/prim_init.ram/DEVICE_8SERIES.NO_BMM_INFO.SP.SIMPLE_PRIM36.ram/CLKARDCLK
High Pulse Width  Slow    RAMB36E2/CLKBWRCLK  n/a            0.854         12.500      11.646     RAMB36_X13Y6  u_fp_domain/u_sram_top/u_dtcm/U0/inst_blk_mem_gen/gnbram.gnativebmg.native_blk_mem_gen/valid.cstr/ramloop[0].ram.r/prim_init.ram/DEVICE_8SERIES.NO_BMM_INFO.SP.SIMPLE_PRIM36.ram/CLKBWRCLK
High Pulse Width  Fast    RAMB36E2/CLKBWRCLK  n/a            0.854         12.500      11.646     RAMB36_X13Y6  u_fp_domain/u_sram_top/u_dtcm/U0/inst_blk_mem_gen/gnbram.gnativebmg.native_blk_mem_gen/valid.cstr/ramloop[0].ram.r/prim_init.ram/DEVICE_8SERIES.NO_BMM_INFO.SP.SIMPLE_PRIM36.ram/CLKBWRCLK
High Pulse Width  Slow    RAMB36E2/CLKARDCLK  n/a            0.854         12.500      11.646     RAMB36_X13Y2  u_fp_domain/u_sram_top/u_dtcm/U0/inst_blk_mem_gen/gnbram.gnativebmg.native_blk_mem_gen/valid.cstr/ramloop[10].ram.r/prim_init.ram/DEVICE_8SERIES.NO_BMM_INFO.SP.SIMPLE_PRIM36.ram/CLKARDCLK
High Pulse Width  Fast    RAMB36E2/CLKARDCLK  n/a            0.854         12.500      11.646     RAMB36_X13Y2  u_fp_domain/u_sram_top/u_dtcm/U0/inst_blk_mem_gen/gnbram.gnativebmg.native_blk_mem_gen/valid.cstr/ramloop[10].ram.r/prim_init.ram/DEVICE_8SERIES.NO_BMM_INFO.SP.SIMPLE_PRIM36.ram/CLKARDCLK
High Pulse Width  Slow    RAMB36E2/CLKBWRCLK  n/a            0.854         12.500      11.646     RAMB36_X13Y2  u_fp_domain/u_sram_top/u_dtcm/U0/inst_blk_mem_gen/gnbram.gnativebmg.native_blk_mem_gen/valid.cstr/ramloop[10].ram.r/prim_init.ram/DEVICE_8SERIES.NO_BMM_INFO.SP.SIMPLE_PRIM36.ram/CLKBWRCLK
High Pulse Width  Fast    RAMB36E2/CLKBWRCLK  n/a            0.854         12.500      11.646     RAMB36_X13Y2  u_fp_domain/u_sram_top/u_dtcm/U0/inst_blk_mem_gen/gnbram.gnativebmg.native_blk_mem_gen/valid.cstr/ramloop[10].ram.r/prim_init.ram/DEVICE_8SERIES.NO_BMM_INFO.SP.SIMPLE_PRIM36.ram/CLKBWRCLK
High Pulse Width  Slow    RAMB36E2/CLKARDCLK  n/a            0.854         12.500      11.646     RAMB36_X12Y2  u_fp_domain/u_sram_top/u_dtcm/U0/inst_blk_mem_gen/gnbram.gnativebmg.native_blk_mem_gen/valid.cstr/ramloop[11].ram.r/prim_init.ram/DEVICE_8SERIES.NO_BMM_INFO.SP.SIMPLE_PRIM36.ram/CLKARDCLK
High Pulse Width  Fast    RAMB36E2/CLKARDCLK  n/a            0.854         12.500      11.646     RAMB36_X12Y2  u_fp_domain/u_sram_top/u_dtcm/U0/inst_blk_mem_gen/gnbram.gnativebmg.native_blk_mem_gen/valid.cstr/ramloop[11].ram.r/prim_init.ram/DEVICE_8SERIES.NO_BMM_INFO.SP.SIMPLE_PRIM36.ram/CLKARDCLK



---------------------------------------------------------------------------------------------------
From Clock:  clk_out2_pll_50m
  To Clock:  clk_out2_pll_50m

Setup :            0  Failing Endpoints,  Worst Slack       19.168ns,  Total Violation        0.000ns
Hold  :            0  Failing Endpoints,  Worst Slack        0.054ns,  Total Violation        0.000ns
PW    :            0  Failing Endpoints,  Worst Slack        9.725ns,  Total Violation        0.000ns
---------------------------------------------------------------------------------------------------


Max Delay Paths
--------------------------------------------------------------------------------------
Slack (MET) :             19.168ns  (required time - arrival time)
  Source:                 u_fp_domain/u_apb2_async/u_ahb_to_apb_async_syn_1/sync_reg_2_reg/C
                            (rising edge-triggered cell FDCE clocked by clk_out2_pll_50m  {rise@0.000ns fall@10.000ns period=20.000ns})
  Destination:            u_fp_domain/u_apb2_async/u_ahb_to_apb_async_p/s_trans_valid_reg_reg/D
                            (rising edge-triggered cell FDCE clocked by clk_out2_pll_50m  {rise@0.000ns fall@10.000ns period=20.000ns})
  Path Group:             clk_out2_pll_50m
  Path Type:              Setup (Max at Slow Process Corner)
  Requirement:            20.000ns  (clk_out2_pll_50m rise@20.000ns - clk_out2_pll_50m rise@0.000ns)
  Data Path Delay:        0.817ns  (logic 0.323ns (39.535%)  route 0.494ns (60.465%))
  Logic Levels:           1  (LUT4=1)
  Clock Path Skew:        -0.003ns (DCD - SCD + CPR)
    Destination Clock Delay (DCD):    -1.738ns = ( 18.262 - 20.000 ) 
    Source Clock Delay      (SCD):    -1.678ns
    Clock Pessimism Removal (CPR):    0.057ns
  Clock Uncertainty:      0.075ns  ((TSJ^2 + DJ^2)^1/2) / 2 + PE
    Total System Jitter     (TSJ):    0.071ns
    Discrete Jitter          (DJ):    0.132ns
    Phase Error              (PE):    0.000ns
  Clock Net Delay (Source):      2.078ns (routing 0.823ns, distribution 1.255ns)
  Clock Net Delay (Destination): 1.848ns (routing 0.755ns, distribution 1.093ns)

    Location             Delay type                Incr(ns)  Path(ns)    Netlist Resource(s)
  -------------------------------------------------------------------    -------------------
                         (clock clk_out2_pll_50m rise edge)
                                                      0.000     0.000 r  
    D24                  IBUFCTRL                     0.000     0.000 r  CLK_IBUF_inst/IBUFCTRL_INST/O
                         net (fo=7, routed)           0.865     0.865    u_fpga_platform/u_pll0/inst/clk_in1
    MMCME3_ADV_X2Y3      MMCME3_ADV (Prop_MMCME3_ADV_CLKIN1_CLKOUT1)
                                                     -5.141    -4.276 r  u_fpga_platform/u_pll0/inst/mmcme3_adv_inst/CLKOUT1
                         net (fo=1, routed)           0.437    -3.839    u_fpga_platform/u_pll0/inst/clk_out2_pll_50m
    BUFGCE_X2Y73         BUFGCE (Prop_BUFCE_BUFGCE_I_O)
                                                      0.083    -3.756 r  u_fpga_platform/u_pll0/inst/clkout2_buf/O
    X4Y2 (CLOCK_ROOT)    net (fo=8, routed)           2.078    -1.678    u_fp_domain/u_apb2_async/u_ahb_to_apb_async_syn_1/clk_out2
    SLICE_X99Y120        FDCE                                         r  u_fp_domain/u_apb2_async/u_ahb_to_apb_async_syn_1/sync_reg_2_reg/C
  -------------------------------------------------------------------    -------------------
    SLICE_X99Y120        FDCE (Prop_BFF2_SLICEL_C_Q)
                                                      0.118    -1.560 r  u_fp_domain/u_apb2_async/u_ahb_to_apb_async_syn_1/sync_reg_2_reg/Q
                         net (fo=5, routed)           0.459    -1.101    u_fp_domain/u_apb2_async/u_ahb_to_apb_async_p/last_s_req_p_reg_0
    SLICE_X99Y120        LUT4 (Prop_D5LUT_SLICEL_I2_O)
                                                      0.205    -0.896 r  u_fp_domain/u_apb2_async/u_ahb_to_apb_async_p/s_trans_valid_reg_i_1__0/O
                         net (fo=1, routed)           0.035    -0.861    u_fp_domain/u_apb2_async/u_ahb_to_apb_async_p/s_trans_valid_reg_i_1__0_n_0
    SLICE_X99Y120        FDCE                                         r  u_fp_domain/u_apb2_async/u_ahb_to_apb_async_p/s_trans_valid_reg_reg/D
  -------------------------------------------------------------------    -------------------

                         (clock clk_out2_pll_50m rise edge)
                                                     20.000    20.000 r  
    D24                  IBUFCTRL                     0.000    20.000 r  CLK_IBUF_inst/IBUFCTRL_INST/O
                         net (fo=7, routed)           0.778    20.778    u_fpga_platform/u_pll0/inst/clk_in1
    MMCME3_ADV_X2Y3      MMCME3_ADV (Prop_MMCME3_ADV_CLKIN1_CLKOUT1)
                                                     -4.811    15.967 r  u_fpga_platform/u_pll0/inst/mmcme3_adv_inst/CLKOUT1
                         net (fo=1, routed)           0.372    16.339    u_fpga_platform/u_pll0/inst/clk_out2_pll_50m
    BUFGCE_X2Y73         BUFGCE (Prop_BUFCE_BUFGCE_I_O)
                                                      0.075    16.414 r  u_fpga_platform/u_pll0/inst/clkout2_buf/O
    X4Y2 (CLOCK_ROOT)    net (fo=8, routed)           1.848    18.262    u_fp_domain/u_apb2_async/u_ahb_to_apb_async_p/clk_out2
    SLICE_X99Y120        FDCE                                         r  u_fp_domain/u_apb2_async/u_ahb_to_apb_async_p/s_trans_valid_reg_reg/C
                         clock pessimism              0.057    18.319    
                         clock uncertainty           -0.075    18.244    
    SLICE_X99Y120        FDCE (Setup_DFF2_SLICEL_C_D)
                                                      0.063    18.307    u_fp_domain/u_apb2_async/u_ahb_to_apb_async_p/s_trans_valid_reg_reg
  -------------------------------------------------------------------
                         required time                         18.307    
                         arrival time                           0.861    
  -------------------------------------------------------------------
                         slack                                 19.168    

Slack (MET) :             19.169ns  (required time - arrival time)
  Source:                 u_fp_domain/u_apb2_async/u_ahb_to_apb_async_syn_1/sync_reg_2_reg/C
                            (rising edge-triggered cell FDCE clocked by clk_out2_pll_50m  {rise@0.000ns fall@10.000ns period=20.000ns})
  Destination:            u_fp_domain/u_apb2_async/u_ahb_to_apb_async_p/reg_s_ack_p_reg/D
                            (rising edge-triggered cell FDCE clocked by clk_out2_pll_50m  {rise@0.000ns fall@10.000ns period=20.000ns})
  Path Group:             clk_out2_pll_50m
  Path Type:              Setup (Max at Slow Process Corner)
  Requirement:            20.000ns  (clk_out2_pll_50m rise@20.000ns - clk_out2_pll_50m rise@0.000ns)
  Data Path Delay:        0.815ns  (logic 0.322ns (39.509%)  route 0.493ns (60.491%))
  Logic Levels:           1  (LUT5=1)
  Clock Path Skew:        -0.003ns (DCD - SCD + CPR)
    Destination Clock Delay (DCD):    -1.738ns = ( 18.262 - 20.000 ) 
    Source Clock Delay      (SCD):    -1.678ns
    Clock Pessimism Removal (CPR):    0.057ns
  Clock Uncertainty:      0.075ns  ((TSJ^2 + DJ^2)^1/2) / 2 + PE
    Total System Jitter     (TSJ):    0.071ns
    Discrete Jitter          (DJ):    0.132ns
    Phase Error              (PE):    0.000ns
  Clock Net Delay (Source):      2.078ns (routing 0.823ns, distribution 1.255ns)
  Clock Net Delay (Destination): 1.848ns (routing 0.755ns, distribution 1.093ns)

    Location             Delay type                Incr(ns)  Path(ns)    Netlist Resource(s)
  -------------------------------------------------------------------    -------------------
                         (clock clk_out2_pll_50m rise edge)
                                                      0.000     0.000 r  
    D24                  IBUFCTRL                     0.000     0.000 r  CLK_IBUF_inst/IBUFCTRL_INST/O
                         net (fo=7, routed)           0.865     0.865    u_fpga_platform/u_pll0/inst/clk_in1
    MMCME3_ADV_X2Y3      MMCME3_ADV (Prop_MMCME3_ADV_CLKIN1_CLKOUT1)
                                                     -5.141    -4.276 r  u_fpga_platform/u_pll0/inst/mmcme3_adv_inst/CLKOUT1
                         net (fo=1, routed)           0.437    -3.839    u_fpga_platform/u_pll0/inst/clk_out2_pll_50m
    BUFGCE_X2Y73         BUFGCE (Prop_BUFCE_BUFGCE_I_O)
                                                      0.083    -3.756 r  u_fpga_platform/u_pll0/inst/clkout2_buf/O
    X4Y2 (CLOCK_ROOT)    net (fo=8, routed)           2.078    -1.678    u_fp_domain/u_apb2_async/u_ahb_to_apb_async_syn_1/clk_out2
    SLICE_X99Y120        FDCE                                         r  u_fp_domain/u_apb2_async/u_ahb_to_apb_async_syn_1/sync_reg_2_reg/C
  -------------------------------------------------------------------    -------------------
    SLICE_X99Y120        FDCE (Prop_BFF2_SLICEL_C_Q)
                                                      0.118    -1.560 r  u_fp_domain/u_apb2_async/u_ahb_to_apb_async_syn_1/sync_reg_2_reg/Q
                         net (fo=5, routed)           0.458    -1.102    u_fp_domain/u_apb2_async/u_ahb_to_apb_async_p/last_s_req_p_reg_0
    SLICE_X99Y120        LUT5 (Prop_C5LUT_SLICEL_I0_O)
                                                      0.204    -0.898 r  u_fp_domain/u_apb2_async/u_ahb_to_apb_async_p/reg_s_ack_p_i_1__0/O
                         net (fo=1, routed)           0.035    -0.863    u_fp_domain/u_apb2_async/u_ahb_to_apb_async_p/reg_s_ack_p_i_1__0_n_0
    SLICE_X99Y120        FDCE                                         r  u_fp_domain/u_apb2_async/u_ahb_to_apb_async_p/reg_s_ack_p_reg/D
  -------------------------------------------------------------------    -------------------

                         (clock clk_out2_pll_50m rise edge)
                                                     20.000    20.000 r  
    D24                  IBUFCTRL                     0.000    20.000 r  CLK_IBUF_inst/IBUFCTRL_INST/O
                         net (fo=7, routed)           0.778    20.778    u_fpga_platform/u_pll0/inst/clk_in1
    MMCME3_ADV_X2Y3      MMCME3_ADV (Prop_MMCME3_ADV_CLKIN1_CLKOUT1)
                                                     -4.811    15.967 r  u_fpga_platform/u_pll0/inst/mmcme3_adv_inst/CLKOUT1
                         net (fo=1, routed)           0.372    16.339    u_fpga_platform/u_pll0/inst/clk_out2_pll_50m
    BUFGCE_X2Y73         BUFGCE (Prop_BUFCE_BUFGCE_I_O)
                                                      0.075    16.414 r  u_fpga_platform/u_pll0/inst/clkout2_buf/O
    X4Y2 (CLOCK_ROOT)    net (fo=8, routed)           1.848    18.262    u_fp_domain/u_apb2_async/u_ahb_to_apb_async_p/clk_out2
    SLICE_X99Y120        FDCE                                         r  u_fp_domain/u_apb2_async/u_ahb_to_apb_async_p/reg_s_ack_p_reg/C
                         clock pessimism              0.057    18.319    
                         clock uncertainty           -0.075    18.244    
    SLICE_X99Y120        FDCE (Setup_CFF2_SLICEL_C_D)
                                                      0.062    18.306    u_fp_domain/u_apb2_async/u_ahb_to_apb_async_p/reg_s_ack_p_reg
  -------------------------------------------------------------------
                         required time                         18.306    
                         arrival time                           0.863    
  -------------------------------------------------------------------
                         slack                                 19.169    

Slack (MET) :             19.188ns  (required time - arrival time)
  Source:                 u_fp_domain/u_apb2_async/u_ahb_to_apb_async_syn_1/sync_reg_2_reg/C
                            (rising edge-triggered cell FDCE clocked by clk_out2_pll_50m  {rise@0.000ns fall@10.000ns period=20.000ns})
  Destination:            u_fp_domain/u_apb2_async/u_ahb_to_apb_async_p/FSM_onehot_curr_state_reg[0]/D
                            (rising edge-triggered cell FDPE clocked by clk_out2_pll_50m  {rise@0.000ns fall@10.000ns period=20.000ns})
  Path Group:             clk_out2_pll_50m
  Path Type:              Setup (Max at Slow Process Corner)
  Requirement:            20.000ns  (clk_out2_pll_50m rise@20.000ns - clk_out2_pll_50m rise@0.000ns)
  Data Path Delay:        0.792ns  (logic 0.305ns (38.510%)  route 0.487ns (61.490%))
  Logic Levels:           1  (LUT6=1)
  Clock Path Skew:        -0.003ns (DCD - SCD + CPR)
    Destination Clock Delay (DCD):    -1.738ns = ( 18.262 - 20.000 ) 
    Source Clock Delay      (SCD):    -1.678ns
    Clock Pessimism Removal (CPR):    0.057ns
  Clock Uncertainty:      0.075ns  ((TSJ^2 + DJ^2)^1/2) / 2 + PE
    Total System Jitter     (TSJ):    0.071ns
    Discrete Jitter          (DJ):    0.132ns
    Phase Error              (PE):    0.000ns
  Clock Net Delay (Source):      2.078ns (routing 0.823ns, distribution 1.255ns)
  Clock Net Delay (Destination): 1.848ns (routing 0.755ns, distribution 1.093ns)

    Location             Delay type                Incr(ns)  Path(ns)    Netlist Resource(s)
  -------------------------------------------------------------------    -------------------
                         (clock clk_out2_pll_50m rise edge)
                                                      0.000     0.000 r  
    D24                  IBUFCTRL                     0.000     0.000 r  CLK_IBUF_inst/IBUFCTRL_INST/O
                         net (fo=7, routed)           0.865     0.865    u_fpga_platform/u_pll0/inst/clk_in1
    MMCME3_ADV_X2Y3      MMCME3_ADV (Prop_MMCME3_ADV_CLKIN1_CLKOUT1)
                                                     -5.141    -4.276 r  u_fpga_platform/u_pll0/inst/mmcme3_adv_inst/CLKOUT1
                         net (fo=1, routed)           0.437    -3.839    u_fpga_platform/u_pll0/inst/clk_out2_pll_50m
    BUFGCE_X2Y73         BUFGCE (Prop_BUFCE_BUFGCE_I_O)
                                                      0.083    -3.756 r  u_fpga_platform/u_pll0/inst/clkout2_buf/O
    X4Y2 (CLOCK_ROOT)    net (fo=8, routed)           2.078    -1.678    u_fp_domain/u_apb2_async/u_ahb_to_apb_async_syn_1/clk_out2
    SLICE_X99Y120        FDCE                                         r  u_fp_domain/u_apb2_async/u_ahb_to_apb_async_syn_1/sync_reg_2_reg/C
  -------------------------------------------------------------------    -------------------
    SLICE_X99Y120        FDCE (Prop_BFF2_SLICEL_C_Q)
                                                      0.118    -1.560 r  u_fp_domain/u_apb2_async/u_ahb_to_apb_async_syn_1/sync_reg_2_reg/Q
                         net (fo=5, routed)           0.461    -1.099    u_fp_domain/u_apb2_async/u_ahb_to_apb_async_p/last_s_req_p_reg_0
    SLICE_X99Y120        LUT6 (Prop_B6LUT_SLICEL_I2_O)
                                                      0.187    -0.912 r  u_fp_domain/u_apb2_async/u_ahb_to_apb_async_p/FSM_onehot_curr_state[0]_i_1__0/O
                         net (fo=1, routed)           0.026    -0.886    u_fp_domain/u_apb2_async/u_ahb_to_apb_async_p/FSM_onehot_curr_state[0]_i_1__0_n_0
    SLICE_X99Y120        FDPE                                         r  u_fp_domain/u_apb2_async/u_ahb_to_apb_async_p/FSM_onehot_curr_state_reg[0]/D
  -------------------------------------------------------------------    -------------------

                         (clock clk_out2_pll_50m rise edge)
                                                     20.000    20.000 r  
    D24                  IBUFCTRL                     0.000    20.000 r  CLK_IBUF_inst/IBUFCTRL_INST/O
                         net (fo=7, routed)           0.778    20.778    u_fpga_platform/u_pll0/inst/clk_in1
    MMCME3_ADV_X2Y3      MMCME3_ADV (Prop_MMCME3_ADV_CLKIN1_CLKOUT1)
                                                     -4.811    15.967 r  u_fpga_platform/u_pll0/inst/mmcme3_adv_inst/CLKOUT1
                         net (fo=1, routed)           0.372    16.339    u_fpga_platform/u_pll0/inst/clk_out2_pll_50m
    BUFGCE_X2Y73         BUFGCE (Prop_BUFCE_BUFGCE_I_O)
                                                      0.075    16.414 r  u_fpga_platform/u_pll0/inst/clkout2_buf/O
    X4Y2 (CLOCK_ROOT)    net (fo=8, routed)           1.848    18.262    u_fp_domain/u_apb2_async/u_ahb_to_apb_async_p/clk_out2
    SLICE_X99Y120        FDPE                                         r  u_fp_domain/u_apb2_async/u_ahb_to_apb_async_p/FSM_onehot_curr_state_reg[0]/C
                         clock pessimism              0.057    18.319    
                         clock uncertainty           -0.075    18.244    
    SLICE_X99Y120        FDPE (Setup_BFF_SLICEL_C_D)
                                                      0.058    18.302    u_fp_domain/u_apb2_async/u_ahb_to_apb_async_p/FSM_onehot_curr_state_reg[0]
  -------------------------------------------------------------------
                         required time                         18.302    
                         arrival time                           0.886    
  -------------------------------------------------------------------
                         slack                                 19.188    

Slack (MET) :             19.189ns  (required time - arrival time)
  Source:                 u_fp_domain/u_apb2_async/u_ahb_to_apb_async_syn_1/sync_reg_2_reg/C
                            (rising edge-triggered cell FDCE clocked by clk_out2_pll_50m  {rise@0.000ns fall@10.000ns period=20.000ns})
  Destination:            u_fp_domain/u_apb2_async/u_ahb_to_apb_async_p/FSM_onehot_curr_state_reg[1]/D
                            (rising edge-triggered cell FDCE clocked by clk_out2_pll_50m  {rise@0.000ns fall@10.000ns period=20.000ns})
  Path Group:             clk_out2_pll_50m
  Path Type:              Setup (Max at Slow Process Corner)
  Requirement:            20.000ns  (clk_out2_pll_50m rise@20.000ns - clk_out2_pll_50m rise@0.000ns)
  Data Path Delay:        0.792ns  (logic 0.306ns (38.636%)  route 0.486ns (61.364%))
  Logic Levels:           1  (LUT3=1)
  Clock Path Skew:        -0.003ns (DCD - SCD + CPR)
    Destination Clock Delay (DCD):    -1.738ns = ( 18.262 - 20.000 ) 
    Source Clock Delay      (SCD):    -1.678ns
    Clock Pessimism Removal (CPR):    0.057ns
  Clock Uncertainty:      0.075ns  ((TSJ^2 + DJ^2)^1/2) / 2 + PE
    Total System Jitter     (TSJ):    0.071ns
    Discrete Jitter          (DJ):    0.132ns
    Phase Error              (PE):    0.000ns
  Clock Net Delay (Source):      2.078ns (routing 0.823ns, distribution 1.255ns)
  Clock Net Delay (Destination): 1.848ns (routing 0.755ns, distribution 1.093ns)

    Location             Delay type                Incr(ns)  Path(ns)    Netlist Resource(s)
  -------------------------------------------------------------------    -------------------
                         (clock clk_out2_pll_50m rise edge)
                                                      0.000     0.000 r  
    D24                  IBUFCTRL                     0.000     0.000 r  CLK_IBUF_inst/IBUFCTRL_INST/O
                         net (fo=7, routed)           0.865     0.865    u_fpga_platform/u_pll0/inst/clk_in1
    MMCME3_ADV_X2Y3      MMCME3_ADV (Prop_MMCME3_ADV_CLKIN1_CLKOUT1)
                                                     -5.141    -4.276 r  u_fpga_platform/u_pll0/inst/mmcme3_adv_inst/CLKOUT1
                         net (fo=1, routed)           0.437    -3.839    u_fpga_platform/u_pll0/inst/clk_out2_pll_50m
    BUFGCE_X2Y73         BUFGCE (Prop_BUFCE_BUFGCE_I_O)
                                                      0.083    -3.756 r  u_fpga_platform/u_pll0/inst/clkout2_buf/O
    X4Y2 (CLOCK_ROOT)    net (fo=8, routed)           2.078    -1.678    u_fp_domain/u_apb2_async/u_ahb_to_apb_async_syn_1/clk_out2
    SLICE_X99Y120        FDCE                                         r  u_fp_domain/u_apb2_async/u_ahb_to_apb_async_syn_1/sync_reg_2_reg/C
  -------------------------------------------------------------------    -------------------
    SLICE_X99Y120        FDCE (Prop_BFF2_SLICEL_C_Q)
                                                      0.118    -1.560 r  u_fp_domain/u_apb2_async/u_ahb_to_apb_async_syn_1/sync_reg_2_reg/Q
                         net (fo=5, routed)           0.459    -1.101    u_fp_domain/u_apb2_async/u_ahb_to_apb_async_p/last_s_req_p_reg_0
    SLICE_X99Y120        LUT3 (Prop_D6LUT_SLICEL_I0_O)
                                                      0.188    -0.913 r  u_fp_domain/u_apb2_async/u_ahb_to_apb_async_p/FSM_onehot_curr_state[1]_i_1__0/O
                         net (fo=1, routed)           0.027    -0.886    u_fp_domain/u_apb2_async/u_ahb_to_apb_async_p/FSM_onehot_curr_state[1]_i_1__0_n_0
    SLICE_X99Y120        FDCE                                         r  u_fp_domain/u_apb2_async/u_ahb_to_apb_async_p/FSM_onehot_curr_state_reg[1]/D
  -------------------------------------------------------------------    -------------------

                         (clock clk_out2_pll_50m rise edge)
                                                     20.000    20.000 r  
    D24                  IBUFCTRL                     0.000    20.000 r  CLK_IBUF_inst/IBUFCTRL_INST/O
                         net (fo=7, routed)           0.778    20.778    u_fpga_platform/u_pll0/inst/clk_in1
    MMCME3_ADV_X2Y3      MMCME3_ADV (Prop_MMCME3_ADV_CLKIN1_CLKOUT1)
                                                     -4.811    15.967 r  u_fpga_platform/u_pll0/inst/mmcme3_adv_inst/CLKOUT1
                         net (fo=1, routed)           0.372    16.339    u_fpga_platform/u_pll0/inst/clk_out2_pll_50m
    BUFGCE_X2Y73         BUFGCE (Prop_BUFCE_BUFGCE_I_O)
                                                      0.075    16.414 r  u_fpga_platform/u_pll0/inst/clkout2_buf/O
    X4Y2 (CLOCK_ROOT)    net (fo=8, routed)           1.848    18.262    u_fp_domain/u_apb2_async/u_ahb_to_apb_async_p/clk_out2
    SLICE_X99Y120        FDCE                                         r  u_fp_domain/u_apb2_async/u_ahb_to_apb_async_p/FSM_onehot_curr_state_reg[1]/C
                         clock pessimism              0.057    18.319    
                         clock uncertainty           -0.075    18.244    
    SLICE_X99Y120        FDCE (Setup_DFF_SLICEL_C_D)
                                                      0.059    18.303    u_fp_domain/u_apb2_async/u_ahb_to_apb_async_p/FSM_onehot_curr_state_reg[1]
  -------------------------------------------------------------------
                         required time                         18.303    
                         arrival time                           0.886    
  -------------------------------------------------------------------
                         slack                                 19.189    

Slack (MET) :             19.310ns  (required time - arrival time)
  Source:                 u_fp_domain/u_apb2_async/u_ahb_to_apb_async_syn_1/sync_reg_2_reg/C
                            (rising edge-triggered cell FDCE clocked by clk_out2_pll_50m  {rise@0.000ns fall@10.000ns period=20.000ns})
  Destination:            u_fp_domain/u_apb2_async/u_ahb_to_apb_async_p/last_s_req_p_reg/D
                            (rising edge-triggered cell FDCE clocked by clk_out2_pll_50m  {rise@0.000ns fall@10.000ns period=20.000ns})
  Path Group:             clk_out2_pll_50m
  Path Type:              Setup (Max at Slow Process Corner)
  Requirement:            20.000ns  (clk_out2_pll_50m rise@20.000ns - clk_out2_pll_50m rise@0.000ns)
  Data Path Delay:        0.671ns  (logic 0.118ns (17.586%)  route 0.553ns (82.414%))
  Logic Levels:           0  
  Clock Path Skew:        -0.003ns (DCD - SCD + CPR)
    Destination Clock Delay (DCD):    -1.738ns = ( 18.262 - 20.000 ) 
    Source Clock Delay      (SCD):    -1.678ns
    Clock Pessimism Removal (CPR):    0.057ns
  Clock Uncertainty:      0.075ns  ((TSJ^2 + DJ^2)^1/2) / 2 + PE
    Total System Jitter     (TSJ):    0.071ns
    Discrete Jitter          (DJ):    0.132ns
    Phase Error              (PE):    0.000ns
  Clock Net Delay (Source):      2.078ns (routing 0.823ns, distribution 1.255ns)
  Clock Net Delay (Destination): 1.848ns (routing 0.755ns, distribution 1.093ns)

    Location             Delay type                Incr(ns)  Path(ns)    Netlist Resource(s)
  -------------------------------------------------------------------    -------------------
                         (clock clk_out2_pll_50m rise edge)
                                                      0.000     0.000 r  
    D24                  IBUFCTRL                     0.000     0.000 r  CLK_IBUF_inst/IBUFCTRL_INST/O
                         net (fo=7, routed)           0.865     0.865    u_fpga_platform/u_pll0/inst/clk_in1
    MMCME3_ADV_X2Y3      MMCME3_ADV (Prop_MMCME3_ADV_CLKIN1_CLKOUT1)
                                                     -5.141    -4.276 r  u_fpga_platform/u_pll0/inst/mmcme3_adv_inst/CLKOUT1
                         net (fo=1, routed)           0.437    -3.839    u_fpga_platform/u_pll0/inst/clk_out2_pll_50m
    BUFGCE_X2Y73         BUFGCE (Prop_BUFCE_BUFGCE_I_O)
                                                      0.083    -3.756 r  u_fpga_platform/u_pll0/inst/clkout2_buf/O
    X4Y2 (CLOCK_ROOT)    net (fo=8, routed)           2.078    -1.678    u_fp_domain/u_apb2_async/u_ahb_to_apb_async_syn_1/clk_out2
    SLICE_X99Y120        FDCE                                         r  u_fp_domain/u_apb2_async/u_ahb_to_apb_async_syn_1/sync_reg_2_reg/C
  -------------------------------------------------------------------    -------------------
    SLICE_X99Y120        FDCE (Prop_BFF2_SLICEL_C_Q)
                                                      0.118    -1.560 r  u_fp_domain/u_apb2_async/u_ahb_to_apb_async_syn_1/sync_reg_2_reg/Q
                         net (fo=5, routed)           0.553    -1.007    u_fp_domain/u_apb2_async/u_ahb_to_apb_async_p/last_s_req_p_reg_0
    SLICE_X99Y120        FDCE                                         r  u_fp_domain/u_apb2_async/u_ahb_to_apb_async_p/last_s_req_p_reg/D
  -------------------------------------------------------------------    -------------------

                         (clock clk_out2_pll_50m rise edge)
                                                     20.000    20.000 r  
    D24                  IBUFCTRL                     0.000    20.000 r  CLK_IBUF_inst/IBUFCTRL_INST/O
                         net (fo=7, routed)           0.778    20.778    u_fpga_platform/u_pll0/inst/clk_in1
    MMCME3_ADV_X2Y3      MMCME3_ADV (Prop_MMCME3_ADV_CLKIN1_CLKOUT1)
                                                     -4.811    15.967 r  u_fpga_platform/u_pll0/inst/mmcme3_adv_inst/CLKOUT1
                         net (fo=1, routed)           0.372    16.339    u_fpga_platform/u_pll0/inst/clk_out2_pll_50m
    BUFGCE_X2Y73         BUFGCE (Prop_BUFCE_BUFGCE_I_O)
                                                      0.075    16.414 r  u_fpga_platform/u_pll0/inst/clkout2_buf/O
    X4Y2 (CLOCK_ROOT)    net (fo=8, routed)           1.848    18.262    u_fp_domain/u_apb2_async/u_ahb_to_apb_async_p/clk_out2
    SLICE_X99Y120        FDCE                                         r  u_fp_domain/u_apb2_async/u_ahb_to_apb_async_p/last_s_req_p_reg/C
                         clock pessimism              0.057    18.319    
                         clock uncertainty           -0.075    18.244    
    SLICE_X99Y120        FDCE (Setup_AFF_SLICEL_C_D)
                                                      0.059    18.303    u_fp_domain/u_apb2_async/u_ahb_to_apb_async_p/last_s_req_p_reg
  -------------------------------------------------------------------
                         required time                         18.303    
                         arrival time                           1.007    
  -------------------------------------------------------------------
                         slack                                 19.310    

Slack (MET) :             19.445ns  (required time - arrival time)
  Source:                 u_fp_domain/u_apb2_async/u_ahb_to_apb_async_p/s_trans_valid_reg_reg/C
                            (rising edge-triggered cell FDCE clocked by clk_out2_pll_50m  {rise@0.000ns fall@10.000ns period=20.000ns})
  Destination:            u_fp_domain/u_apb2_async/u_ahb_to_apb_async_p/FSM_onehot_curr_state_reg[2]/D
                            (rising edge-triggered cell FDCE clocked by clk_out2_pll_50m  {rise@0.000ns fall@10.000ns period=20.000ns})
  Path Group:             clk_out2_pll_50m
  Path Type:              Setup (Max at Slow Process Corner)
  Requirement:            20.000ns  (clk_out2_pll_50m rise@20.000ns - clk_out2_pll_50m rise@0.000ns)
  Data Path Delay:        0.536ns  (logic 0.247ns (46.082%)  route 0.289ns (53.918%))
  Logic Levels:           1  (LUT2=1)
  Clock Path Skew:        -0.003ns (DCD - SCD + CPR)
    Destination Clock Delay (DCD):    -1.738ns = ( 18.262 - 20.000 ) 
    Source Clock Delay      (SCD):    -1.678ns
    Clock Pessimism Removal (CPR):    0.057ns
  Clock Uncertainty:      0.075ns  ((TSJ^2 + DJ^2)^1/2) / 2 + PE
    Total System Jitter     (TSJ):    0.071ns
    Discrete Jitter          (DJ):    0.132ns
    Phase Error              (PE):    0.000ns
  Clock Net Delay (Source):      2.078ns (routing 0.823ns, distribution 1.255ns)
  Clock Net Delay (Destination): 1.848ns (routing 0.755ns, distribution 1.093ns)

    Location             Delay type                Incr(ns)  Path(ns)    Netlist Resource(s)
  -------------------------------------------------------------------    -------------------
                         (clock clk_out2_pll_50m rise edge)
                                                      0.000     0.000 r  
    D24                  IBUFCTRL                     0.000     0.000 r  CLK_IBUF_inst/IBUFCTRL_INST/O
                         net (fo=7, routed)           0.865     0.865    u_fpga_platform/u_pll0/inst/clk_in1
    MMCME3_ADV_X2Y3      MMCME3_ADV (Prop_MMCME3_ADV_CLKIN1_CLKOUT1)
                                                     -5.141    -4.276 r  u_fpga_platform/u_pll0/inst/mmcme3_adv_inst/CLKOUT1
                         net (fo=1, routed)           0.437    -3.839    u_fpga_platform/u_pll0/inst/clk_out2_pll_50m
    BUFGCE_X2Y73         BUFGCE (Prop_BUFCE_BUFGCE_I_O)
                                                      0.083    -3.756 r  u_fpga_platform/u_pll0/inst/clkout2_buf/O
    X4Y2 (CLOCK_ROOT)    net (fo=8, routed)           2.078    -1.678    u_fp_domain/u_apb2_async/u_ahb_to_apb_async_p/clk_out2
    SLICE_X99Y120        FDCE                                         r  u_fp_domain/u_apb2_async/u_ahb_to_apb_async_p/s_trans_valid_reg_reg/C
  -------------------------------------------------------------------    -------------------
    SLICE_X99Y120        FDCE (Prop_DFF2_SLICEL_C_Q)
                                                      0.117    -1.561 r  u_fp_domain/u_apb2_async/u_ahb_to_apb_async_p/s_trans_valid_reg_reg/Q
                         net (fo=4, routed)           0.260    -1.301    u_fp_domain/u_apb2_async/u_ahb_to_apb_async_p/s_trans_valid_reg
    SLICE_X99Y120        LUT2 (Prop_C6LUT_SLICEL_I0_O)
                                                      0.130    -1.171 r  u_fp_domain/u_apb2_async/u_ahb_to_apb_async_p/FSM_onehot_curr_state[2]_i_1__0/O
                         net (fo=1, routed)           0.029    -1.142    u_fp_domain/u_apb2_async/u_ahb_to_apb_async_p/FSM_onehot_curr_state[2]_i_1__0_n_0
    SLICE_X99Y120        FDCE                                         r  u_fp_domain/u_apb2_async/u_ahb_to_apb_async_p/FSM_onehot_curr_state_reg[2]/D
  -------------------------------------------------------------------    -------------------

                         (clock clk_out2_pll_50m rise edge)
                                                     20.000    20.000 r  
    D24                  IBUFCTRL                     0.000    20.000 r  CLK_IBUF_inst/IBUFCTRL_INST/O
                         net (fo=7, routed)           0.778    20.778    u_fpga_platform/u_pll0/inst/clk_in1
    MMCME3_ADV_X2Y3      MMCME3_ADV (Prop_MMCME3_ADV_CLKIN1_CLKOUT1)
                                                     -4.811    15.967 r  u_fpga_platform/u_pll0/inst/mmcme3_adv_inst/CLKOUT1
                         net (fo=1, routed)           0.372    16.339    u_fpga_platform/u_pll0/inst/clk_out2_pll_50m
    BUFGCE_X2Y73         BUFGCE (Prop_BUFCE_BUFGCE_I_O)
                                                      0.075    16.414 r  u_fpga_platform/u_pll0/inst/clkout2_buf/O
    X4Y2 (CLOCK_ROOT)    net (fo=8, routed)           1.848    18.262    u_fp_domain/u_apb2_async/u_ahb_to_apb_async_p/clk_out2
    SLICE_X99Y120        FDCE                                         r  u_fp_domain/u_apb2_async/u_ahb_to_apb_async_p/FSM_onehot_curr_state_reg[2]/C
                         clock pessimism              0.057    18.319    
                         clock uncertainty           -0.075    18.244    
    SLICE_X99Y120        FDCE (Setup_CFF_SLICEL_C_D)
                                                      0.059    18.303    u_fp_domain/u_apb2_async/u_ahb_to_apb_async_p/FSM_onehot_curr_state_reg[2]
  -------------------------------------------------------------------
                         required time                         18.303    
                         arrival time                           1.142    
  -------------------------------------------------------------------
                         slack                                 19.445    

Slack (MET) :             19.556ns  (required time - arrival time)
  Source:                 u_fp_domain/u_apb2_async/u_ahb_to_apb_async_syn_1/sync_reg_1_reg/C
                            (rising edge-triggered cell FDCE clocked by clk_out2_pll_50m  {rise@0.000ns fall@10.000ns period=20.000ns})
  Destination:            u_fp_domain/u_apb2_async/u_ahb_to_apb_async_syn_1/sync_reg_2_reg/D
                            (rising edge-triggered cell FDCE clocked by clk_out2_pll_50m  {rise@0.000ns fall@10.000ns period=20.000ns})
  Path Group:             clk_out2_pll_50m
  Path Type:              Setup (Max at Slow Process Corner)
  Requirement:            20.000ns  (clk_out2_pll_50m rise@20.000ns - clk_out2_pll_50m rise@0.000ns)
  Data Path Delay:        0.428ns  (logic 0.117ns (27.336%)  route 0.311ns (72.664%))
  Logic Levels:           0  
  Clock Path Skew:        -0.003ns (DCD - SCD + CPR)
    Destination Clock Delay (DCD):    -1.738ns = ( 18.262 - 20.000 ) 
    Source Clock Delay      (SCD):    -1.678ns
    Clock Pessimism Removal (CPR):    0.057ns
  Clock Uncertainty:      0.075ns  ((TSJ^2 + DJ^2)^1/2) / 2 + PE
    Total System Jitter     (TSJ):    0.071ns
    Discrete Jitter          (DJ):    0.132ns
    Phase Error              (PE):    0.000ns
  Clock Net Delay (Source):      2.078ns (routing 0.823ns, distribution 1.255ns)
  Clock Net Delay (Destination): 1.848ns (routing 0.755ns, distribution 1.093ns)

    Location             Delay type                Incr(ns)  Path(ns)    Netlist Resource(s)
  -------------------------------------------------------------------    -------------------
                         (clock clk_out2_pll_50m rise edge)
                                                      0.000     0.000 r  
    D24                  IBUFCTRL                     0.000     0.000 r  CLK_IBUF_inst/IBUFCTRL_INST/O
                         net (fo=7, routed)           0.865     0.865    u_fpga_platform/u_pll0/inst/clk_in1
    MMCME3_ADV_X2Y3      MMCME3_ADV (Prop_MMCME3_ADV_CLKIN1_CLKOUT1)
                                                     -5.141    -4.276 r  u_fpga_platform/u_pll0/inst/mmcme3_adv_inst/CLKOUT1
                         net (fo=1, routed)           0.437    -3.839    u_fpga_platform/u_pll0/inst/clk_out2_pll_50m
    BUFGCE_X2Y73         BUFGCE (Prop_BUFCE_BUFGCE_I_O)
                                                      0.083    -3.756 r  u_fpga_platform/u_pll0/inst/clkout2_buf/O
    X4Y2 (CLOCK_ROOT)    net (fo=8, routed)           2.078    -1.678    u_fp_domain/u_apb2_async/u_ahb_to_apb_async_syn_1/clk_out2
    SLICE_X99Y120        FDCE                                         r  u_fp_domain/u_apb2_async/u_ahb_to_apb_async_syn_1/sync_reg_1_reg/C
  -------------------------------------------------------------------    -------------------
    SLICE_X99Y120        FDCE (Prop_AFF2_SLICEL_C_Q)
                                                      0.117    -1.561 r  u_fp_domain/u_apb2_async/u_ahb_to_apb_async_syn_1/sync_reg_1_reg/Q
                         net (fo=1, routed)           0.311    -1.250    u_fp_domain/u_apb2_async/u_ahb_to_apb_async_syn_1/sync_reg_1_reg_n_0
    SLICE_X99Y120        FDCE                                         r  u_fp_domain/u_apb2_async/u_ahb_to_apb_async_syn_1/sync_reg_2_reg/D
  -------------------------------------------------------------------    -------------------

                         (clock clk_out2_pll_50m rise edge)
                                                     20.000    20.000 r  
    D24                  IBUFCTRL                     0.000    20.000 r  CLK_IBUF_inst/IBUFCTRL_INST/O
                         net (fo=7, routed)           0.778    20.778    u_fpga_platform/u_pll0/inst/clk_in1
    MMCME3_ADV_X2Y3      MMCME3_ADV (Prop_MMCME3_ADV_CLKIN1_CLKOUT1)
                                                     -4.811    15.967 r  u_fpga_platform/u_pll0/inst/mmcme3_adv_inst/CLKOUT1
                         net (fo=1, routed)           0.372    16.339    u_fpga_platform/u_pll0/inst/clk_out2_pll_50m
    BUFGCE_X2Y73         BUFGCE (Prop_BUFCE_BUFGCE_I_O)
                                                      0.075    16.414 r  u_fpga_platform/u_pll0/inst/clkout2_buf/O
    X4Y2 (CLOCK_ROOT)    net (fo=8, routed)           1.848    18.262    u_fp_domain/u_apb2_async/u_ahb_to_apb_async_syn_1/clk_out2
    SLICE_X99Y120        FDCE                                         r  u_fp_domain/u_apb2_async/u_ahb_to_apb_async_syn_1/sync_reg_2_reg/C
                         clock pessimism              0.057    18.319    
                         clock uncertainty           -0.075    18.244    
    SLICE_X99Y120        FDCE (Setup_BFF2_SLICEL_C_D)
                                                      0.062    18.306    u_fp_domain/u_apb2_async/u_ahb_to_apb_async_syn_1/sync_reg_2_reg
  -------------------------------------------------------------------
                         required time                         18.306    
                         arrival time                           1.250    
  -------------------------------------------------------------------
                         slack                                 19.556    





Min Delay Paths
--------------------------------------------------------------------------------------
Slack (MET) :             0.054ns  (arrival time - required time)
  Source:                 u_fp_domain/u_apb2_async/u_ahb_to_apb_async_p/FSM_onehot_curr_state_reg[0]/C
                            (rising edge-triggered cell FDPE clocked by clk_out2_pll_50m  {rise@0.000ns fall@10.000ns period=20.000ns})
  Destination:            u_fp_domain/u_apb2_async/u_ahb_to_apb_async_p/FSM_onehot_curr_state_reg[0]/D
                            (rising edge-triggered cell FDPE clocked by clk_out2_pll_50m  {rise@0.000ns fall@10.000ns period=20.000ns})
  Path Group:             clk_out2_pll_50m
  Path Type:              Hold (Min at Fast Process Corner)
  Requirement:            0.000ns  (clk_out2_pll_50m rise@0.000ns - clk_out2_pll_50m rise@0.000ns)
  Data Path Delay:        0.115ns  (logic 0.064ns (55.652%)  route 0.051ns (44.348%))
  Logic Levels:           1  (LUT6=1)
  Clock Path Skew:        0.005ns (DCD - SCD - CPR)
    Destination Clock Delay (DCD):    -1.401ns
    Source Clock Delay      (SCD):    -1.002ns
    Clock Pessimism Removal (CPR):    -0.404ns
  Clock Net Delay (Source):      0.879ns (routing 0.370ns, distribution 0.509ns)
  Clock Net Delay (Destination): 1.035ns (routing 0.411ns, distribution 0.624ns)

    Location             Delay type                Incr(ns)  Path(ns)    Netlist Resource(s)
  -------------------------------------------------------------------    -------------------
                         (clock clk_out2_pll_50m rise edge)
                                                      0.000     0.000 r  
    D24                  IBUFCTRL                     0.000     0.000 r  CLK_IBUF_inst/IBUFCTRL_INST/O
                         net (fo=7, routed)           0.405     0.405    u_fpga_platform/u_pll0/inst/clk_in1
    MMCME3_ADV_X2Y3      MMCME3_ADV (Prop_MMCME3_ADV_CLKIN1_CLKOUT1)
                                                     -2.480    -2.075 r  u_fpga_platform/u_pll0/inst/mmcme3_adv_inst/CLKOUT1
                         net (fo=1, routed)           0.167    -1.908    u_fpga_platform/u_pll0/inst/clk_out2_pll_50m
    BUFGCE_X2Y73         BUFGCE (Prop_BUFCE_BUFGCE_I_O)
                                                      0.027    -1.881 r  u_fpga_platform/u_pll0/inst/clkout2_buf/O
    X4Y2 (CLOCK_ROOT)    net (fo=8, routed)           0.879    -1.002    u_fp_domain/u_apb2_async/u_ahb_to_apb_async_p/clk_out2
    SLICE_X99Y120        FDPE                                         r  u_fp_domain/u_apb2_async/u_ahb_to_apb_async_p/FSM_onehot_curr_state_reg[0]/C
  -------------------------------------------------------------------    -------------------
    SLICE_X99Y120        FDPE (Prop_BFF_SLICEL_C_Q)
                                                      0.049    -0.953 r  u_fp_domain/u_apb2_async/u_ahb_to_apb_async_p/FSM_onehot_curr_state_reg[0]/Q
                         net (fo=2, routed)           0.036    -0.917    u_fp_domain/u_apb2_async/u_ahb_to_apb_async_p/FSM_onehot_curr_state_reg_n_0_[0]
    SLICE_X99Y120        LUT6 (Prop_B6LUT_SLICEL_I0_O)
                                                      0.015    -0.902 r  u_fp_domain/u_apb2_async/u_ahb_to_apb_async_p/FSM_onehot_curr_state[0]_i_1__0/O
                         net (fo=1, routed)           0.015    -0.887    u_fp_domain/u_apb2_async/u_ahb_to_apb_async_p/FSM_onehot_curr_state[0]_i_1__0_n_0
    SLICE_X99Y120        FDPE                                         r  u_fp_domain/u_apb2_async/u_ahb_to_apb_async_p/FSM_onehot_curr_state_reg[0]/D
  -------------------------------------------------------------------    -------------------

                         (clock clk_out2_pll_50m rise edge)
                                                      0.000     0.000 r  
    D24                  IBUFCTRL                     0.000     0.000 r  CLK_IBUF_inst/IBUFCTRL_INST/O
                         net (fo=7, routed)           0.457     0.457    u_fpga_platform/u_pll0/inst/clk_in1
    MMCME3_ADV_X2Y3      MMCME3_ADV (Prop_MMCME3_ADV_CLKIN1_CLKOUT1)
                                                     -3.133    -2.676 r  u_fpga_platform/u_pll0/inst/mmcme3_adv_inst/CLKOUT1
                         net (fo=1, routed)           0.209    -2.467    u_fpga_platform/u_pll0/inst/clk_out2_pll_50m
    BUFGCE_X2Y73         BUFGCE (Prop_BUFCE_BUFGCE_I_O)
                                                      0.031    -2.436 r  u_fpga_platform/u_pll0/inst/clkout2_buf/O
    X4Y2 (CLOCK_ROOT)    net (fo=8, routed)           1.035    -1.401    u_fp_domain/u_apb2_async/u_ahb_to_apb_async_p/clk_out2
    SLICE_X99Y120        FDPE                                         r  u_fp_domain/u_apb2_async/u_ahb_to_apb_async_p/FSM_onehot_curr_state_reg[0]/C
                         clock pessimism              0.404    -0.997    
    SLICE_X99Y120        FDPE (Hold_BFF_SLICEL_C_D)
                                                      0.056    -0.941    u_fp_domain/u_apb2_async/u_ahb_to_apb_async_p/FSM_onehot_curr_state_reg[0]
  -------------------------------------------------------------------
                         required time                          0.941    
                         arrival time                          -0.887    
  -------------------------------------------------------------------
                         slack                                  0.054    

Slack (MET) :             0.070ns  (arrival time - required time)
  Source:                 u_fp_domain/u_apb2_async/u_ahb_to_apb_async_p/FSM_onehot_curr_state_reg[0]/C
                            (rising edge-triggered cell FDPE clocked by clk_out2_pll_50m  {rise@0.000ns fall@10.000ns period=20.000ns})
  Destination:            u_fp_domain/u_apb2_async/u_ahb_to_apb_async_p/FSM_onehot_curr_state_reg[1]/D
                            (rising edge-triggered cell FDCE clocked by clk_out2_pll_50m  {rise@0.000ns fall@10.000ns period=20.000ns})
  Path Group:             clk_out2_pll_50m
  Path Type:              Hold (Min at Fast Process Corner)
  Requirement:            0.000ns  (clk_out2_pll_50m rise@0.000ns - clk_out2_pll_50m rise@0.000ns)
  Data Path Delay:        0.131ns  (logic 0.079ns (60.305%)  route 0.052ns (39.695%))
  Logic Levels:           1  (LUT3=1)
  Clock Path Skew:        0.005ns (DCD - SCD - CPR)
    Destination Clock Delay (DCD):    -1.401ns
    Source Clock Delay      (SCD):    -1.002ns
    Clock Pessimism Removal (CPR):    -0.404ns
  Clock Net Delay (Source):      0.879ns (routing 0.370ns, distribution 0.509ns)
  Clock Net Delay (Destination): 1.035ns (routing 0.411ns, distribution 0.624ns)

    Location             Delay type                Incr(ns)  Path(ns)    Netlist Resource(s)
  -------------------------------------------------------------------    -------------------
                         (clock clk_out2_pll_50m rise edge)
                                                      0.000     0.000 r  
    D24                  IBUFCTRL                     0.000     0.000 r  CLK_IBUF_inst/IBUFCTRL_INST/O
                         net (fo=7, routed)           0.405     0.405    u_fpga_platform/u_pll0/inst/clk_in1
    MMCME3_ADV_X2Y3      MMCME3_ADV (Prop_MMCME3_ADV_CLKIN1_CLKOUT1)
                                                     -2.480    -2.075 r  u_fpga_platform/u_pll0/inst/mmcme3_adv_inst/CLKOUT1
                         net (fo=1, routed)           0.167    -1.908    u_fpga_platform/u_pll0/inst/clk_out2_pll_50m
    BUFGCE_X2Y73         BUFGCE (Prop_BUFCE_BUFGCE_I_O)
                                                      0.027    -1.881 r  u_fpga_platform/u_pll0/inst/clkout2_buf/O
    X4Y2 (CLOCK_ROOT)    net (fo=8, routed)           0.879    -1.002    u_fp_domain/u_apb2_async/u_ahb_to_apb_async_p/clk_out2
    SLICE_X99Y120        FDPE                                         r  u_fp_domain/u_apb2_async/u_ahb_to_apb_async_p/FSM_onehot_curr_state_reg[0]/C
  -------------------------------------------------------------------    -------------------
    SLICE_X99Y120        FDPE (Prop_BFF_SLICEL_C_Q)
                                                      0.049    -0.953 r  u_fp_domain/u_apb2_async/u_ahb_to_apb_async_p/FSM_onehot_curr_state_reg[0]/Q
                         net (fo=2, routed)           0.036    -0.917    u_fp_domain/u_apb2_async/u_ahb_to_apb_async_p/FSM_onehot_curr_state_reg_n_0_[0]
    SLICE_X99Y120        LUT3 (Prop_D6LUT_SLICEL_I2_O)
                                                      0.030    -0.887 r  u_fp_domain/u_apb2_async/u_ahb_to_apb_async_p/FSM_onehot_curr_state[1]_i_1__0/O
                         net (fo=1, routed)           0.016    -0.871    u_fp_domain/u_apb2_async/u_ahb_to_apb_async_p/FSM_onehot_curr_state[1]_i_1__0_n_0
    SLICE_X99Y120        FDCE                                         r  u_fp_domain/u_apb2_async/u_ahb_to_apb_async_p/FSM_onehot_curr_state_reg[1]/D
  -------------------------------------------------------------------    -------------------

                         (clock clk_out2_pll_50m rise edge)
                                                      0.000     0.000 r  
    D24                  IBUFCTRL                     0.000     0.000 r  CLK_IBUF_inst/IBUFCTRL_INST/O
                         net (fo=7, routed)           0.457     0.457    u_fpga_platform/u_pll0/inst/clk_in1
    MMCME3_ADV_X2Y3      MMCME3_ADV (Prop_MMCME3_ADV_CLKIN1_CLKOUT1)
                                                     -3.133    -2.676 r  u_fpga_platform/u_pll0/inst/mmcme3_adv_inst/CLKOUT1
                         net (fo=1, routed)           0.209    -2.467    u_fpga_platform/u_pll0/inst/clk_out2_pll_50m
    BUFGCE_X2Y73         BUFGCE (Prop_BUFCE_BUFGCE_I_O)
                                                      0.031    -2.436 r  u_fpga_platform/u_pll0/inst/clkout2_buf/O
    X4Y2 (CLOCK_ROOT)    net (fo=8, routed)           1.035    -1.401    u_fp_domain/u_apb2_async/u_ahb_to_apb_async_p/clk_out2
    SLICE_X99Y120        FDCE                                         r  u_fp_domain/u_apb2_async/u_ahb_to_apb_async_p/FSM_onehot_curr_state_reg[1]/C
                         clock pessimism              0.404    -0.997    
    SLICE_X99Y120        FDCE (Hold_DFF_SLICEL_C_D)
                                                      0.056    -0.941    u_fp_domain/u_apb2_async/u_ahb_to_apb_async_p/FSM_onehot_curr_state_reg[1]
  -------------------------------------------------------------------
                         required time                          0.941    
                         arrival time                          -0.871    
  -------------------------------------------------------------------
                         slack                                  0.070    

Slack (MET) :             0.073ns  (arrival time - required time)
  Source:                 u_fp_domain/u_apb2_async/u_ahb_to_apb_async_p/FSM_onehot_curr_state_reg[2]/C
                            (rising edge-triggered cell FDCE clocked by clk_out2_pll_50m  {rise@0.000ns fall@10.000ns period=20.000ns})
  Destination:            u_fp_domain/u_apb2_async/u_ahb_to_apb_async_p/reg_s_ack_p_reg/D
                            (rising edge-triggered cell FDCE clocked by clk_out2_pll_50m  {rise@0.000ns fall@10.000ns period=20.000ns})
  Path Group:             clk_out2_pll_50m
  Path Type:              Hold (Min at Fast Process Corner)
  Requirement:            0.000ns  (clk_out2_pll_50m rise@0.000ns - clk_out2_pll_50m rise@0.000ns)
  Data Path Delay:        0.134ns  (logic 0.086ns (64.179%)  route 0.048ns (35.821%))
  Logic Levels:           1  (LUT5=1)
  Clock Path Skew:        0.005ns (DCD - SCD - CPR)
    Destination Clock Delay (DCD):    -1.401ns
    Source Clock Delay      (SCD):    -1.002ns
    Clock Pessimism Removal (CPR):    -0.404ns
  Clock Net Delay (Source):      0.879ns (routing 0.370ns, distribution 0.509ns)
  Clock Net Delay (Destination): 1.035ns (routing 0.411ns, distribution 0.624ns)

    Location             Delay type                Incr(ns)  Path(ns)    Netlist Resource(s)
  -------------------------------------------------------------------    -------------------
                         (clock clk_out2_pll_50m rise edge)
                                                      0.000     0.000 r  
    D24                  IBUFCTRL                     0.000     0.000 r  CLK_IBUF_inst/IBUFCTRL_INST/O
                         net (fo=7, routed)           0.405     0.405    u_fpga_platform/u_pll0/inst/clk_in1
    MMCME3_ADV_X2Y3      MMCME3_ADV (Prop_MMCME3_ADV_CLKIN1_CLKOUT1)
                                                     -2.480    -2.075 r  u_fpga_platform/u_pll0/inst/mmcme3_adv_inst/CLKOUT1
                         net (fo=1, routed)           0.167    -1.908    u_fpga_platform/u_pll0/inst/clk_out2_pll_50m
    BUFGCE_X2Y73         BUFGCE (Prop_BUFCE_BUFGCE_I_O)
                                                      0.027    -1.881 r  u_fpga_platform/u_pll0/inst/clkout2_buf/O
    X4Y2 (CLOCK_ROOT)    net (fo=8, routed)           0.879    -1.002    u_fp_domain/u_apb2_async/u_ahb_to_apb_async_p/clk_out2
    SLICE_X99Y120        FDCE                                         r  u_fp_domain/u_apb2_async/u_ahb_to_apb_async_p/FSM_onehot_curr_state_reg[2]/C
  -------------------------------------------------------------------    -------------------
    SLICE_X99Y120        FDCE (Prop_CFF_SLICEL_C_Q)
                                                      0.048    -0.954 r  u_fp_domain/u_apb2_async/u_ahb_to_apb_async_p/FSM_onehot_curr_state_reg[2]/Q
                         net (fo=2, routed)           0.037    -0.917    u_fp_domain/u_apb2_async/u_ahb_to_apb_async_p/FSM_onehot_curr_state_reg_n_0_[2]
    SLICE_X99Y120        LUT5 (Prop_C5LUT_SLICEL_I3_O)
                                                      0.038    -0.879 r  u_fp_domain/u_apb2_async/u_ahb_to_apb_async_p/reg_s_ack_p_i_1__0/O
                         net (fo=1, routed)           0.011    -0.868    u_fp_domain/u_apb2_async/u_ahb_to_apb_async_p/reg_s_ack_p_i_1__0_n_0
    SLICE_X99Y120        FDCE                                         r  u_fp_domain/u_apb2_async/u_ahb_to_apb_async_p/reg_s_ack_p_reg/D
  -------------------------------------------------------------------    -------------------

                         (clock clk_out2_pll_50m rise edge)
                                                      0.000     0.000 r  
    D24                  IBUFCTRL                     0.000     0.000 r  CLK_IBUF_inst/IBUFCTRL_INST/O
                         net (fo=7, routed)           0.457     0.457    u_fpga_platform/u_pll0/inst/clk_in1
    MMCME3_ADV_X2Y3      MMCME3_ADV (Prop_MMCME3_ADV_CLKIN1_CLKOUT1)
                                                     -3.133    -2.676 r  u_fpga_platform/u_pll0/inst/mmcme3_adv_inst/CLKOUT1
                         net (fo=1, routed)           0.209    -2.467    u_fpga_platform/u_pll0/inst/clk_out2_pll_50m
    BUFGCE_X2Y73         BUFGCE (Prop_BUFCE_BUFGCE_I_O)
                                                      0.031    -2.436 r  u_fpga_platform/u_pll0/inst/clkout2_buf/O
    X4Y2 (CLOCK_ROOT)    net (fo=8, routed)           1.035    -1.401    u_fp_domain/u_apb2_async/u_ahb_to_apb_async_p/clk_out2
    SLICE_X99Y120        FDCE                                         r  u_fp_domain/u_apb2_async/u_ahb_to_apb_async_p/reg_s_ack_p_reg/C
                         clock pessimism              0.404    -0.997    
    SLICE_X99Y120        FDCE (Hold_CFF2_SLICEL_C_D)
                                                      0.056    -0.941    u_fp_domain/u_apb2_async/u_ahb_to_apb_async_p/reg_s_ack_p_reg
  -------------------------------------------------------------------
                         required time                          0.941    
                         arrival time                          -0.868    
  -------------------------------------------------------------------
                         slack                                  0.073    

Slack (MET) :             0.128ns  (arrival time - required time)
  Source:                 u_fp_domain/u_apb2_async/u_ahb_to_apb_async_syn_1/sync_reg_1_reg/C
                            (rising edge-triggered cell FDCE clocked by clk_out2_pll_50m  {rise@0.000ns fall@10.000ns period=20.000ns})
  Destination:            u_fp_domain/u_apb2_async/u_ahb_to_apb_async_syn_1/sync_reg_2_reg/D
                            (rising edge-triggered cell FDCE clocked by clk_out2_pll_50m  {rise@0.000ns fall@10.000ns period=20.000ns})
  Path Group:             clk_out2_pll_50m
  Path Type:              Hold (Min at Fast Process Corner)
  Requirement:            0.000ns  (clk_out2_pll_50m rise@0.000ns - clk_out2_pll_50m rise@0.000ns)
  Data Path Delay:        0.189ns  (logic 0.049ns (25.926%)  route 0.140ns (74.074%))
  Logic Levels:           0  
  Clock Path Skew:        0.005ns (DCD - SCD - CPR)
    Destination Clock Delay (DCD):    -1.401ns
    Source Clock Delay      (SCD):    -1.002ns
    Clock Pessimism Removal (CPR):    -0.404ns
  Clock Net Delay (Source):      0.879ns (routing 0.370ns, distribution 0.509ns)
  Clock Net Delay (Destination): 1.035ns (routing 0.411ns, distribution 0.624ns)

    Location             Delay type                Incr(ns)  Path(ns)    Netlist Resource(s)
  -------------------------------------------------------------------    -------------------
                         (clock clk_out2_pll_50m rise edge)
                                                      0.000     0.000 r  
    D24                  IBUFCTRL                     0.000     0.000 r  CLK_IBUF_inst/IBUFCTRL_INST/O
                         net (fo=7, routed)           0.405     0.405    u_fpga_platform/u_pll0/inst/clk_in1
    MMCME3_ADV_X2Y3      MMCME3_ADV (Prop_MMCME3_ADV_CLKIN1_CLKOUT1)
                                                     -2.480    -2.075 r  u_fpga_platform/u_pll0/inst/mmcme3_adv_inst/CLKOUT1
                         net (fo=1, routed)           0.167    -1.908    u_fpga_platform/u_pll0/inst/clk_out2_pll_50m
    BUFGCE_X2Y73         BUFGCE (Prop_BUFCE_BUFGCE_I_O)
                                                      0.027    -1.881 r  u_fpga_platform/u_pll0/inst/clkout2_buf/O
    X4Y2 (CLOCK_ROOT)    net (fo=8, routed)           0.879    -1.002    u_fp_domain/u_apb2_async/u_ahb_to_apb_async_syn_1/clk_out2
    SLICE_X99Y120        FDCE                                         r  u_fp_domain/u_apb2_async/u_ahb_to_apb_async_syn_1/sync_reg_1_reg/C
  -------------------------------------------------------------------    -------------------
    SLICE_X99Y120        FDCE (Prop_AFF2_SLICEL_C_Q)
                                                      0.049    -0.953 r  u_fp_domain/u_apb2_async/u_ahb_to_apb_async_syn_1/sync_reg_1_reg/Q
                         net (fo=1, routed)           0.140    -0.813    u_fp_domain/u_apb2_async/u_ahb_to_apb_async_syn_1/sync_reg_1_reg_n_0
    SLICE_X99Y120        FDCE                                         r  u_fp_domain/u_apb2_async/u_ahb_to_apb_async_syn_1/sync_reg_2_reg/D
  -------------------------------------------------------------------    -------------------

                         (clock clk_out2_pll_50m rise edge)
                                                      0.000     0.000 r  
    D24                  IBUFCTRL                     0.000     0.000 r  CLK_IBUF_inst/IBUFCTRL_INST/O
                         net (fo=7, routed)           0.457     0.457    u_fpga_platform/u_pll0/inst/clk_in1
    MMCME3_ADV_X2Y3      MMCME3_ADV (Prop_MMCME3_ADV_CLKIN1_CLKOUT1)
                                                     -3.133    -2.676 r  u_fpga_platform/u_pll0/inst/mmcme3_adv_inst/CLKOUT1
                         net (fo=1, routed)           0.209    -2.467    u_fpga_platform/u_pll0/inst/clk_out2_pll_50m
    BUFGCE_X2Y73         BUFGCE (Prop_BUFCE_BUFGCE_I_O)
                                                      0.031    -2.436 r  u_fpga_platform/u_pll0/inst/clkout2_buf/O
    X4Y2 (CLOCK_ROOT)    net (fo=8, routed)           1.035    -1.401    u_fp_domain/u_apb2_async/u_ahb_to_apb_async_syn_1/clk_out2
    SLICE_X99Y120        FDCE                                         r  u_fp_domain/u_apb2_async/u_ahb_to_apb_async_syn_1/sync_reg_2_reg/C
                         clock pessimism              0.404    -0.997    
    SLICE_X99Y120        FDCE (Hold_BFF2_SLICEL_C_D)
                                                      0.056    -0.941    u_fp_domain/u_apb2_async/u_ahb_to_apb_async_syn_1/sync_reg_2_reg
  -------------------------------------------------------------------
                         required time                          0.941    
                         arrival time                          -0.813    
  -------------------------------------------------------------------
                         slack                                  0.128    

Slack (MET) :             0.167ns  (arrival time - required time)
  Source:                 u_fp_domain/u_apb2_async/u_ahb_to_apb_async_p/FSM_onehot_curr_state_reg[1]/C
                            (rising edge-triggered cell FDCE clocked by clk_out2_pll_50m  {rise@0.000ns fall@10.000ns period=20.000ns})
  Destination:            u_fp_domain/u_apb2_async/u_ahb_to_apb_async_p/FSM_onehot_curr_state_reg[2]/D
                            (rising edge-triggered cell FDCE clocked by clk_out2_pll_50m  {rise@0.000ns fall@10.000ns period=20.000ns})
  Path Group:             clk_out2_pll_50m
  Path Type:              Hold (Min at Fast Process Corner)
  Requirement:            0.000ns  (clk_out2_pll_50m rise@0.000ns - clk_out2_pll_50m rise@0.000ns)
  Data Path Delay:        0.228ns  (logic 0.094ns (41.228%)  route 0.134ns (58.772%))
  Logic Levels:           1  (LUT2=1)
  Clock Path Skew:        0.005ns (DCD - SCD - CPR)
    Destination Clock Delay (DCD):    -1.401ns
    Source Clock Delay      (SCD):    -1.002ns
    Clock Pessimism Removal (CPR):    -0.404ns
  Clock Net Delay (Source):      0.879ns (routing 0.370ns, distribution 0.509ns)
  Clock Net Delay (Destination): 1.035ns (routing 0.411ns, distribution 0.624ns)

    Location             Delay type                Incr(ns)  Path(ns)    Netlist Resource(s)
  -------------------------------------------------------------------    -------------------
                         (clock clk_out2_pll_50m rise edge)
                                                      0.000     0.000 r  
    D24                  IBUFCTRL                     0.000     0.000 r  CLK_IBUF_inst/IBUFCTRL_INST/O
                         net (fo=7, routed)           0.405     0.405    u_fpga_platform/u_pll0/inst/clk_in1
    MMCME3_ADV_X2Y3      MMCME3_ADV (Prop_MMCME3_ADV_CLKIN1_CLKOUT1)
                                                     -2.480    -2.075 r  u_fpga_platform/u_pll0/inst/mmcme3_adv_inst/CLKOUT1
                         net (fo=1, routed)           0.167    -1.908    u_fpga_platform/u_pll0/inst/clk_out2_pll_50m
    BUFGCE_X2Y73         BUFGCE (Prop_BUFCE_BUFGCE_I_O)
                                                      0.027    -1.881 r  u_fpga_platform/u_pll0/inst/clkout2_buf/O
    X4Y2 (CLOCK_ROOT)    net (fo=8, routed)           0.879    -1.002    u_fp_domain/u_apb2_async/u_ahb_to_apb_async_p/clk_out2
    SLICE_X99Y120        FDCE                                         r  u_fp_domain/u_apb2_async/u_ahb_to_apb_async_p/FSM_onehot_curr_state_reg[1]/C
  -------------------------------------------------------------------    -------------------
    SLICE_X99Y120        FDCE (Prop_DFF_SLICEL_C_Q)
                                                      0.049    -0.953 r  u_fp_domain/u_apb2_async/u_ahb_to_apb_async_p/FSM_onehot_curr_state_reg[1]/Q
                         net (fo=3, routed)           0.118    -0.835    u_fp_domain/u_apb2_async/u_ahb_to_apb_async_p/FSM_onehot_curr_state_reg_n_0_[1]
    SLICE_X99Y120        LUT2 (Prop_C6LUT_SLICEL_I1_O)
                                                      0.045    -0.790 r  u_fp_domain/u_apb2_async/u_ahb_to_apb_async_p/FSM_onehot_curr_state[2]_i_1__0/O
                         net (fo=1, routed)           0.016    -0.774    u_fp_domain/u_apb2_async/u_ahb_to_apb_async_p/FSM_onehot_curr_state[2]_i_1__0_n_0
    SLICE_X99Y120        FDCE                                         r  u_fp_domain/u_apb2_async/u_ahb_to_apb_async_p/FSM_onehot_curr_state_reg[2]/D
  -------------------------------------------------------------------    -------------------

                         (clock clk_out2_pll_50m rise edge)
                                                      0.000     0.000 r  
    D24                  IBUFCTRL                     0.000     0.000 r  CLK_IBUF_inst/IBUFCTRL_INST/O
                         net (fo=7, routed)           0.457     0.457    u_fpga_platform/u_pll0/inst/clk_in1
    MMCME3_ADV_X2Y3      MMCME3_ADV (Prop_MMCME3_ADV_CLKIN1_CLKOUT1)
                                                     -3.133    -2.676 r  u_fpga_platform/u_pll0/inst/mmcme3_adv_inst/CLKOUT1
                         net (fo=1, routed)           0.209    -2.467    u_fpga_platform/u_pll0/inst/clk_out2_pll_50m
    BUFGCE_X2Y73         BUFGCE (Prop_BUFCE_BUFGCE_I_O)
                                                      0.031    -2.436 r  u_fpga_platform/u_pll0/inst/clkout2_buf/O
    X4Y2 (CLOCK_ROOT)    net (fo=8, routed)           1.035    -1.401    u_fp_domain/u_apb2_async/u_ahb_to_apb_async_p/clk_out2
    SLICE_X99Y120        FDCE                                         r  u_fp_domain/u_apb2_async/u_ahb_to_apb_async_p/FSM_onehot_curr_state_reg[2]/C
                         clock pessimism              0.404    -0.997    
    SLICE_X99Y120        FDCE (Hold_CFF_SLICEL_C_D)
                                                      0.056    -0.941    u_fp_domain/u_apb2_async/u_ahb_to_apb_async_p/FSM_onehot_curr_state_reg[2]
  -------------------------------------------------------------------
                         required time                          0.941    
                         arrival time                          -0.774    
  -------------------------------------------------------------------
                         slack                                  0.167    

Slack (MET) :             0.172ns  (arrival time - required time)
  Source:                 u_fp_domain/u_apb2_async/u_ahb_to_apb_async_p/last_s_req_p_reg/C
                            (rising edge-triggered cell FDCE clocked by clk_out2_pll_50m  {rise@0.000ns fall@10.000ns period=20.000ns})
  Destination:            u_fp_domain/u_apb2_async/u_ahb_to_apb_async_p/s_trans_valid_reg_reg/D
                            (rising edge-triggered cell FDCE clocked by clk_out2_pll_50m  {rise@0.000ns fall@10.000ns period=20.000ns})
  Path Group:             clk_out2_pll_50m
  Path Type:              Hold (Min at Fast Process Corner)
  Requirement:            0.000ns  (clk_out2_pll_50m rise@0.000ns - clk_out2_pll_50m rise@0.000ns)
  Data Path Delay:        0.233ns  (logic 0.104ns (44.635%)  route 0.129ns (55.365%))
  Logic Levels:           1  (LUT4=1)
  Clock Path Skew:        0.005ns (DCD - SCD - CPR)
    Destination Clock Delay (DCD):    -1.401ns
    Source Clock Delay      (SCD):    -1.002ns
    Clock Pessimism Removal (CPR):    -0.404ns
  Clock Net Delay (Source):      0.879ns (routing 0.370ns, distribution 0.509ns)
  Clock Net Delay (Destination): 1.035ns (routing 0.411ns, distribution 0.624ns)

    Location             Delay type                Incr(ns)  Path(ns)    Netlist Resource(s)
  -------------------------------------------------------------------    -------------------
                         (clock clk_out2_pll_50m rise edge)
                                                      0.000     0.000 r  
    D24                  IBUFCTRL                     0.000     0.000 r  CLK_IBUF_inst/IBUFCTRL_INST/O
                         net (fo=7, routed)           0.405     0.405    u_fpga_platform/u_pll0/inst/clk_in1
    MMCME3_ADV_X2Y3      MMCME3_ADV (Prop_MMCME3_ADV_CLKIN1_CLKOUT1)
                                                     -2.480    -2.075 r  u_fpga_platform/u_pll0/inst/mmcme3_adv_inst/CLKOUT1
                         net (fo=1, routed)           0.167    -1.908    u_fpga_platform/u_pll0/inst/clk_out2_pll_50m
    BUFGCE_X2Y73         BUFGCE (Prop_BUFCE_BUFGCE_I_O)
                                                      0.027    -1.881 r  u_fpga_platform/u_pll0/inst/clkout2_buf/O
    X4Y2 (CLOCK_ROOT)    net (fo=8, routed)           0.879    -1.002    u_fp_domain/u_apb2_async/u_ahb_to_apb_async_p/clk_out2
    SLICE_X99Y120        FDCE                                         r  u_fp_domain/u_apb2_async/u_ahb_to_apb_async_p/last_s_req_p_reg/C
  -------------------------------------------------------------------    -------------------
    SLICE_X99Y120        FDCE (Prop_AFF_SLICEL_C_Q)
                                                      0.049    -0.953 r  u_fp_domain/u_apb2_async/u_ahb_to_apb_async_p/last_s_req_p_reg/Q
                         net (fo=3, routed)           0.118    -0.835    u_fp_domain/u_apb2_async/u_ahb_to_apb_async_p/last_s_req_p_reg_n_0
    SLICE_X99Y120        LUT4 (Prop_D5LUT_SLICEL_I1_O)
                                                      0.055    -0.780 r  u_fp_domain/u_apb2_async/u_ahb_to_apb_async_p/s_trans_valid_reg_i_1__0/O
                         net (fo=1, routed)           0.011    -0.769    u_fp_domain/u_apb2_async/u_ahb_to_apb_async_p/s_trans_valid_reg_i_1__0_n_0
    SLICE_X99Y120        FDCE                                         r  u_fp_domain/u_apb2_async/u_ahb_to_apb_async_p/s_trans_valid_reg_reg/D
  -------------------------------------------------------------------    -------------------

                         (clock clk_out2_pll_50m rise edge)
                                                      0.000     0.000 r  
    D24                  IBUFCTRL                     0.000     0.000 r  CLK_IBUF_inst/IBUFCTRL_INST/O
                         net (fo=7, routed)           0.457     0.457    u_fpga_platform/u_pll0/inst/clk_in1
    MMCME3_ADV_X2Y3      MMCME3_ADV (Prop_MMCME3_ADV_CLKIN1_CLKOUT1)
                                                     -3.133    -2.676 r  u_fpga_platform/u_pll0/inst/mmcme3_adv_inst/CLKOUT1
                         net (fo=1, routed)           0.209    -2.467    u_fpga_platform/u_pll0/inst/clk_out2_pll_50m
    BUFGCE_X2Y73         BUFGCE (Prop_BUFCE_BUFGCE_I_O)
                                                      0.031    -2.436 r  u_fpga_platform/u_pll0/inst/clkout2_buf/O
    X4Y2 (CLOCK_ROOT)    net (fo=8, routed)           1.035    -1.401    u_fp_domain/u_apb2_async/u_ahb_to_apb_async_p/clk_out2
    SLICE_X99Y120        FDCE                                         r  u_fp_domain/u_apb2_async/u_ahb_to_apb_async_p/s_trans_valid_reg_reg/C
                         clock pessimism              0.404    -0.997    
    SLICE_X99Y120        FDCE (Hold_DFF2_SLICEL_C_D)
                                                      0.056    -0.941    u_fp_domain/u_apb2_async/u_ahb_to_apb_async_p/s_trans_valid_reg_reg
  -------------------------------------------------------------------
                         required time                          0.941    
                         arrival time                          -0.769    
  -------------------------------------------------------------------
                         slack                                  0.172    

Slack (MET) :             0.229ns  (arrival time - required time)
  Source:                 u_fp_domain/u_apb2_async/u_ahb_to_apb_async_syn_1/sync_reg_2_reg/C
                            (rising edge-triggered cell FDCE clocked by clk_out2_pll_50m  {rise@0.000ns fall@10.000ns period=20.000ns})
  Destination:            u_fp_domain/u_apb2_async/u_ahb_to_apb_async_p/last_s_req_p_reg/D
                            (rising edge-triggered cell FDCE clocked by clk_out2_pll_50m  {rise@0.000ns fall@10.000ns period=20.000ns})
  Path Group:             clk_out2_pll_50m
  Path Type:              Hold (Min at Fast Process Corner)
  Requirement:            0.000ns  (clk_out2_pll_50m rise@0.000ns - clk_out2_pll_50m rise@0.000ns)
  Data Path Delay:        0.290ns  (logic 0.048ns (16.552%)  route 0.242ns (83.448%))
  Logic Levels:           0  
  Clock Path Skew:        0.005ns (DCD - SCD - CPR)
    Destination Clock Delay (DCD):    -1.401ns
    Source Clock Delay      (SCD):    -1.002ns
    Clock Pessimism Removal (CPR):    -0.404ns
  Clock Net Delay (Source):      0.879ns (routing 0.370ns, distribution 0.509ns)
  Clock Net Delay (Destination): 1.035ns (routing 0.411ns, distribution 0.624ns)

    Location             Delay type                Incr(ns)  Path(ns)    Netlist Resource(s)
  -------------------------------------------------------------------    -------------------
                         (clock clk_out2_pll_50m rise edge)
                                                      0.000     0.000 r  
    D24                  IBUFCTRL                     0.000     0.000 r  CLK_IBUF_inst/IBUFCTRL_INST/O
                         net (fo=7, routed)           0.405     0.405    u_fpga_platform/u_pll0/inst/clk_in1
    MMCME3_ADV_X2Y3      MMCME3_ADV (Prop_MMCME3_ADV_CLKIN1_CLKOUT1)
                                                     -2.480    -2.075 r  u_fpga_platform/u_pll0/inst/mmcme3_adv_inst/CLKOUT1
                         net (fo=1, routed)           0.167    -1.908    u_fpga_platform/u_pll0/inst/clk_out2_pll_50m
    BUFGCE_X2Y73         BUFGCE (Prop_BUFCE_BUFGCE_I_O)
                                                      0.027    -1.881 r  u_fpga_platform/u_pll0/inst/clkout2_buf/O
    X4Y2 (CLOCK_ROOT)    net (fo=8, routed)           0.879    -1.002    u_fp_domain/u_apb2_async/u_ahb_to_apb_async_syn_1/clk_out2
    SLICE_X99Y120        FDCE                                         r  u_fp_domain/u_apb2_async/u_ahb_to_apb_async_syn_1/sync_reg_2_reg/C
  -------------------------------------------------------------------    -------------------
    SLICE_X99Y120        FDCE (Prop_BFF2_SLICEL_C_Q)
                                                      0.048    -0.954 r  u_fp_domain/u_apb2_async/u_ahb_to_apb_async_syn_1/sync_reg_2_reg/Q
                         net (fo=5, routed)           0.242    -0.712    u_fp_domain/u_apb2_async/u_ahb_to_apb_async_p/last_s_req_p_reg_0
    SLICE_X99Y120        FDCE                                         r  u_fp_domain/u_apb2_async/u_ahb_to_apb_async_p/last_s_req_p_reg/D
  -------------------------------------------------------------------    -------------------

                         (clock clk_out2_pll_50m rise edge)
                                                      0.000     0.000 r  
    D24                  IBUFCTRL                     0.000     0.000 r  CLK_IBUF_inst/IBUFCTRL_INST/O
                         net (fo=7, routed)           0.457     0.457    u_fpga_platform/u_pll0/inst/clk_in1
    MMCME3_ADV_X2Y3      MMCME3_ADV (Prop_MMCME3_ADV_CLKIN1_CLKOUT1)
                                                     -3.133    -2.676 r  u_fpga_platform/u_pll0/inst/mmcme3_adv_inst/CLKOUT1
                         net (fo=1, routed)           0.209    -2.467    u_fpga_platform/u_pll0/inst/clk_out2_pll_50m
    BUFGCE_X2Y73         BUFGCE (Prop_BUFCE_BUFGCE_I_O)
                                                      0.031    -2.436 r  u_fpga_platform/u_pll0/inst/clkout2_buf/O
    X4Y2 (CLOCK_ROOT)    net (fo=8, routed)           1.035    -1.401    u_fp_domain/u_apb2_async/u_ahb_to_apb_async_p/clk_out2
    SLICE_X99Y120        FDCE                                         r  u_fp_domain/u_apb2_async/u_ahb_to_apb_async_p/last_s_req_p_reg/C
                         clock pessimism              0.404    -0.997    
    SLICE_X99Y120        FDCE (Hold_AFF_SLICEL_C_D)
                                                      0.056    -0.941    u_fp_domain/u_apb2_async/u_ahb_to_apb_async_p/last_s_req_p_reg
  -------------------------------------------------------------------
                         required time                          0.941    
                         arrival time                          -0.712    
  -------------------------------------------------------------------
                         slack                                  0.229    





Pulse Width Checks
--------------------------------------------------------------------------------------
Clock Name:         clk_out2_pll_50m
Waveform(ns):       { 0.000 10.000 }
Period(ns):         20.000
Sources:            { u_fpga_platform/u_pll0/inst/mmcme3_adv_inst/CLKOUT1 }

Check Type        Corner  Lib Pin             Reference Pin  Required(ns)  Actual(ns)  Slack(ns)  Location         Pin
Min Period        n/a     BUFGCE/I            n/a            1.379         20.000      18.621     BUFGCE_X2Y73     u_fpga_platform/u_pll0/inst/clkout2_buf/I
Min Period        n/a     MMCME3_ADV/CLKOUT1  n/a            1.071         20.000      18.929     MMCME3_ADV_X2Y3  u_fpga_platform/u_pll0/inst/mmcme3_adv_inst/CLKOUT1
Min Period        n/a     FDPE/C              n/a            0.550         20.000      19.450     SLICE_X99Y120    u_fp_domain/u_apb2_async/u_ahb_to_apb_async_p/FSM_onehot_curr_state_reg[0]/C
Min Period        n/a     FDCE/C              n/a            0.550         20.000      19.450     SLICE_X99Y120    u_fp_domain/u_apb2_async/u_ahb_to_apb_async_p/FSM_onehot_curr_state_reg[1]/C
Min Period        n/a     FDCE/C              n/a            0.550         20.000      19.450     SLICE_X99Y120    u_fp_domain/u_apb2_async/u_ahb_to_apb_async_p/FSM_onehot_curr_state_reg[2]/C
Min Period        n/a     FDCE/C              n/a            0.550         20.000      19.450     SLICE_X99Y120    u_fp_domain/u_apb2_async/u_ahb_to_apb_async_p/last_s_req_p_reg/C
Min Period        n/a     FDCE/C              n/a            0.550         20.000      19.450     SLICE_X99Y120    u_fp_domain/u_apb2_async/u_ahb_to_apb_async_p/reg_s_ack_p_reg/C
Min Period        n/a     FDCE/C              n/a            0.550         20.000      19.450     SLICE_X99Y120    u_fp_domain/u_apb2_async/u_ahb_to_apb_async_p/s_trans_valid_reg_reg/C
Min Period        n/a     FDCE/C              n/a            0.550         20.000      19.450     SLICE_X99Y120    u_fp_domain/u_apb2_async/u_ahb_to_apb_async_syn_1/sync_reg_1_reg/C
Min Period        n/a     FDCE/C              n/a            0.550         20.000      19.450     SLICE_X99Y120    u_fp_domain/u_apb2_async/u_ahb_to_apb_async_syn_1/sync_reg_2_reg/C
Low Pulse Width   Slow    FDPE/C              n/a            0.275         10.000      9.725      SLICE_X99Y120    u_fp_domain/u_apb2_async/u_ahb_to_apb_async_p/FSM_onehot_curr_state_reg[0]/C
Low Pulse Width   Fast    FDPE/C              n/a            0.275         10.000      9.725      SLICE_X99Y120    u_fp_domain/u_apb2_async/u_ahb_to_apb_async_p/FSM_onehot_curr_state_reg[0]/C
Low Pulse Width   Slow    FDCE/C              n/a            0.275         10.000      9.725      SLICE_X99Y120    u_fp_domain/u_apb2_async/u_ahb_to_apb_async_p/FSM_onehot_curr_state_reg[1]/C
Low Pulse Width   Fast    FDCE/C              n/a            0.275         10.000      9.725      SLICE_X99Y120    u_fp_domain/u_apb2_async/u_ahb_to_apb_async_p/FSM_onehot_curr_state_reg[1]/C
Low Pulse Width   Slow    FDCE/C              n/a            0.275         10.000      9.725      SLICE_X99Y120    u_fp_domain/u_apb2_async/u_ahb_to_apb_async_p/FSM_onehot_curr_state_reg[2]/C
Low Pulse Width   Fast    FDCE/C              n/a            0.275         10.000      9.725      SLICE_X99Y120    u_fp_domain/u_apb2_async/u_ahb_to_apb_async_p/FSM_onehot_curr_state_reg[2]/C
Low Pulse Width   Slow    FDCE/C              n/a            0.275         10.000      9.725      SLICE_X99Y120    u_fp_domain/u_apb2_async/u_ahb_to_apb_async_p/last_s_req_p_reg/C
Low Pulse Width   Fast    FDCE/C              n/a            0.275         10.000      9.725      SLICE_X99Y120    u_fp_domain/u_apb2_async/u_ahb_to_apb_async_p/last_s_req_p_reg/C
Low Pulse Width   Slow    FDCE/C              n/a            0.275         10.000      9.725      SLICE_X99Y120    u_fp_domain/u_apb2_async/u_ahb_to_apb_async_p/reg_s_ack_p_reg/C
Low Pulse Width   Fast    FDCE/C              n/a            0.275         10.000      9.725      SLICE_X99Y120    u_fp_domain/u_apb2_async/u_ahb_to_apb_async_p/reg_s_ack_p_reg/C
High Pulse Width  Slow    FDPE/C              n/a            0.275         10.000      9.725      SLICE_X99Y120    u_fp_domain/u_apb2_async/u_ahb_to_apb_async_p/FSM_onehot_curr_state_reg[0]/C
High Pulse Width  Fast    FDPE/C              n/a            0.275         10.000      9.725      SLICE_X99Y120    u_fp_domain/u_apb2_async/u_ahb_to_apb_async_p/FSM_onehot_curr_state_reg[0]/C
High Pulse Width  Slow    FDCE/C              n/a            0.275         10.000      9.725      SLICE_X99Y120    u_fp_domain/u_apb2_async/u_ahb_to_apb_async_p/FSM_onehot_curr_state_reg[1]/C
High Pulse Width  Fast    FDCE/C              n/a            0.275         10.000      9.725      SLICE_X99Y120    u_fp_domain/u_apb2_async/u_ahb_to_apb_async_p/FSM_onehot_curr_state_reg[1]/C
High Pulse Width  Slow    FDCE/C              n/a            0.275         10.000      9.725      SLICE_X99Y120    u_fp_domain/u_apb2_async/u_ahb_to_apb_async_p/FSM_onehot_curr_state_reg[2]/C
High Pulse Width  Fast    FDCE/C              n/a            0.275         10.000      9.725      SLICE_X99Y120    u_fp_domain/u_apb2_async/u_ahb_to_apb_async_p/FSM_onehot_curr_state_reg[2]/C
High Pulse Width  Slow    FDCE/C              n/a            0.275         10.000      9.725      SLICE_X99Y120    u_fp_domain/u_apb2_async/u_ahb_to_apb_async_p/last_s_req_p_reg/C
High Pulse Width  Fast    FDCE/C              n/a            0.275         10.000      9.725      SLICE_X99Y120    u_fp_domain/u_apb2_async/u_ahb_to_apb_async_p/last_s_req_p_reg/C
High Pulse Width  Slow    FDCE/C              n/a            0.275         10.000      9.725      SLICE_X99Y120    u_fp_domain/u_apb2_async/u_ahb_to_apb_async_p/reg_s_ack_p_reg/C
High Pulse Width  Fast    FDCE/C              n/a            0.275         10.000      9.725      SLICE_X99Y120    u_fp_domain/u_apb2_async/u_ahb_to_apb_async_p/reg_s_ack_p_reg/C



---------------------------------------------------------------------------------------------------
From Clock:  clk_out3_pll_50m
  To Clock:  clk_out3_pll_50m

Setup :            0  Failing Endpoints,  Worst Slack       11.859ns,  Total Violation        0.000ns
Hold  :            0  Failing Endpoints,  Worst Slack        0.070ns,  Total Violation        0.000ns
PW    :            0  Failing Endpoints,  Worst Slack        5.975ns,  Total Violation        0.000ns
---------------------------------------------------------------------------------------------------


Max Delay Paths
--------------------------------------------------------------------------------------
Slack (MET) :             11.859ns  (required time - arrival time)
  Source:                 u_fpga_platform/u_lsi/clk_cnt_reg[1]/C
                            (rising edge-triggered cell FDCE clocked by clk_out3_pll_50m  {rise@0.000ns fall@6.250ns period=12.500ns})
  Destination:            u_fpga_platform/u_lsi/outclk1_reg/D
                            (rising edge-triggered cell FDCE clocked by clk_out3_pll_50m  {rise@0.000ns fall@6.250ns period=12.500ns})
  Path Group:             clk_out3_pll_50m
  Path Type:              Setup (Max at Slow Process Corner)
  Requirement:            12.500ns  (clk_out3_pll_50m rise@12.500ns - clk_out3_pll_50m rise@0.000ns)
  Data Path Delay:        0.630ns  (logic 0.248ns (39.365%)  route 0.382ns (60.635%))
  Logic Levels:           1  (LUT5=1)
  Clock Path Skew:        -0.003ns (DCD - SCD + CPR)
    Destination Clock Delay (DCD):    -1.586ns = ( 10.914 - 12.500 ) 
    Source Clock Delay      (SCD):    -1.512ns
    Clock Pessimism Removal (CPR):    0.071ns
  Clock Uncertainty:      0.070ns  ((TSJ^2 + DJ^2)^1/2) / 2 + PE
    Total System Jitter     (TSJ):    0.071ns
    Discrete Jitter          (DJ):    0.120ns
    Phase Error              (PE):    0.000ns
  Clock Net Delay (Source):      2.244ns (routing 0.957ns, distribution 1.287ns)
  Clock Net Delay (Destination): 2.000ns (routing 0.878ns, distribution 1.122ns)

    Location             Delay type                Incr(ns)  Path(ns)    Netlist Resource(s)
  -------------------------------------------------------------------    -------------------
                         (clock clk_out3_pll_50m rise edge)
                                                      0.000     0.000 r  
    D24                  IBUFCTRL                     0.000     0.000 r  CLK_IBUF_inst/IBUFCTRL_INST/O
                         net (fo=7, routed)           0.865     0.865    u_fpga_platform/u_pll0/inst/clk_in1
    MMCME3_ADV_X2Y3      MMCME3_ADV (Prop_MMCME3_ADV_CLKIN1_CLKOUT2)
                                                     -5.141    -4.276 r  u_fpga_platform/u_pll0/inst/mmcme3_adv_inst/CLKOUT2
                         net (fo=1, routed)           0.437    -3.839    u_fpga_platform/u_pll0/inst/clk_out3_pll_50m
    BUFGCE_X2Y95         BUFGCE (Prop_BUFCE_BUFGCE_I_O)
                                                      0.083    -3.756 r  u_fpga_platform/u_pll0/inst/clkout3_buf/O
    X4Y2 (CLOCK_ROOT)    net (fo=5, routed)           2.244    -1.512    u_fpga_platform/u_lsi/CLK
    SLICE_X96Y157        FDCE                                         r  u_fpga_platform/u_lsi/clk_cnt_reg[1]/C
  -------------------------------------------------------------------    -------------------
    SLICE_X96Y157        FDCE (Prop_DFF_SLICEL_C_Q)
                                                      0.114    -1.398 r  u_fpga_platform/u_lsi/clk_cnt_reg[1]/Q
                         net (fo=4, routed)           0.347    -1.051    u_fpga_platform/u_lsi/clk_cnt[1]
    SLICE_X96Y157        LUT5 (Prop_C5LUT_SLICEL_I1_O)
                                                      0.134    -0.917 r  u_fpga_platform/u_lsi/outclk1_i_1/O
                         net (fo=1, routed)           0.035    -0.882    u_fpga_platform/u_lsi/outclk1_i_1_n_0
    SLICE_X96Y157        FDCE                                         r  u_fpga_platform/u_lsi/outclk1_reg/D
  -------------------------------------------------------------------    -------------------

                         (clock clk_out3_pll_50m rise edge)
                                                     12.500    12.500 r  
    D24                  IBUFCTRL                     0.000    12.500 r  CLK_IBUF_inst/IBUFCTRL_INST/O
                         net (fo=7, routed)           0.778    13.278    u_fpga_platform/u_pll0/inst/clk_in1
    MMCME3_ADV_X2Y3      MMCME3_ADV (Prop_MMCME3_ADV_CLKIN1_CLKOUT2)
                                                     -4.811     8.467 r  u_fpga_platform/u_pll0/inst/mmcme3_adv_inst/CLKOUT2
                         net (fo=1, routed)           0.372     8.839    u_fpga_platform/u_pll0/inst/clk_out3_pll_50m
    BUFGCE_X2Y95         BUFGCE (Prop_BUFCE_BUFGCE_I_O)
                                                      0.075     8.914 r  u_fpga_platform/u_pll0/inst/clkout3_buf/O
    X4Y2 (CLOCK_ROOT)    net (fo=5, routed)           2.000    10.914    u_fpga_platform/u_lsi/CLK
    SLICE_X96Y157        FDCE                                         r  u_fpga_platform/u_lsi/outclk1_reg/C
                         clock pessimism              0.071    10.985    
                         clock uncertainty           -0.070    10.915    
    SLICE_X96Y157        FDCE (Setup_CFF2_SLICEL_C_D)
                                                      0.062    10.977    u_fpga_platform/u_lsi/outclk1_reg
  -------------------------------------------------------------------
                         required time                         10.977    
                         arrival time                           0.882    
  -------------------------------------------------------------------
                         slack                                 11.859    

Slack (MET) :             11.860ns  (required time - arrival time)
  Source:                 u_fpga_platform/u_lsi/clk_cnt_reg[1]/C
                            (rising edge-triggered cell FDCE clocked by clk_out3_pll_50m  {rise@0.000ns fall@6.250ns period=12.500ns})
  Destination:            u_fpga_platform/u_lsi/clk_cnt_reg[3]/D
                            (rising edge-triggered cell FDCE clocked by clk_out3_pll_50m  {rise@0.000ns fall@6.250ns period=12.500ns})
  Path Group:             clk_out3_pll_50m
  Path Type:              Setup (Max at Slow Process Corner)
  Requirement:            12.500ns  (clk_out3_pll_50m rise@12.500ns - clk_out3_pll_50m rise@0.000ns)
  Data Path Delay:        0.630ns  (logic 0.247ns (39.206%)  route 0.383ns (60.794%))
  Logic Levels:           1  (LUT4=1)
  Clock Path Skew:        -0.003ns (DCD - SCD + CPR)
    Destination Clock Delay (DCD):    -1.586ns = ( 10.914 - 12.500 ) 
    Source Clock Delay      (SCD):    -1.512ns
    Clock Pessimism Removal (CPR):    0.071ns
  Clock Uncertainty:      0.070ns  ((TSJ^2 + DJ^2)^1/2) / 2 + PE
    Total System Jitter     (TSJ):    0.071ns
    Discrete Jitter          (DJ):    0.120ns
    Phase Error              (PE):    0.000ns
  Clock Net Delay (Source):      2.244ns (routing 0.957ns, distribution 1.287ns)
  Clock Net Delay (Destination): 2.000ns (routing 0.878ns, distribution 1.122ns)

    Location             Delay type                Incr(ns)  Path(ns)    Netlist Resource(s)
  -------------------------------------------------------------------    -------------------
                         (clock clk_out3_pll_50m rise edge)
                                                      0.000     0.000 r  
    D24                  IBUFCTRL                     0.000     0.000 r  CLK_IBUF_inst/IBUFCTRL_INST/O
                         net (fo=7, routed)           0.865     0.865    u_fpga_platform/u_pll0/inst/clk_in1
    MMCME3_ADV_X2Y3      MMCME3_ADV (Prop_MMCME3_ADV_CLKIN1_CLKOUT2)
                                                     -5.141    -4.276 r  u_fpga_platform/u_pll0/inst/mmcme3_adv_inst/CLKOUT2
                         net (fo=1, routed)           0.437    -3.839    u_fpga_platform/u_pll0/inst/clk_out3_pll_50m
    BUFGCE_X2Y95         BUFGCE (Prop_BUFCE_BUFGCE_I_O)
                                                      0.083    -3.756 r  u_fpga_platform/u_pll0/inst/clkout3_buf/O
    X4Y2 (CLOCK_ROOT)    net (fo=5, routed)           2.244    -1.512    u_fpga_platform/u_lsi/CLK
    SLICE_X96Y157        FDCE                                         r  u_fpga_platform/u_lsi/clk_cnt_reg[1]/C
  -------------------------------------------------------------------    -------------------
    SLICE_X96Y157        FDCE (Prop_DFF_SLICEL_C_Q)
                                                      0.114    -1.398 r  u_fpga_platform/u_lsi/clk_cnt_reg[1]/Q
                         net (fo=4, routed)           0.348    -1.050    u_fpga_platform/u_lsi/clk_cnt[1]
    SLICE_X96Y157        LUT4 (Prop_D5LUT_SLICEL_I2_O)
                                                      0.133    -0.917 r  u_fpga_platform/u_lsi/clk_cnt[3]_i_1/O
                         net (fo=1, routed)           0.035    -0.882    u_fpga_platform/u_lsi/clk_cnt[3]_i_1_n_0
    SLICE_X96Y157        FDCE                                         r  u_fpga_platform/u_lsi/clk_cnt_reg[3]/D
  -------------------------------------------------------------------    -------------------

                         (clock clk_out3_pll_50m rise edge)
                                                     12.500    12.500 r  
    D24                  IBUFCTRL                     0.000    12.500 r  CLK_IBUF_inst/IBUFCTRL_INST/O
                         net (fo=7, routed)           0.778    13.278    u_fpga_platform/u_pll0/inst/clk_in1
    MMCME3_ADV_X2Y3      MMCME3_ADV (Prop_MMCME3_ADV_CLKIN1_CLKOUT2)
                                                     -4.811     8.467 r  u_fpga_platform/u_pll0/inst/mmcme3_adv_inst/CLKOUT2
                         net (fo=1, routed)           0.372     8.839    u_fpga_platform/u_pll0/inst/clk_out3_pll_50m
    BUFGCE_X2Y95         BUFGCE (Prop_BUFCE_BUFGCE_I_O)
                                                      0.075     8.914 r  u_fpga_platform/u_pll0/inst/clkout3_buf/O
    X4Y2 (CLOCK_ROOT)    net (fo=5, routed)           2.000    10.914    u_fpga_platform/u_lsi/CLK
    SLICE_X96Y157        FDCE                                         r  u_fpga_platform/u_lsi/clk_cnt_reg[3]/C
                         clock pessimism              0.071    10.985    
                         clock uncertainty           -0.070    10.915    
    SLICE_X96Y157        FDCE (Setup_DFF2_SLICEL_C_D)
                                                      0.063    10.978    u_fpga_platform/u_lsi/clk_cnt_reg[3]
  -------------------------------------------------------------------
                         required time                         10.978    
                         arrival time                           0.882    
  -------------------------------------------------------------------
                         slack                                 11.860    

Slack (MET) :             11.881ns  (required time - arrival time)
  Source:                 u_fpga_platform/u_lsi/clk_cnt_reg[1]/C
                            (rising edge-triggered cell FDCE clocked by clk_out3_pll_50m  {rise@0.000ns fall@6.250ns period=12.500ns})
  Destination:            u_fpga_platform/u_lsi/clk_cnt_reg[2]/D
                            (rising edge-triggered cell FDCE clocked by clk_out3_pll_50m  {rise@0.000ns fall@6.250ns period=12.500ns})
  Path Group:             clk_out3_pll_50m
  Path Type:              Setup (Max at Slow Process Corner)
  Requirement:            12.500ns  (clk_out3_pll_50m rise@12.500ns - clk_out3_pll_50m rise@0.000ns)
  Data Path Delay:        0.605ns  (logic 0.229ns (37.851%)  route 0.376ns (62.149%))
  Logic Levels:           1  (LUT4=1)
  Clock Path Skew:        -0.003ns (DCD - SCD + CPR)
    Destination Clock Delay (DCD):    -1.586ns = ( 10.914 - 12.500 ) 
    Source Clock Delay      (SCD):    -1.512ns
    Clock Pessimism Removal (CPR):    0.071ns
  Clock Uncertainty:      0.070ns  ((TSJ^2 + DJ^2)^1/2) / 2 + PE
    Total System Jitter     (TSJ):    0.071ns
    Discrete Jitter          (DJ):    0.120ns
    Phase Error              (PE):    0.000ns
  Clock Net Delay (Source):      2.244ns (routing 0.957ns, distribution 1.287ns)
  Clock Net Delay (Destination): 2.000ns (routing 0.878ns, distribution 1.122ns)

    Location             Delay type                Incr(ns)  Path(ns)    Netlist Resource(s)
  -------------------------------------------------------------------    -------------------
                         (clock clk_out3_pll_50m rise edge)
                                                      0.000     0.000 r  
    D24                  IBUFCTRL                     0.000     0.000 r  CLK_IBUF_inst/IBUFCTRL_INST/O
                         net (fo=7, routed)           0.865     0.865    u_fpga_platform/u_pll0/inst/clk_in1
    MMCME3_ADV_X2Y3      MMCME3_ADV (Prop_MMCME3_ADV_CLKIN1_CLKOUT2)
                                                     -5.141    -4.276 r  u_fpga_platform/u_pll0/inst/mmcme3_adv_inst/CLKOUT2
                         net (fo=1, routed)           0.437    -3.839    u_fpga_platform/u_pll0/inst/clk_out3_pll_50m
    BUFGCE_X2Y95         BUFGCE (Prop_BUFCE_BUFGCE_I_O)
                                                      0.083    -3.756 r  u_fpga_platform/u_pll0/inst/clkout3_buf/O
    X4Y2 (CLOCK_ROOT)    net (fo=5, routed)           2.244    -1.512    u_fpga_platform/u_lsi/CLK
    SLICE_X96Y157        FDCE                                         r  u_fpga_platform/u_lsi/clk_cnt_reg[1]/C
  -------------------------------------------------------------------    -------------------
    SLICE_X96Y157        FDCE (Prop_DFF_SLICEL_C_Q)
                                                      0.114    -1.398 r  u_fpga_platform/u_lsi/clk_cnt_reg[1]/Q
                         net (fo=4, routed)           0.347    -1.051    u_fpga_platform/u_lsi/clk_cnt[1]
    SLICE_X96Y157        LUT4 (Prop_C6LUT_SLICEL_I2_O)
                                                      0.115    -0.936 r  u_fpga_platform/u_lsi/clk_cnt[2]_i_1/O
                         net (fo=1, routed)           0.029    -0.907    u_fpga_platform/u_lsi/clk_cnt[2]_i_1_n_0
    SLICE_X96Y157        FDCE                                         r  u_fpga_platform/u_lsi/clk_cnt_reg[2]/D
  -------------------------------------------------------------------    -------------------

                         (clock clk_out3_pll_50m rise edge)
                                                     12.500    12.500 r  
    D24                  IBUFCTRL                     0.000    12.500 r  CLK_IBUF_inst/IBUFCTRL_INST/O
                         net (fo=7, routed)           0.778    13.278    u_fpga_platform/u_pll0/inst/clk_in1
    MMCME3_ADV_X2Y3      MMCME3_ADV (Prop_MMCME3_ADV_CLKIN1_CLKOUT2)
                                                     -4.811     8.467 r  u_fpga_platform/u_pll0/inst/mmcme3_adv_inst/CLKOUT2
                         net (fo=1, routed)           0.372     8.839    u_fpga_platform/u_pll0/inst/clk_out3_pll_50m
    BUFGCE_X2Y95         BUFGCE (Prop_BUFCE_BUFGCE_I_O)
                                                      0.075     8.914 r  u_fpga_platform/u_pll0/inst/clkout3_buf/O
    X4Y2 (CLOCK_ROOT)    net (fo=5, routed)           2.000    10.914    u_fpga_platform/u_lsi/CLK
    SLICE_X96Y157        FDCE                                         r  u_fpga_platform/u_lsi/clk_cnt_reg[2]/C
                         clock pessimism              0.071    10.985    
                         clock uncertainty           -0.070    10.915    
    SLICE_X96Y157        FDCE (Setup_CFF_SLICEL_C_D)
                                                      0.059    10.974    u_fpga_platform/u_lsi/clk_cnt_reg[2]
  -------------------------------------------------------------------
                         required time                         10.974    
                         arrival time                           0.907    
  -------------------------------------------------------------------
                         slack                                 11.881    

Slack (MET) :             11.882ns  (required time - arrival time)
  Source:                 u_fpga_platform/u_lsi/clk_cnt_reg[1]/C
                            (rising edge-triggered cell FDCE clocked by clk_out3_pll_50m  {rise@0.000ns fall@6.250ns period=12.500ns})
  Destination:            u_fpga_platform/u_lsi/clk_cnt_reg[1]/D
                            (rising edge-triggered cell FDCE clocked by clk_out3_pll_50m  {rise@0.000ns fall@6.250ns period=12.500ns})
  Path Group:             clk_out3_pll_50m
  Path Type:              Setup (Max at Slow Process Corner)
  Requirement:            12.500ns  (clk_out3_pll_50m rise@12.500ns - clk_out3_pll_50m rise@0.000ns)
  Data Path Delay:        0.604ns  (logic 0.229ns (37.914%)  route 0.375ns (62.086%))
  Logic Levels:           1  (LUT2=1)
  Clock Path Skew:        -0.003ns (DCD - SCD + CPR)
    Destination Clock Delay (DCD):    -1.586ns = ( 10.914 - 12.500 ) 
    Source Clock Delay      (SCD):    -1.512ns
    Clock Pessimism Removal (CPR):    0.071ns
  Clock Uncertainty:      0.070ns  ((TSJ^2 + DJ^2)^1/2) / 2 + PE
    Total System Jitter     (TSJ):    0.071ns
    Discrete Jitter          (DJ):    0.120ns
    Phase Error              (PE):    0.000ns
  Clock Net Delay (Source):      2.244ns (routing 0.957ns, distribution 1.287ns)
  Clock Net Delay (Destination): 2.000ns (routing 0.878ns, distribution 1.122ns)

    Location             Delay type                Incr(ns)  Path(ns)    Netlist Resource(s)
  -------------------------------------------------------------------    -------------------
                         (clock clk_out3_pll_50m rise edge)
                                                      0.000     0.000 r  
    D24                  IBUFCTRL                     0.000     0.000 r  CLK_IBUF_inst/IBUFCTRL_INST/O
                         net (fo=7, routed)           0.865     0.865    u_fpga_platform/u_pll0/inst/clk_in1
    MMCME3_ADV_X2Y3      MMCME3_ADV (Prop_MMCME3_ADV_CLKIN1_CLKOUT2)
                                                     -5.141    -4.276 r  u_fpga_platform/u_pll0/inst/mmcme3_adv_inst/CLKOUT2
                         net (fo=1, routed)           0.437    -3.839    u_fpga_platform/u_pll0/inst/clk_out3_pll_50m
    BUFGCE_X2Y95         BUFGCE (Prop_BUFCE_BUFGCE_I_O)
                                                      0.083    -3.756 r  u_fpga_platform/u_pll0/inst/clkout3_buf/O
    X4Y2 (CLOCK_ROOT)    net (fo=5, routed)           2.244    -1.512    u_fpga_platform/u_lsi/CLK
    SLICE_X96Y157        FDCE                                         r  u_fpga_platform/u_lsi/clk_cnt_reg[1]/C
  -------------------------------------------------------------------    -------------------
    SLICE_X96Y157        FDCE (Prop_DFF_SLICEL_C_Q)
                                                      0.114    -1.398 r  u_fpga_platform/u_lsi/clk_cnt_reg[1]/Q
                         net (fo=4, routed)           0.348    -1.050    u_fpga_platform/u_lsi/clk_cnt[1]
    SLICE_X96Y157        LUT2 (Prop_D6LUT_SLICEL_I0_O)
                                                      0.115    -0.935 r  u_fpga_platform/u_lsi/clk_cnt[1]_i_1/O
                         net (fo=1, routed)           0.027    -0.908    u_fpga_platform/u_lsi/clk_cnt[1]_i_1_n_0
    SLICE_X96Y157        FDCE                                         r  u_fpga_platform/u_lsi/clk_cnt_reg[1]/D
  -------------------------------------------------------------------    -------------------

                         (clock clk_out3_pll_50m rise edge)
                                                     12.500    12.500 r  
    D24                  IBUFCTRL                     0.000    12.500 r  CLK_IBUF_inst/IBUFCTRL_INST/O
                         net (fo=7, routed)           0.778    13.278    u_fpga_platform/u_pll0/inst/clk_in1
    MMCME3_ADV_X2Y3      MMCME3_ADV (Prop_MMCME3_ADV_CLKIN1_CLKOUT2)
                                                     -4.811     8.467 r  u_fpga_platform/u_pll0/inst/mmcme3_adv_inst/CLKOUT2
                         net (fo=1, routed)           0.372     8.839    u_fpga_platform/u_pll0/inst/clk_out3_pll_50m
    BUFGCE_X2Y95         BUFGCE (Prop_BUFCE_BUFGCE_I_O)
                                                      0.075     8.914 r  u_fpga_platform/u_pll0/inst/clkout3_buf/O
    X4Y2 (CLOCK_ROOT)    net (fo=5, routed)           2.000    10.914    u_fpga_platform/u_lsi/CLK
    SLICE_X96Y157        FDCE                                         r  u_fpga_platform/u_lsi/clk_cnt_reg[1]/C
                         clock pessimism              0.071    10.985    
                         clock uncertainty           -0.070    10.915    
    SLICE_X96Y157        FDCE (Setup_DFF_SLICEL_C_D)
                                                      0.059    10.974    u_fpga_platform/u_lsi/clk_cnt_reg[1]
  -------------------------------------------------------------------
                         required time                         10.974    
                         arrival time                           0.908    
  -------------------------------------------------------------------
                         slack                                 11.882    

Slack (MET) :             12.158ns  (required time - arrival time)
  Source:                 u_fpga_platform/u_lsi/clk_cnt_reg[0]/C
                            (rising edge-triggered cell FDCE clocked by clk_out3_pll_50m  {rise@0.000ns fall@6.250ns period=12.500ns})
  Destination:            u_fpga_platform/u_lsi/clk_cnt_reg[0]/D
                            (rising edge-triggered cell FDCE clocked by clk_out3_pll_50m  {rise@0.000ns fall@6.250ns period=12.500ns})
  Path Group:             clk_out3_pll_50m
  Path Type:              Setup (Max at Slow Process Corner)
  Requirement:            12.500ns  (clk_out3_pll_50m rise@12.500ns - clk_out3_pll_50m rise@0.000ns)
  Data Path Delay:        0.331ns  (logic 0.217ns (65.559%)  route 0.114ns (34.441%))
  Logic Levels:           1  (LUT1=1)
  Clock Path Skew:        -0.003ns (DCD - SCD + CPR)
    Destination Clock Delay (DCD):    -1.586ns = ( 10.914 - 12.500 ) 
    Source Clock Delay      (SCD):    -1.512ns
    Clock Pessimism Removal (CPR):    0.071ns
  Clock Uncertainty:      0.070ns  ((TSJ^2 + DJ^2)^1/2) / 2 + PE
    Total System Jitter     (TSJ):    0.071ns
    Discrete Jitter          (DJ):    0.120ns
    Phase Error              (PE):    0.000ns
  Clock Net Delay (Source):      2.244ns (routing 0.957ns, distribution 1.287ns)
  Clock Net Delay (Destination): 2.000ns (routing 0.878ns, distribution 1.122ns)

    Location             Delay type                Incr(ns)  Path(ns)    Netlist Resource(s)
  -------------------------------------------------------------------    -------------------
                         (clock clk_out3_pll_50m rise edge)
                                                      0.000     0.000 r  
    D24                  IBUFCTRL                     0.000     0.000 r  CLK_IBUF_inst/IBUFCTRL_INST/O
                         net (fo=7, routed)           0.865     0.865    u_fpga_platform/u_pll0/inst/clk_in1
    MMCME3_ADV_X2Y3      MMCME3_ADV (Prop_MMCME3_ADV_CLKIN1_CLKOUT2)
                                                     -5.141    -4.276 r  u_fpga_platform/u_pll0/inst/mmcme3_adv_inst/CLKOUT2
                         net (fo=1, routed)           0.437    -3.839    u_fpga_platform/u_pll0/inst/clk_out3_pll_50m
    BUFGCE_X2Y95         BUFGCE (Prop_BUFCE_BUFGCE_I_O)
                                                      0.083    -3.756 r  u_fpga_platform/u_pll0/inst/clkout3_buf/O
    X4Y2 (CLOCK_ROOT)    net (fo=5, routed)           2.244    -1.512    u_fpga_platform/u_lsi/CLK
    SLICE_X96Y157        FDCE                                         r  u_fpga_platform/u_lsi/clk_cnt_reg[0]/C
  -------------------------------------------------------------------    -------------------
    SLICE_X96Y157        FDCE (Prop_BFF2_SLICEL_C_Q)
                                                      0.118    -1.394 f  u_fpga_platform/u_lsi/clk_cnt_reg[0]/Q
                         net (fo=5, routed)           0.069    -1.325    u_fpga_platform/u_lsi/clk_cnt[0]
    SLICE_X96Y157        LUT1 (Prop_B5LUT_SLICEL_I0_O)
                                                      0.099    -1.226 r  u_fpga_platform/u_lsi/clk_cnt[0]_i_1/O
                         net (fo=1, routed)           0.045    -1.181    u_fpga_platform/u_lsi/clk_cnt[0]_i_1_n_0
    SLICE_X96Y157        FDCE                                         r  u_fpga_platform/u_lsi/clk_cnt_reg[0]/D
  -------------------------------------------------------------------    -------------------

                         (clock clk_out3_pll_50m rise edge)
                                                     12.500    12.500 r  
    D24                  IBUFCTRL                     0.000    12.500 r  CLK_IBUF_inst/IBUFCTRL_INST/O
                         net (fo=7, routed)           0.778    13.278    u_fpga_platform/u_pll0/inst/clk_in1
    MMCME3_ADV_X2Y3      MMCME3_ADV (Prop_MMCME3_ADV_CLKIN1_CLKOUT2)
                                                     -4.811     8.467 r  u_fpga_platform/u_pll0/inst/mmcme3_adv_inst/CLKOUT2
                         net (fo=1, routed)           0.372     8.839    u_fpga_platform/u_pll0/inst/clk_out3_pll_50m
    BUFGCE_X2Y95         BUFGCE (Prop_BUFCE_BUFGCE_I_O)
                                                      0.075     8.914 r  u_fpga_platform/u_pll0/inst/clkout3_buf/O
    X4Y2 (CLOCK_ROOT)    net (fo=5, routed)           2.000    10.914    u_fpga_platform/u_lsi/CLK
    SLICE_X96Y157        FDCE                                         r  u_fpga_platform/u_lsi/clk_cnt_reg[0]/C
                         clock pessimism              0.071    10.985    
                         clock uncertainty           -0.070    10.915    
    SLICE_X96Y157        FDCE (Setup_BFF2_SLICEL_C_D)
                                                      0.062    10.977    u_fpga_platform/u_lsi/clk_cnt_reg[0]
  -------------------------------------------------------------------
                         required time                         10.977    
                         arrival time                           1.181    
  -------------------------------------------------------------------
                         slack                                 12.158    





Min Delay Paths
--------------------------------------------------------------------------------------
Slack (MET) :             0.070ns  (arrival time - required time)
  Source:                 u_fpga_platform/u_lsi/clk_cnt_reg[2]/C
                            (rising edge-triggered cell FDCE clocked by clk_out3_pll_50m  {rise@0.000ns fall@6.250ns period=12.500ns})
  Destination:            u_fpga_platform/u_lsi/clk_cnt_reg[2]/D
                            (rising edge-triggered cell FDCE clocked by clk_out3_pll_50m  {rise@0.000ns fall@6.250ns period=12.500ns})
  Path Group:             clk_out3_pll_50m
  Path Type:              Hold (Min at Fast Process Corner)
  Requirement:            0.000ns  (clk_out3_pll_50m rise@0.000ns - clk_out3_pll_50m rise@0.000ns)
  Data Path Delay:        0.131ns  (logic 0.078ns (59.542%)  route 0.053ns (40.458%))
  Logic Levels:           1  (LUT4=1)
  Clock Path Skew:        0.005ns (DCD - SCD - CPR)
    Destination Clock Delay (DCD):    -1.287ns
    Source Clock Delay      (SCD):    -0.898ns
    Clock Pessimism Removal (CPR):    -0.394ns
  Clock Net Delay (Source):      0.983ns (routing 0.447ns, distribution 0.536ns)
  Clock Net Delay (Destination): 1.149ns (routing 0.495ns, distribution 0.654ns)

    Location             Delay type                Incr(ns)  Path(ns)    Netlist Resource(s)
  -------------------------------------------------------------------    -------------------
                         (clock clk_out3_pll_50m rise edge)
                                                      0.000     0.000 r  
    D24                  IBUFCTRL                     0.000     0.000 r  CLK_IBUF_inst/IBUFCTRL_INST/O
                         net (fo=7, routed)           0.405     0.405    u_fpga_platform/u_pll0/inst/clk_in1
    MMCME3_ADV_X2Y3      MMCME3_ADV (Prop_MMCME3_ADV_CLKIN1_CLKOUT2)
                                                     -2.480    -2.075 r  u_fpga_platform/u_pll0/inst/mmcme3_adv_inst/CLKOUT2
                         net (fo=1, routed)           0.167    -1.908    u_fpga_platform/u_pll0/inst/clk_out3_pll_50m
    BUFGCE_X2Y95         BUFGCE (Prop_BUFCE_BUFGCE_I_O)
                                                      0.027    -1.881 r  u_fpga_platform/u_pll0/inst/clkout3_buf/O
    X4Y2 (CLOCK_ROOT)    net (fo=5, routed)           0.983    -0.898    u_fpga_platform/u_lsi/CLK
    SLICE_X96Y157        FDCE                                         r  u_fpga_platform/u_lsi/clk_cnt_reg[2]/C
  -------------------------------------------------------------------    -------------------
    SLICE_X96Y157        FDCE (Prop_CFF_SLICEL_C_Q)
                                                      0.048    -0.850 r  u_fpga_platform/u_lsi/clk_cnt_reg[2]/Q
                         net (fo=3, routed)           0.037    -0.813    u_fpga_platform/u_lsi/clk_cnt[2]
    SLICE_X96Y157        LUT4 (Prop_C6LUT_SLICEL_I1_O)
                                                      0.030    -0.783 r  u_fpga_platform/u_lsi/clk_cnt[2]_i_1/O
                         net (fo=1, routed)           0.016    -0.767    u_fpga_platform/u_lsi/clk_cnt[2]_i_1_n_0
    SLICE_X96Y157        FDCE                                         r  u_fpga_platform/u_lsi/clk_cnt_reg[2]/D
  -------------------------------------------------------------------    -------------------

                         (clock clk_out3_pll_50m rise edge)
                                                      0.000     0.000 r  
    D24                  IBUFCTRL                     0.000     0.000 r  CLK_IBUF_inst/IBUFCTRL_INST/O
                         net (fo=7, routed)           0.457     0.457    u_fpga_platform/u_pll0/inst/clk_in1
    MMCME3_ADV_X2Y3      MMCME3_ADV (Prop_MMCME3_ADV_CLKIN1_CLKOUT2)
                                                     -3.133    -2.676 r  u_fpga_platform/u_pll0/inst/mmcme3_adv_inst/CLKOUT2
                         net (fo=1, routed)           0.209    -2.467    u_fpga_platform/u_pll0/inst/clk_out3_pll_50m
    BUFGCE_X2Y95         BUFGCE (Prop_BUFCE_BUFGCE_I_O)
                                                      0.031    -2.436 r  u_fpga_platform/u_pll0/inst/clkout3_buf/O
    X4Y2 (CLOCK_ROOT)    net (fo=5, routed)           1.149    -1.287    u_fpga_platform/u_lsi/CLK
    SLICE_X96Y157        FDCE                                         r  u_fpga_platform/u_lsi/clk_cnt_reg[2]/C
                         clock pessimism              0.394    -0.893    
    SLICE_X96Y157        FDCE (Hold_CFF_SLICEL_C_D)
                                                      0.056    -0.837    u_fpga_platform/u_lsi/clk_cnt_reg[2]
  -------------------------------------------------------------------
                         required time                          0.837    
                         arrival time                          -0.767    
  -------------------------------------------------------------------
                         slack                                  0.070    

Slack (MET) :             0.072ns  (arrival time - required time)
  Source:                 u_fpga_platform/u_lsi/clk_cnt_reg[2]/C
                            (rising edge-triggered cell FDCE clocked by clk_out3_pll_50m  {rise@0.000ns fall@6.250ns period=12.500ns})
  Destination:            u_fpga_platform/u_lsi/clk_cnt_reg[3]/D
                            (rising edge-triggered cell FDCE clocked by clk_out3_pll_50m  {rise@0.000ns fall@6.250ns period=12.500ns})
  Path Group:             clk_out3_pll_50m
  Path Type:              Hold (Min at Fast Process Corner)
  Requirement:            0.000ns  (clk_out3_pll_50m rise@0.000ns - clk_out3_pll_50m rise@0.000ns)
  Data Path Delay:        0.133ns  (logic 0.086ns (64.662%)  route 0.047ns (35.338%))
  Logic Levels:           1  (LUT4=1)
  Clock Path Skew:        0.005ns (DCD - SCD - CPR)
    Destination Clock Delay (DCD):    -1.287ns
    Source Clock Delay      (SCD):    -0.898ns
    Clock Pessimism Removal (CPR):    -0.394ns
  Clock Net Delay (Source):      0.983ns (routing 0.447ns, distribution 0.536ns)
  Clock Net Delay (Destination): 1.149ns (routing 0.495ns, distribution 0.654ns)

    Location             Delay type                Incr(ns)  Path(ns)    Netlist Resource(s)
  -------------------------------------------------------------------    -------------------
                         (clock clk_out3_pll_50m rise edge)
                                                      0.000     0.000 r  
    D24                  IBUFCTRL                     0.000     0.000 r  CLK_IBUF_inst/IBUFCTRL_INST/O
                         net (fo=7, routed)           0.405     0.405    u_fpga_platform/u_pll0/inst/clk_in1
    MMCME3_ADV_X2Y3      MMCME3_ADV (Prop_MMCME3_ADV_CLKIN1_CLKOUT2)
                                                     -2.480    -2.075 r  u_fpga_platform/u_pll0/inst/mmcme3_adv_inst/CLKOUT2
                         net (fo=1, routed)           0.167    -1.908    u_fpga_platform/u_pll0/inst/clk_out3_pll_50m
    BUFGCE_X2Y95         BUFGCE (Prop_BUFCE_BUFGCE_I_O)
                                                      0.027    -1.881 r  u_fpga_platform/u_pll0/inst/clkout3_buf/O
    X4Y2 (CLOCK_ROOT)    net (fo=5, routed)           0.983    -0.898    u_fpga_platform/u_lsi/CLK
    SLICE_X96Y157        FDCE                                         r  u_fpga_platform/u_lsi/clk_cnt_reg[2]/C
  -------------------------------------------------------------------    -------------------
    SLICE_X96Y157        FDCE (Prop_CFF_SLICEL_C_Q)
                                                      0.048    -0.850 r  u_fpga_platform/u_lsi/clk_cnt_reg[2]/Q
                         net (fo=3, routed)           0.036    -0.814    u_fpga_platform/u_lsi/clk_cnt[2]
    SLICE_X96Y157        LUT4 (Prop_D5LUT_SLICEL_I1_O)
                                                      0.038    -0.776 r  u_fpga_platform/u_lsi/clk_cnt[3]_i_1/O
                         net (fo=1, routed)           0.011    -0.765    u_fpga_platform/u_lsi/clk_cnt[3]_i_1_n_0
    SLICE_X96Y157        FDCE                                         r  u_fpga_platform/u_lsi/clk_cnt_reg[3]/D
  -------------------------------------------------------------------    -------------------

                         (clock clk_out3_pll_50m rise edge)
                                                      0.000     0.000 r  
    D24                  IBUFCTRL                     0.000     0.000 r  CLK_IBUF_inst/IBUFCTRL_INST/O
                         net (fo=7, routed)           0.457     0.457    u_fpga_platform/u_pll0/inst/clk_in1
    MMCME3_ADV_X2Y3      MMCME3_ADV (Prop_MMCME3_ADV_CLKIN1_CLKOUT2)
                                                     -3.133    -2.676 r  u_fpga_platform/u_pll0/inst/mmcme3_adv_inst/CLKOUT2
                         net (fo=1, routed)           0.209    -2.467    u_fpga_platform/u_pll0/inst/clk_out3_pll_50m
    BUFGCE_X2Y95         BUFGCE (Prop_BUFCE_BUFGCE_I_O)
                                                      0.031    -2.436 r  u_fpga_platform/u_pll0/inst/clkout3_buf/O
    X4Y2 (CLOCK_ROOT)    net (fo=5, routed)           1.149    -1.287    u_fpga_platform/u_lsi/CLK
    SLICE_X96Y157        FDCE                                         r  u_fpga_platform/u_lsi/clk_cnt_reg[3]/C
                         clock pessimism              0.394    -0.893    
    SLICE_X96Y157        FDCE (Hold_DFF2_SLICEL_C_D)
                                                      0.056    -0.837    u_fpga_platform/u_lsi/clk_cnt_reg[3]
  -------------------------------------------------------------------
                         required time                          0.837    
                         arrival time                          -0.765    
  -------------------------------------------------------------------
                         slack                                  0.072    

Slack (MET) :             0.072ns  (arrival time - required time)
  Source:                 u_fpga_platform/u_lsi/clk_cnt_reg[0]/C
                            (rising edge-triggered cell FDCE clocked by clk_out3_pll_50m  {rise@0.000ns fall@6.250ns period=12.500ns})
  Destination:            u_fpga_platform/u_lsi/clk_cnt_reg[0]/D
                            (rising edge-triggered cell FDCE clocked by clk_out3_pll_50m  {rise@0.000ns fall@6.250ns period=12.500ns})
  Path Group:             clk_out3_pll_50m
  Path Type:              Hold (Min at Fast Process Corner)
  Requirement:            0.000ns  (clk_out3_pll_50m rise@0.000ns - clk_out3_pll_50m rise@0.000ns)
  Data Path Delay:        0.133ns  (logic 0.086ns (64.662%)  route 0.047ns (35.338%))
  Logic Levels:           1  (LUT1=1)
  Clock Path Skew:        0.005ns (DCD - SCD - CPR)
    Destination Clock Delay (DCD):    -1.287ns
    Source Clock Delay      (SCD):    -0.898ns
    Clock Pessimism Removal (CPR):    -0.394ns
  Clock Net Delay (Source):      0.983ns (routing 0.447ns, distribution 0.536ns)
  Clock Net Delay (Destination): 1.149ns (routing 0.495ns, distribution 0.654ns)

    Location             Delay type                Incr(ns)  Path(ns)    Netlist Resource(s)
  -------------------------------------------------------------------    -------------------
                         (clock clk_out3_pll_50m rise edge)
                                                      0.000     0.000 r  
    D24                  IBUFCTRL                     0.000     0.000 r  CLK_IBUF_inst/IBUFCTRL_INST/O
                         net (fo=7, routed)           0.405     0.405    u_fpga_platform/u_pll0/inst/clk_in1
    MMCME3_ADV_X2Y3      MMCME3_ADV (Prop_MMCME3_ADV_CLKIN1_CLKOUT2)
                                                     -2.480    -2.075 r  u_fpga_platform/u_pll0/inst/mmcme3_adv_inst/CLKOUT2
                         net (fo=1, routed)           0.167    -1.908    u_fpga_platform/u_pll0/inst/clk_out3_pll_50m
    BUFGCE_X2Y95         BUFGCE (Prop_BUFCE_BUFGCE_I_O)
                                                      0.027    -1.881 r  u_fpga_platform/u_pll0/inst/clkout3_buf/O
    X4Y2 (CLOCK_ROOT)    net (fo=5, routed)           0.983    -0.898    u_fpga_platform/u_lsi/CLK
    SLICE_X96Y157        FDCE                                         r  u_fpga_platform/u_lsi/clk_cnt_reg[0]/C
  -------------------------------------------------------------------    -------------------
    SLICE_X96Y157        FDCE (Prop_BFF2_SLICEL_C_Q)
                                                      0.048    -0.850 f  u_fpga_platform/u_lsi/clk_cnt_reg[0]/Q
                         net (fo=5, routed)           0.034    -0.816    u_fpga_platform/u_lsi/clk_cnt[0]
    SLICE_X96Y157        LUT1 (Prop_B5LUT_SLICEL_I0_O)
                                                      0.038    -0.778 r  u_fpga_platform/u_lsi/clk_cnt[0]_i_1/O
                         net (fo=1, routed)           0.013    -0.765    u_fpga_platform/u_lsi/clk_cnt[0]_i_1_n_0
    SLICE_X96Y157        FDCE                                         r  u_fpga_platform/u_lsi/clk_cnt_reg[0]/D
  -------------------------------------------------------------------    -------------------

                         (clock clk_out3_pll_50m rise edge)
                                                      0.000     0.000 r  
    D24                  IBUFCTRL                     0.000     0.000 r  CLK_IBUF_inst/IBUFCTRL_INST/O
                         net (fo=7, routed)           0.457     0.457    u_fpga_platform/u_pll0/inst/clk_in1
    MMCME3_ADV_X2Y3      MMCME3_ADV (Prop_MMCME3_ADV_CLKIN1_CLKOUT2)
                                                     -3.133    -2.676 r  u_fpga_platform/u_pll0/inst/mmcme3_adv_inst/CLKOUT2
                         net (fo=1, routed)           0.209    -2.467    u_fpga_platform/u_pll0/inst/clk_out3_pll_50m
    BUFGCE_X2Y95         BUFGCE (Prop_BUFCE_BUFGCE_I_O)
                                                      0.031    -2.436 r  u_fpga_platform/u_pll0/inst/clkout3_buf/O
    X4Y2 (CLOCK_ROOT)    net (fo=5, routed)           1.149    -1.287    u_fpga_platform/u_lsi/CLK
    SLICE_X96Y157        FDCE                                         r  u_fpga_platform/u_lsi/clk_cnt_reg[0]/C
                         clock pessimism              0.394    -0.893    
    SLICE_X96Y157        FDCE (Hold_BFF2_SLICEL_C_D)
                                                      0.056    -0.837    u_fpga_platform/u_lsi/clk_cnt_reg[0]
  -------------------------------------------------------------------
                         required time                          0.837    
                         arrival time                          -0.765    
  -------------------------------------------------------------------
                         slack                                  0.072    

Slack (MET) :             0.073ns  (arrival time - required time)
  Source:                 u_fpga_platform/u_lsi/clk_cnt_reg[2]/C
                            (rising edge-triggered cell FDCE clocked by clk_out3_pll_50m  {rise@0.000ns fall@6.250ns period=12.500ns})
  Destination:            u_fpga_platform/u_lsi/outclk1_reg/D
                            (rising edge-triggered cell FDCE clocked by clk_out3_pll_50m  {rise@0.000ns fall@6.250ns period=12.500ns})
  Path Group:             clk_out3_pll_50m
  Path Type:              Hold (Min at Fast Process Corner)
  Requirement:            0.000ns  (clk_out3_pll_50m rise@0.000ns - clk_out3_pll_50m rise@0.000ns)
  Data Path Delay:        0.134ns  (logic 0.086ns (64.179%)  route 0.048ns (35.821%))
  Logic Levels:           1  (LUT5=1)
  Clock Path Skew:        0.005ns (DCD - SCD - CPR)
    Destination Clock Delay (DCD):    -1.287ns
    Source Clock Delay      (SCD):    -0.898ns
    Clock Pessimism Removal (CPR):    -0.394ns
  Clock Net Delay (Source):      0.983ns (routing 0.447ns, distribution 0.536ns)
  Clock Net Delay (Destination): 1.149ns (routing 0.495ns, distribution 0.654ns)

    Location             Delay type                Incr(ns)  Path(ns)    Netlist Resource(s)
  -------------------------------------------------------------------    -------------------
                         (clock clk_out3_pll_50m rise edge)
                                                      0.000     0.000 r  
    D24                  IBUFCTRL                     0.000     0.000 r  CLK_IBUF_inst/IBUFCTRL_INST/O
                         net (fo=7, routed)           0.405     0.405    u_fpga_platform/u_pll0/inst/clk_in1
    MMCME3_ADV_X2Y3      MMCME3_ADV (Prop_MMCME3_ADV_CLKIN1_CLKOUT2)
                                                     -2.480    -2.075 r  u_fpga_platform/u_pll0/inst/mmcme3_adv_inst/CLKOUT2
                         net (fo=1, routed)           0.167    -1.908    u_fpga_platform/u_pll0/inst/clk_out3_pll_50m
    BUFGCE_X2Y95         BUFGCE (Prop_BUFCE_BUFGCE_I_O)
                                                      0.027    -1.881 r  u_fpga_platform/u_pll0/inst/clkout3_buf/O
    X4Y2 (CLOCK_ROOT)    net (fo=5, routed)           0.983    -0.898    u_fpga_platform/u_lsi/CLK
    SLICE_X96Y157        FDCE                                         r  u_fpga_platform/u_lsi/clk_cnt_reg[2]/C
  -------------------------------------------------------------------    -------------------
    SLICE_X96Y157        FDCE (Prop_CFF_SLICEL_C_Q)
                                                      0.048    -0.850 r  u_fpga_platform/u_lsi/clk_cnt_reg[2]/Q
                         net (fo=3, routed)           0.037    -0.813    u_fpga_platform/u_lsi/clk_cnt[2]
    SLICE_X96Y157        LUT5 (Prop_C5LUT_SLICEL_I3_O)
                                                      0.038    -0.775 r  u_fpga_platform/u_lsi/outclk1_i_1/O
                         net (fo=1, routed)           0.011    -0.764    u_fpga_platform/u_lsi/outclk1_i_1_n_0
    SLICE_X96Y157        FDCE                                         r  u_fpga_platform/u_lsi/outclk1_reg/D
  -------------------------------------------------------------------    -------------------

                         (clock clk_out3_pll_50m rise edge)
                                                      0.000     0.000 r  
    D24                  IBUFCTRL                     0.000     0.000 r  CLK_IBUF_inst/IBUFCTRL_INST/O
                         net (fo=7, routed)           0.457     0.457    u_fpga_platform/u_pll0/inst/clk_in1
    MMCME3_ADV_X2Y3      MMCME3_ADV (Prop_MMCME3_ADV_CLKIN1_CLKOUT2)
                                                     -3.133    -2.676 r  u_fpga_platform/u_pll0/inst/mmcme3_adv_inst/CLKOUT2
                         net (fo=1, routed)           0.209    -2.467    u_fpga_platform/u_pll0/inst/clk_out3_pll_50m
    BUFGCE_X2Y95         BUFGCE (Prop_BUFCE_BUFGCE_I_O)
                                                      0.031    -2.436 r  u_fpga_platform/u_pll0/inst/clkout3_buf/O
    X4Y2 (CLOCK_ROOT)    net (fo=5, routed)           1.149    -1.287    u_fpga_platform/u_lsi/CLK
    SLICE_X96Y157        FDCE                                         r  u_fpga_platform/u_lsi/outclk1_reg/C
                         clock pessimism              0.394    -0.893    
    SLICE_X96Y157        FDCE (Hold_CFF2_SLICEL_C_D)
                                                      0.056    -0.837    u_fpga_platform/u_lsi/outclk1_reg
  -------------------------------------------------------------------
                         required time                          0.837    
                         arrival time                          -0.764    
  -------------------------------------------------------------------
                         slack                                  0.073    

Slack (MET) :             0.171ns  (arrival time - required time)
  Source:                 u_fpga_platform/u_lsi/clk_cnt_reg[0]/C
                            (rising edge-triggered cell FDCE clocked by clk_out3_pll_50m  {rise@0.000ns fall@6.250ns period=12.500ns})
  Destination:            u_fpga_platform/u_lsi/clk_cnt_reg[1]/D
                            (rising edge-triggered cell FDCE clocked by clk_out3_pll_50m  {rise@0.000ns fall@6.250ns period=12.500ns})
  Path Group:             clk_out3_pll_50m
  Path Type:              Hold (Min at Fast Process Corner)
  Requirement:            0.000ns  (clk_out3_pll_50m rise@0.000ns - clk_out3_pll_50m rise@0.000ns)
  Data Path Delay:        0.232ns  (logic 0.112ns (48.276%)  route 0.120ns (51.724%))
  Logic Levels:           1  (LUT2=1)
  Clock Path Skew:        0.005ns (DCD - SCD - CPR)
    Destination Clock Delay (DCD):    -1.287ns
    Source Clock Delay      (SCD):    -0.898ns
    Clock Pessimism Removal (CPR):    -0.394ns
  Clock Net Delay (Source):      0.983ns (routing 0.447ns, distribution 0.536ns)
  Clock Net Delay (Destination): 1.149ns (routing 0.495ns, distribution 0.654ns)

    Location             Delay type                Incr(ns)  Path(ns)    Netlist Resource(s)
  -------------------------------------------------------------------    -------------------
                         (clock clk_out3_pll_50m rise edge)
                                                      0.000     0.000 r  
    D24                  IBUFCTRL                     0.000     0.000 r  CLK_IBUF_inst/IBUFCTRL_INST/O
                         net (fo=7, routed)           0.405     0.405    u_fpga_platform/u_pll0/inst/clk_in1
    MMCME3_ADV_X2Y3      MMCME3_ADV (Prop_MMCME3_ADV_CLKIN1_CLKOUT2)
                                                     -2.480    -2.075 r  u_fpga_platform/u_pll0/inst/mmcme3_adv_inst/CLKOUT2
                         net (fo=1, routed)           0.167    -1.908    u_fpga_platform/u_pll0/inst/clk_out3_pll_50m
    BUFGCE_X2Y95         BUFGCE (Prop_BUFCE_BUFGCE_I_O)
                                                      0.027    -1.881 r  u_fpga_platform/u_pll0/inst/clkout3_buf/O
    X4Y2 (CLOCK_ROOT)    net (fo=5, routed)           0.983    -0.898    u_fpga_platform/u_lsi/CLK
    SLICE_X96Y157        FDCE                                         r  u_fpga_platform/u_lsi/clk_cnt_reg[0]/C
  -------------------------------------------------------------------    -------------------
    SLICE_X96Y157        FDCE (Prop_BFF2_SLICEL_C_Q)
                                                      0.048    -0.850 r  u_fpga_platform/u_lsi/clk_cnt_reg[0]/Q
                         net (fo=5, routed)           0.104    -0.746    u_fpga_platform/u_lsi/clk_cnt[0]
    SLICE_X96Y157        LUT2 (Prop_D6LUT_SLICEL_I1_O)
                                                      0.064    -0.682 r  u_fpga_platform/u_lsi/clk_cnt[1]_i_1/O
                         net (fo=1, routed)           0.016    -0.666    u_fpga_platform/u_lsi/clk_cnt[1]_i_1_n_0
    SLICE_X96Y157        FDCE                                         r  u_fpga_platform/u_lsi/clk_cnt_reg[1]/D
  -------------------------------------------------------------------    -------------------

                         (clock clk_out3_pll_50m rise edge)
                                                      0.000     0.000 r  
    D24                  IBUFCTRL                     0.000     0.000 r  CLK_IBUF_inst/IBUFCTRL_INST/O
                         net (fo=7, routed)           0.457     0.457    u_fpga_platform/u_pll0/inst/clk_in1
    MMCME3_ADV_X2Y3      MMCME3_ADV (Prop_MMCME3_ADV_CLKIN1_CLKOUT2)
                                                     -3.133    -2.676 r  u_fpga_platform/u_pll0/inst/mmcme3_adv_inst/CLKOUT2
                         net (fo=1, routed)           0.209    -2.467    u_fpga_platform/u_pll0/inst/clk_out3_pll_50m
    BUFGCE_X2Y95         BUFGCE (Prop_BUFCE_BUFGCE_I_O)
                                                      0.031    -2.436 r  u_fpga_platform/u_pll0/inst/clkout3_buf/O
    X4Y2 (CLOCK_ROOT)    net (fo=5, routed)           1.149    -1.287    u_fpga_platform/u_lsi/CLK
    SLICE_X96Y157        FDCE                                         r  u_fpga_platform/u_lsi/clk_cnt_reg[1]/C
                         clock pessimism              0.394    -0.893    
    SLICE_X96Y157        FDCE (Hold_DFF_SLICEL_C_D)
                                                      0.056    -0.837    u_fpga_platform/u_lsi/clk_cnt_reg[1]
  -------------------------------------------------------------------
                         required time                          0.837    
                         arrival time                          -0.666    
  -------------------------------------------------------------------
                         slack                                  0.171    





Pulse Width Checks
--------------------------------------------------------------------------------------
Clock Name:         clk_out3_pll_50m
Waveform(ns):       { 0.000 6.250 }
Period(ns):         12.500
Sources:            { u_fpga_platform/u_pll0/inst/mmcme3_adv_inst/CLKOUT2 }

Check Type        Corner  Lib Pin             Reference Pin  Required(ns)  Actual(ns)  Slack(ns)  Location         Pin
Min Period        n/a     BUFGCE/I            n/a            1.379         12.500      11.121     BUFGCE_X2Y95     u_fpga_platform/u_pll0/inst/clkout3_buf/I
Min Period        n/a     MMCME3_ADV/CLKOUT2  n/a            1.071         12.500      11.429     MMCME3_ADV_X2Y3  u_fpga_platform/u_pll0/inst/mmcme3_adv_inst/CLKOUT2
Min Period        n/a     FDCE/C              n/a            0.550         12.500      11.950     SLICE_X96Y157    u_fpga_platform/u_lsi/clk_cnt_reg[0]/C
Min Period        n/a     FDCE/C              n/a            0.550         12.500      11.950     SLICE_X96Y157    u_fpga_platform/u_lsi/clk_cnt_reg[1]/C
Min Period        n/a     FDCE/C              n/a            0.550         12.500      11.950     SLICE_X96Y157    u_fpga_platform/u_lsi/clk_cnt_reg[2]/C
Min Period        n/a     FDCE/C              n/a            0.550         12.500      11.950     SLICE_X96Y157    u_fpga_platform/u_lsi/clk_cnt_reg[3]/C
Min Period        n/a     FDCE/C              n/a            0.550         12.500      11.950     SLICE_X96Y157    u_fpga_platform/u_lsi/outclk1_reg/C
Low Pulse Width   Slow    FDCE/C              n/a            0.275         6.250       5.975      SLICE_X96Y157    u_fpga_platform/u_lsi/clk_cnt_reg[0]/C
Low Pulse Width   Fast    FDCE/C              n/a            0.275         6.250       5.975      SLICE_X96Y157    u_fpga_platform/u_lsi/clk_cnt_reg[0]/C
Low Pulse Width   Slow    FDCE/C              n/a            0.275         6.250       5.975      SLICE_X96Y157    u_fpga_platform/u_lsi/clk_cnt_reg[1]/C
Low Pulse Width   Fast    FDCE/C              n/a            0.275         6.250       5.975      SLICE_X96Y157    u_fpga_platform/u_lsi/clk_cnt_reg[1]/C
Low Pulse Width   Slow    FDCE/C              n/a            0.275         6.250       5.975      SLICE_X96Y157    u_fpga_platform/u_lsi/clk_cnt_reg[2]/C
Low Pulse Width   Fast    FDCE/C              n/a            0.275         6.250       5.975      SLICE_X96Y157    u_fpga_platform/u_lsi/clk_cnt_reg[2]/C
Low Pulse Width   Slow    FDCE/C              n/a            0.275         6.250       5.975      SLICE_X96Y157    u_fpga_platform/u_lsi/clk_cnt_reg[3]/C
Low Pulse Width   Fast    FDCE/C              n/a            0.275         6.250       5.975      SLICE_X96Y157    u_fpga_platform/u_lsi/clk_cnt_reg[3]/C
Low Pulse Width   Slow    FDCE/C              n/a            0.275         6.250       5.975      SLICE_X96Y157    u_fpga_platform/u_lsi/outclk1_reg/C
Low Pulse Width   Fast    FDCE/C              n/a            0.275         6.250       5.975      SLICE_X96Y157    u_fpga_platform/u_lsi/outclk1_reg/C
High Pulse Width  Slow    FDCE/C              n/a            0.275         6.250       5.975      SLICE_X96Y157    u_fpga_platform/u_lsi/clk_cnt_reg[0]/C
High Pulse Width  Fast    FDCE/C              n/a            0.275         6.250       5.975      SLICE_X96Y157    u_fpga_platform/u_lsi/clk_cnt_reg[0]/C
High Pulse Width  Slow    FDCE/C              n/a            0.275         6.250       5.975      SLICE_X96Y157    u_fpga_platform/u_lsi/clk_cnt_reg[1]/C
High Pulse Width  Fast    FDCE/C              n/a            0.275         6.250       5.975      SLICE_X96Y157    u_fpga_platform/u_lsi/clk_cnt_reg[1]/C
High Pulse Width  Slow    FDCE/C              n/a            0.275         6.250       5.975      SLICE_X96Y157    u_fpga_platform/u_lsi/clk_cnt_reg[2]/C
High Pulse Width  Fast    FDCE/C              n/a            0.275         6.250       5.975      SLICE_X96Y157    u_fpga_platform/u_lsi/clk_cnt_reg[2]/C
High Pulse Width  Slow    FDCE/C              n/a            0.275         6.250       5.975      SLICE_X96Y157    u_fpga_platform/u_lsi/clk_cnt_reg[3]/C
High Pulse Width  Fast    FDCE/C              n/a            0.275         6.250       5.975      SLICE_X96Y157    u_fpga_platform/u_lsi/clk_cnt_reg[3]/C
High Pulse Width  Slow    FDCE/C              n/a            0.275         6.250       5.975      SLICE_X96Y157    u_fpga_platform/u_lsi/outclk1_reg/C
High Pulse Width  Fast    FDCE/C              n/a            0.275         6.250       5.975      SLICE_X96Y157    u_fpga_platform/u_lsi/outclk1_reg/C



---------------------------------------------------------------------------------------------------
From Clock:  clkfbout_pll_50m
  To Clock:  clkfbout_pll_50m

Setup :           NA  Failing Endpoints,  Worst Slack           NA  ,  Total Violation           NA
Hold  :           NA  Failing Endpoints,  Worst Slack           NA  ,  Total Violation           NA
PW    :            0  Failing Endpoints,  Worst Slack        3.621ns,  Total Violation        0.000ns
---------------------------------------------------------------------------------------------------


Pulse Width Checks
--------------------------------------------------------------------------------------
Clock Name:         clkfbout_pll_50m
Waveform(ns):       { 0.000 2.500 }
Period(ns):         5.000
Sources:            { u_fpga_platform/u_pll0/inst/mmcme3_adv_inst/CLKFBOUT }

Check Type  Corner  Lib Pin              Reference Pin  Required(ns)  Actual(ns)  Slack(ns)  Location         Pin
Min Period  n/a     BUFGCE/I             n/a            1.379         5.000       3.621      BUFGCE_X2Y75     u_fpga_platform/u_pll0/inst/clkf_buf/I
Min Period  n/a     MMCME3_ADV/CLKFBOUT  n/a            1.071         5.000       3.929      MMCME3_ADV_X2Y3  u_fpga_platform/u_pll0/inst/mmcme3_adv_inst/CLKFBOUT
Min Period  n/a     MMCME3_ADV/CLKFBIN   n/a            1.071         5.000       3.929      MMCME3_ADV_X2Y3  u_fpga_platform/u_pll0/inst/mmcme3_adv_inst/CLKFBIN



---------------------------------------------------------------------------------------------------
Path Group:  **async_default**
From Clock:  clk_out1_pll_50m
  To Clock:  clk_out1_pll_50m

Setup :            0  Failing Endpoints,  Worst Slack       18.278ns,  Total Violation        0.000ns
Hold  :            0  Failing Endpoints,  Worst Slack        0.164ns,  Total Violation        0.000ns
---------------------------------------------------------------------------------------------------


Max Delay Paths
--------------------------------------------------------------------------------------
Slack (MET) :             18.278ns  (required time - arrival time)
  Source:                 u_fp_domain/u_CORTEXM3INTEGRATION/u_cortexm3ds_logic/Ik2nz6_reg/C
                            (rising edge-triggered cell FDCE clocked by clk_out1_pll_50m  {rise@0.000ns fall@12.500ns period=25.000ns})
  Destination:            u_fp_domain/u_CORTEXM3INTEGRATION/u_cortexm3ds_logic/E58m17_reg/CLR
                            (recovery check against rising-edge clock clk_out1_pll_50m  {rise@0.000ns fall@12.500ns period=25.000ns})
  Path Group:             **async_default**
  Path Type:              Recovery (Max at Slow Process Corner)
  Requirement:            25.000ns  (clk_out1_pll_50m rise@25.000ns - clk_out1_pll_50m rise@0.000ns)
  Data Path Delay:        6.381ns  (logic 0.114ns (1.787%)  route 6.267ns (98.213%))
  Logic Levels:           0  
  Clock Path Skew:        -0.181ns (DCD - SCD + CPR)
    Destination Clock Delay (DCD):    -1.398ns = ( 23.602 - 25.000 ) 
    Source Clock Delay      (SCD):    -1.304ns
    Clock Pessimism Removal (CPR):    -0.087ns
  Clock Uncertainty:      0.078ns  ((TSJ^2 + DJ^2)^1/2) / 2 + PE
    Total System Jitter     (TSJ):    0.071ns
    Discrete Jitter          (DJ):    0.138ns
    Phase Error              (PE):    0.000ns
  Clock Net Delay (Source):      2.452ns (routing 0.988ns, distribution 1.464ns)
  Clock Net Delay (Destination): 2.188ns (routing 0.905ns, distribution 1.283ns)

    Location             Delay type                Incr(ns)  Path(ns)    Netlist Resource(s)
  -------------------------------------------------------------------    -------------------
                         (clock clk_out1_pll_50m rise edge)
                                                      0.000     0.000 r  
    D24                  IBUFCTRL                     0.000     0.000 r  CLK_IBUF_inst/IBUFCTRL_INST/O
                         net (fo=7, routed)           0.865     0.865    u_fpga_platform/u_pll0/inst/clk_in1
    MMCME3_ADV_X2Y3      MMCME3_ADV (Prop_MMCME3_ADV_CLKIN1_CLKOUT0)
                                                     -5.141    -4.276 r  u_fpga_platform/u_pll0/inst/mmcme3_adv_inst/CLKOUT0
                         net (fo=1, routed)           0.437    -3.839    u_fpga_platform/u_pll0/inst/clk_out1_pll_50m
    BUFGCE_X2Y74         BUFGCE (Prop_BUFCE_BUFGCE_I_O)
                                                      0.083    -3.756 r  u_fpga_platform/u_pll0/inst/clkout1_buf/O
    X4Y1 (CLOCK_ROOT)    net (fo=6068, routed)        2.452    -1.304    u_fp_domain/u_CORTEXM3INTEGRATION/u_cortexm3ds_logic/clk_out1
    SLICE_X96Y126        FDCE                                         r  u_fp_domain/u_CORTEXM3INTEGRATION/u_cortexm3ds_logic/Ik2nz6_reg/C
  -------------------------------------------------------------------    -------------------
    SLICE_X96Y126        FDCE (Prop_EFF_SLICEL_C_Q)
                                                      0.114    -1.190 r  u_fp_domain/u_CORTEXM3INTEGRATION/u_cortexm3ds_logic/Ik2nz6_reg/Q
                         net (fo=909, routed)         6.267     5.077    u_fp_domain/u_CORTEXM3INTEGRATION/u_cortexm3ds_logic/Ox9dt6
    SLICE_X96Y195        FDCE                                         f  u_fp_domain/u_CORTEXM3INTEGRATION/u_cortexm3ds_logic/E58m17_reg/CLR  (IS_INVERTED)
  -------------------------------------------------------------------    -------------------

                         (clock clk_out1_pll_50m rise edge)
                                                     25.000    25.000 r  
    D24                  IBUFCTRL                     0.000    25.000 r  CLK_IBUF_inst/IBUFCTRL_INST/O
                         net (fo=7, routed)           0.778    25.778    u_fpga_platform/u_pll0/inst/clk_in1
    MMCME3_ADV_X2Y3      MMCME3_ADV (Prop_MMCME3_ADV_CLKIN1_CLKOUT0)
                                                     -4.811    20.967 r  u_fpga_platform/u_pll0/inst/mmcme3_adv_inst/CLKOUT0
                         net (fo=1, routed)           0.372    21.339    u_fpga_platform/u_pll0/inst/clk_out1_pll_50m
    BUFGCE_X2Y74         BUFGCE (Prop_BUFCE_BUFGCE_I_O)
                                                      0.075    21.414 r  u_fpga_platform/u_pll0/inst/clkout1_buf/O
    X4Y1 (CLOCK_ROOT)    net (fo=6068, routed)        2.188    23.602    u_fp_domain/u_CORTEXM3INTEGRATION/u_cortexm3ds_logic/clk_out1
    SLICE_X96Y195        FDCE                                         r  u_fp_domain/u_CORTEXM3INTEGRATION/u_cortexm3ds_logic/E58m17_reg/C
                         clock pessimism             -0.087    23.515    
                         clock uncertainty           -0.078    23.437    
    SLICE_X96Y195        FDCE (Recov_DFF_SLICEL_C_CLR)
                                                     -0.082    23.355    u_fp_domain/u_CORTEXM3INTEGRATION/u_cortexm3ds_logic/E58m17_reg
  -------------------------------------------------------------------
                         required time                         23.355    
                         arrival time                          -5.077    
  -------------------------------------------------------------------
                         slack                                 18.278    

Slack (MET) :             18.278ns  (required time - arrival time)
  Source:                 u_fp_domain/u_CORTEXM3INTEGRATION/u_cortexm3ds_logic/Ik2nz6_reg/C
                            (rising edge-triggered cell FDCE clocked by clk_out1_pll_50m  {rise@0.000ns fall@12.500ns period=25.000ns})
  Destination:            u_fp_domain/u_CORTEXM3INTEGRATION/u_cortexm3ds_logic/G08m17_reg/PRE
                            (recovery check against rising-edge clock clk_out1_pll_50m  {rise@0.000ns fall@12.500ns period=25.000ns})
  Path Group:             **async_default**
  Path Type:              Recovery (Max at Slow Process Corner)
  Requirement:            25.000ns  (clk_out1_pll_50m rise@25.000ns - clk_out1_pll_50m rise@0.000ns)
  Data Path Delay:        6.381ns  (logic 0.114ns (1.787%)  route 6.267ns (98.213%))
  Logic Levels:           0  
  Clock Path Skew:        -0.181ns (DCD - SCD + CPR)
    Destination Clock Delay (DCD):    -1.398ns = ( 23.602 - 25.000 ) 
    Source Clock Delay      (SCD):    -1.304ns
    Clock Pessimism Removal (CPR):    -0.087ns
  Clock Uncertainty:      0.078ns  ((TSJ^2 + DJ^2)^1/2) / 2 + PE
    Total System Jitter     (TSJ):    0.071ns
    Discrete Jitter          (DJ):    0.138ns
    Phase Error              (PE):    0.000ns
  Clock Net Delay (Source):      2.452ns (routing 0.988ns, distribution 1.464ns)
  Clock Net Delay (Destination): 2.188ns (routing 0.905ns, distribution 1.283ns)

    Location             Delay type                Incr(ns)  Path(ns)    Netlist Resource(s)
  -------------------------------------------------------------------    -------------------
                         (clock clk_out1_pll_50m rise edge)
                                                      0.000     0.000 r  
    D24                  IBUFCTRL                     0.000     0.000 r  CLK_IBUF_inst/IBUFCTRL_INST/O
                         net (fo=7, routed)           0.865     0.865    u_fpga_platform/u_pll0/inst/clk_in1
    MMCME3_ADV_X2Y3      MMCME3_ADV (Prop_MMCME3_ADV_CLKIN1_CLKOUT0)
                                                     -5.141    -4.276 r  u_fpga_platform/u_pll0/inst/mmcme3_adv_inst/CLKOUT0
                         net (fo=1, routed)           0.437    -3.839    u_fpga_platform/u_pll0/inst/clk_out1_pll_50m
    BUFGCE_X2Y74         BUFGCE (Prop_BUFCE_BUFGCE_I_O)
                                                      0.083    -3.756 r  u_fpga_platform/u_pll0/inst/clkout1_buf/O
    X4Y1 (CLOCK_ROOT)    net (fo=6068, routed)        2.452    -1.304    u_fp_domain/u_CORTEXM3INTEGRATION/u_cortexm3ds_logic/clk_out1
    SLICE_X96Y126        FDCE                                         r  u_fp_domain/u_CORTEXM3INTEGRATION/u_cortexm3ds_logic/Ik2nz6_reg/C
  -------------------------------------------------------------------    -------------------
    SLICE_X96Y126        FDCE (Prop_EFF_SLICEL_C_Q)
                                                      0.114    -1.190 r  u_fp_domain/u_CORTEXM3INTEGRATION/u_cortexm3ds_logic/Ik2nz6_reg/Q
                         net (fo=909, routed)         6.267     5.077    u_fp_domain/u_CORTEXM3INTEGRATION/u_cortexm3ds_logic/Ox9dt6
    SLICE_X96Y195        FDPE                                         f  u_fp_domain/u_CORTEXM3INTEGRATION/u_cortexm3ds_logic/G08m17_reg/PRE  (IS_INVERTED)
  -------------------------------------------------------------------    -------------------

                         (clock clk_out1_pll_50m rise edge)
                                                     25.000    25.000 r  
    D24                  IBUFCTRL                     0.000    25.000 r  CLK_IBUF_inst/IBUFCTRL_INST/O
                         net (fo=7, routed)           0.778    25.778    u_fpga_platform/u_pll0/inst/clk_in1
    MMCME3_ADV_X2Y3      MMCME3_ADV (Prop_MMCME3_ADV_CLKIN1_CLKOUT0)
                                                     -4.811    20.967 r  u_fpga_platform/u_pll0/inst/mmcme3_adv_inst/CLKOUT0
                         net (fo=1, routed)           0.372    21.339    u_fpga_platform/u_pll0/inst/clk_out1_pll_50m
    BUFGCE_X2Y74         BUFGCE (Prop_BUFCE_BUFGCE_I_O)
                                                      0.075    21.414 r  u_fpga_platform/u_pll0/inst/clkout1_buf/O
    X4Y1 (CLOCK_ROOT)    net (fo=6068, routed)        2.188    23.602    u_fp_domain/u_CORTEXM3INTEGRATION/u_cortexm3ds_logic/clk_out1
    SLICE_X96Y195        FDPE                                         r  u_fp_domain/u_CORTEXM3INTEGRATION/u_cortexm3ds_logic/G08m17_reg/C
                         clock pessimism             -0.087    23.515    
                         clock uncertainty           -0.078    23.437    
    SLICE_X96Y195        FDPE (Recov_CFF_SLICEL_C_PRE)
                                                     -0.082    23.355    u_fp_domain/u_CORTEXM3INTEGRATION/u_cortexm3ds_logic/G08m17_reg
  -------------------------------------------------------------------
                         required time                         23.355    
                         arrival time                          -5.077    
  -------------------------------------------------------------------
                         slack                                 18.278    

Slack (MET) :             18.278ns  (required time - arrival time)
  Source:                 u_fp_domain/u_CORTEXM3INTEGRATION/u_cortexm3ds_logic/Ik2nz6_reg/C
                            (rising edge-triggered cell FDCE clocked by clk_out1_pll_50m  {rise@0.000ns fall@12.500ns period=25.000ns})
  Destination:            u_fp_domain/u_CORTEXM3INTEGRATION/u_cortexm3ds_logic/N28m17_reg/CLR
                            (recovery check against rising-edge clock clk_out1_pll_50m  {rise@0.000ns fall@12.500ns period=25.000ns})
  Path Group:             **async_default**
  Path Type:              Recovery (Max at Slow Process Corner)
  Requirement:            25.000ns  (clk_out1_pll_50m rise@25.000ns - clk_out1_pll_50m rise@0.000ns)
  Data Path Delay:        6.381ns  (logic 0.114ns (1.787%)  route 6.267ns (98.213%))
  Logic Levels:           0  
  Clock Path Skew:        -0.181ns (DCD - SCD + CPR)
    Destination Clock Delay (DCD):    -1.398ns = ( 23.602 - 25.000 ) 
    Source Clock Delay      (SCD):    -1.304ns
    Clock Pessimism Removal (CPR):    -0.087ns
  Clock Uncertainty:      0.078ns  ((TSJ^2 + DJ^2)^1/2) / 2 + PE
    Total System Jitter     (TSJ):    0.071ns
    Discrete Jitter          (DJ):    0.138ns
    Phase Error              (PE):    0.000ns
  Clock Net Delay (Source):      2.452ns (routing 0.988ns, distribution 1.464ns)
  Clock Net Delay (Destination): 2.188ns (routing 0.905ns, distribution 1.283ns)

    Location             Delay type                Incr(ns)  Path(ns)    Netlist Resource(s)
  -------------------------------------------------------------------    -------------------
                         (clock clk_out1_pll_50m rise edge)
                                                      0.000     0.000 r  
    D24                  IBUFCTRL                     0.000     0.000 r  CLK_IBUF_inst/IBUFCTRL_INST/O
                         net (fo=7, routed)           0.865     0.865    u_fpga_platform/u_pll0/inst/clk_in1
    MMCME3_ADV_X2Y3      MMCME3_ADV (Prop_MMCME3_ADV_CLKIN1_CLKOUT0)
                                                     -5.141    -4.276 r  u_fpga_platform/u_pll0/inst/mmcme3_adv_inst/CLKOUT0
                         net (fo=1, routed)           0.437    -3.839    u_fpga_platform/u_pll0/inst/clk_out1_pll_50m
    BUFGCE_X2Y74         BUFGCE (Prop_BUFCE_BUFGCE_I_O)
                                                      0.083    -3.756 r  u_fpga_platform/u_pll0/inst/clkout1_buf/O
    X4Y1 (CLOCK_ROOT)    net (fo=6068, routed)        2.452    -1.304    u_fp_domain/u_CORTEXM3INTEGRATION/u_cortexm3ds_logic/clk_out1
    SLICE_X96Y126        FDCE                                         r  u_fp_domain/u_CORTEXM3INTEGRATION/u_cortexm3ds_logic/Ik2nz6_reg/C
  -------------------------------------------------------------------    -------------------
    SLICE_X96Y126        FDCE (Prop_EFF_SLICEL_C_Q)
                                                      0.114    -1.190 r  u_fp_domain/u_CORTEXM3INTEGRATION/u_cortexm3ds_logic/Ik2nz6_reg/Q
                         net (fo=909, routed)         6.267     5.077    u_fp_domain/u_CORTEXM3INTEGRATION/u_cortexm3ds_logic/Ox9dt6
    SLICE_X96Y195        FDCE                                         f  u_fp_domain/u_CORTEXM3INTEGRATION/u_cortexm3ds_logic/N28m17_reg/CLR  (IS_INVERTED)
  -------------------------------------------------------------------    -------------------

                         (clock clk_out1_pll_50m rise edge)
                                                     25.000    25.000 r  
    D24                  IBUFCTRL                     0.000    25.000 r  CLK_IBUF_inst/IBUFCTRL_INST/O
                         net (fo=7, routed)           0.778    25.778    u_fpga_platform/u_pll0/inst/clk_in1
    MMCME3_ADV_X2Y3      MMCME3_ADV (Prop_MMCME3_ADV_CLKIN1_CLKOUT0)
                                                     -4.811    20.967 r  u_fpga_platform/u_pll0/inst/mmcme3_adv_inst/CLKOUT0
                         net (fo=1, routed)           0.372    21.339    u_fpga_platform/u_pll0/inst/clk_out1_pll_50m
    BUFGCE_X2Y74         BUFGCE (Prop_BUFCE_BUFGCE_I_O)
                                                      0.075    21.414 r  u_fpga_platform/u_pll0/inst/clkout1_buf/O
    X4Y1 (CLOCK_ROOT)    net (fo=6068, routed)        2.188    23.602    u_fp_domain/u_CORTEXM3INTEGRATION/u_cortexm3ds_logic/clk_out1
    SLICE_X96Y195        FDCE                                         r  u_fp_domain/u_CORTEXM3INTEGRATION/u_cortexm3ds_logic/N28m17_reg/C
                         clock pessimism             -0.087    23.515    
                         clock uncertainty           -0.078    23.437    
    SLICE_X96Y195        FDCE (Recov_DFF2_SLICEL_C_CLR)
                                                     -0.082    23.355    u_fp_domain/u_CORTEXM3INTEGRATION/u_cortexm3ds_logic/N28m17_reg
  -------------------------------------------------------------------
                         required time                         23.355    
                         arrival time                          -5.077    
  -------------------------------------------------------------------
                         slack                                 18.278    

Slack (MET) :             18.286ns  (required time - arrival time)
  Source:                 u_fp_domain/u_CORTEXM3INTEGRATION/u_cortexm3ds_logic/Ik2nz6_reg/C
                            (rising edge-triggered cell FDCE clocked by clk_out1_pll_50m  {rise@0.000ns fall@12.500ns period=25.000ns})
  Destination:            u_fp_domain/u_CORTEXM3INTEGRATION/u_cortexm3ds_logic/Dfya17_reg/CLR
                            (recovery check against rising-edge clock clk_out1_pll_50m  {rise@0.000ns fall@12.500ns period=25.000ns})
  Path Group:             **async_default**
  Path Type:              Recovery (Max at Slow Process Corner)
  Requirement:            25.000ns  (clk_out1_pll_50m rise@25.000ns - clk_out1_pll_50m rise@0.000ns)
  Data Path Delay:        6.371ns  (logic 0.114ns (1.789%)  route 6.257ns (98.211%))
  Logic Levels:           0  
  Clock Path Skew:        -0.183ns (DCD - SCD + CPR)
    Destination Clock Delay (DCD):    -1.400ns = ( 23.600 - 25.000 ) 
    Source Clock Delay      (SCD):    -1.304ns
    Clock Pessimism Removal (CPR):    -0.087ns
  Clock Uncertainty:      0.078ns  ((TSJ^2 + DJ^2)^1/2) / 2 + PE
    Total System Jitter     (TSJ):    0.071ns
    Discrete Jitter          (DJ):    0.138ns
    Phase Error              (PE):    0.000ns
  Clock Net Delay (Source):      2.452ns (routing 0.988ns, distribution 1.464ns)
  Clock Net Delay (Destination): 2.186ns (routing 0.905ns, distribution 1.281ns)

    Location             Delay type                Incr(ns)  Path(ns)    Netlist Resource(s)
  -------------------------------------------------------------------    -------------------
                         (clock clk_out1_pll_50m rise edge)
                                                      0.000     0.000 r  
    D24                  IBUFCTRL                     0.000     0.000 r  CLK_IBUF_inst/IBUFCTRL_INST/O
                         net (fo=7, routed)           0.865     0.865    u_fpga_platform/u_pll0/inst/clk_in1
    MMCME3_ADV_X2Y3      MMCME3_ADV (Prop_MMCME3_ADV_CLKIN1_CLKOUT0)
                                                     -5.141    -4.276 r  u_fpga_platform/u_pll0/inst/mmcme3_adv_inst/CLKOUT0
                         net (fo=1, routed)           0.437    -3.839    u_fpga_platform/u_pll0/inst/clk_out1_pll_50m
    BUFGCE_X2Y74         BUFGCE (Prop_BUFCE_BUFGCE_I_O)
                                                      0.083    -3.756 r  u_fpga_platform/u_pll0/inst/clkout1_buf/O
    X4Y1 (CLOCK_ROOT)    net (fo=6068, routed)        2.452    -1.304    u_fp_domain/u_CORTEXM3INTEGRATION/u_cortexm3ds_logic/clk_out1
    SLICE_X96Y126        FDCE                                         r  u_fp_domain/u_CORTEXM3INTEGRATION/u_cortexm3ds_logic/Ik2nz6_reg/C
  -------------------------------------------------------------------    -------------------
    SLICE_X96Y126        FDCE (Prop_EFF_SLICEL_C_Q)
                                                      0.114    -1.190 r  u_fp_domain/u_CORTEXM3INTEGRATION/u_cortexm3ds_logic/Ik2nz6_reg/Q
                         net (fo=909, routed)         6.257     5.067    u_fp_domain/u_CORTEXM3INTEGRATION/u_cortexm3ds_logic/Ox9dt6
    SLICE_X96Y195        FDCE                                         f  u_fp_domain/u_CORTEXM3INTEGRATION/u_cortexm3ds_logic/Dfya17_reg/CLR  (IS_INVERTED)
  -------------------------------------------------------------------    -------------------

                         (clock clk_out1_pll_50m rise edge)
                                                     25.000    25.000 r  
    D24                  IBUFCTRL                     0.000    25.000 r  CLK_IBUF_inst/IBUFCTRL_INST/O
                         net (fo=7, routed)           0.778    25.778    u_fpga_platform/u_pll0/inst/clk_in1
    MMCME3_ADV_X2Y3      MMCME3_ADV (Prop_MMCME3_ADV_CLKIN1_CLKOUT0)
                                                     -4.811    20.967 r  u_fpga_platform/u_pll0/inst/mmcme3_adv_inst/CLKOUT0
                         net (fo=1, routed)           0.372    21.339    u_fpga_platform/u_pll0/inst/clk_out1_pll_50m
    BUFGCE_X2Y74         BUFGCE (Prop_BUFCE_BUFGCE_I_O)
                                                      0.075    21.414 r  u_fpga_platform/u_pll0/inst/clkout1_buf/O
    X4Y1 (CLOCK_ROOT)    net (fo=6068, routed)        2.186    23.600    u_fp_domain/u_CORTEXM3INTEGRATION/u_cortexm3ds_logic/clk_out1
    SLICE_X96Y195        FDCE                                         r  u_fp_domain/u_CORTEXM3INTEGRATION/u_cortexm3ds_logic/Dfya17_reg/C
                         clock pessimism             -0.087    23.513    
                         clock uncertainty           -0.078    23.435    
    SLICE_X96Y195        FDCE (Recov_HFF_SLICEL_C_CLR)
                                                     -0.082    23.353    u_fp_domain/u_CORTEXM3INTEGRATION/u_cortexm3ds_logic/Dfya17_reg
  -------------------------------------------------------------------
                         required time                         23.353    
                         arrival time                          -5.067    
  -------------------------------------------------------------------
                         slack                                 18.286    

Slack (MET) :             18.286ns  (required time - arrival time)
  Source:                 u_fp_domain/u_CORTEXM3INTEGRATION/u_cortexm3ds_logic/Ik2nz6_reg/C
                            (rising edge-triggered cell FDCE clocked by clk_out1_pll_50m  {rise@0.000ns fall@12.500ns period=25.000ns})
  Destination:            u_fp_domain/u_CORTEXM3INTEGRATION/u_cortexm3ds_logic/Lcya17_reg/CLR
                            (recovery check against rising-edge clock clk_out1_pll_50m  {rise@0.000ns fall@12.500ns period=25.000ns})
  Path Group:             **async_default**
  Path Type:              Recovery (Max at Slow Process Corner)
  Requirement:            25.000ns  (clk_out1_pll_50m rise@25.000ns - clk_out1_pll_50m rise@0.000ns)
  Data Path Delay:        6.371ns  (logic 0.114ns (1.789%)  route 6.257ns (98.211%))
  Logic Levels:           0  
  Clock Path Skew:        -0.183ns (DCD - SCD + CPR)
    Destination Clock Delay (DCD):    -1.400ns = ( 23.600 - 25.000 ) 
    Source Clock Delay      (SCD):    -1.304ns
    Clock Pessimism Removal (CPR):    -0.087ns
  Clock Uncertainty:      0.078ns  ((TSJ^2 + DJ^2)^1/2) / 2 + PE
    Total System Jitter     (TSJ):    0.071ns
    Discrete Jitter          (DJ):    0.138ns
    Phase Error              (PE):    0.000ns
  Clock Net Delay (Source):      2.452ns (routing 0.988ns, distribution 1.464ns)
  Clock Net Delay (Destination): 2.186ns (routing 0.905ns, distribution 1.281ns)

    Location             Delay type                Incr(ns)  Path(ns)    Netlist Resource(s)
  -------------------------------------------------------------------    -------------------
                         (clock clk_out1_pll_50m rise edge)
                                                      0.000     0.000 r  
    D24                  IBUFCTRL                     0.000     0.000 r  CLK_IBUF_inst/IBUFCTRL_INST/O
                         net (fo=7, routed)           0.865     0.865    u_fpga_platform/u_pll0/inst/clk_in1
    MMCME3_ADV_X2Y3      MMCME3_ADV (Prop_MMCME3_ADV_CLKIN1_CLKOUT0)
                                                     -5.141    -4.276 r  u_fpga_platform/u_pll0/inst/mmcme3_adv_inst/CLKOUT0
                         net (fo=1, routed)           0.437    -3.839    u_fpga_platform/u_pll0/inst/clk_out1_pll_50m
    BUFGCE_X2Y74         BUFGCE (Prop_BUFCE_BUFGCE_I_O)
                                                      0.083    -3.756 r  u_fpga_platform/u_pll0/inst/clkout1_buf/O
    X4Y1 (CLOCK_ROOT)    net (fo=6068, routed)        2.452    -1.304    u_fp_domain/u_CORTEXM3INTEGRATION/u_cortexm3ds_logic/clk_out1
    SLICE_X96Y126        FDCE                                         r  u_fp_domain/u_CORTEXM3INTEGRATION/u_cortexm3ds_logic/Ik2nz6_reg/C
  -------------------------------------------------------------------    -------------------
    SLICE_X96Y126        FDCE (Prop_EFF_SLICEL_C_Q)
                                                      0.114    -1.190 r  u_fp_domain/u_CORTEXM3INTEGRATION/u_cortexm3ds_logic/Ik2nz6_reg/Q
                         net (fo=909, routed)         6.257     5.067    u_fp_domain/u_CORTEXM3INTEGRATION/u_cortexm3ds_logic/Ox9dt6
    SLICE_X96Y195        FDCE                                         f  u_fp_domain/u_CORTEXM3INTEGRATION/u_cortexm3ds_logic/Lcya17_reg/CLR  (IS_INVERTED)
  -------------------------------------------------------------------    -------------------

                         (clock clk_out1_pll_50m rise edge)
                                                     25.000    25.000 r  
    D24                  IBUFCTRL                     0.000    25.000 r  CLK_IBUF_inst/IBUFCTRL_INST/O
                         net (fo=7, routed)           0.778    25.778    u_fpga_platform/u_pll0/inst/clk_in1
    MMCME3_ADV_X2Y3      MMCME3_ADV (Prop_MMCME3_ADV_CLKIN1_CLKOUT0)
                                                     -4.811    20.967 r  u_fpga_platform/u_pll0/inst/mmcme3_adv_inst/CLKOUT0
                         net (fo=1, routed)           0.372    21.339    u_fpga_platform/u_pll0/inst/clk_out1_pll_50m
    BUFGCE_X2Y74         BUFGCE (Prop_BUFCE_BUFGCE_I_O)
                                                      0.075    21.414 r  u_fpga_platform/u_pll0/inst/clkout1_buf/O
    X4Y1 (CLOCK_ROOT)    net (fo=6068, routed)        2.186    23.600    u_fp_domain/u_CORTEXM3INTEGRATION/u_cortexm3ds_logic/clk_out1
    SLICE_X96Y195        FDCE                                         r  u_fp_domain/u_CORTEXM3INTEGRATION/u_cortexm3ds_logic/Lcya17_reg/C
                         clock pessimism             -0.087    23.513    
                         clock uncertainty           -0.078    23.435    
    SLICE_X96Y195        FDCE (Recov_HFF2_SLICEL_C_CLR)
                                                     -0.082    23.353    u_fp_domain/u_CORTEXM3INTEGRATION/u_cortexm3ds_logic/Lcya17_reg
  -------------------------------------------------------------------
                         required time                         23.353    
                         arrival time                          -5.067    
  -------------------------------------------------------------------
                         slack                                 18.286    

Slack (MET) :             18.348ns  (required time - arrival time)
  Source:                 u_fp_domain/u_CORTEXM3INTEGRATION/u_cortexm3ds_logic/Ik2nz6_reg/C
                            (rising edge-triggered cell FDCE clocked by clk_out1_pll_50m  {rise@0.000ns fall@12.500ns period=25.000ns})
  Destination:            u_fp_domain/u_CORTEXM3INTEGRATION/u_cortexm3ds_logic/Gk8m17_reg/PRE
                            (recovery check against rising-edge clock clk_out1_pll_50m  {rise@0.000ns fall@12.500ns period=25.000ns})
  Path Group:             **async_default**
  Path Type:              Recovery (Max at Slow Process Corner)
  Requirement:            25.000ns  (clk_out1_pll_50m rise@25.000ns - clk_out1_pll_50m rise@0.000ns)
  Data Path Delay:        6.305ns  (logic 0.114ns (1.808%)  route 6.191ns (98.192%))
  Logic Levels:           0  
  Clock Path Skew:        -0.187ns (DCD - SCD + CPR)
    Destination Clock Delay (DCD):    -1.404ns = ( 23.596 - 25.000 ) 
    Source Clock Delay      (SCD):    -1.304ns
    Clock Pessimism Removal (CPR):    -0.087ns
  Clock Uncertainty:      0.078ns  ((TSJ^2 + DJ^2)^1/2) / 2 + PE
    Total System Jitter     (TSJ):    0.071ns
    Discrete Jitter          (DJ):    0.138ns
    Phase Error              (PE):    0.000ns
  Clock Net Delay (Source):      2.452ns (routing 0.988ns, distribution 1.464ns)
  Clock Net Delay (Destination): 2.182ns (routing 0.905ns, distribution 1.277ns)

    Location             Delay type                Incr(ns)  Path(ns)    Netlist Resource(s)
  -------------------------------------------------------------------    -------------------
                         (clock clk_out1_pll_50m rise edge)
                                                      0.000     0.000 r  
    D24                  IBUFCTRL                     0.000     0.000 r  CLK_IBUF_inst/IBUFCTRL_INST/O
                         net (fo=7, routed)           0.865     0.865    u_fpga_platform/u_pll0/inst/clk_in1
    MMCME3_ADV_X2Y3      MMCME3_ADV (Prop_MMCME3_ADV_CLKIN1_CLKOUT0)
                                                     -5.141    -4.276 r  u_fpga_platform/u_pll0/inst/mmcme3_adv_inst/CLKOUT0
                         net (fo=1, routed)           0.437    -3.839    u_fpga_platform/u_pll0/inst/clk_out1_pll_50m
    BUFGCE_X2Y74         BUFGCE (Prop_BUFCE_BUFGCE_I_O)
                                                      0.083    -3.756 r  u_fpga_platform/u_pll0/inst/clkout1_buf/O
    X4Y1 (CLOCK_ROOT)    net (fo=6068, routed)        2.452    -1.304    u_fp_domain/u_CORTEXM3INTEGRATION/u_cortexm3ds_logic/clk_out1
    SLICE_X96Y126        FDCE                                         r  u_fp_domain/u_CORTEXM3INTEGRATION/u_cortexm3ds_logic/Ik2nz6_reg/C
  -------------------------------------------------------------------    -------------------
    SLICE_X96Y126        FDCE (Prop_EFF_SLICEL_C_Q)
                                                      0.114    -1.190 r  u_fp_domain/u_CORTEXM3INTEGRATION/u_cortexm3ds_logic/Ik2nz6_reg/Q
                         net (fo=909, routed)         6.191     5.001    u_fp_domain/u_CORTEXM3INTEGRATION/u_cortexm3ds_logic/Ox9dt6
    SLICE_X96Y194        FDPE                                         f  u_fp_domain/u_CORTEXM3INTEGRATION/u_cortexm3ds_logic/Gk8m17_reg/PRE  (IS_INVERTED)
  -------------------------------------------------------------------    -------------------

                         (clock clk_out1_pll_50m rise edge)
                                                     25.000    25.000 r  
    D24                  IBUFCTRL                     0.000    25.000 r  CLK_IBUF_inst/IBUFCTRL_INST/O
                         net (fo=7, routed)           0.778    25.778    u_fpga_platform/u_pll0/inst/clk_in1
    MMCME3_ADV_X2Y3      MMCME3_ADV (Prop_MMCME3_ADV_CLKIN1_CLKOUT0)
                                                     -4.811    20.967 r  u_fpga_platform/u_pll0/inst/mmcme3_adv_inst/CLKOUT0
                         net (fo=1, routed)           0.372    21.339    u_fpga_platform/u_pll0/inst/clk_out1_pll_50m
    BUFGCE_X2Y74         BUFGCE (Prop_BUFCE_BUFGCE_I_O)
                                                      0.075    21.414 r  u_fpga_platform/u_pll0/inst/clkout1_buf/O
    X4Y1 (CLOCK_ROOT)    net (fo=6068, routed)        2.182    23.596    u_fp_domain/u_CORTEXM3INTEGRATION/u_cortexm3ds_logic/clk_out1
    SLICE_X96Y194        FDPE                                         r  u_fp_domain/u_CORTEXM3INTEGRATION/u_cortexm3ds_logic/Gk8m17_reg/C
                         clock pessimism             -0.087    23.509    
                         clock uncertainty           -0.078    23.431    
    SLICE_X96Y194        FDPE (Recov_DFF_SLICEL_C_PRE)
                                                     -0.082    23.349    u_fp_domain/u_CORTEXM3INTEGRATION/u_cortexm3ds_logic/Gk8m17_reg
  -------------------------------------------------------------------
                         required time                         23.349    
                         arrival time                          -5.001    
  -------------------------------------------------------------------
                         slack                                 18.348    

Slack (MET) :             18.348ns  (required time - arrival time)
  Source:                 u_fp_domain/u_CORTEXM3INTEGRATION/u_cortexm3ds_logic/Ik2nz6_reg/C
                            (rising edge-triggered cell FDCE clocked by clk_out1_pll_50m  {rise@0.000ns fall@12.500ns period=25.000ns})
  Destination:            u_fp_domain/u_CORTEXM3INTEGRATION/u_cortexm3ds_logic/Ph8m17_reg/CLR
                            (recovery check against rising-edge clock clk_out1_pll_50m  {rise@0.000ns fall@12.500ns period=25.000ns})
  Path Group:             **async_default**
  Path Type:              Recovery (Max at Slow Process Corner)
  Requirement:            25.000ns  (clk_out1_pll_50m rise@25.000ns - clk_out1_pll_50m rise@0.000ns)
  Data Path Delay:        6.305ns  (logic 0.114ns (1.808%)  route 6.191ns (98.192%))
  Logic Levels:           0  
  Clock Path Skew:        -0.187ns (DCD - SCD + CPR)
    Destination Clock Delay (DCD):    -1.404ns = ( 23.596 - 25.000 ) 
    Source Clock Delay      (SCD):    -1.304ns
    Clock Pessimism Removal (CPR):    -0.087ns
  Clock Uncertainty:      0.078ns  ((TSJ^2 + DJ^2)^1/2) / 2 + PE
    Total System Jitter     (TSJ):    0.071ns
    Discrete Jitter          (DJ):    0.138ns
    Phase Error              (PE):    0.000ns
  Clock Net Delay (Source):      2.452ns (routing 0.988ns, distribution 1.464ns)
  Clock Net Delay (Destination): 2.182ns (routing 0.905ns, distribution 1.277ns)

    Location             Delay type                Incr(ns)  Path(ns)    Netlist Resource(s)
  -------------------------------------------------------------------    -------------------
                         (clock clk_out1_pll_50m rise edge)
                                                      0.000     0.000 r  
    D24                  IBUFCTRL                     0.000     0.000 r  CLK_IBUF_inst/IBUFCTRL_INST/O
                         net (fo=7, routed)           0.865     0.865    u_fpga_platform/u_pll0/inst/clk_in1
    MMCME3_ADV_X2Y3      MMCME3_ADV (Prop_MMCME3_ADV_CLKIN1_CLKOUT0)
                                                     -5.141    -4.276 r  u_fpga_platform/u_pll0/inst/mmcme3_adv_inst/CLKOUT0
                         net (fo=1, routed)           0.437    -3.839    u_fpga_platform/u_pll0/inst/clk_out1_pll_50m
    BUFGCE_X2Y74         BUFGCE (Prop_BUFCE_BUFGCE_I_O)
                                                      0.083    -3.756 r  u_fpga_platform/u_pll0/inst/clkout1_buf/O
    X4Y1 (CLOCK_ROOT)    net (fo=6068, routed)        2.452    -1.304    u_fp_domain/u_CORTEXM3INTEGRATION/u_cortexm3ds_logic/clk_out1
    SLICE_X96Y126        FDCE                                         r  u_fp_domain/u_CORTEXM3INTEGRATION/u_cortexm3ds_logic/Ik2nz6_reg/C
  -------------------------------------------------------------------    -------------------
    SLICE_X96Y126        FDCE (Prop_EFF_SLICEL_C_Q)
                                                      0.114    -1.190 r  u_fp_domain/u_CORTEXM3INTEGRATION/u_cortexm3ds_logic/Ik2nz6_reg/Q
                         net (fo=909, routed)         6.191     5.001    u_fp_domain/u_CORTEXM3INTEGRATION/u_cortexm3ds_logic/Ox9dt6
    SLICE_X96Y194        FDCE                                         f  u_fp_domain/u_CORTEXM3INTEGRATION/u_cortexm3ds_logic/Ph8m17_reg/CLR  (IS_INVERTED)
  -------------------------------------------------------------------    -------------------

                         (clock clk_out1_pll_50m rise edge)
                                                     25.000    25.000 r  
    D24                  IBUFCTRL                     0.000    25.000 r  CLK_IBUF_inst/IBUFCTRL_INST/O
                         net (fo=7, routed)           0.778    25.778    u_fpga_platform/u_pll0/inst/clk_in1
    MMCME3_ADV_X2Y3      MMCME3_ADV (Prop_MMCME3_ADV_CLKIN1_CLKOUT0)
                                                     -4.811    20.967 r  u_fpga_platform/u_pll0/inst/mmcme3_adv_inst/CLKOUT0
                         net (fo=1, routed)           0.372    21.339    u_fpga_platform/u_pll0/inst/clk_out1_pll_50m
    BUFGCE_X2Y74         BUFGCE (Prop_BUFCE_BUFGCE_I_O)
                                                      0.075    21.414 r  u_fpga_platform/u_pll0/inst/clkout1_buf/O
    X4Y1 (CLOCK_ROOT)    net (fo=6068, routed)        2.182    23.596    u_fp_domain/u_CORTEXM3INTEGRATION/u_cortexm3ds_logic/clk_out1
    SLICE_X96Y194        FDCE                                         r  u_fp_domain/u_CORTEXM3INTEGRATION/u_cortexm3ds_logic/Ph8m17_reg/C
                         clock pessimism             -0.087    23.509    
                         clock uncertainty           -0.078    23.431    
    SLICE_X96Y194        FDCE (Recov_CFF_SLICEL_C_CLR)
                                                     -0.082    23.349    u_fp_domain/u_CORTEXM3INTEGRATION/u_cortexm3ds_logic/Ph8m17_reg
  -------------------------------------------------------------------
                         required time                         23.349    
                         arrival time                          -5.001    
  -------------------------------------------------------------------
                         slack                                 18.348    

Slack (MET) :             18.348ns  (required time - arrival time)
  Source:                 u_fp_domain/u_CORTEXM3INTEGRATION/u_cortexm3ds_logic/Ik2nz6_reg/C
                            (rising edge-triggered cell FDCE clocked by clk_out1_pll_50m  {rise@0.000ns fall@12.500ns period=25.000ns})
  Destination:            u_fp_domain/u_CORTEXM3INTEGRATION/u_cortexm3ds_logic/Ye8m17_reg/CLR
                            (recovery check against rising-edge clock clk_out1_pll_50m  {rise@0.000ns fall@12.500ns period=25.000ns})
  Path Group:             **async_default**
  Path Type:              Recovery (Max at Slow Process Corner)
  Requirement:            25.000ns  (clk_out1_pll_50m rise@25.000ns - clk_out1_pll_50m rise@0.000ns)
  Data Path Delay:        6.305ns  (logic 0.114ns (1.808%)  route 6.191ns (98.192%))
  Logic Levels:           0  
  Clock Path Skew:        -0.187ns (DCD - SCD + CPR)
    Destination Clock Delay (DCD):    -1.404ns = ( 23.596 - 25.000 ) 
    Source Clock Delay      (SCD):    -1.304ns
    Clock Pessimism Removal (CPR):    -0.087ns
  Clock Uncertainty:      0.078ns  ((TSJ^2 + DJ^2)^1/2) / 2 + PE
    Total System Jitter     (TSJ):    0.071ns
    Discrete Jitter          (DJ):    0.138ns
    Phase Error              (PE):    0.000ns
  Clock Net Delay (Source):      2.452ns (routing 0.988ns, distribution 1.464ns)
  Clock Net Delay (Destination): 2.182ns (routing 0.905ns, distribution 1.277ns)

    Location             Delay type                Incr(ns)  Path(ns)    Netlist Resource(s)
  -------------------------------------------------------------------    -------------------
                         (clock clk_out1_pll_50m rise edge)
                                                      0.000     0.000 r  
    D24                  IBUFCTRL                     0.000     0.000 r  CLK_IBUF_inst/IBUFCTRL_INST/O
                         net (fo=7, routed)           0.865     0.865    u_fpga_platform/u_pll0/inst/clk_in1
    MMCME3_ADV_X2Y3      MMCME3_ADV (Prop_MMCME3_ADV_CLKIN1_CLKOUT0)
                                                     -5.141    -4.276 r  u_fpga_platform/u_pll0/inst/mmcme3_adv_inst/CLKOUT0
                         net (fo=1, routed)           0.437    -3.839    u_fpga_platform/u_pll0/inst/clk_out1_pll_50m
    BUFGCE_X2Y74         BUFGCE (Prop_BUFCE_BUFGCE_I_O)
                                                      0.083    -3.756 r  u_fpga_platform/u_pll0/inst/clkout1_buf/O
    X4Y1 (CLOCK_ROOT)    net (fo=6068, routed)        2.452    -1.304    u_fp_domain/u_CORTEXM3INTEGRATION/u_cortexm3ds_logic/clk_out1
    SLICE_X96Y126        FDCE                                         r  u_fp_domain/u_CORTEXM3INTEGRATION/u_cortexm3ds_logic/Ik2nz6_reg/C
  -------------------------------------------------------------------    -------------------
    SLICE_X96Y126        FDCE (Prop_EFF_SLICEL_C_Q)
                                                      0.114    -1.190 r  u_fp_domain/u_CORTEXM3INTEGRATION/u_cortexm3ds_logic/Ik2nz6_reg/Q
                         net (fo=909, routed)         6.191     5.001    u_fp_domain/u_CORTEXM3INTEGRATION/u_cortexm3ds_logic/Ox9dt6
    SLICE_X96Y194        FDCE                                         f  u_fp_domain/u_CORTEXM3INTEGRATION/u_cortexm3ds_logic/Ye8m17_reg/CLR  (IS_INVERTED)
  -------------------------------------------------------------------    -------------------

                         (clock clk_out1_pll_50m rise edge)
                                                     25.000    25.000 r  
    D24                  IBUFCTRL                     0.000    25.000 r  CLK_IBUF_inst/IBUFCTRL_INST/O
                         net (fo=7, routed)           0.778    25.778    u_fpga_platform/u_pll0/inst/clk_in1
    MMCME3_ADV_X2Y3      MMCME3_ADV (Prop_MMCME3_ADV_CLKIN1_CLKOUT0)
                                                     -4.811    20.967 r  u_fpga_platform/u_pll0/inst/mmcme3_adv_inst/CLKOUT0
                         net (fo=1, routed)           0.372    21.339    u_fpga_platform/u_pll0/inst/clk_out1_pll_50m
    BUFGCE_X2Y74         BUFGCE (Prop_BUFCE_BUFGCE_I_O)
                                                      0.075    21.414 r  u_fpga_platform/u_pll0/inst/clkout1_buf/O
    X4Y1 (CLOCK_ROOT)    net (fo=6068, routed)        2.182    23.596    u_fp_domain/u_CORTEXM3INTEGRATION/u_cortexm3ds_logic/clk_out1
    SLICE_X96Y194        FDCE                                         r  u_fp_domain/u_CORTEXM3INTEGRATION/u_cortexm3ds_logic/Ye8m17_reg/C
                         clock pessimism             -0.087    23.509    
                         clock uncertainty           -0.078    23.431    
    SLICE_X96Y194        FDCE (Recov_CFF2_SLICEL_C_CLR)
                                                     -0.082    23.349    u_fp_domain/u_CORTEXM3INTEGRATION/u_cortexm3ds_logic/Ye8m17_reg
  -------------------------------------------------------------------
                         required time                         23.349    
                         arrival time                          -5.001    
  -------------------------------------------------------------------
                         slack                                 18.348    

Slack (MET) :             18.361ns  (required time - arrival time)
  Source:                 u_fp_domain/u_CORTEXM3INTEGRATION/u_cortexm3ds_logic/Ik2nz6_reg/C
                            (rising edge-triggered cell FDCE clocked by clk_out1_pll_50m  {rise@0.000ns fall@12.500ns period=25.000ns})
  Destination:            u_fp_domain/u_CORTEXM3INTEGRATION/u_cortexm3ds_logic/Knxa17_reg/CLR
                            (recovery check against rising-edge clock clk_out1_pll_50m  {rise@0.000ns fall@12.500ns period=25.000ns})
  Path Group:             **async_default**
  Path Type:              Recovery (Max at Slow Process Corner)
  Requirement:            25.000ns  (clk_out1_pll_50m rise@25.000ns - clk_out1_pll_50m rise@0.000ns)
  Data Path Delay:        6.299ns  (logic 0.114ns (1.810%)  route 6.185ns (98.190%))
  Logic Levels:           0  
  Clock Path Skew:        -0.180ns (DCD - SCD + CPR)
    Destination Clock Delay (DCD):    -1.397ns = ( 23.603 - 25.000 ) 
    Source Clock Delay      (SCD):    -1.304ns
    Clock Pessimism Removal (CPR):    -0.087ns
  Clock Uncertainty:      0.078ns  ((TSJ^2 + DJ^2)^1/2) / 2 + PE
    Total System Jitter     (TSJ):    0.071ns
    Discrete Jitter          (DJ):    0.138ns
    Phase Error              (PE):    0.000ns
  Clock Net Delay (Source):      2.452ns (routing 0.988ns, distribution 1.464ns)
  Clock Net Delay (Destination): 2.189ns (routing 0.905ns, distribution 1.284ns)

    Location             Delay type                Incr(ns)  Path(ns)    Netlist Resource(s)
  -------------------------------------------------------------------    -------------------
                         (clock clk_out1_pll_50m rise edge)
                                                      0.000     0.000 r  
    D24                  IBUFCTRL                     0.000     0.000 r  CLK_IBUF_inst/IBUFCTRL_INST/O
                         net (fo=7, routed)           0.865     0.865    u_fpga_platform/u_pll0/inst/clk_in1
    MMCME3_ADV_X2Y3      MMCME3_ADV (Prop_MMCME3_ADV_CLKIN1_CLKOUT0)
                                                     -5.141    -4.276 r  u_fpga_platform/u_pll0/inst/mmcme3_adv_inst/CLKOUT0
                         net (fo=1, routed)           0.437    -3.839    u_fpga_platform/u_pll0/inst/clk_out1_pll_50m
    BUFGCE_X2Y74         BUFGCE (Prop_BUFCE_BUFGCE_I_O)
                                                      0.083    -3.756 r  u_fpga_platform/u_pll0/inst/clkout1_buf/O
    X4Y1 (CLOCK_ROOT)    net (fo=6068, routed)        2.452    -1.304    u_fp_domain/u_CORTEXM3INTEGRATION/u_cortexm3ds_logic/clk_out1
    SLICE_X96Y126        FDCE                                         r  u_fp_domain/u_CORTEXM3INTEGRATION/u_cortexm3ds_logic/Ik2nz6_reg/C
  -------------------------------------------------------------------    -------------------
    SLICE_X96Y126        FDCE (Prop_EFF_SLICEL_C_Q)
                                                      0.114    -1.190 r  u_fp_domain/u_CORTEXM3INTEGRATION/u_cortexm3ds_logic/Ik2nz6_reg/Q
                         net (fo=909, routed)         6.185     4.995    u_fp_domain/u_CORTEXM3INTEGRATION/u_cortexm3ds_logic/Ox9dt6
    SLICE_X96Y193        FDCE                                         f  u_fp_domain/u_CORTEXM3INTEGRATION/u_cortexm3ds_logic/Knxa17_reg/CLR  (IS_INVERTED)
  -------------------------------------------------------------------    -------------------

                         (clock clk_out1_pll_50m rise edge)
                                                     25.000    25.000 r  
    D24                  IBUFCTRL                     0.000    25.000 r  CLK_IBUF_inst/IBUFCTRL_INST/O
                         net (fo=7, routed)           0.778    25.778    u_fpga_platform/u_pll0/inst/clk_in1
    MMCME3_ADV_X2Y3      MMCME3_ADV (Prop_MMCME3_ADV_CLKIN1_CLKOUT0)
                                                     -4.811    20.967 r  u_fpga_platform/u_pll0/inst/mmcme3_adv_inst/CLKOUT0
                         net (fo=1, routed)           0.372    21.339    u_fpga_platform/u_pll0/inst/clk_out1_pll_50m
    BUFGCE_X2Y74         BUFGCE (Prop_BUFCE_BUFGCE_I_O)
                                                      0.075    21.414 r  u_fpga_platform/u_pll0/inst/clkout1_buf/O
    X4Y1 (CLOCK_ROOT)    net (fo=6068, routed)        2.189    23.603    u_fp_domain/u_CORTEXM3INTEGRATION/u_cortexm3ds_logic/clk_out1
    SLICE_X96Y193        FDCE                                         r  u_fp_domain/u_CORTEXM3INTEGRATION/u_cortexm3ds_logic/Knxa17_reg/C
                         clock pessimism             -0.087    23.516    
                         clock uncertainty           -0.078    23.438    
    SLICE_X96Y193        FDCE (Recov_DFF_SLICEL_C_CLR)
                                                     -0.082    23.356    u_fp_domain/u_CORTEXM3INTEGRATION/u_cortexm3ds_logic/Knxa17_reg
  -------------------------------------------------------------------
                         required time                         23.356    
                         arrival time                          -4.995    
  -------------------------------------------------------------------
                         slack                                 18.361    

Slack (MET) :             18.361ns  (required time - arrival time)
  Source:                 u_fp_domain/u_CORTEXM3INTEGRATION/u_cortexm3ds_logic/Ik2nz6_reg/C
                            (rising edge-triggered cell FDCE clocked by clk_out1_pll_50m  {rise@0.000ns fall@12.500ns period=25.000ns})
  Destination:            u_fp_domain/u_CORTEXM3INTEGRATION/u_cortexm3ds_logic/Qxxa17_reg/CLR
                            (recovery check against rising-edge clock clk_out1_pll_50m  {rise@0.000ns fall@12.500ns period=25.000ns})
  Path Group:             **async_default**
  Path Type:              Recovery (Max at Slow Process Corner)
  Requirement:            25.000ns  (clk_out1_pll_50m rise@25.000ns - clk_out1_pll_50m rise@0.000ns)
  Data Path Delay:        6.299ns  (logic 0.114ns (1.810%)  route 6.185ns (98.190%))
  Logic Levels:           0  
  Clock Path Skew:        -0.180ns (DCD - SCD + CPR)
    Destination Clock Delay (DCD):    -1.397ns = ( 23.603 - 25.000 ) 
    Source Clock Delay      (SCD):    -1.304ns
    Clock Pessimism Removal (CPR):    -0.087ns
  Clock Uncertainty:      0.078ns  ((TSJ^2 + DJ^2)^1/2) / 2 + PE
    Total System Jitter     (TSJ):    0.071ns
    Discrete Jitter          (DJ):    0.138ns
    Phase Error              (PE):    0.000ns
  Clock Net Delay (Source):      2.452ns (routing 0.988ns, distribution 1.464ns)
  Clock Net Delay (Destination): 2.189ns (routing 0.905ns, distribution 1.284ns)

    Location             Delay type                Incr(ns)  Path(ns)    Netlist Resource(s)
  -------------------------------------------------------------------    -------------------
                         (clock clk_out1_pll_50m rise edge)
                                                      0.000     0.000 r  
    D24                  IBUFCTRL                     0.000     0.000 r  CLK_IBUF_inst/IBUFCTRL_INST/O
                         net (fo=7, routed)           0.865     0.865    u_fpga_platform/u_pll0/inst/clk_in1
    MMCME3_ADV_X2Y3      MMCME3_ADV (Prop_MMCME3_ADV_CLKIN1_CLKOUT0)
                                                     -5.141    -4.276 r  u_fpga_platform/u_pll0/inst/mmcme3_adv_inst/CLKOUT0
                         net (fo=1, routed)           0.437    -3.839    u_fpga_platform/u_pll0/inst/clk_out1_pll_50m
    BUFGCE_X2Y74         BUFGCE (Prop_BUFCE_BUFGCE_I_O)
                                                      0.083    -3.756 r  u_fpga_platform/u_pll0/inst/clkout1_buf/O
    X4Y1 (CLOCK_ROOT)    net (fo=6068, routed)        2.452    -1.304    u_fp_domain/u_CORTEXM3INTEGRATION/u_cortexm3ds_logic/clk_out1
    SLICE_X96Y126        FDCE                                         r  u_fp_domain/u_CORTEXM3INTEGRATION/u_cortexm3ds_logic/Ik2nz6_reg/C
  -------------------------------------------------------------------    -------------------
    SLICE_X96Y126        FDCE (Prop_EFF_SLICEL_C_Q)
                                                      0.114    -1.190 r  u_fp_domain/u_CORTEXM3INTEGRATION/u_cortexm3ds_logic/Ik2nz6_reg/Q
                         net (fo=909, routed)         6.185     4.995    u_fp_domain/u_CORTEXM3INTEGRATION/u_cortexm3ds_logic/Ox9dt6
    SLICE_X96Y193        FDCE                                         f  u_fp_domain/u_CORTEXM3INTEGRATION/u_cortexm3ds_logic/Qxxa17_reg/CLR  (IS_INVERTED)
  -------------------------------------------------------------------    -------------------

                         (clock clk_out1_pll_50m rise edge)
                                                     25.000    25.000 r  
    D24                  IBUFCTRL                     0.000    25.000 r  CLK_IBUF_inst/IBUFCTRL_INST/O
                         net (fo=7, routed)           0.778    25.778    u_fpga_platform/u_pll0/inst/clk_in1
    MMCME3_ADV_X2Y3      MMCME3_ADV (Prop_MMCME3_ADV_CLKIN1_CLKOUT0)
                                                     -4.811    20.967 r  u_fpga_platform/u_pll0/inst/mmcme3_adv_inst/CLKOUT0
                         net (fo=1, routed)           0.372    21.339    u_fpga_platform/u_pll0/inst/clk_out1_pll_50m
    BUFGCE_X2Y74         BUFGCE (Prop_BUFCE_BUFGCE_I_O)
                                                      0.075    21.414 r  u_fpga_platform/u_pll0/inst/clkout1_buf/O
    X4Y1 (CLOCK_ROOT)    net (fo=6068, routed)        2.189    23.603    u_fp_domain/u_CORTEXM3INTEGRATION/u_cortexm3ds_logic/clk_out1
    SLICE_X96Y193        FDCE                                         r  u_fp_domain/u_CORTEXM3INTEGRATION/u_cortexm3ds_logic/Qxxa17_reg/C
                         clock pessimism             -0.087    23.516    
                         clock uncertainty           -0.078    23.438    
    SLICE_X96Y193        FDCE (Recov_CFF_SLICEL_C_CLR)
                                                     -0.082    23.356    u_fp_domain/u_CORTEXM3INTEGRATION/u_cortexm3ds_logic/Qxxa17_reg
  -------------------------------------------------------------------
                         required time                         23.356    
                         arrival time                          -4.995    
  -------------------------------------------------------------------
                         slack                                 18.361    





Min Delay Paths
--------------------------------------------------------------------------------------
Slack (MET) :             0.164ns  (arrival time - required time)
  Source:                 u_fp_domain/u_apb0_sync_top/u_uart0/u_uart_regs_wrap/u_sync_ff_inst0/Y_reg[0]/C
                            (rising edge-triggered cell FDPE clocked by clk_out1_pll_50m  {rise@0.000ns fall@12.500ns period=25.000ns})
  Destination:            u_fp_domain/u_apb0_sync_top/u_uart0/u_uart_data_buffer/u_tx_fifo/fifo_num_reg[0]/CLR
                            (removal check against rising-edge clock clk_out1_pll_50m  {rise@0.000ns fall@12.500ns period=25.000ns})
  Path Group:             **async_default**
  Path Type:              Removal (Min at Fast Process Corner)
  Requirement:            0.000ns  (clk_out1_pll_50m rise@0.000ns - clk_out1_pll_50m rise@0.000ns)
  Data Path Delay:        0.258ns  (logic 0.049ns (18.992%)  route 0.209ns (81.008%))
  Logic Levels:           0  
  Clock Path Skew:        0.089ns (DCD - SCD - CPR)
    Destination Clock Delay (DCD):    -1.208ns
    Source Clock Delay      (SCD):    -0.845ns
    Clock Pessimism Removal (CPR):    -0.452ns
  Clock Net Delay (Source):      1.036ns (routing 0.455ns, distribution 0.581ns)
  Clock Net Delay (Destination): 1.228ns (routing 0.503ns, distribution 0.725ns)

    Location             Delay type                Incr(ns)  Path(ns)    Netlist Resource(s)
  -------------------------------------------------------------------    -------------------
                         (clock clk_out1_pll_50m rise edge)
                                                      0.000     0.000 r  
    D24                  IBUFCTRL                     0.000     0.000 r  CLK_IBUF_inst/IBUFCTRL_INST/O
                         net (fo=7, routed)           0.405     0.405    u_fpga_platform/u_pll0/inst/clk_in1
    MMCME3_ADV_X2Y3      MMCME3_ADV (Prop_MMCME3_ADV_CLKIN1_CLKOUT0)
                                                     -2.480    -2.075 r  u_fpga_platform/u_pll0/inst/mmcme3_adv_inst/CLKOUT0
                         net (fo=1, routed)           0.167    -1.908    u_fpga_platform/u_pll0/inst/clk_out1_pll_50m
    BUFGCE_X2Y74         BUFGCE (Prop_BUFCE_BUFGCE_I_O)
                                                      0.027    -1.881 r  u_fpga_platform/u_pll0/inst/clkout1_buf/O
    X4Y1 (CLOCK_ROOT)    net (fo=6068, routed)        1.036    -0.845    u_fp_domain/u_apb0_sync_top/u_uart0/u_uart_regs_wrap/u_sync_ff_inst0/clk_out1
    SLICE_X99Y108        FDPE                                         r  u_fp_domain/u_apb0_sync_top/u_uart0/u_uart_regs_wrap/u_sync_ff_inst0/Y_reg[0]/C
  -------------------------------------------------------------------    -------------------
    SLICE_X99Y108        FDPE (Prop_DFF2_SLICEL_C_Q)
                                                      0.049    -0.796 f  u_fp_domain/u_apb0_sync_top/u_uart0/u_uart_regs_wrap/u_sync_ff_inst0/Y_reg[0]/Q
                         net (fo=173, routed)         0.209    -0.587    u_fp_domain/u_apb0_sync_top/u_uart0/u_uart_data_buffer/u_tx_fifo/r_tx_fifo_clear
    SLICE_X98Y107        FDCE                                         f  u_fp_domain/u_apb0_sync_top/u_uart0/u_uart_data_buffer/u_tx_fifo/fifo_num_reg[0]/CLR
  -------------------------------------------------------------------    -------------------

                         (clock clk_out1_pll_50m rise edge)
                                                      0.000     0.000 r  
    D24                  IBUFCTRL                     0.000     0.000 r  CLK_IBUF_inst/IBUFCTRL_INST/O
                         net (fo=7, routed)           0.457     0.457    u_fpga_platform/u_pll0/inst/clk_in1
    MMCME3_ADV_X2Y3      MMCME3_ADV (Prop_MMCME3_ADV_CLKIN1_CLKOUT0)
                                                     -3.133    -2.676 r  u_fpga_platform/u_pll0/inst/mmcme3_adv_inst/CLKOUT0
                         net (fo=1, routed)           0.209    -2.467    u_fpga_platform/u_pll0/inst/clk_out1_pll_50m
    BUFGCE_X2Y74         BUFGCE (Prop_BUFCE_BUFGCE_I_O)
                                                      0.031    -2.436 r  u_fpga_platform/u_pll0/inst/clkout1_buf/O
    X4Y1 (CLOCK_ROOT)    net (fo=6068, routed)        1.228    -1.208    u_fp_domain/u_apb0_sync_top/u_uart0/u_uart_data_buffer/u_tx_fifo/clk_out1
    SLICE_X98Y107        FDCE                                         r  u_fp_domain/u_apb0_sync_top/u_uart0/u_uart_data_buffer/u_tx_fifo/fifo_num_reg[0]/C
                         clock pessimism              0.452    -0.756    
    SLICE_X98Y107        FDCE (Remov_EFF_SLICEL_C_CLR)
                                                      0.005    -0.751    u_fp_domain/u_apb0_sync_top/u_uart0/u_uart_data_buffer/u_tx_fifo/fifo_num_reg[0]
  -------------------------------------------------------------------
                         required time                          0.751    
                         arrival time                          -0.587    
  -------------------------------------------------------------------
                         slack                                  0.164    

Slack (MET) :             0.167ns  (arrival time - required time)
  Source:                 u_fp_domain/u_apb0_sync_top/u_uart0/u_uart_regs_wrap/u_sync_ff_inst1/Y_reg[0]/C
                            (rising edge-triggered cell FDPE clocked by clk_out1_pll_50m  {rise@0.000ns fall@12.500ns period=25.000ns})
  Destination:            u_fp_domain/u_apb0_sync_top/u_uart0/u_uart_data_buffer/u_rx_fifo/fifo_reg[13][0]/CLR
                            (removal check against rising-edge clock clk_out1_pll_50m  {rise@0.000ns fall@12.500ns period=25.000ns})
  Path Group:             **async_default**
  Path Type:              Removal (Min at Fast Process Corner)
  Requirement:            0.000ns  (clk_out1_pll_50m rise@0.000ns - clk_out1_pll_50m rise@0.000ns)
  Data Path Delay:        0.267ns  (logic 0.049ns (18.352%)  route 0.218ns (81.648%))
  Logic Levels:           0  
  Clock Path Skew:        0.095ns (DCD - SCD - CPR)
    Destination Clock Delay (DCD):    -1.200ns
    Source Clock Delay      (SCD):    -0.843ns
    Clock Pessimism Removal (CPR):    -0.452ns
  Clock Net Delay (Source):      1.038ns (routing 0.455ns, distribution 0.583ns)
  Clock Net Delay (Destination): 1.236ns (routing 0.503ns, distribution 0.733ns)

    Location             Delay type                Incr(ns)  Path(ns)    Netlist Resource(s)
  -------------------------------------------------------------------    -------------------
                         (clock clk_out1_pll_50m rise edge)
                                                      0.000     0.000 r  
    D24                  IBUFCTRL                     0.000     0.000 r  CLK_IBUF_inst/IBUFCTRL_INST/O
                         net (fo=7, routed)           0.405     0.405    u_fpga_platform/u_pll0/inst/clk_in1
    MMCME3_ADV_X2Y3      MMCME3_ADV (Prop_MMCME3_ADV_CLKIN1_CLKOUT0)
                                                     -2.480    -2.075 r  u_fpga_platform/u_pll0/inst/mmcme3_adv_inst/CLKOUT0
                         net (fo=1, routed)           0.167    -1.908    u_fpga_platform/u_pll0/inst/clk_out1_pll_50m
    BUFGCE_X2Y74         BUFGCE (Prop_BUFCE_BUFGCE_I_O)
                                                      0.027    -1.881 r  u_fpga_platform/u_pll0/inst/clkout1_buf/O
    X4Y1 (CLOCK_ROOT)    net (fo=6068, routed)        1.038    -0.843    u_fp_domain/u_apb0_sync_top/u_uart0/u_uart_regs_wrap/u_sync_ff_inst1/clk_out1
    SLICE_X100Y106       FDPE                                         r  u_fp_domain/u_apb0_sync_top/u_uart0/u_uart_regs_wrap/u_sync_ff_inst1/Y_reg[0]/C
  -------------------------------------------------------------------    -------------------
    SLICE_X100Y106       FDPE (Prop_EFF_SLICEM_C_Q)
                                                      0.049    -0.794 f  u_fp_domain/u_apb0_sync_top/u_uart0/u_uart_regs_wrap/u_sync_ff_inst1/Y_reg[0]/Q
                         net (fo=173, routed)         0.218    -0.576    u_fp_domain/u_apb0_sync_top/u_uart0/u_uart_data_buffer/u_rx_fifo/r_rx_fifo_clear
    SLICE_X101Y111       FDCE                                         f  u_fp_domain/u_apb0_sync_top/u_uart0/u_uart_data_buffer/u_rx_fifo/fifo_reg[13][0]/CLR
  -------------------------------------------------------------------    -------------------

                         (clock clk_out1_pll_50m rise edge)
                                                      0.000     0.000 r  
    D24                  IBUFCTRL                     0.000     0.000 r  CLK_IBUF_inst/IBUFCTRL_INST/O
                         net (fo=7, routed)           0.457     0.457    u_fpga_platform/u_pll0/inst/clk_in1
    MMCME3_ADV_X2Y3      MMCME3_ADV (Prop_MMCME3_ADV_CLKIN1_CLKOUT0)
                                                     -3.133    -2.676 r  u_fpga_platform/u_pll0/inst/mmcme3_adv_inst/CLKOUT0
                         net (fo=1, routed)           0.209    -2.467    u_fpga_platform/u_pll0/inst/clk_out1_pll_50m
    BUFGCE_X2Y74         BUFGCE (Prop_BUFCE_BUFGCE_I_O)
                                                      0.031    -2.436 r  u_fpga_platform/u_pll0/inst/clkout1_buf/O
    X4Y1 (CLOCK_ROOT)    net (fo=6068, routed)        1.236    -1.200    u_fp_domain/u_apb0_sync_top/u_uart0/u_uart_data_buffer/u_rx_fifo/clk_out1
    SLICE_X101Y111       FDCE                                         r  u_fp_domain/u_apb0_sync_top/u_uart0/u_uart_data_buffer/u_rx_fifo/fifo_reg[13][0]/C
                         clock pessimism              0.452    -0.748    
    SLICE_X101Y111       FDCE (Remov_HFF_SLICEM_C_CLR)
                                                      0.005    -0.743    u_fp_domain/u_apb0_sync_top/u_uart0/u_uart_data_buffer/u_rx_fifo/fifo_reg[13][0]
  -------------------------------------------------------------------
                         required time                          0.743    
                         arrival time                          -0.576    
  -------------------------------------------------------------------
                         slack                                  0.167    

Slack (MET) :             0.167ns  (arrival time - required time)
  Source:                 u_fp_domain/u_apb0_sync_top/u_uart0/u_uart_regs_wrap/u_sync_ff_inst1/Y_reg[0]/C
                            (rising edge-triggered cell FDPE clocked by clk_out1_pll_50m  {rise@0.000ns fall@12.500ns period=25.000ns})
  Destination:            u_fp_domain/u_apb0_sync_top/u_uart0/u_uart_data_buffer/u_rx_fifo/fifo_reg[13][2]/CLR
                            (removal check against rising-edge clock clk_out1_pll_50m  {rise@0.000ns fall@12.500ns period=25.000ns})
  Path Group:             **async_default**
  Path Type:              Removal (Min at Fast Process Corner)
  Requirement:            0.000ns  (clk_out1_pll_50m rise@0.000ns - clk_out1_pll_50m rise@0.000ns)
  Data Path Delay:        0.267ns  (logic 0.049ns (18.352%)  route 0.218ns (81.648%))
  Logic Levels:           0  
  Clock Path Skew:        0.095ns (DCD - SCD - CPR)
    Destination Clock Delay (DCD):    -1.200ns
    Source Clock Delay      (SCD):    -0.843ns
    Clock Pessimism Removal (CPR):    -0.452ns
  Clock Net Delay (Source):      1.038ns (routing 0.455ns, distribution 0.583ns)
  Clock Net Delay (Destination): 1.236ns (routing 0.503ns, distribution 0.733ns)

    Location             Delay type                Incr(ns)  Path(ns)    Netlist Resource(s)
  -------------------------------------------------------------------    -------------------
                         (clock clk_out1_pll_50m rise edge)
                                                      0.000     0.000 r  
    D24                  IBUFCTRL                     0.000     0.000 r  CLK_IBUF_inst/IBUFCTRL_INST/O
                         net (fo=7, routed)           0.405     0.405    u_fpga_platform/u_pll0/inst/clk_in1
    MMCME3_ADV_X2Y3      MMCME3_ADV (Prop_MMCME3_ADV_CLKIN1_CLKOUT0)
                                                     -2.480    -2.075 r  u_fpga_platform/u_pll0/inst/mmcme3_adv_inst/CLKOUT0
                         net (fo=1, routed)           0.167    -1.908    u_fpga_platform/u_pll0/inst/clk_out1_pll_50m
    BUFGCE_X2Y74         BUFGCE (Prop_BUFCE_BUFGCE_I_O)
                                                      0.027    -1.881 r  u_fpga_platform/u_pll0/inst/clkout1_buf/O
    X4Y1 (CLOCK_ROOT)    net (fo=6068, routed)        1.038    -0.843    u_fp_domain/u_apb0_sync_top/u_uart0/u_uart_regs_wrap/u_sync_ff_inst1/clk_out1
    SLICE_X100Y106       FDPE                                         r  u_fp_domain/u_apb0_sync_top/u_uart0/u_uart_regs_wrap/u_sync_ff_inst1/Y_reg[0]/C
  -------------------------------------------------------------------    -------------------
    SLICE_X100Y106       FDPE (Prop_EFF_SLICEM_C_Q)
                                                      0.049    -0.794 f  u_fp_domain/u_apb0_sync_top/u_uart0/u_uart_regs_wrap/u_sync_ff_inst1/Y_reg[0]/Q
                         net (fo=173, routed)         0.218    -0.576    u_fp_domain/u_apb0_sync_top/u_uart0/u_uart_data_buffer/u_rx_fifo/r_rx_fifo_clear
    SLICE_X101Y111       FDCE                                         f  u_fp_domain/u_apb0_sync_top/u_uart0/u_uart_data_buffer/u_rx_fifo/fifo_reg[13][2]/CLR
  -------------------------------------------------------------------    -------------------

                         (clock clk_out1_pll_50m rise edge)
                                                      0.000     0.000 r  
    D24                  IBUFCTRL                     0.000     0.000 r  CLK_IBUF_inst/IBUFCTRL_INST/O
                         net (fo=7, routed)           0.457     0.457    u_fpga_platform/u_pll0/inst/clk_in1
    MMCME3_ADV_X2Y3      MMCME3_ADV (Prop_MMCME3_ADV_CLKIN1_CLKOUT0)
                                                     -3.133    -2.676 r  u_fpga_platform/u_pll0/inst/mmcme3_adv_inst/CLKOUT0
                         net (fo=1, routed)           0.209    -2.467    u_fpga_platform/u_pll0/inst/clk_out1_pll_50m
    BUFGCE_X2Y74         BUFGCE (Prop_BUFCE_BUFGCE_I_O)
                                                      0.031    -2.436 r  u_fpga_platform/u_pll0/inst/clkout1_buf/O
    X4Y1 (CLOCK_ROOT)    net (fo=6068, routed)        1.236    -1.200    u_fp_domain/u_apb0_sync_top/u_uart0/u_uart_data_buffer/u_rx_fifo/clk_out1
    SLICE_X101Y111       FDCE                                         r  u_fp_domain/u_apb0_sync_top/u_uart0/u_uart_data_buffer/u_rx_fifo/fifo_reg[13][2]/C
                         clock pessimism              0.452    -0.748    
    SLICE_X101Y111       FDCE (Remov_GFF_SLICEM_C_CLR)
                                                      0.005    -0.743    u_fp_domain/u_apb0_sync_top/u_uart0/u_uart_data_buffer/u_rx_fifo/fifo_reg[13][2]
  -------------------------------------------------------------------
                         required time                          0.743    
                         arrival time                          -0.576    
  -------------------------------------------------------------------
                         slack                                  0.167    

Slack (MET) :             0.167ns  (arrival time - required time)
  Source:                 u_fp_domain/u_apb0_sync_top/u_uart0/u_uart_regs_wrap/u_sync_ff_inst1/Y_reg[0]/C
                            (rising edge-triggered cell FDPE clocked by clk_out1_pll_50m  {rise@0.000ns fall@12.500ns period=25.000ns})
  Destination:            u_fp_domain/u_apb0_sync_top/u_uart0/u_uart_data_buffer/u_rx_fifo/fifo_reg[13][5]/CLR
                            (removal check against rising-edge clock clk_out1_pll_50m  {rise@0.000ns fall@12.500ns period=25.000ns})
  Path Group:             **async_default**
  Path Type:              Removal (Min at Fast Process Corner)
  Requirement:            0.000ns  (clk_out1_pll_50m rise@0.000ns - clk_out1_pll_50m rise@0.000ns)
  Data Path Delay:        0.267ns  (logic 0.049ns (18.352%)  route 0.218ns (81.648%))
  Logic Levels:           0  
  Clock Path Skew:        0.095ns (DCD - SCD - CPR)
    Destination Clock Delay (DCD):    -1.200ns
    Source Clock Delay      (SCD):    -0.843ns
    Clock Pessimism Removal (CPR):    -0.452ns
  Clock Net Delay (Source):      1.038ns (routing 0.455ns, distribution 0.583ns)
  Clock Net Delay (Destination): 1.236ns (routing 0.503ns, distribution 0.733ns)

    Location             Delay type                Incr(ns)  Path(ns)    Netlist Resource(s)
  -------------------------------------------------------------------    -------------------
                         (clock clk_out1_pll_50m rise edge)
                                                      0.000     0.000 r  
    D24                  IBUFCTRL                     0.000     0.000 r  CLK_IBUF_inst/IBUFCTRL_INST/O
                         net (fo=7, routed)           0.405     0.405    u_fpga_platform/u_pll0/inst/clk_in1
    MMCME3_ADV_X2Y3      MMCME3_ADV (Prop_MMCME3_ADV_CLKIN1_CLKOUT0)
                                                     -2.480    -2.075 r  u_fpga_platform/u_pll0/inst/mmcme3_adv_inst/CLKOUT0
                         net (fo=1, routed)           0.167    -1.908    u_fpga_platform/u_pll0/inst/clk_out1_pll_50m
    BUFGCE_X2Y74         BUFGCE (Prop_BUFCE_BUFGCE_I_O)
                                                      0.027    -1.881 r  u_fpga_platform/u_pll0/inst/clkout1_buf/O
    X4Y1 (CLOCK_ROOT)    net (fo=6068, routed)        1.038    -0.843    u_fp_domain/u_apb0_sync_top/u_uart0/u_uart_regs_wrap/u_sync_ff_inst1/clk_out1
    SLICE_X100Y106       FDPE                                         r  u_fp_domain/u_apb0_sync_top/u_uart0/u_uart_regs_wrap/u_sync_ff_inst1/Y_reg[0]/C
  -------------------------------------------------------------------    -------------------
    SLICE_X100Y106       FDPE (Prop_EFF_SLICEM_C_Q)
                                                      0.049    -0.794 f  u_fp_domain/u_apb0_sync_top/u_uart0/u_uart_regs_wrap/u_sync_ff_inst1/Y_reg[0]/Q
                         net (fo=173, routed)         0.218    -0.576    u_fp_domain/u_apb0_sync_top/u_uart0/u_uart_data_buffer/u_rx_fifo/r_rx_fifo_clear
    SLICE_X101Y111       FDCE                                         f  u_fp_domain/u_apb0_sync_top/u_uart0/u_uart_data_buffer/u_rx_fifo/fifo_reg[13][5]/CLR
  -------------------------------------------------------------------    -------------------

                         (clock clk_out1_pll_50m rise edge)
                                                      0.000     0.000 r  
    D24                  IBUFCTRL                     0.000     0.000 r  CLK_IBUF_inst/IBUFCTRL_INST/O
                         net (fo=7, routed)           0.457     0.457    u_fpga_platform/u_pll0/inst/clk_in1
    MMCME3_ADV_X2Y3      MMCME3_ADV (Prop_MMCME3_ADV_CLKIN1_CLKOUT0)
                                                     -3.133    -2.676 r  u_fpga_platform/u_pll0/inst/mmcme3_adv_inst/CLKOUT0
                         net (fo=1, routed)           0.209    -2.467    u_fpga_platform/u_pll0/inst/clk_out1_pll_50m
    BUFGCE_X2Y74         BUFGCE (Prop_BUFCE_BUFGCE_I_O)
                                                      0.031    -2.436 r  u_fpga_platform/u_pll0/inst/clkout1_buf/O
    X4Y1 (CLOCK_ROOT)    net (fo=6068, routed)        1.236    -1.200    u_fp_domain/u_apb0_sync_top/u_uart0/u_uart_data_buffer/u_rx_fifo/clk_out1
    SLICE_X101Y111       FDCE                                         r  u_fp_domain/u_apb0_sync_top/u_uart0/u_uart_data_buffer/u_rx_fifo/fifo_reg[13][5]/C
                         clock pessimism              0.452    -0.748    
    SLICE_X101Y111       FDCE (Remov_FFF_SLICEM_C_CLR)
                                                      0.005    -0.743    u_fp_domain/u_apb0_sync_top/u_uart0/u_uart_data_buffer/u_rx_fifo/fifo_reg[13][5]
  -------------------------------------------------------------------
                         required time                          0.743    
                         arrival time                          -0.576    
  -------------------------------------------------------------------
                         slack                                  0.167    

Slack (MET) :             0.167ns  (arrival time - required time)
  Source:                 u_fp_domain/u_apb0_sync_top/u_uart0/u_uart_regs_wrap/u_sync_ff_inst1/Y_reg[0]/C
                            (rising edge-triggered cell FDPE clocked by clk_out1_pll_50m  {rise@0.000ns fall@12.500ns period=25.000ns})
  Destination:            u_fp_domain/u_apb0_sync_top/u_uart0/u_uart_data_buffer/u_rx_fifo/fifo_reg[1][0]/CLR
                            (removal check against rising-edge clock clk_out1_pll_50m  {rise@0.000ns fall@12.500ns period=25.000ns})
  Path Group:             **async_default**
  Path Type:              Removal (Min at Fast Process Corner)
  Requirement:            0.000ns  (clk_out1_pll_50m rise@0.000ns - clk_out1_pll_50m rise@0.000ns)
  Data Path Delay:        0.267ns  (logic 0.049ns (18.352%)  route 0.218ns (81.648%))
  Logic Levels:           0  
  Clock Path Skew:        0.095ns (DCD - SCD - CPR)
    Destination Clock Delay (DCD):    -1.200ns
    Source Clock Delay      (SCD):    -0.843ns
    Clock Pessimism Removal (CPR):    -0.452ns
  Clock Net Delay (Source):      1.038ns (routing 0.455ns, distribution 0.583ns)
  Clock Net Delay (Destination): 1.236ns (routing 0.503ns, distribution 0.733ns)

    Location             Delay type                Incr(ns)  Path(ns)    Netlist Resource(s)
  -------------------------------------------------------------------    -------------------
                         (clock clk_out1_pll_50m rise edge)
                                                      0.000     0.000 r  
    D24                  IBUFCTRL                     0.000     0.000 r  CLK_IBUF_inst/IBUFCTRL_INST/O
                         net (fo=7, routed)           0.405     0.405    u_fpga_platform/u_pll0/inst/clk_in1
    MMCME3_ADV_X2Y3      MMCME3_ADV (Prop_MMCME3_ADV_CLKIN1_CLKOUT0)
                                                     -2.480    -2.075 r  u_fpga_platform/u_pll0/inst/mmcme3_adv_inst/CLKOUT0
                         net (fo=1, routed)           0.167    -1.908    u_fpga_platform/u_pll0/inst/clk_out1_pll_50m
    BUFGCE_X2Y74         BUFGCE (Prop_BUFCE_BUFGCE_I_O)
                                                      0.027    -1.881 r  u_fpga_platform/u_pll0/inst/clkout1_buf/O
    X4Y1 (CLOCK_ROOT)    net (fo=6068, routed)        1.038    -0.843    u_fp_domain/u_apb0_sync_top/u_uart0/u_uart_regs_wrap/u_sync_ff_inst1/clk_out1
    SLICE_X100Y106       FDPE                                         r  u_fp_domain/u_apb0_sync_top/u_uart0/u_uart_regs_wrap/u_sync_ff_inst1/Y_reg[0]/C
  -------------------------------------------------------------------    -------------------
    SLICE_X100Y106       FDPE (Prop_EFF_SLICEM_C_Q)
                                                      0.049    -0.794 f  u_fp_domain/u_apb0_sync_top/u_uart0/u_uart_regs_wrap/u_sync_ff_inst1/Y_reg[0]/Q
                         net (fo=173, routed)         0.218    -0.576    u_fp_domain/u_apb0_sync_top/u_uart0/u_uart_data_buffer/u_rx_fifo/r_rx_fifo_clear
    SLICE_X101Y111       FDCE                                         f  u_fp_domain/u_apb0_sync_top/u_uart0/u_uart_data_buffer/u_rx_fifo/fifo_reg[1][0]/CLR
  -------------------------------------------------------------------    -------------------

                         (clock clk_out1_pll_50m rise edge)
                                                      0.000     0.000 r  
    D24                  IBUFCTRL                     0.000     0.000 r  CLK_IBUF_inst/IBUFCTRL_INST/O
                         net (fo=7, routed)           0.457     0.457    u_fpga_platform/u_pll0/inst/clk_in1
    MMCME3_ADV_X2Y3      MMCME3_ADV (Prop_MMCME3_ADV_CLKIN1_CLKOUT0)
                                                     -3.133    -2.676 r  u_fpga_platform/u_pll0/inst/mmcme3_adv_inst/CLKOUT0
                         net (fo=1, routed)           0.209    -2.467    u_fpga_platform/u_pll0/inst/clk_out1_pll_50m
    BUFGCE_X2Y74         BUFGCE (Prop_BUFCE_BUFGCE_I_O)
                                                      0.031    -2.436 r  u_fpga_platform/u_pll0/inst/clkout1_buf/O
    X4Y1 (CLOCK_ROOT)    net (fo=6068, routed)        1.236    -1.200    u_fp_domain/u_apb0_sync_top/u_uart0/u_uart_data_buffer/u_rx_fifo/clk_out1
    SLICE_X101Y111       FDCE                                         r  u_fp_domain/u_apb0_sync_top/u_uart0/u_uart_data_buffer/u_rx_fifo/fifo_reg[1][0]/C
                         clock pessimism              0.452    -0.748    
    SLICE_X101Y111       FDCE (Remov_HFF2_SLICEM_C_CLR)
                                                      0.005    -0.743    u_fp_domain/u_apb0_sync_top/u_uart0/u_uart_data_buffer/u_rx_fifo/fifo_reg[1][0]
  -------------------------------------------------------------------
                         required time                          0.743    
                         arrival time                          -0.576    
  -------------------------------------------------------------------
                         slack                                  0.167    

Slack (MET) :             0.167ns  (arrival time - required time)
  Source:                 u_fp_domain/u_apb0_sync_top/u_uart0/u_uart_regs_wrap/u_sync_ff_inst1/Y_reg[0]/C
                            (rising edge-triggered cell FDPE clocked by clk_out1_pll_50m  {rise@0.000ns fall@12.500ns period=25.000ns})
  Destination:            u_fp_domain/u_apb0_sync_top/u_uart0/u_uart_data_buffer/u_rx_fifo/fifo_reg[1][2]/CLR
                            (removal check against rising-edge clock clk_out1_pll_50m  {rise@0.000ns fall@12.500ns period=25.000ns})
  Path Group:             **async_default**
  Path Type:              Removal (Min at Fast Process Corner)
  Requirement:            0.000ns  (clk_out1_pll_50m rise@0.000ns - clk_out1_pll_50m rise@0.000ns)
  Data Path Delay:        0.267ns  (logic 0.049ns (18.352%)  route 0.218ns (81.648%))
  Logic Levels:           0  
  Clock Path Skew:        0.095ns (DCD - SCD - CPR)
    Destination Clock Delay (DCD):    -1.200ns
    Source Clock Delay      (SCD):    -0.843ns
    Clock Pessimism Removal (CPR):    -0.452ns
  Clock Net Delay (Source):      1.038ns (routing 0.455ns, distribution 0.583ns)
  Clock Net Delay (Destination): 1.236ns (routing 0.503ns, distribution 0.733ns)

    Location             Delay type                Incr(ns)  Path(ns)    Netlist Resource(s)
  -------------------------------------------------------------------    -------------------
                         (clock clk_out1_pll_50m rise edge)
                                                      0.000     0.000 r  
    D24                  IBUFCTRL                     0.000     0.000 r  CLK_IBUF_inst/IBUFCTRL_INST/O
                         net (fo=7, routed)           0.405     0.405    u_fpga_platform/u_pll0/inst/clk_in1
    MMCME3_ADV_X2Y3      MMCME3_ADV (Prop_MMCME3_ADV_CLKIN1_CLKOUT0)
                                                     -2.480    -2.075 r  u_fpga_platform/u_pll0/inst/mmcme3_adv_inst/CLKOUT0
                         net (fo=1, routed)           0.167    -1.908    u_fpga_platform/u_pll0/inst/clk_out1_pll_50m
    BUFGCE_X2Y74         BUFGCE (Prop_BUFCE_BUFGCE_I_O)
                                                      0.027    -1.881 r  u_fpga_platform/u_pll0/inst/clkout1_buf/O
    X4Y1 (CLOCK_ROOT)    net (fo=6068, routed)        1.038    -0.843    u_fp_domain/u_apb0_sync_top/u_uart0/u_uart_regs_wrap/u_sync_ff_inst1/clk_out1
    SLICE_X100Y106       FDPE                                         r  u_fp_domain/u_apb0_sync_top/u_uart0/u_uart_regs_wrap/u_sync_ff_inst1/Y_reg[0]/C
  -------------------------------------------------------------------    -------------------
    SLICE_X100Y106       FDPE (Prop_EFF_SLICEM_C_Q)
                                                      0.049    -0.794 f  u_fp_domain/u_apb0_sync_top/u_uart0/u_uart_regs_wrap/u_sync_ff_inst1/Y_reg[0]/Q
                         net (fo=173, routed)         0.218    -0.576    u_fp_domain/u_apb0_sync_top/u_uart0/u_uart_data_buffer/u_rx_fifo/r_rx_fifo_clear
    SLICE_X101Y111       FDCE                                         f  u_fp_domain/u_apb0_sync_top/u_uart0/u_uart_data_buffer/u_rx_fifo/fifo_reg[1][2]/CLR
  -------------------------------------------------------------------    -------------------

                         (clock clk_out1_pll_50m rise edge)
                                                      0.000     0.000 r  
    D24                  IBUFCTRL                     0.000     0.000 r  CLK_IBUF_inst/IBUFCTRL_INST/O
                         net (fo=7, routed)           0.457     0.457    u_fpga_platform/u_pll0/inst/clk_in1
    MMCME3_ADV_X2Y3      MMCME3_ADV (Prop_MMCME3_ADV_CLKIN1_CLKOUT0)
                                                     -3.133    -2.676 r  u_fpga_platform/u_pll0/inst/mmcme3_adv_inst/CLKOUT0
                         net (fo=1, routed)           0.209    -2.467    u_fpga_platform/u_pll0/inst/clk_out1_pll_50m
    BUFGCE_X2Y74         BUFGCE (Prop_BUFCE_BUFGCE_I_O)
                                                      0.031    -2.436 r  u_fpga_platform/u_pll0/inst/clkout1_buf/O
    X4Y1 (CLOCK_ROOT)    net (fo=6068, routed)        1.236    -1.200    u_fp_domain/u_apb0_sync_top/u_uart0/u_uart_data_buffer/u_rx_fifo/clk_out1
    SLICE_X101Y111       FDCE                                         r  u_fp_domain/u_apb0_sync_top/u_uart0/u_uart_data_buffer/u_rx_fifo/fifo_reg[1][2]/C
                         clock pessimism              0.452    -0.748    
    SLICE_X101Y111       FDCE (Remov_GFF2_SLICEM_C_CLR)
                                                      0.005    -0.743    u_fp_domain/u_apb0_sync_top/u_uart0/u_uart_data_buffer/u_rx_fifo/fifo_reg[1][2]
  -------------------------------------------------------------------
                         required time                          0.743    
                         arrival time                          -0.576    
  -------------------------------------------------------------------
                         slack                                  0.167    

Slack (MET) :             0.167ns  (arrival time - required time)
  Source:                 u_fp_domain/u_apb0_sync_top/u_uart0/u_uart_regs_wrap/u_sync_ff_inst1/Y_reg[0]/C
                            (rising edge-triggered cell FDPE clocked by clk_out1_pll_50m  {rise@0.000ns fall@12.500ns period=25.000ns})
  Destination:            u_fp_domain/u_apb0_sync_top/u_uart0/u_uart_data_buffer/u_rx_fifo/fifo_reg[1][5]/CLR
                            (removal check against rising-edge clock clk_out1_pll_50m  {rise@0.000ns fall@12.500ns period=25.000ns})
  Path Group:             **async_default**
  Path Type:              Removal (Min at Fast Process Corner)
  Requirement:            0.000ns  (clk_out1_pll_50m rise@0.000ns - clk_out1_pll_50m rise@0.000ns)
  Data Path Delay:        0.267ns  (logic 0.049ns (18.352%)  route 0.218ns (81.648%))
  Logic Levels:           0  
  Clock Path Skew:        0.095ns (DCD - SCD - CPR)
    Destination Clock Delay (DCD):    -1.200ns
    Source Clock Delay      (SCD):    -0.843ns
    Clock Pessimism Removal (CPR):    -0.452ns
  Clock Net Delay (Source):      1.038ns (routing 0.455ns, distribution 0.583ns)
  Clock Net Delay (Destination): 1.236ns (routing 0.503ns, distribution 0.733ns)

    Location             Delay type                Incr(ns)  Path(ns)    Netlist Resource(s)
  -------------------------------------------------------------------    -------------------
                         (clock clk_out1_pll_50m rise edge)
                                                      0.000     0.000 r  
    D24                  IBUFCTRL                     0.000     0.000 r  CLK_IBUF_inst/IBUFCTRL_INST/O
                         net (fo=7, routed)           0.405     0.405    u_fpga_platform/u_pll0/inst/clk_in1
    MMCME3_ADV_X2Y3      MMCME3_ADV (Prop_MMCME3_ADV_CLKIN1_CLKOUT0)
                                                     -2.480    -2.075 r  u_fpga_platform/u_pll0/inst/mmcme3_adv_inst/CLKOUT0
                         net (fo=1, routed)           0.167    -1.908    u_fpga_platform/u_pll0/inst/clk_out1_pll_50m
    BUFGCE_X2Y74         BUFGCE (Prop_BUFCE_BUFGCE_I_O)
                                                      0.027    -1.881 r  u_fpga_platform/u_pll0/inst/clkout1_buf/O
    X4Y1 (CLOCK_ROOT)    net (fo=6068, routed)        1.038    -0.843    u_fp_domain/u_apb0_sync_top/u_uart0/u_uart_regs_wrap/u_sync_ff_inst1/clk_out1
    SLICE_X100Y106       FDPE                                         r  u_fp_domain/u_apb0_sync_top/u_uart0/u_uart_regs_wrap/u_sync_ff_inst1/Y_reg[0]/C
  -------------------------------------------------------------------    -------------------
    SLICE_X100Y106       FDPE (Prop_EFF_SLICEM_C_Q)
                                                      0.049    -0.794 f  u_fp_domain/u_apb0_sync_top/u_uart0/u_uart_regs_wrap/u_sync_ff_inst1/Y_reg[0]/Q
                         net (fo=173, routed)         0.218    -0.576    u_fp_domain/u_apb0_sync_top/u_uart0/u_uart_data_buffer/u_rx_fifo/r_rx_fifo_clear
    SLICE_X101Y111       FDCE                                         f  u_fp_domain/u_apb0_sync_top/u_uart0/u_uart_data_buffer/u_rx_fifo/fifo_reg[1][5]/CLR
  -------------------------------------------------------------------    -------------------

                         (clock clk_out1_pll_50m rise edge)
                                                      0.000     0.000 r  
    D24                  IBUFCTRL                     0.000     0.000 r  CLK_IBUF_inst/IBUFCTRL_INST/O
                         net (fo=7, routed)           0.457     0.457    u_fpga_platform/u_pll0/inst/clk_in1
    MMCME3_ADV_X2Y3      MMCME3_ADV (Prop_MMCME3_ADV_CLKIN1_CLKOUT0)
                                                     -3.133    -2.676 r  u_fpga_platform/u_pll0/inst/mmcme3_adv_inst/CLKOUT0
                         net (fo=1, routed)           0.209    -2.467    u_fpga_platform/u_pll0/inst/clk_out1_pll_50m
    BUFGCE_X2Y74         BUFGCE (Prop_BUFCE_BUFGCE_I_O)
                                                      0.031    -2.436 r  u_fpga_platform/u_pll0/inst/clkout1_buf/O
    X4Y1 (CLOCK_ROOT)    net (fo=6068, routed)        1.236    -1.200    u_fp_domain/u_apb0_sync_top/u_uart0/u_uart_data_buffer/u_rx_fifo/clk_out1
    SLICE_X101Y111       FDCE                                         r  u_fp_domain/u_apb0_sync_top/u_uart0/u_uart_data_buffer/u_rx_fifo/fifo_reg[1][5]/C
                         clock pessimism              0.452    -0.748    
    SLICE_X101Y111       FDCE (Remov_FFF2_SLICEM_C_CLR)
                                                      0.005    -0.743    u_fp_domain/u_apb0_sync_top/u_uart0/u_uart_data_buffer/u_rx_fifo/fifo_reg[1][5]
  -------------------------------------------------------------------
                         required time                          0.743    
                         arrival time                          -0.576    
  -------------------------------------------------------------------
                         slack                                  0.167    

Slack (MET) :             0.167ns  (arrival time - required time)
  Source:                 u_fp_domain/u_apb0_sync_top/u_uart0/u_uart_regs_wrap/u_sync_ff_inst0/Y_reg[0]/C
                            (rising edge-triggered cell FDPE clocked by clk_out1_pll_50m  {rise@0.000ns fall@12.500ns period=25.000ns})
  Destination:            u_fp_domain/u_apb0_sync_top/u_uart0/u_uart_data_buffer/u_tx_fifo/fifo_num_reg[1]/CLR
                            (removal check against rising-edge clock clk_out1_pll_50m  {rise@0.000ns fall@12.500ns period=25.000ns})
  Path Group:             **async_default**
  Path Type:              Removal (Min at Fast Process Corner)
  Requirement:            0.000ns  (clk_out1_pll_50m rise@0.000ns - clk_out1_pll_50m rise@0.000ns)
  Data Path Delay:        0.264ns  (logic 0.049ns (18.561%)  route 0.215ns (81.439%))
  Logic Levels:           0  
  Clock Path Skew:        0.092ns (DCD - SCD - CPR)
    Destination Clock Delay (DCD):    -1.205ns
    Source Clock Delay      (SCD):    -0.845ns
    Clock Pessimism Removal (CPR):    -0.452ns
  Clock Net Delay (Source):      1.036ns (routing 0.455ns, distribution 0.581ns)
  Clock Net Delay (Destination): 1.231ns (routing 0.503ns, distribution 0.728ns)

    Location             Delay type                Incr(ns)  Path(ns)    Netlist Resource(s)
  -------------------------------------------------------------------    -------------------
                         (clock clk_out1_pll_50m rise edge)
                                                      0.000     0.000 r  
    D24                  IBUFCTRL                     0.000     0.000 r  CLK_IBUF_inst/IBUFCTRL_INST/O
                         net (fo=7, routed)           0.405     0.405    u_fpga_platform/u_pll0/inst/clk_in1
    MMCME3_ADV_X2Y3      MMCME3_ADV (Prop_MMCME3_ADV_CLKIN1_CLKOUT0)
                                                     -2.480    -2.075 r  u_fpga_platform/u_pll0/inst/mmcme3_adv_inst/CLKOUT0
                         net (fo=1, routed)           0.167    -1.908    u_fpga_platform/u_pll0/inst/clk_out1_pll_50m
    BUFGCE_X2Y74         BUFGCE (Prop_BUFCE_BUFGCE_I_O)
                                                      0.027    -1.881 r  u_fpga_platform/u_pll0/inst/clkout1_buf/O
    X4Y1 (CLOCK_ROOT)    net (fo=6068, routed)        1.036    -0.845    u_fp_domain/u_apb0_sync_top/u_uart0/u_uart_regs_wrap/u_sync_ff_inst0/clk_out1
    SLICE_X99Y108        FDPE                                         r  u_fp_domain/u_apb0_sync_top/u_uart0/u_uart_regs_wrap/u_sync_ff_inst0/Y_reg[0]/C
  -------------------------------------------------------------------    -------------------
    SLICE_X99Y108        FDPE (Prop_DFF2_SLICEL_C_Q)
                                                      0.049    -0.796 f  u_fp_domain/u_apb0_sync_top/u_uart0/u_uart_regs_wrap/u_sync_ff_inst0/Y_reg[0]/Q
                         net (fo=173, routed)         0.215    -0.581    u_fp_domain/u_apb0_sync_top/u_uart0/u_uart_data_buffer/u_tx_fifo/r_tx_fifo_clear
    SLICE_X98Y107        FDCE                                         f  u_fp_domain/u_apb0_sync_top/u_uart0/u_uart_data_buffer/u_tx_fifo/fifo_num_reg[1]/CLR
  -------------------------------------------------------------------    -------------------

                         (clock clk_out1_pll_50m rise edge)
                                                      0.000     0.000 r  
    D24                  IBUFCTRL                     0.000     0.000 r  CLK_IBUF_inst/IBUFCTRL_INST/O
                         net (fo=7, routed)           0.457     0.457    u_fpga_platform/u_pll0/inst/clk_in1
    MMCME3_ADV_X2Y3      MMCME3_ADV (Prop_MMCME3_ADV_CLKIN1_CLKOUT0)
                                                     -3.133    -2.676 r  u_fpga_platform/u_pll0/inst/mmcme3_adv_inst/CLKOUT0
                         net (fo=1, routed)           0.209    -2.467    u_fpga_platform/u_pll0/inst/clk_out1_pll_50m
    BUFGCE_X2Y74         BUFGCE (Prop_BUFCE_BUFGCE_I_O)
                                                      0.031    -2.436 r  u_fpga_platform/u_pll0/inst/clkout1_buf/O
    X4Y1 (CLOCK_ROOT)    net (fo=6068, routed)        1.231    -1.205    u_fp_domain/u_apb0_sync_top/u_uart0/u_uart_data_buffer/u_tx_fifo/clk_out1
    SLICE_X98Y107        FDCE                                         r  u_fp_domain/u_apb0_sync_top/u_uart0/u_uart_data_buffer/u_tx_fifo/fifo_num_reg[1]/C
                         clock pessimism              0.452    -0.753    
    SLICE_X98Y107        FDCE (Remov_CFF2_SLICEL_C_CLR)
                                                      0.005    -0.748    u_fp_domain/u_apb0_sync_top/u_uart0/u_uart_data_buffer/u_tx_fifo/fifo_num_reg[1]
  -------------------------------------------------------------------
                         required time                          0.748    
                         arrival time                          -0.581    
  -------------------------------------------------------------------
                         slack                                  0.167    

Slack (MET) :             0.167ns  (arrival time - required time)
  Source:                 u_fp_domain/u_apb0_sync_top/u_uart0/u_uart_regs_wrap/u_sync_ff_inst0/Y_reg[0]/C
                            (rising edge-triggered cell FDPE clocked by clk_out1_pll_50m  {rise@0.000ns fall@12.500ns period=25.000ns})
  Destination:            u_fp_domain/u_apb0_sync_top/u_uart0/u_uart_data_buffer/u_tx_fifo/fifo_num_reg[2]/CLR
                            (removal check against rising-edge clock clk_out1_pll_50m  {rise@0.000ns fall@12.500ns period=25.000ns})
  Path Group:             **async_default**
  Path Type:              Removal (Min at Fast Process Corner)
  Requirement:            0.000ns  (clk_out1_pll_50m rise@0.000ns - clk_out1_pll_50m rise@0.000ns)
  Data Path Delay:        0.264ns  (logic 0.049ns (18.561%)  route 0.215ns (81.439%))
  Logic Levels:           0  
  Clock Path Skew:        0.092ns (DCD - SCD - CPR)
    Destination Clock Delay (DCD):    -1.205ns
    Source Clock Delay      (SCD):    -0.845ns
    Clock Pessimism Removal (CPR):    -0.452ns
  Clock Net Delay (Source):      1.036ns (routing 0.455ns, distribution 0.581ns)
  Clock Net Delay (Destination): 1.231ns (routing 0.503ns, distribution 0.728ns)

    Location             Delay type                Incr(ns)  Path(ns)    Netlist Resource(s)
  -------------------------------------------------------------------    -------------------
                         (clock clk_out1_pll_50m rise edge)
                                                      0.000     0.000 r  
    D24                  IBUFCTRL                     0.000     0.000 r  CLK_IBUF_inst/IBUFCTRL_INST/O
                         net (fo=7, routed)           0.405     0.405    u_fpga_platform/u_pll0/inst/clk_in1
    MMCME3_ADV_X2Y3      MMCME3_ADV (Prop_MMCME3_ADV_CLKIN1_CLKOUT0)
                                                     -2.480    -2.075 r  u_fpga_platform/u_pll0/inst/mmcme3_adv_inst/CLKOUT0
                         net (fo=1, routed)           0.167    -1.908    u_fpga_platform/u_pll0/inst/clk_out1_pll_50m
    BUFGCE_X2Y74         BUFGCE (Prop_BUFCE_BUFGCE_I_O)
                                                      0.027    -1.881 r  u_fpga_platform/u_pll0/inst/clkout1_buf/O
    X4Y1 (CLOCK_ROOT)    net (fo=6068, routed)        1.036    -0.845    u_fp_domain/u_apb0_sync_top/u_uart0/u_uart_regs_wrap/u_sync_ff_inst0/clk_out1
    SLICE_X99Y108        FDPE                                         r  u_fp_domain/u_apb0_sync_top/u_uart0/u_uart_regs_wrap/u_sync_ff_inst0/Y_reg[0]/C
  -------------------------------------------------------------------    -------------------
    SLICE_X99Y108        FDPE (Prop_DFF2_SLICEL_C_Q)
                                                      0.049    -0.796 f  u_fp_domain/u_apb0_sync_top/u_uart0/u_uart_regs_wrap/u_sync_ff_inst0/Y_reg[0]/Q
                         net (fo=173, routed)         0.215    -0.581    u_fp_domain/u_apb0_sync_top/u_uart0/u_uart_data_buffer/u_tx_fifo/r_tx_fifo_clear
    SLICE_X98Y107        FDCE                                         f  u_fp_domain/u_apb0_sync_top/u_uart0/u_uart_data_buffer/u_tx_fifo/fifo_num_reg[2]/CLR
  -------------------------------------------------------------------    -------------------

                         (clock clk_out1_pll_50m rise edge)
                                                      0.000     0.000 r  
    D24                  IBUFCTRL                     0.000     0.000 r  CLK_IBUF_inst/IBUFCTRL_INST/O
                         net (fo=7, routed)           0.457     0.457    u_fpga_platform/u_pll0/inst/clk_in1
    MMCME3_ADV_X2Y3      MMCME3_ADV (Prop_MMCME3_ADV_CLKIN1_CLKOUT0)
                                                     -3.133    -2.676 r  u_fpga_platform/u_pll0/inst/mmcme3_adv_inst/CLKOUT0
                         net (fo=1, routed)           0.209    -2.467    u_fpga_platform/u_pll0/inst/clk_out1_pll_50m
    BUFGCE_X2Y74         BUFGCE (Prop_BUFCE_BUFGCE_I_O)
                                                      0.031    -2.436 r  u_fpga_platform/u_pll0/inst/clkout1_buf/O
    X4Y1 (CLOCK_ROOT)    net (fo=6068, routed)        1.231    -1.205    u_fp_domain/u_apb0_sync_top/u_uart0/u_uart_data_buffer/u_tx_fifo/clk_out1
    SLICE_X98Y107        FDCE                                         r  u_fp_domain/u_apb0_sync_top/u_uart0/u_uart_data_buffer/u_tx_fifo/fifo_num_reg[2]/C
                         clock pessimism              0.452    -0.753    
    SLICE_X98Y107        FDCE (Remov_DFF_SLICEL_C_CLR)
                                                      0.005    -0.748    u_fp_domain/u_apb0_sync_top/u_uart0/u_uart_data_buffer/u_tx_fifo/fifo_num_reg[2]
  -------------------------------------------------------------------
                         required time                          0.748    
                         arrival time                          -0.581    
  -------------------------------------------------------------------
                         slack                                  0.167    

Slack (MET) :             0.167ns  (arrival time - required time)
  Source:                 u_fp_domain/u_apb0_sync_top/u_uart0/u_uart_regs_wrap/u_sync_ff_inst0/Y_reg[0]/C
                            (rising edge-triggered cell FDPE clocked by clk_out1_pll_50m  {rise@0.000ns fall@12.500ns period=25.000ns})
  Destination:            u_fp_domain/u_apb0_sync_top/u_uart0/u_uart_data_buffer/u_tx_fifo/fifo_num_reg[3]/CLR
                            (removal check against rising-edge clock clk_out1_pll_50m  {rise@0.000ns fall@12.500ns period=25.000ns})
  Path Group:             **async_default**
  Path Type:              Removal (Min at Fast Process Corner)
  Requirement:            0.000ns  (clk_out1_pll_50m rise@0.000ns - clk_out1_pll_50m rise@0.000ns)
  Data Path Delay:        0.264ns  (logic 0.049ns (18.561%)  route 0.215ns (81.439%))
  Logic Levels:           0  
  Clock Path Skew:        0.092ns (DCD - SCD - CPR)
    Destination Clock Delay (DCD):    -1.205ns
    Source Clock Delay      (SCD):    -0.845ns
    Clock Pessimism Removal (CPR):    -0.452ns
  Clock Net Delay (Source):      1.036ns (routing 0.455ns, distribution 0.581ns)
  Clock Net Delay (Destination): 1.231ns (routing 0.503ns, distribution 0.728ns)

    Location             Delay type                Incr(ns)  Path(ns)    Netlist Resource(s)
  -------------------------------------------------------------------    -------------------
                         (clock clk_out1_pll_50m rise edge)
                                                      0.000     0.000 r  
    D24                  IBUFCTRL                     0.000     0.000 r  CLK_IBUF_inst/IBUFCTRL_INST/O
                         net (fo=7, routed)           0.405     0.405    u_fpga_platform/u_pll0/inst/clk_in1
    MMCME3_ADV_X2Y3      MMCME3_ADV (Prop_MMCME3_ADV_CLKIN1_CLKOUT0)
                                                     -2.480    -2.075 r  u_fpga_platform/u_pll0/inst/mmcme3_adv_inst/CLKOUT0
                         net (fo=1, routed)           0.167    -1.908    u_fpga_platform/u_pll0/inst/clk_out1_pll_50m
    BUFGCE_X2Y74         BUFGCE (Prop_BUFCE_BUFGCE_I_O)
                                                      0.027    -1.881 r  u_fpga_platform/u_pll0/inst/clkout1_buf/O
    X4Y1 (CLOCK_ROOT)    net (fo=6068, routed)        1.036    -0.845    u_fp_domain/u_apb0_sync_top/u_uart0/u_uart_regs_wrap/u_sync_ff_inst0/clk_out1
    SLICE_X99Y108        FDPE                                         r  u_fp_domain/u_apb0_sync_top/u_uart0/u_uart_regs_wrap/u_sync_ff_inst0/Y_reg[0]/C
  -------------------------------------------------------------------    -------------------
    SLICE_X99Y108        FDPE (Prop_DFF2_SLICEL_C_Q)
                                                      0.049    -0.796 f  u_fp_domain/u_apb0_sync_top/u_uart0/u_uart_regs_wrap/u_sync_ff_inst0/Y_reg[0]/Q
                         net (fo=173, routed)         0.215    -0.581    u_fp_domain/u_apb0_sync_top/u_uart0/u_uart_data_buffer/u_tx_fifo/r_tx_fifo_clear
    SLICE_X98Y107        FDCE                                         f  u_fp_domain/u_apb0_sync_top/u_uart0/u_uart_data_buffer/u_tx_fifo/fifo_num_reg[3]/CLR
  -------------------------------------------------------------------    -------------------

                         (clock clk_out1_pll_50m rise edge)
                                                      0.000     0.000 r  
    D24                  IBUFCTRL                     0.000     0.000 r  CLK_IBUF_inst/IBUFCTRL_INST/O
                         net (fo=7, routed)           0.457     0.457    u_fpga_platform/u_pll0/inst/clk_in1
    MMCME3_ADV_X2Y3      MMCME3_ADV (Prop_MMCME3_ADV_CLKIN1_CLKOUT0)
                                                     -3.133    -2.676 r  u_fpga_platform/u_pll0/inst/mmcme3_adv_inst/CLKOUT0
                         net (fo=1, routed)           0.209    -2.467    u_fpga_platform/u_pll0/inst/clk_out1_pll_50m
    BUFGCE_X2Y74         BUFGCE (Prop_BUFCE_BUFGCE_I_O)
                                                      0.031    -2.436 r  u_fpga_platform/u_pll0/inst/clkout1_buf/O
    X4Y1 (CLOCK_ROOT)    net (fo=6068, routed)        1.231    -1.205    u_fp_domain/u_apb0_sync_top/u_uart0/u_uart_data_buffer/u_tx_fifo/clk_out1
    SLICE_X98Y107        FDCE                                         r  u_fp_domain/u_apb0_sync_top/u_uart0/u_uart_data_buffer/u_tx_fifo/fifo_num_reg[3]/C
                         clock pessimism              0.452    -0.753    
    SLICE_X98Y107        FDCE (Remov_DFF2_SLICEL_C_CLR)
                                                      0.005    -0.748    u_fp_domain/u_apb0_sync_top/u_uart0/u_uart_data_buffer/u_tx_fifo/fifo_num_reg[3]
  -------------------------------------------------------------------
                         required time                          0.748    
                         arrival time                          -0.581    
  -------------------------------------------------------------------
                         slack                                  0.167    





---------------------------------------------------------------------------------------------------
Path Group:  **async_default**
From Clock:  jtag_tck
  To Clock:  jtag_tck

Setup :            0  Failing Endpoints,  Worst Slack       98.852ns,  Total Violation        0.000ns
Hold  :            0  Failing Endpoints,  Worst Slack        0.144ns,  Total Violation        0.000ns
---------------------------------------------------------------------------------------------------


Max Delay Paths
--------------------------------------------------------------------------------------
Slack (MET) :             98.852ns  (required time - arrival time)
  Source:                 u_fp_domain/u_CORTEXM3INTEGRATION/u_cortexm3ds_logic/Ym2nz6_reg/C
                            (rising edge-triggered cell FDCE clocked by jtag_tck  {rise@0.000ns fall@100.000ns period=200.000ns})
  Destination:            u_fp_domain/u_CORTEXM3INTEGRATION/u_cortexm3ds_logic/Zry917_reg/CLR
                            (recovery check against rising-edge clock jtag_tck  {rise@0.000ns fall@100.000ns period=200.000ns})
  Path Group:             **async_default**
  Path Type:              Recovery (Max at Slow Process Corner)
  Requirement:            100.000ns  (jtag_tck fall@100.000ns - jtag_tck rise@0.000ns)
  Data Path Delay:        0.904ns  (logic 0.116ns (12.832%)  route 0.788ns (87.168%))
  Logic Levels:           0  
  Clock Path Skew:        -0.127ns (DCD - SCD + CPR)
    Destination Clock Delay (DCD):    8.451ns = ( 108.451 - 100.000 ) 
    Source Clock Delay      (SCD):    10.188ns
    Clock Pessimism Removal (CPR):    1.610ns
  Clock Uncertainty:      0.035ns  ((TSJ^2 + TIJ^2)^1/2 + DJ) / 2 + PE
    Total System Jitter     (TSJ):    0.071ns
    Total Input Jitter      (TIJ):    0.000ns
    Discrete Jitter          (DJ):    0.000ns
    Phase Error              (PE):    0.000ns
  Clock Net Delay (Source):      3.046ns (routing 1.779ns, distribution 1.267ns)
  Clock Net Delay (Destination): 2.729ns (routing 1.632ns, distribution 1.097ns)

    Location             Delay type                Incr(ns)  Path(ns)    Netlist Resource(s)
  -------------------------------------------------------------------    -------------------
                         (clock jtag_tck rise edge)
                                                      0.000     0.000 r  
    AH12                                              0.000     0.000 r  TCK (IN)
                         net (fo=0)                   0.000     0.000    TCK_IBUF_inst/I
    AH12                 INBUF (Prop_INBUF_HRIO_PAD_O)
                                                      0.927     0.927 r  TCK_IBUF_inst/INBUF_INST/O
                         net (fo=1, routed)           0.092     1.019    TCK_IBUF_inst/OUT
    AH12                 IBUFCTRL (Prop_IBUFCTRL_HRIO_I_O)
                                                      0.043     1.062 r  TCK_IBUF_inst/IBUFCTRL_INST/O
                         net (fo=1, routed)           5.997     7.059    TCK_IBUF
    BUFGCE_X1Y96         BUFGCE (Prop_BUFCE_BUFGCE_I_O)
                                                      0.083     7.142 r  TCK_IBUF_BUFG_inst/O
    X4Y1 (CLOCK_ROOT)    net (fo=327, routed)         3.046    10.188    u_fp_domain/u_CORTEXM3INTEGRATION/u_cortexm3ds_logic/TCK_IBUF_BUFG
    SLICE_X97Y84         FDCE                                         r  u_fp_domain/u_CORTEXM3INTEGRATION/u_cortexm3ds_logic/Ym2nz6_reg/C
  -------------------------------------------------------------------    -------------------
    SLICE_X97Y84         FDCE (Prop_EFF2_SLICEM_C_Q)
                                                      0.116    10.304 r  u_fp_domain/u_CORTEXM3INTEGRATION/u_cortexm3ds_logic/Ym2nz6_reg/Q
                         net (fo=281, routed)         0.788    11.092    u_fp_domain/u_CORTEXM3INTEGRATION/u_cortexm3ds_logic/Sz9dt6
    SLICE_X101Y89        FDCE                                         f  u_fp_domain/u_CORTEXM3INTEGRATION/u_cortexm3ds_logic/Zry917_reg/CLR  (IS_INVERTED)
  -------------------------------------------------------------------    -------------------

                         (clock jtag_tck fall edge)
                                                    100.000   100.000 f  
    AH12                                              0.000   100.000 f  TCK (IN)
                         net (fo=0)                   0.000   100.000    TCK_IBUF_inst/I
    AH12                 INBUF (Prop_INBUF_HRIO_PAD_O)
                                                      0.660   100.660 f  TCK_IBUF_inst/INBUF_INST/O
                         net (fo=1, routed)           0.059   100.719    TCK_IBUF_inst/OUT
    AH12                 IBUFCTRL (Prop_IBUFCTRL_HRIO_I_O)
                                                      0.032   100.751 f  TCK_IBUF_inst/IBUFCTRL_INST/O
                         net (fo=1, routed)           4.896   105.647    TCK_IBUF
    BUFGCE_X1Y96         BUFGCE (Prop_BUFCE_BUFGCE_I_O)
                                                      0.075   105.722 f  TCK_IBUF_BUFG_inst/O
    X4Y1 (CLOCK_ROOT)    net (fo=327, routed)         2.729   108.451    u_fp_domain/u_CORTEXM3INTEGRATION/u_cortexm3ds_logic/C3a7z6
    SLICE_X101Y89        FDCE                                         r  u_fp_domain/u_CORTEXM3INTEGRATION/u_cortexm3ds_logic/Zry917_reg/C  (IS_INVERTED)
                         clock pessimism              1.610   110.061    
                         clock uncertainty           -0.035   110.026    
    SLICE_X101Y89        FDCE (Recov_BFF2_SLICEM_C_CLR)
                                                     -0.082   109.944    u_fp_domain/u_CORTEXM3INTEGRATION/u_cortexm3ds_logic/Zry917_reg
  -------------------------------------------------------------------
                         required time                        109.944    
                         arrival time                         -11.092    
  -------------------------------------------------------------------
                         slack                                 98.852    

Slack (MET) :             99.112ns  (required time - arrival time)
  Source:                 u_fp_domain/u_CORTEXM3INTEGRATION/u_cortexm3ds_logic/Ym2nz6_reg/C
                            (rising edge-triggered cell FDCE clocked by jtag_tck  {rise@0.000ns fall@100.000ns period=200.000ns})
  Destination:            u_fp_domain/u_CORTEXM3INTEGRATION/u_cortexm3ds_logic/Zudoz6_reg/CLR
                            (recovery check against rising-edge clock jtag_tck  {rise@0.000ns fall@100.000ns period=200.000ns})
  Path Group:             **async_default**
  Path Type:              Recovery (Max at Slow Process Corner)
  Requirement:            100.000ns  (jtag_tck fall@100.000ns - jtag_tck rise@0.000ns)
  Data Path Delay:        0.636ns  (logic 0.116ns (18.239%)  route 0.520ns (81.761%))
  Logic Levels:           0  
  Clock Path Skew:        -0.135ns (DCD - SCD + CPR)
    Destination Clock Delay (DCD):    8.443ns = ( 108.443 - 100.000 ) 
    Source Clock Delay      (SCD):    10.188ns
    Clock Pessimism Removal (CPR):    1.610ns
  Clock Uncertainty:      0.035ns  ((TSJ^2 + TIJ^2)^1/2 + DJ) / 2 + PE
    Total System Jitter     (TSJ):    0.071ns
    Total Input Jitter      (TIJ):    0.000ns
    Discrete Jitter          (DJ):    0.000ns
    Phase Error              (PE):    0.000ns
  Clock Net Delay (Source):      3.046ns (routing 1.779ns, distribution 1.267ns)
  Clock Net Delay (Destination): 2.721ns (routing 1.632ns, distribution 1.089ns)

    Location             Delay type                Incr(ns)  Path(ns)    Netlist Resource(s)
  -------------------------------------------------------------------    -------------------
                         (clock jtag_tck rise edge)
                                                      0.000     0.000 r  
    AH12                                              0.000     0.000 r  TCK (IN)
                         net (fo=0)                   0.000     0.000    TCK_IBUF_inst/I
    AH12                 INBUF (Prop_INBUF_HRIO_PAD_O)
                                                      0.927     0.927 r  TCK_IBUF_inst/INBUF_INST/O
                         net (fo=1, routed)           0.092     1.019    TCK_IBUF_inst/OUT
    AH12                 IBUFCTRL (Prop_IBUFCTRL_HRIO_I_O)
                                                      0.043     1.062 r  TCK_IBUF_inst/IBUFCTRL_INST/O
                         net (fo=1, routed)           5.997     7.059    TCK_IBUF
    BUFGCE_X1Y96         BUFGCE (Prop_BUFCE_BUFGCE_I_O)
                                                      0.083     7.142 r  TCK_IBUF_BUFG_inst/O
    X4Y1 (CLOCK_ROOT)    net (fo=327, routed)         3.046    10.188    u_fp_domain/u_CORTEXM3INTEGRATION/u_cortexm3ds_logic/TCK_IBUF_BUFG
    SLICE_X97Y84         FDCE                                         r  u_fp_domain/u_CORTEXM3INTEGRATION/u_cortexm3ds_logic/Ym2nz6_reg/C
  -------------------------------------------------------------------    -------------------
    SLICE_X97Y84         FDCE (Prop_EFF2_SLICEM_C_Q)
                                                      0.116    10.304 r  u_fp_domain/u_CORTEXM3INTEGRATION/u_cortexm3ds_logic/Ym2nz6_reg/Q
                         net (fo=281, routed)         0.520    10.824    u_fp_domain/u_CORTEXM3INTEGRATION/u_cortexm3ds_logic/Sz9dt6
    SLICE_X100Y84        FDCE                                         f  u_fp_domain/u_CORTEXM3INTEGRATION/u_cortexm3ds_logic/Zudoz6_reg/CLR  (IS_INVERTED)
  -------------------------------------------------------------------    -------------------

                         (clock jtag_tck fall edge)
                                                    100.000   100.000 f  
    AH12                                              0.000   100.000 f  TCK (IN)
                         net (fo=0)                   0.000   100.000    TCK_IBUF_inst/I
    AH12                 INBUF (Prop_INBUF_HRIO_PAD_O)
                                                      0.660   100.660 f  TCK_IBUF_inst/INBUF_INST/O
                         net (fo=1, routed)           0.059   100.719    TCK_IBUF_inst/OUT
    AH12                 IBUFCTRL (Prop_IBUFCTRL_HRIO_I_O)
                                                      0.032   100.751 f  TCK_IBUF_inst/IBUFCTRL_INST/O
                         net (fo=1, routed)           4.896   105.647    TCK_IBUF
    BUFGCE_X1Y96         BUFGCE (Prop_BUFCE_BUFGCE_I_O)
                                                      0.075   105.722 f  TCK_IBUF_BUFG_inst/O
    X4Y1 (CLOCK_ROOT)    net (fo=327, routed)         2.721   108.443    u_fp_domain/u_CORTEXM3INTEGRATION/u_cortexm3ds_logic/C3a7z6
    SLICE_X100Y84        FDCE                                         r  u_fp_domain/u_CORTEXM3INTEGRATION/u_cortexm3ds_logic/Zudoz6_reg/C  (IS_INVERTED)
                         clock pessimism              1.610   110.053    
                         clock uncertainty           -0.035   110.018    
    SLICE_X100Y84        FDCE (Recov_EFF_SLICEM_C_CLR)
                                                     -0.082   109.936    u_fp_domain/u_CORTEXM3INTEGRATION/u_cortexm3ds_logic/Zudoz6_reg
  -------------------------------------------------------------------
                         required time                        109.936    
                         arrival time                         -10.824    
  -------------------------------------------------------------------
                         slack                                 99.112    

Slack (MET) :             197.944ns  (required time - arrival time)
  Source:                 u_fp_domain/u_CORTEXM3INTEGRATION/u_cortexm3ds_logic/Ym2nz6_reg/C
                            (rising edge-triggered cell FDCE clocked by jtag_tck  {rise@0.000ns fall@100.000ns period=200.000ns})
  Destination:            u_fp_domain/u_CORTEXM3INTEGRATION/u_cortexm3ds_logic/Jhazz6_reg/CLR
                            (recovery check against rising-edge clock jtag_tck  {rise@0.000ns fall@100.000ns period=200.000ns})
  Path Group:             **async_default**
  Path Type:              Recovery (Max at Slow Process Corner)
  Requirement:            200.000ns  (jtag_tck rise@200.000ns - jtag_tck rise@0.000ns)
  Data Path Delay:        1.794ns  (logic 0.116ns (6.466%)  route 1.678ns (93.534%))
  Logic Levels:           0  
  Clock Path Skew:        -0.144ns (DCD - SCD + CPR)
    Destination Clock Delay (DCD):    8.433ns = ( 208.433 - 200.000 ) 
    Source Clock Delay      (SCD):    10.188ns
    Clock Pessimism Removal (CPR):    1.610ns
  Clock Uncertainty:      0.035ns  ((TSJ^2 + TIJ^2)^1/2 + DJ) / 2 + PE
    Total System Jitter     (TSJ):    0.071ns
    Total Input Jitter      (TIJ):    0.000ns
    Discrete Jitter          (DJ):    0.000ns
    Phase Error              (PE):    0.000ns
  Clock Net Delay (Source):      3.046ns (routing 1.779ns, distribution 1.267ns)
  Clock Net Delay (Destination): 2.711ns (routing 1.632ns, distribution 1.079ns)

    Location             Delay type                Incr(ns)  Path(ns)    Netlist Resource(s)
  -------------------------------------------------------------------    -------------------
                         (clock jtag_tck rise edge)
                                                      0.000     0.000 r  
    AH12                                              0.000     0.000 r  TCK (IN)
                         net (fo=0)                   0.000     0.000    TCK_IBUF_inst/I
    AH12                 INBUF (Prop_INBUF_HRIO_PAD_O)
                                                      0.927     0.927 r  TCK_IBUF_inst/INBUF_INST/O
                         net (fo=1, routed)           0.092     1.019    TCK_IBUF_inst/OUT
    AH12                 IBUFCTRL (Prop_IBUFCTRL_HRIO_I_O)
                                                      0.043     1.062 r  TCK_IBUF_inst/IBUFCTRL_INST/O
                         net (fo=1, routed)           5.997     7.059    TCK_IBUF
    BUFGCE_X1Y96         BUFGCE (Prop_BUFCE_BUFGCE_I_O)
                                                      0.083     7.142 r  TCK_IBUF_BUFG_inst/O
    X4Y1 (CLOCK_ROOT)    net (fo=327, routed)         3.046    10.188    u_fp_domain/u_CORTEXM3INTEGRATION/u_cortexm3ds_logic/TCK_IBUF_BUFG
    SLICE_X97Y84         FDCE                                         r  u_fp_domain/u_CORTEXM3INTEGRATION/u_cortexm3ds_logic/Ym2nz6_reg/C
  -------------------------------------------------------------------    -------------------
    SLICE_X97Y84         FDCE (Prop_EFF2_SLICEM_C_Q)
                                                      0.116    10.304 r  u_fp_domain/u_CORTEXM3INTEGRATION/u_cortexm3ds_logic/Ym2nz6_reg/Q
                         net (fo=281, routed)         1.678    11.982    u_fp_domain/u_CORTEXM3INTEGRATION/u_cortexm3ds_logic/Sz9dt6
    SLICE_X97Y92         FDCE                                         f  u_fp_domain/u_CORTEXM3INTEGRATION/u_cortexm3ds_logic/Jhazz6_reg/CLR  (IS_INVERTED)
  -------------------------------------------------------------------    -------------------

                         (clock jtag_tck rise edge)
                                                    200.000   200.000 r  
    AH12                                              0.000   200.000 r  TCK (IN)
                         net (fo=0)                   0.000   200.000    TCK_IBUF_inst/I
    AH12                 INBUF (Prop_INBUF_HRIO_PAD_O)
                                                      0.660   200.660 r  TCK_IBUF_inst/INBUF_INST/O
                         net (fo=1, routed)           0.059   200.719    TCK_IBUF_inst/OUT
    AH12                 IBUFCTRL (Prop_IBUFCTRL_HRIO_I_O)
                                                      0.032   200.751 r  TCK_IBUF_inst/IBUFCTRL_INST/O
                         net (fo=1, routed)           4.896   205.647    TCK_IBUF
    BUFGCE_X1Y96         BUFGCE (Prop_BUFCE_BUFGCE_I_O)
                                                      0.075   205.722 r  TCK_IBUF_BUFG_inst/O
    X4Y1 (CLOCK_ROOT)    net (fo=327, routed)         2.711   208.433    u_fp_domain/u_CORTEXM3INTEGRATION/u_cortexm3ds_logic/TCK_IBUF_BUFG
    SLICE_X97Y92         FDCE                                         r  u_fp_domain/u_CORTEXM3INTEGRATION/u_cortexm3ds_logic/Jhazz6_reg/C
                         clock pessimism              1.610   210.043    
                         clock uncertainty           -0.035   210.008    
    SLICE_X97Y92         FDCE (Recov_DFF_SLICEM_C_CLR)
                                                     -0.082   209.926    u_fp_domain/u_CORTEXM3INTEGRATION/u_cortexm3ds_logic/Jhazz6_reg
  -------------------------------------------------------------------
                         required time                        209.926    
                         arrival time                         -11.982    
  -------------------------------------------------------------------
                         slack                                197.944    

Slack (MET) :             197.944ns  (required time - arrival time)
  Source:                 u_fp_domain/u_CORTEXM3INTEGRATION/u_cortexm3ds_logic/Ym2nz6_reg/C
                            (rising edge-triggered cell FDCE clocked by jtag_tck  {rise@0.000ns fall@100.000ns period=200.000ns})
  Destination:            u_fp_domain/u_CORTEXM3INTEGRATION/u_cortexm3ds_logic/Xrcoz6_reg/CLR
                            (recovery check against rising-edge clock jtag_tck  {rise@0.000ns fall@100.000ns period=200.000ns})
  Path Group:             **async_default**
  Path Type:              Recovery (Max at Slow Process Corner)
  Requirement:            200.000ns  (jtag_tck rise@200.000ns - jtag_tck rise@0.000ns)
  Data Path Delay:        1.794ns  (logic 0.116ns (6.466%)  route 1.678ns (93.534%))
  Logic Levels:           0  
  Clock Path Skew:        -0.144ns (DCD - SCD + CPR)
    Destination Clock Delay (DCD):    8.433ns = ( 208.433 - 200.000 ) 
    Source Clock Delay      (SCD):    10.188ns
    Clock Pessimism Removal (CPR):    1.610ns
  Clock Uncertainty:      0.035ns  ((TSJ^2 + TIJ^2)^1/2 + DJ) / 2 + PE
    Total System Jitter     (TSJ):    0.071ns
    Total Input Jitter      (TIJ):    0.000ns
    Discrete Jitter          (DJ):    0.000ns
    Phase Error              (PE):    0.000ns
  Clock Net Delay (Source):      3.046ns (routing 1.779ns, distribution 1.267ns)
  Clock Net Delay (Destination): 2.711ns (routing 1.632ns, distribution 1.079ns)

    Location             Delay type                Incr(ns)  Path(ns)    Netlist Resource(s)
  -------------------------------------------------------------------    -------------------
                         (clock jtag_tck rise edge)
                                                      0.000     0.000 r  
    AH12                                              0.000     0.000 r  TCK (IN)
                         net (fo=0)                   0.000     0.000    TCK_IBUF_inst/I
    AH12                 INBUF (Prop_INBUF_HRIO_PAD_O)
                                                      0.927     0.927 r  TCK_IBUF_inst/INBUF_INST/O
                         net (fo=1, routed)           0.092     1.019    TCK_IBUF_inst/OUT
    AH12                 IBUFCTRL (Prop_IBUFCTRL_HRIO_I_O)
                                                      0.043     1.062 r  TCK_IBUF_inst/IBUFCTRL_INST/O
                         net (fo=1, routed)           5.997     7.059    TCK_IBUF
    BUFGCE_X1Y96         BUFGCE (Prop_BUFCE_BUFGCE_I_O)
                                                      0.083     7.142 r  TCK_IBUF_BUFG_inst/O
    X4Y1 (CLOCK_ROOT)    net (fo=327, routed)         3.046    10.188    u_fp_domain/u_CORTEXM3INTEGRATION/u_cortexm3ds_logic/TCK_IBUF_BUFG
    SLICE_X97Y84         FDCE                                         r  u_fp_domain/u_CORTEXM3INTEGRATION/u_cortexm3ds_logic/Ym2nz6_reg/C
  -------------------------------------------------------------------    -------------------
    SLICE_X97Y84         FDCE (Prop_EFF2_SLICEM_C_Q)
                                                      0.116    10.304 r  u_fp_domain/u_CORTEXM3INTEGRATION/u_cortexm3ds_logic/Ym2nz6_reg/Q
                         net (fo=281, routed)         1.678    11.982    u_fp_domain/u_CORTEXM3INTEGRATION/u_cortexm3ds_logic/Sz9dt6
    SLICE_X97Y92         FDCE                                         f  u_fp_domain/u_CORTEXM3INTEGRATION/u_cortexm3ds_logic/Xrcoz6_reg/CLR  (IS_INVERTED)
  -------------------------------------------------------------------    -------------------

                         (clock jtag_tck rise edge)
                                                    200.000   200.000 r  
    AH12                                              0.000   200.000 r  TCK (IN)
                         net (fo=0)                   0.000   200.000    TCK_IBUF_inst/I
    AH12                 INBUF (Prop_INBUF_HRIO_PAD_O)
                                                      0.660   200.660 r  TCK_IBUF_inst/INBUF_INST/O
                         net (fo=1, routed)           0.059   200.719    TCK_IBUF_inst/OUT
    AH12                 IBUFCTRL (Prop_IBUFCTRL_HRIO_I_O)
                                                      0.032   200.751 r  TCK_IBUF_inst/IBUFCTRL_INST/O
                         net (fo=1, routed)           4.896   205.647    TCK_IBUF
    BUFGCE_X1Y96         BUFGCE (Prop_BUFCE_BUFGCE_I_O)
                                                      0.075   205.722 r  TCK_IBUF_BUFG_inst/O
    X4Y1 (CLOCK_ROOT)    net (fo=327, routed)         2.711   208.433    u_fp_domain/u_CORTEXM3INTEGRATION/u_cortexm3ds_logic/TCK_IBUF_BUFG
    SLICE_X97Y92         FDCE                                         r  u_fp_domain/u_CORTEXM3INTEGRATION/u_cortexm3ds_logic/Xrcoz6_reg/C
                         clock pessimism              1.610   210.043    
                         clock uncertainty           -0.035   210.008    
    SLICE_X97Y92         FDCE (Recov_CFF_SLICEM_C_CLR)
                                                     -0.082   209.926    u_fp_domain/u_CORTEXM3INTEGRATION/u_cortexm3ds_logic/Xrcoz6_reg
  -------------------------------------------------------------------
                         required time                        209.926    
                         arrival time                         -11.982    
  -------------------------------------------------------------------
                         slack                                197.944    

Slack (MET) :             197.944ns  (required time - arrival time)
  Source:                 u_fp_domain/u_CORTEXM3INTEGRATION/u_cortexm3ds_logic/Ym2nz6_reg/C
                            (rising edge-triggered cell FDCE clocked by jtag_tck  {rise@0.000ns fall@100.000ns period=200.000ns})
  Destination:            u_fp_domain/u_CORTEXM3INTEGRATION/u_cortexm3ds_logic/Aocoz6_reg/CLR
                            (recovery check against rising-edge clock jtag_tck  {rise@0.000ns fall@100.000ns period=200.000ns})
  Path Group:             **async_default**
  Path Type:              Recovery (Max at Slow Process Corner)
  Requirement:            200.000ns  (jtag_tck rise@200.000ns - jtag_tck rise@0.000ns)
  Data Path Delay:        1.795ns  (logic 0.116ns (6.462%)  route 1.679ns (93.538%))
  Logic Levels:           0  
  Clock Path Skew:        -0.143ns (DCD - SCD + CPR)
    Destination Clock Delay (DCD):    8.434ns = ( 208.434 - 200.000 ) 
    Source Clock Delay      (SCD):    10.188ns
    Clock Pessimism Removal (CPR):    1.610ns
  Clock Uncertainty:      0.035ns  ((TSJ^2 + TIJ^2)^1/2 + DJ) / 2 + PE
    Total System Jitter     (TSJ):    0.071ns
    Total Input Jitter      (TIJ):    0.000ns
    Discrete Jitter          (DJ):    0.000ns
    Phase Error              (PE):    0.000ns
  Clock Net Delay (Source):      3.046ns (routing 1.779ns, distribution 1.267ns)
  Clock Net Delay (Destination): 2.712ns (routing 1.632ns, distribution 1.080ns)

    Location             Delay type                Incr(ns)  Path(ns)    Netlist Resource(s)
  -------------------------------------------------------------------    -------------------
                         (clock jtag_tck rise edge)
                                                      0.000     0.000 r  
    AH12                                              0.000     0.000 r  TCK (IN)
                         net (fo=0)                   0.000     0.000    TCK_IBUF_inst/I
    AH12                 INBUF (Prop_INBUF_HRIO_PAD_O)
                                                      0.927     0.927 r  TCK_IBUF_inst/INBUF_INST/O
                         net (fo=1, routed)           0.092     1.019    TCK_IBUF_inst/OUT
    AH12                 IBUFCTRL (Prop_IBUFCTRL_HRIO_I_O)
                                                      0.043     1.062 r  TCK_IBUF_inst/IBUFCTRL_INST/O
                         net (fo=1, routed)           5.997     7.059    TCK_IBUF
    BUFGCE_X1Y96         BUFGCE (Prop_BUFCE_BUFGCE_I_O)
                                                      0.083     7.142 r  TCK_IBUF_BUFG_inst/O
    X4Y1 (CLOCK_ROOT)    net (fo=327, routed)         3.046    10.188    u_fp_domain/u_CORTEXM3INTEGRATION/u_cortexm3ds_logic/TCK_IBUF_BUFG
    SLICE_X97Y84         FDCE                                         r  u_fp_domain/u_CORTEXM3INTEGRATION/u_cortexm3ds_logic/Ym2nz6_reg/C
  -------------------------------------------------------------------    -------------------
    SLICE_X97Y84         FDCE (Prop_EFF2_SLICEM_C_Q)
                                                      0.116    10.304 r  u_fp_domain/u_CORTEXM3INTEGRATION/u_cortexm3ds_logic/Ym2nz6_reg/Q
                         net (fo=281, routed)         1.679    11.983    u_fp_domain/u_CORTEXM3INTEGRATION/u_cortexm3ds_logic/Sz9dt6
    SLICE_X98Y92         FDCE                                         f  u_fp_domain/u_CORTEXM3INTEGRATION/u_cortexm3ds_logic/Aocoz6_reg/CLR  (IS_INVERTED)
  -------------------------------------------------------------------    -------------------

                         (clock jtag_tck rise edge)
                                                    200.000   200.000 r  
    AH12                                              0.000   200.000 r  TCK (IN)
                         net (fo=0)                   0.000   200.000    TCK_IBUF_inst/I
    AH12                 INBUF (Prop_INBUF_HRIO_PAD_O)
                                                      0.660   200.660 r  TCK_IBUF_inst/INBUF_INST/O
                         net (fo=1, routed)           0.059   200.719    TCK_IBUF_inst/OUT
    AH12                 IBUFCTRL (Prop_IBUFCTRL_HRIO_I_O)
                                                      0.032   200.751 r  TCK_IBUF_inst/IBUFCTRL_INST/O
                         net (fo=1, routed)           4.896   205.647    TCK_IBUF
    BUFGCE_X1Y96         BUFGCE (Prop_BUFCE_BUFGCE_I_O)
                                                      0.075   205.722 r  TCK_IBUF_BUFG_inst/O
    X4Y1 (CLOCK_ROOT)    net (fo=327, routed)         2.712   208.434    u_fp_domain/u_CORTEXM3INTEGRATION/u_cortexm3ds_logic/TCK_IBUF_BUFG
    SLICE_X98Y92         FDCE                                         r  u_fp_domain/u_CORTEXM3INTEGRATION/u_cortexm3ds_logic/Aocoz6_reg/C
                         clock pessimism              1.610   210.044    
                         clock uncertainty           -0.035   210.009    
    SLICE_X98Y92         FDCE (Recov_DFF_SLICEL_C_CLR)
                                                     -0.082   209.927    u_fp_domain/u_CORTEXM3INTEGRATION/u_cortexm3ds_logic/Aocoz6_reg
  -------------------------------------------------------------------
                         required time                        209.927    
                         arrival time                         -11.983    
  -------------------------------------------------------------------
                         slack                                197.944    

Slack (MET) :             197.944ns  (required time - arrival time)
  Source:                 u_fp_domain/u_CORTEXM3INTEGRATION/u_cortexm3ds_logic/Ym2nz6_reg/C
                            (rising edge-triggered cell FDCE clocked by jtag_tck  {rise@0.000ns fall@100.000ns period=200.000ns})
  Destination:            u_fp_domain/u_CORTEXM3INTEGRATION/u_cortexm3ds_logic/Dohoz6_reg/CLR
                            (recovery check against rising-edge clock jtag_tck  {rise@0.000ns fall@100.000ns period=200.000ns})
  Path Group:             **async_default**
  Path Type:              Recovery (Max at Slow Process Corner)
  Requirement:            200.000ns  (jtag_tck rise@200.000ns - jtag_tck rise@0.000ns)
  Data Path Delay:        1.795ns  (logic 0.116ns (6.462%)  route 1.679ns (93.538%))
  Logic Levels:           0  
  Clock Path Skew:        -0.143ns (DCD - SCD + CPR)
    Destination Clock Delay (DCD):    8.434ns = ( 208.434 - 200.000 ) 
    Source Clock Delay      (SCD):    10.188ns
    Clock Pessimism Removal (CPR):    1.610ns
  Clock Uncertainty:      0.035ns  ((TSJ^2 + TIJ^2)^1/2 + DJ) / 2 + PE
    Total System Jitter     (TSJ):    0.071ns
    Total Input Jitter      (TIJ):    0.000ns
    Discrete Jitter          (DJ):    0.000ns
    Phase Error              (PE):    0.000ns
  Clock Net Delay (Source):      3.046ns (routing 1.779ns, distribution 1.267ns)
  Clock Net Delay (Destination): 2.712ns (routing 1.632ns, distribution 1.080ns)

    Location             Delay type                Incr(ns)  Path(ns)    Netlist Resource(s)
  -------------------------------------------------------------------    -------------------
                         (clock jtag_tck rise edge)
                                                      0.000     0.000 r  
    AH12                                              0.000     0.000 r  TCK (IN)
                         net (fo=0)                   0.000     0.000    TCK_IBUF_inst/I
    AH12                 INBUF (Prop_INBUF_HRIO_PAD_O)
                                                      0.927     0.927 r  TCK_IBUF_inst/INBUF_INST/O
                         net (fo=1, routed)           0.092     1.019    TCK_IBUF_inst/OUT
    AH12                 IBUFCTRL (Prop_IBUFCTRL_HRIO_I_O)
                                                      0.043     1.062 r  TCK_IBUF_inst/IBUFCTRL_INST/O
                         net (fo=1, routed)           5.997     7.059    TCK_IBUF
    BUFGCE_X1Y96         BUFGCE (Prop_BUFCE_BUFGCE_I_O)
                                                      0.083     7.142 r  TCK_IBUF_BUFG_inst/O
    X4Y1 (CLOCK_ROOT)    net (fo=327, routed)         3.046    10.188    u_fp_domain/u_CORTEXM3INTEGRATION/u_cortexm3ds_logic/TCK_IBUF_BUFG
    SLICE_X97Y84         FDCE                                         r  u_fp_domain/u_CORTEXM3INTEGRATION/u_cortexm3ds_logic/Ym2nz6_reg/C
  -------------------------------------------------------------------    -------------------
    SLICE_X97Y84         FDCE (Prop_EFF2_SLICEM_C_Q)
                                                      0.116    10.304 r  u_fp_domain/u_CORTEXM3INTEGRATION/u_cortexm3ds_logic/Ym2nz6_reg/Q
                         net (fo=281, routed)         1.679    11.983    u_fp_domain/u_CORTEXM3INTEGRATION/u_cortexm3ds_logic/Sz9dt6
    SLICE_X98Y92         FDCE                                         f  u_fp_domain/u_CORTEXM3INTEGRATION/u_cortexm3ds_logic/Dohoz6_reg/CLR  (IS_INVERTED)
  -------------------------------------------------------------------    -------------------

                         (clock jtag_tck rise edge)
                                                    200.000   200.000 r  
    AH12                                              0.000   200.000 r  TCK (IN)
                         net (fo=0)                   0.000   200.000    TCK_IBUF_inst/I
    AH12                 INBUF (Prop_INBUF_HRIO_PAD_O)
                                                      0.660   200.660 r  TCK_IBUF_inst/INBUF_INST/O
                         net (fo=1, routed)           0.059   200.719    TCK_IBUF_inst/OUT
    AH12                 IBUFCTRL (Prop_IBUFCTRL_HRIO_I_O)
                                                      0.032   200.751 r  TCK_IBUF_inst/IBUFCTRL_INST/O
                         net (fo=1, routed)           4.896   205.647    TCK_IBUF
    BUFGCE_X1Y96         BUFGCE (Prop_BUFCE_BUFGCE_I_O)
                                                      0.075   205.722 r  TCK_IBUF_BUFG_inst/O
    X4Y1 (CLOCK_ROOT)    net (fo=327, routed)         2.712   208.434    u_fp_domain/u_CORTEXM3INTEGRATION/u_cortexm3ds_logic/TCK_IBUF_BUFG
    SLICE_X98Y92         FDCE                                         r  u_fp_domain/u_CORTEXM3INTEGRATION/u_cortexm3ds_logic/Dohoz6_reg/C
                         clock pessimism              1.610   210.044    
                         clock uncertainty           -0.035   210.009    
    SLICE_X98Y92         FDCE (Recov_AFF_SLICEL_C_CLR)
                                                     -0.082   209.927    u_fp_domain/u_CORTEXM3INTEGRATION/u_cortexm3ds_logic/Dohoz6_reg
  -------------------------------------------------------------------
                         required time                        209.927    
                         arrival time                         -11.983    
  -------------------------------------------------------------------
                         slack                                197.944    

Slack (MET) :             197.944ns  (required time - arrival time)
  Source:                 u_fp_domain/u_CORTEXM3INTEGRATION/u_cortexm3ds_logic/Ym2nz6_reg/C
                            (rising edge-triggered cell FDCE clocked by jtag_tck  {rise@0.000ns fall@100.000ns period=200.000ns})
  Destination:            u_fp_domain/u_CORTEXM3INTEGRATION/u_cortexm3ds_logic/Sthoz6_reg/CLR
                            (recovery check against rising-edge clock jtag_tck  {rise@0.000ns fall@100.000ns period=200.000ns})
  Path Group:             **async_default**
  Path Type:              Recovery (Max at Slow Process Corner)
  Requirement:            200.000ns  (jtag_tck rise@200.000ns - jtag_tck rise@0.000ns)
  Data Path Delay:        1.795ns  (logic 0.116ns (6.462%)  route 1.679ns (93.538%))
  Logic Levels:           0  
  Clock Path Skew:        -0.143ns (DCD - SCD + CPR)
    Destination Clock Delay (DCD):    8.434ns = ( 208.434 - 200.000 ) 
    Source Clock Delay      (SCD):    10.188ns
    Clock Pessimism Removal (CPR):    1.610ns
  Clock Uncertainty:      0.035ns  ((TSJ^2 + TIJ^2)^1/2 + DJ) / 2 + PE
    Total System Jitter     (TSJ):    0.071ns
    Total Input Jitter      (TIJ):    0.000ns
    Discrete Jitter          (DJ):    0.000ns
    Phase Error              (PE):    0.000ns
  Clock Net Delay (Source):      3.046ns (routing 1.779ns, distribution 1.267ns)
  Clock Net Delay (Destination): 2.712ns (routing 1.632ns, distribution 1.080ns)

    Location             Delay type                Incr(ns)  Path(ns)    Netlist Resource(s)
  -------------------------------------------------------------------    -------------------
                         (clock jtag_tck rise edge)
                                                      0.000     0.000 r  
    AH12                                              0.000     0.000 r  TCK (IN)
                         net (fo=0)                   0.000     0.000    TCK_IBUF_inst/I
    AH12                 INBUF (Prop_INBUF_HRIO_PAD_O)
                                                      0.927     0.927 r  TCK_IBUF_inst/INBUF_INST/O
                         net (fo=1, routed)           0.092     1.019    TCK_IBUF_inst/OUT
    AH12                 IBUFCTRL (Prop_IBUFCTRL_HRIO_I_O)
                                                      0.043     1.062 r  TCK_IBUF_inst/IBUFCTRL_INST/O
                         net (fo=1, routed)           5.997     7.059    TCK_IBUF
    BUFGCE_X1Y96         BUFGCE (Prop_BUFCE_BUFGCE_I_O)
                                                      0.083     7.142 r  TCK_IBUF_BUFG_inst/O
    X4Y1 (CLOCK_ROOT)    net (fo=327, routed)         3.046    10.188    u_fp_domain/u_CORTEXM3INTEGRATION/u_cortexm3ds_logic/TCK_IBUF_BUFG
    SLICE_X97Y84         FDCE                                         r  u_fp_domain/u_CORTEXM3INTEGRATION/u_cortexm3ds_logic/Ym2nz6_reg/C
  -------------------------------------------------------------------    -------------------
    SLICE_X97Y84         FDCE (Prop_EFF2_SLICEM_C_Q)
                                                      0.116    10.304 r  u_fp_domain/u_CORTEXM3INTEGRATION/u_cortexm3ds_logic/Ym2nz6_reg/Q
                         net (fo=281, routed)         1.679    11.983    u_fp_domain/u_CORTEXM3INTEGRATION/u_cortexm3ds_logic/Sz9dt6
    SLICE_X98Y92         FDCE                                         f  u_fp_domain/u_CORTEXM3INTEGRATION/u_cortexm3ds_logic/Sthoz6_reg/CLR  (IS_INVERTED)
  -------------------------------------------------------------------    -------------------

                         (clock jtag_tck rise edge)
                                                    200.000   200.000 r  
    AH12                                              0.000   200.000 r  TCK (IN)
                         net (fo=0)                   0.000   200.000    TCK_IBUF_inst/I
    AH12                 INBUF (Prop_INBUF_HRIO_PAD_O)
                                                      0.660   200.660 r  TCK_IBUF_inst/INBUF_INST/O
                         net (fo=1, routed)           0.059   200.719    TCK_IBUF_inst/OUT
    AH12                 IBUFCTRL (Prop_IBUFCTRL_HRIO_I_O)
                                                      0.032   200.751 r  TCK_IBUF_inst/IBUFCTRL_INST/O
                         net (fo=1, routed)           4.896   205.647    TCK_IBUF
    BUFGCE_X1Y96         BUFGCE (Prop_BUFCE_BUFGCE_I_O)
                                                      0.075   205.722 r  TCK_IBUF_BUFG_inst/O
    X4Y1 (CLOCK_ROOT)    net (fo=327, routed)         2.712   208.434    u_fp_domain/u_CORTEXM3INTEGRATION/u_cortexm3ds_logic/TCK_IBUF_BUFG
    SLICE_X98Y92         FDCE                                         r  u_fp_domain/u_CORTEXM3INTEGRATION/u_cortexm3ds_logic/Sthoz6_reg/C
                         clock pessimism              1.610   210.044    
                         clock uncertainty           -0.035   210.009    
    SLICE_X98Y92         FDCE (Recov_AFF2_SLICEL_C_CLR)
                                                     -0.082   209.927    u_fp_domain/u_CORTEXM3INTEGRATION/u_cortexm3ds_logic/Sthoz6_reg
  -------------------------------------------------------------------
                         required time                        209.927    
                         arrival time                         -11.983    
  -------------------------------------------------------------------
                         slack                                197.944    

Slack (MET) :             197.944ns  (required time - arrival time)
  Source:                 u_fp_domain/u_CORTEXM3INTEGRATION/u_cortexm3ds_logic/Ym2nz6_reg/C
                            (rising edge-triggered cell FDCE clocked by jtag_tck  {rise@0.000ns fall@100.000ns period=200.000ns})
  Destination:            u_fp_domain/u_CORTEXM3INTEGRATION/u_cortexm3ds_logic/Urhoz6_reg/CLR
                            (recovery check against rising-edge clock jtag_tck  {rise@0.000ns fall@100.000ns period=200.000ns})
  Path Group:             **async_default**
  Path Type:              Recovery (Max at Slow Process Corner)
  Requirement:            200.000ns  (jtag_tck rise@200.000ns - jtag_tck rise@0.000ns)
  Data Path Delay:        1.795ns  (logic 0.116ns (6.462%)  route 1.679ns (93.538%))
  Logic Levels:           0  
  Clock Path Skew:        -0.143ns (DCD - SCD + CPR)
    Destination Clock Delay (DCD):    8.434ns = ( 208.434 - 200.000 ) 
    Source Clock Delay      (SCD):    10.188ns
    Clock Pessimism Removal (CPR):    1.610ns
  Clock Uncertainty:      0.035ns  ((TSJ^2 + TIJ^2)^1/2 + DJ) / 2 + PE
    Total System Jitter     (TSJ):    0.071ns
    Total Input Jitter      (TIJ):    0.000ns
    Discrete Jitter          (DJ):    0.000ns
    Phase Error              (PE):    0.000ns
  Clock Net Delay (Source):      3.046ns (routing 1.779ns, distribution 1.267ns)
  Clock Net Delay (Destination): 2.712ns (routing 1.632ns, distribution 1.080ns)

    Location             Delay type                Incr(ns)  Path(ns)    Netlist Resource(s)
  -------------------------------------------------------------------    -------------------
                         (clock jtag_tck rise edge)
                                                      0.000     0.000 r  
    AH12                                              0.000     0.000 r  TCK (IN)
                         net (fo=0)                   0.000     0.000    TCK_IBUF_inst/I
    AH12                 INBUF (Prop_INBUF_HRIO_PAD_O)
                                                      0.927     0.927 r  TCK_IBUF_inst/INBUF_INST/O
                         net (fo=1, routed)           0.092     1.019    TCK_IBUF_inst/OUT
    AH12                 IBUFCTRL (Prop_IBUFCTRL_HRIO_I_O)
                                                      0.043     1.062 r  TCK_IBUF_inst/IBUFCTRL_INST/O
                         net (fo=1, routed)           5.997     7.059    TCK_IBUF
    BUFGCE_X1Y96         BUFGCE (Prop_BUFCE_BUFGCE_I_O)
                                                      0.083     7.142 r  TCK_IBUF_BUFG_inst/O
    X4Y1 (CLOCK_ROOT)    net (fo=327, routed)         3.046    10.188    u_fp_domain/u_CORTEXM3INTEGRATION/u_cortexm3ds_logic/TCK_IBUF_BUFG
    SLICE_X97Y84         FDCE                                         r  u_fp_domain/u_CORTEXM3INTEGRATION/u_cortexm3ds_logic/Ym2nz6_reg/C
  -------------------------------------------------------------------    -------------------
    SLICE_X97Y84         FDCE (Prop_EFF2_SLICEM_C_Q)
                                                      0.116    10.304 r  u_fp_domain/u_CORTEXM3INTEGRATION/u_cortexm3ds_logic/Ym2nz6_reg/Q
                         net (fo=281, routed)         1.679    11.983    u_fp_domain/u_CORTEXM3INTEGRATION/u_cortexm3ds_logic/Sz9dt6
    SLICE_X98Y92         FDCE                                         f  u_fp_domain/u_CORTEXM3INTEGRATION/u_cortexm3ds_logic/Urhoz6_reg/CLR  (IS_INVERTED)
  -------------------------------------------------------------------    -------------------

                         (clock jtag_tck rise edge)
                                                    200.000   200.000 r  
    AH12                                              0.000   200.000 r  TCK (IN)
                         net (fo=0)                   0.000   200.000    TCK_IBUF_inst/I
    AH12                 INBUF (Prop_INBUF_HRIO_PAD_O)
                                                      0.660   200.660 r  TCK_IBUF_inst/INBUF_INST/O
                         net (fo=1, routed)           0.059   200.719    TCK_IBUF_inst/OUT
    AH12                 IBUFCTRL (Prop_IBUFCTRL_HRIO_I_O)
                                                      0.032   200.751 r  TCK_IBUF_inst/IBUFCTRL_INST/O
                         net (fo=1, routed)           4.896   205.647    TCK_IBUF
    BUFGCE_X1Y96         BUFGCE (Prop_BUFCE_BUFGCE_I_O)
                                                      0.075   205.722 r  TCK_IBUF_BUFG_inst/O
    X4Y1 (CLOCK_ROOT)    net (fo=327, routed)         2.712   208.434    u_fp_domain/u_CORTEXM3INTEGRATION/u_cortexm3ds_logic/TCK_IBUF_BUFG
    SLICE_X98Y92         FDCE                                         r  u_fp_domain/u_CORTEXM3INTEGRATION/u_cortexm3ds_logic/Urhoz6_reg/C
                         clock pessimism              1.610   210.044    
                         clock uncertainty           -0.035   210.009    
    SLICE_X98Y92         FDCE (Recov_BFF_SLICEL_C_CLR)
                                                     -0.082   209.927    u_fp_domain/u_CORTEXM3INTEGRATION/u_cortexm3ds_logic/Urhoz6_reg
  -------------------------------------------------------------------
                         required time                        209.927    
                         arrival time                         -11.983    
  -------------------------------------------------------------------
                         slack                                197.944    

Slack (MET) :             197.957ns  (required time - arrival time)
  Source:                 u_fp_domain/u_CORTEXM3INTEGRATION/u_cortexm3ds_logic/Ym2nz6_reg/C
                            (rising edge-triggered cell FDCE clocked by jtag_tck  {rise@0.000ns fall@100.000ns period=200.000ns})
  Destination:            u_fp_domain/u_CORTEXM3INTEGRATION/u_cortexm3ds_logic/Rqizz6_reg/CLR
                            (recovery check against rising-edge clock jtag_tck  {rise@0.000ns fall@100.000ns period=200.000ns})
  Path Group:             **async_default**
  Path Type:              Recovery (Max at Slow Process Corner)
  Requirement:            200.000ns  (jtag_tck rise@200.000ns - jtag_tck rise@0.000ns)
  Data Path Delay:        1.785ns  (logic 0.116ns (6.499%)  route 1.669ns (93.501%))
  Logic Levels:           0  
  Clock Path Skew:        -0.140ns (DCD - SCD + CPR)
    Destination Clock Delay (DCD):    8.437ns = ( 208.437 - 200.000 ) 
    Source Clock Delay      (SCD):    10.188ns
    Clock Pessimism Removal (CPR):    1.610ns
  Clock Uncertainty:      0.035ns  ((TSJ^2 + TIJ^2)^1/2 + DJ) / 2 + PE
    Total System Jitter     (TSJ):    0.071ns
    Total Input Jitter      (TIJ):    0.000ns
    Discrete Jitter          (DJ):    0.000ns
    Phase Error              (PE):    0.000ns
  Clock Net Delay (Source):      3.046ns (routing 1.779ns, distribution 1.267ns)
  Clock Net Delay (Destination): 2.715ns (routing 1.632ns, distribution 1.083ns)

    Location             Delay type                Incr(ns)  Path(ns)    Netlist Resource(s)
  -------------------------------------------------------------------    -------------------
                         (clock jtag_tck rise edge)
                                                      0.000     0.000 r  
    AH12                                              0.000     0.000 r  TCK (IN)
                         net (fo=0)                   0.000     0.000    TCK_IBUF_inst/I
    AH12                 INBUF (Prop_INBUF_HRIO_PAD_O)
                                                      0.927     0.927 r  TCK_IBUF_inst/INBUF_INST/O
                         net (fo=1, routed)           0.092     1.019    TCK_IBUF_inst/OUT
    AH12                 IBUFCTRL (Prop_IBUFCTRL_HRIO_I_O)
                                                      0.043     1.062 r  TCK_IBUF_inst/IBUFCTRL_INST/O
                         net (fo=1, routed)           5.997     7.059    TCK_IBUF
    BUFGCE_X1Y96         BUFGCE (Prop_BUFCE_BUFGCE_I_O)
                                                      0.083     7.142 r  TCK_IBUF_BUFG_inst/O
    X4Y1 (CLOCK_ROOT)    net (fo=327, routed)         3.046    10.188    u_fp_domain/u_CORTEXM3INTEGRATION/u_cortexm3ds_logic/TCK_IBUF_BUFG
    SLICE_X97Y84         FDCE                                         r  u_fp_domain/u_CORTEXM3INTEGRATION/u_cortexm3ds_logic/Ym2nz6_reg/C
  -------------------------------------------------------------------    -------------------
    SLICE_X97Y84         FDCE (Prop_EFF2_SLICEM_C_Q)
                                                      0.116    10.304 r  u_fp_domain/u_CORTEXM3INTEGRATION/u_cortexm3ds_logic/Ym2nz6_reg/Q
                         net (fo=281, routed)         1.669    11.973    u_fp_domain/u_CORTEXM3INTEGRATION/u_cortexm3ds_logic/Sz9dt6
    SLICE_X105Y93        FDCE                                         f  u_fp_domain/u_CORTEXM3INTEGRATION/u_cortexm3ds_logic/Rqizz6_reg/CLR  (IS_INVERTED)
  -------------------------------------------------------------------    -------------------

                         (clock jtag_tck rise edge)
                                                    200.000   200.000 r  
    AH12                                              0.000   200.000 r  TCK (IN)
                         net (fo=0)                   0.000   200.000    TCK_IBUF_inst/I
    AH12                 INBUF (Prop_INBUF_HRIO_PAD_O)
                                                      0.660   200.660 r  TCK_IBUF_inst/INBUF_INST/O
                         net (fo=1, routed)           0.059   200.719    TCK_IBUF_inst/OUT
    AH12                 IBUFCTRL (Prop_IBUFCTRL_HRIO_I_O)
                                                      0.032   200.751 r  TCK_IBUF_inst/IBUFCTRL_INST/O
                         net (fo=1, routed)           4.896   205.647    TCK_IBUF
    BUFGCE_X1Y96         BUFGCE (Prop_BUFCE_BUFGCE_I_O)
                                                      0.075   205.722 r  TCK_IBUF_BUFG_inst/O
    X4Y1 (CLOCK_ROOT)    net (fo=327, routed)         2.715   208.437    u_fp_domain/u_CORTEXM3INTEGRATION/u_cortexm3ds_logic/TCK_IBUF_BUFG
    SLICE_X105Y93        FDCE                                         r  u_fp_domain/u_CORTEXM3INTEGRATION/u_cortexm3ds_logic/Rqizz6_reg/C
                         clock pessimism              1.610   210.047    
                         clock uncertainty           -0.035   210.012    
    SLICE_X105Y93        FDCE (Recov_AFF2_SLICEL_C_CLR)
                                                     -0.082   209.930    u_fp_domain/u_CORTEXM3INTEGRATION/u_cortexm3ds_logic/Rqizz6_reg
  -------------------------------------------------------------------
                         required time                        209.930    
                         arrival time                         -11.973    
  -------------------------------------------------------------------
                         slack                                197.957    

Slack (MET) :             198.010ns  (required time - arrival time)
  Source:                 u_fp_domain/u_CORTEXM3INTEGRATION/u_cortexm3ds_logic/Ym2nz6_reg/C
                            (rising edge-triggered cell FDCE clocked by jtag_tck  {rise@0.000ns fall@100.000ns period=200.000ns})
  Destination:            u_fp_domain/u_CORTEXM3INTEGRATION/u_cortexm3ds_logic/U6foz6_reg/CLR
                            (recovery check against rising-edge clock jtag_tck  {rise@0.000ns fall@100.000ns period=200.000ns})
  Path Group:             **async_default**
  Path Type:              Recovery (Max at Slow Process Corner)
  Requirement:            200.000ns  (jtag_tck rise@200.000ns - jtag_tck rise@0.000ns)
  Data Path Delay:        1.732ns  (logic 0.116ns (6.697%)  route 1.616ns (93.303%))
  Logic Levels:           0  
  Clock Path Skew:        -0.140ns (DCD - SCD + CPR)
    Destination Clock Delay (DCD):    8.437ns = ( 208.437 - 200.000 ) 
    Source Clock Delay      (SCD):    10.188ns
    Clock Pessimism Removal (CPR):    1.610ns
  Clock Uncertainty:      0.035ns  ((TSJ^2 + TIJ^2)^1/2 + DJ) / 2 + PE
    Total System Jitter     (TSJ):    0.071ns
    Total Input Jitter      (TIJ):    0.000ns
    Discrete Jitter          (DJ):    0.000ns
    Phase Error              (PE):    0.000ns
  Clock Net Delay (Source):      3.046ns (routing 1.779ns, distribution 1.267ns)
  Clock Net Delay (Destination): 2.715ns (routing 1.632ns, distribution 1.083ns)

    Location             Delay type                Incr(ns)  Path(ns)    Netlist Resource(s)
  -------------------------------------------------------------------    -------------------
                         (clock jtag_tck rise edge)
                                                      0.000     0.000 r  
    AH12                                              0.000     0.000 r  TCK (IN)
                         net (fo=0)                   0.000     0.000    TCK_IBUF_inst/I
    AH12                 INBUF (Prop_INBUF_HRIO_PAD_O)
                                                      0.927     0.927 r  TCK_IBUF_inst/INBUF_INST/O
                         net (fo=1, routed)           0.092     1.019    TCK_IBUF_inst/OUT
    AH12                 IBUFCTRL (Prop_IBUFCTRL_HRIO_I_O)
                                                      0.043     1.062 r  TCK_IBUF_inst/IBUFCTRL_INST/O
                         net (fo=1, routed)           5.997     7.059    TCK_IBUF
    BUFGCE_X1Y96         BUFGCE (Prop_BUFCE_BUFGCE_I_O)
                                                      0.083     7.142 r  TCK_IBUF_BUFG_inst/O
    X4Y1 (CLOCK_ROOT)    net (fo=327, routed)         3.046    10.188    u_fp_domain/u_CORTEXM3INTEGRATION/u_cortexm3ds_logic/TCK_IBUF_BUFG
    SLICE_X97Y84         FDCE                                         r  u_fp_domain/u_CORTEXM3INTEGRATION/u_cortexm3ds_logic/Ym2nz6_reg/C
  -------------------------------------------------------------------    -------------------
    SLICE_X97Y84         FDCE (Prop_EFF2_SLICEM_C_Q)
                                                      0.116    10.304 r  u_fp_domain/u_CORTEXM3INTEGRATION/u_cortexm3ds_logic/Ym2nz6_reg/Q
                         net (fo=281, routed)         1.616    11.920    u_fp_domain/u_CORTEXM3INTEGRATION/u_cortexm3ds_logic/Sz9dt6
    SLICE_X105Y94        FDCE                                         f  u_fp_domain/u_CORTEXM3INTEGRATION/u_cortexm3ds_logic/U6foz6_reg/CLR  (IS_INVERTED)
  -------------------------------------------------------------------    -------------------

                         (clock jtag_tck rise edge)
                                                    200.000   200.000 r  
    AH12                                              0.000   200.000 r  TCK (IN)
                         net (fo=0)                   0.000   200.000    TCK_IBUF_inst/I
    AH12                 INBUF (Prop_INBUF_HRIO_PAD_O)
                                                      0.660   200.660 r  TCK_IBUF_inst/INBUF_INST/O
                         net (fo=1, routed)           0.059   200.719    TCK_IBUF_inst/OUT
    AH12                 IBUFCTRL (Prop_IBUFCTRL_HRIO_I_O)
                                                      0.032   200.751 r  TCK_IBUF_inst/IBUFCTRL_INST/O
                         net (fo=1, routed)           4.896   205.647    TCK_IBUF
    BUFGCE_X1Y96         BUFGCE (Prop_BUFCE_BUFGCE_I_O)
                                                      0.075   205.722 r  TCK_IBUF_BUFG_inst/O
    X4Y1 (CLOCK_ROOT)    net (fo=327, routed)         2.715   208.437    u_fp_domain/u_CORTEXM3INTEGRATION/u_cortexm3ds_logic/TCK_IBUF_BUFG
    SLICE_X105Y94        FDCE                                         r  u_fp_domain/u_CORTEXM3INTEGRATION/u_cortexm3ds_logic/U6foz6_reg/C
                         clock pessimism              1.610   210.047    
                         clock uncertainty           -0.035   210.012    
    SLICE_X105Y94        FDCE (Recov_EFF_SLICEL_C_CLR)
                                                     -0.082   209.930    u_fp_domain/u_CORTEXM3INTEGRATION/u_cortexm3ds_logic/U6foz6_reg
  -------------------------------------------------------------------
                         required time                        209.930    
                         arrival time                         -11.920    
  -------------------------------------------------------------------
                         slack                                198.010    





Min Delay Paths
--------------------------------------------------------------------------------------
Slack (MET) :             0.144ns  (arrival time - required time)
  Source:                 u_fp_domain/u_CORTEXM3INTEGRATION/u_cortexm3ds_logic/Ym2nz6_reg/C
                            (rising edge-triggered cell FDCE clocked by jtag_tck  {rise@0.000ns fall@100.000ns period=200.000ns})
  Destination:            u_fp_domain/u_CORTEXM3INTEGRATION/u_cortexm3ds_logic/Fmdoz6_reg/CLR
                            (removal check against rising-edge clock jtag_tck  {rise@0.000ns fall@100.000ns period=200.000ns})
  Path Group:             **async_default**
  Path Type:              Removal (Min at Fast Process Corner)
  Requirement:            0.000ns  (jtag_tck rise@0.000ns - jtag_tck rise@0.000ns)
  Data Path Delay:        0.186ns  (logic 0.048ns (25.806%)  route 0.138ns (74.194%))
  Logic Levels:           0  
  Clock Path Skew:        0.037ns (DCD - SCD - CPR)
    Destination Clock Delay (DCD):    6.540ns
    Source Clock Delay      (SCD):    4.939ns
    Clock Pessimism Removal (CPR):    1.564ns
  Clock Net Delay (Source):      1.391ns (routing 0.886ns, distribution 0.505ns)
  Clock Net Delay (Destination): 1.616ns (routing 0.988ns, distribution 0.628ns)

    Location             Delay type                Incr(ns)  Path(ns)    Netlist Resource(s)
  -------------------------------------------------------------------    -------------------
                         (clock jtag_tck rise edge)
                                                      0.000     0.000 r  
    AH12                                              0.000     0.000 r  TCK (IN)
                         net (fo=0)                   0.000     0.000    TCK_IBUF_inst/I
    AH12                 INBUF (Prop_INBUF_HRIO_PAD_O)
                                                      0.567     0.567 r  TCK_IBUF_inst/INBUF_INST/O
                         net (fo=1, routed)           0.025     0.592    TCK_IBUF_inst/OUT
    AH12                 IBUFCTRL (Prop_IBUFCTRL_HRIO_I_O)
                                                      0.015     0.607 r  TCK_IBUF_inst/IBUFCTRL_INST/O
                         net (fo=1, routed)           2.914     3.521    TCK_IBUF
    BUFGCE_X1Y96         BUFGCE (Prop_BUFCE_BUFGCE_I_O)
                                                      0.027     3.548 r  TCK_IBUF_BUFG_inst/O
    X4Y1 (CLOCK_ROOT)    net (fo=327, routed)         1.391     4.939    u_fp_domain/u_CORTEXM3INTEGRATION/u_cortexm3ds_logic/TCK_IBUF_BUFG
    SLICE_X97Y84         FDCE                                         r  u_fp_domain/u_CORTEXM3INTEGRATION/u_cortexm3ds_logic/Ym2nz6_reg/C
  -------------------------------------------------------------------    -------------------
    SLICE_X97Y84         FDCE (Prop_EFF2_SLICEM_C_Q)
                                                      0.048     4.987 r  u_fp_domain/u_CORTEXM3INTEGRATION/u_cortexm3ds_logic/Ym2nz6_reg/Q
                         net (fo=281, routed)         0.138     5.125    u_fp_domain/u_CORTEXM3INTEGRATION/u_cortexm3ds_logic/Sz9dt6
    SLICE_X97Y84         FDCE                                         f  u_fp_domain/u_CORTEXM3INTEGRATION/u_cortexm3ds_logic/Fmdoz6_reg/CLR  (IS_INVERTED)
  -------------------------------------------------------------------    -------------------

                         (clock jtag_tck rise edge)
                                                      0.000     0.000 r  
    AH12                                              0.000     0.000 r  TCK (IN)
                         net (fo=0)                   0.000     0.000    TCK_IBUF_inst/I
    AH12                 INBUF (Prop_INBUF_HRIO_PAD_O)
                                                      0.943     0.943 r  TCK_IBUF_inst/INBUF_INST/O
                         net (fo=1, routed)           0.042     0.985    TCK_IBUF_inst/OUT
    AH12                 IBUFCTRL (Prop_IBUFCTRL_HRIO_I_O)
                                                      0.022     1.007 r  TCK_IBUF_inst/IBUFCTRL_INST/O
                         net (fo=1, routed)           3.886     4.893    TCK_IBUF
    BUFGCE_X1Y96         BUFGCE (Prop_BUFCE_BUFGCE_I_O)
                                                      0.031     4.924 r  TCK_IBUF_BUFG_inst/O
    X4Y1 (CLOCK_ROOT)    net (fo=327, routed)         1.616     6.540    u_fp_domain/u_CORTEXM3INTEGRATION/u_cortexm3ds_logic/TCK_IBUF_BUFG
    SLICE_X97Y84         FDCE                                         r  u_fp_domain/u_CORTEXM3INTEGRATION/u_cortexm3ds_logic/Fmdoz6_reg/C
                         clock pessimism             -1.564     4.976    
    SLICE_X97Y84         FDCE (Remov_DFF_SLICEM_C_CLR)
                                                      0.005     4.981    u_fp_domain/u_CORTEXM3INTEGRATION/u_cortexm3ds_logic/Fmdoz6_reg
  -------------------------------------------------------------------
                         required time                         -4.981    
                         arrival time                           5.125    
  -------------------------------------------------------------------
                         slack                                  0.144    

Slack (MET) :             0.144ns  (arrival time - required time)
  Source:                 u_fp_domain/u_CORTEXM3INTEGRATION/u_cortexm3ds_logic/Ym2nz6_reg/C
                            (rising edge-triggered cell FDCE clocked by jtag_tck  {rise@0.000ns fall@100.000ns period=200.000ns})
  Destination:            u_fp_domain/u_CORTEXM3INTEGRATION/u_cortexm3ds_logic/Nidoz6_reg/CLR
                            (removal check against rising-edge clock jtag_tck  {rise@0.000ns fall@100.000ns period=200.000ns})
  Path Group:             **async_default**
  Path Type:              Removal (Min at Fast Process Corner)
  Requirement:            0.000ns  (jtag_tck rise@0.000ns - jtag_tck rise@0.000ns)
  Data Path Delay:        0.186ns  (logic 0.048ns (25.806%)  route 0.138ns (74.194%))
  Logic Levels:           0  
  Clock Path Skew:        0.037ns (DCD - SCD - CPR)
    Destination Clock Delay (DCD):    6.540ns
    Source Clock Delay      (SCD):    4.939ns
    Clock Pessimism Removal (CPR):    1.564ns
  Clock Net Delay (Source):      1.391ns (routing 0.886ns, distribution 0.505ns)
  Clock Net Delay (Destination): 1.616ns (routing 0.988ns, distribution 0.628ns)

    Location             Delay type                Incr(ns)  Path(ns)    Netlist Resource(s)
  -------------------------------------------------------------------    -------------------
                         (clock jtag_tck rise edge)
                                                      0.000     0.000 r  
    AH12                                              0.000     0.000 r  TCK (IN)
                         net (fo=0)                   0.000     0.000    TCK_IBUF_inst/I
    AH12                 INBUF (Prop_INBUF_HRIO_PAD_O)
                                                      0.567     0.567 r  TCK_IBUF_inst/INBUF_INST/O
                         net (fo=1, routed)           0.025     0.592    TCK_IBUF_inst/OUT
    AH12                 IBUFCTRL (Prop_IBUFCTRL_HRIO_I_O)
                                                      0.015     0.607 r  TCK_IBUF_inst/IBUFCTRL_INST/O
                         net (fo=1, routed)           2.914     3.521    TCK_IBUF
    BUFGCE_X1Y96         BUFGCE (Prop_BUFCE_BUFGCE_I_O)
                                                      0.027     3.548 r  TCK_IBUF_BUFG_inst/O
    X4Y1 (CLOCK_ROOT)    net (fo=327, routed)         1.391     4.939    u_fp_domain/u_CORTEXM3INTEGRATION/u_cortexm3ds_logic/TCK_IBUF_BUFG
    SLICE_X97Y84         FDCE                                         r  u_fp_domain/u_CORTEXM3INTEGRATION/u_cortexm3ds_logic/Ym2nz6_reg/C
  -------------------------------------------------------------------    -------------------
    SLICE_X97Y84         FDCE (Prop_EFF2_SLICEM_C_Q)
                                                      0.048     4.987 r  u_fp_domain/u_CORTEXM3INTEGRATION/u_cortexm3ds_logic/Ym2nz6_reg/Q
                         net (fo=281, routed)         0.138     5.125    u_fp_domain/u_CORTEXM3INTEGRATION/u_cortexm3ds_logic/Sz9dt6
    SLICE_X97Y84         FDCE                                         f  u_fp_domain/u_CORTEXM3INTEGRATION/u_cortexm3ds_logic/Nidoz6_reg/CLR  (IS_INVERTED)
  -------------------------------------------------------------------    -------------------

                         (clock jtag_tck rise edge)
                                                      0.000     0.000 r  
    AH12                                              0.000     0.000 r  TCK (IN)
                         net (fo=0)                   0.000     0.000    TCK_IBUF_inst/I
    AH12                 INBUF (Prop_INBUF_HRIO_PAD_O)
                                                      0.943     0.943 r  TCK_IBUF_inst/INBUF_INST/O
                         net (fo=1, routed)           0.042     0.985    TCK_IBUF_inst/OUT
    AH12                 IBUFCTRL (Prop_IBUFCTRL_HRIO_I_O)
                                                      0.022     1.007 r  TCK_IBUF_inst/IBUFCTRL_INST/O
                         net (fo=1, routed)           3.886     4.893    TCK_IBUF
    BUFGCE_X1Y96         BUFGCE (Prop_BUFCE_BUFGCE_I_O)
                                                      0.031     4.924 r  TCK_IBUF_BUFG_inst/O
    X4Y1 (CLOCK_ROOT)    net (fo=327, routed)         1.616     6.540    u_fp_domain/u_CORTEXM3INTEGRATION/u_cortexm3ds_logic/TCK_IBUF_BUFG
    SLICE_X97Y84         FDCE                                         r  u_fp_domain/u_CORTEXM3INTEGRATION/u_cortexm3ds_logic/Nidoz6_reg/C
                         clock pessimism             -1.564     4.976    
    SLICE_X97Y84         FDCE (Remov_CFF2_SLICEM_C_CLR)
                                                      0.005     4.981    u_fp_domain/u_CORTEXM3INTEGRATION/u_cortexm3ds_logic/Nidoz6_reg
  -------------------------------------------------------------------
                         required time                         -4.981    
                         arrival time                           5.125    
  -------------------------------------------------------------------
                         slack                                  0.144    

Slack (MET) :             0.147ns  (arrival time - required time)
  Source:                 u_fp_domain/u_CORTEXM3INTEGRATION/u_cortexm3ds_logic/Ym2nz6_reg/C
                            (rising edge-triggered cell FDCE clocked by jtag_tck  {rise@0.000ns fall@100.000ns period=200.000ns})
  Destination:            u_fp_domain/u_CORTEXM3INTEGRATION/u_cortexm3ds_logic/Vedoz6_reg/CLR
                            (removal check against rising-edge clock jtag_tck  {rise@0.000ns fall@100.000ns period=200.000ns})
  Path Group:             **async_default**
  Path Type:              Removal (Min at Fast Process Corner)
  Requirement:            0.000ns  (jtag_tck rise@0.000ns - jtag_tck rise@0.000ns)
  Data Path Delay:        0.188ns  (logic 0.048ns (25.532%)  route 0.140ns (74.468%))
  Logic Levels:           0  
  Clock Path Skew:        0.036ns (DCD - SCD - CPR)
    Destination Clock Delay (DCD):    6.539ns
    Source Clock Delay      (SCD):    4.939ns
    Clock Pessimism Removal (CPR):    1.564ns
  Clock Net Delay (Source):      1.391ns (routing 0.886ns, distribution 0.505ns)
  Clock Net Delay (Destination): 1.615ns (routing 0.988ns, distribution 0.627ns)

    Location             Delay type                Incr(ns)  Path(ns)    Netlist Resource(s)
  -------------------------------------------------------------------    -------------------
                         (clock jtag_tck rise edge)
                                                      0.000     0.000 r  
    AH12                                              0.000     0.000 r  TCK (IN)
                         net (fo=0)                   0.000     0.000    TCK_IBUF_inst/I
    AH12                 INBUF (Prop_INBUF_HRIO_PAD_O)
                                                      0.567     0.567 r  TCK_IBUF_inst/INBUF_INST/O
                         net (fo=1, routed)           0.025     0.592    TCK_IBUF_inst/OUT
    AH12                 IBUFCTRL (Prop_IBUFCTRL_HRIO_I_O)
                                                      0.015     0.607 r  TCK_IBUF_inst/IBUFCTRL_INST/O
                         net (fo=1, routed)           2.914     3.521    TCK_IBUF
    BUFGCE_X1Y96         BUFGCE (Prop_BUFCE_BUFGCE_I_O)
                                                      0.027     3.548 r  TCK_IBUF_BUFG_inst/O
    X4Y1 (CLOCK_ROOT)    net (fo=327, routed)         1.391     4.939    u_fp_domain/u_CORTEXM3INTEGRATION/u_cortexm3ds_logic/TCK_IBUF_BUFG
    SLICE_X97Y84         FDCE                                         r  u_fp_domain/u_CORTEXM3INTEGRATION/u_cortexm3ds_logic/Ym2nz6_reg/C
  -------------------------------------------------------------------    -------------------
    SLICE_X97Y84         FDCE (Prop_EFF2_SLICEM_C_Q)
                                                      0.048     4.987 r  u_fp_domain/u_CORTEXM3INTEGRATION/u_cortexm3ds_logic/Ym2nz6_reg/Q
                         net (fo=281, routed)         0.140     5.127    u_fp_domain/u_CORTEXM3INTEGRATION/u_cortexm3ds_logic/Sz9dt6
    SLICE_X98Y84         FDCE                                         f  u_fp_domain/u_CORTEXM3INTEGRATION/u_cortexm3ds_logic/Vedoz6_reg/CLR  (IS_INVERTED)
  -------------------------------------------------------------------    -------------------

                         (clock jtag_tck rise edge)
                                                      0.000     0.000 r  
    AH12                                              0.000     0.000 r  TCK (IN)
                         net (fo=0)                   0.000     0.000    TCK_IBUF_inst/I
    AH12                 INBUF (Prop_INBUF_HRIO_PAD_O)
                                                      0.943     0.943 r  TCK_IBUF_inst/INBUF_INST/O
                         net (fo=1, routed)           0.042     0.985    TCK_IBUF_inst/OUT
    AH12                 IBUFCTRL (Prop_IBUFCTRL_HRIO_I_O)
                                                      0.022     1.007 r  TCK_IBUF_inst/IBUFCTRL_INST/O
                         net (fo=1, routed)           3.886     4.893    TCK_IBUF
    BUFGCE_X1Y96         BUFGCE (Prop_BUFCE_BUFGCE_I_O)
                                                      0.031     4.924 r  TCK_IBUF_BUFG_inst/O
    X4Y1 (CLOCK_ROOT)    net (fo=327, routed)         1.615     6.539    u_fp_domain/u_CORTEXM3INTEGRATION/u_cortexm3ds_logic/TCK_IBUF_BUFG
    SLICE_X98Y84         FDCE                                         r  u_fp_domain/u_CORTEXM3INTEGRATION/u_cortexm3ds_logic/Vedoz6_reg/C
                         clock pessimism             -1.564     4.975    
    SLICE_X98Y84         FDCE (Remov_CFF_SLICEL_C_CLR)
                                                      0.005     4.980    u_fp_domain/u_CORTEXM3INTEGRATION/u_cortexm3ds_logic/Vedoz6_reg
  -------------------------------------------------------------------
                         required time                         -4.980    
                         arrival time                           5.127    
  -------------------------------------------------------------------
                         slack                                  0.147    

Slack (MET) :             0.178ns  (arrival time - required time)
  Source:                 u_fp_domain/u_CORTEXM3INTEGRATION/u_cortexm3ds_logic/Ym2nz6_reg/C
                            (rising edge-triggered cell FDCE clocked by jtag_tck  {rise@0.000ns fall@100.000ns period=200.000ns})
  Destination:            u_fp_domain/u_CORTEXM3INTEGRATION/u_cortexm3ds_logic/Vj3nz6_reg/CLR
                            (removal check against rising-edge clock jtag_tck  {rise@0.000ns fall@100.000ns period=200.000ns})
  Path Group:             **async_default**
  Path Type:              Removal (Min at Fast Process Corner)
  Requirement:            0.000ns  (jtag_tck rise@0.000ns - jtag_tck rise@0.000ns)
  Data Path Delay:        0.216ns  (logic 0.048ns (22.222%)  route 0.168ns (77.778%))
  Logic Levels:           0  
  Clock Path Skew:        0.033ns (DCD - SCD - CPR)
    Destination Clock Delay (DCD):    6.526ns
    Source Clock Delay      (SCD):    4.939ns
    Clock Pessimism Removal (CPR):    1.554ns
  Clock Net Delay (Source):      1.391ns (routing 0.886ns, distribution 0.505ns)
  Clock Net Delay (Destination): 1.602ns (routing 0.988ns, distribution 0.614ns)

    Location             Delay type                Incr(ns)  Path(ns)    Netlist Resource(s)
  -------------------------------------------------------------------    -------------------
                         (clock jtag_tck rise edge)
                                                      0.000     0.000 r  
    AH12                                              0.000     0.000 r  TCK (IN)
                         net (fo=0)                   0.000     0.000    TCK_IBUF_inst/I
    AH12                 INBUF (Prop_INBUF_HRIO_PAD_O)
                                                      0.567     0.567 r  TCK_IBUF_inst/INBUF_INST/O
                         net (fo=1, routed)           0.025     0.592    TCK_IBUF_inst/OUT
    AH12                 IBUFCTRL (Prop_IBUFCTRL_HRIO_I_O)
                                                      0.015     0.607 r  TCK_IBUF_inst/IBUFCTRL_INST/O
                         net (fo=1, routed)           2.914     3.521    TCK_IBUF
    BUFGCE_X1Y96         BUFGCE (Prop_BUFCE_BUFGCE_I_O)
                                                      0.027     3.548 r  TCK_IBUF_BUFG_inst/O
    X4Y1 (CLOCK_ROOT)    net (fo=327, routed)         1.391     4.939    u_fp_domain/u_CORTEXM3INTEGRATION/u_cortexm3ds_logic/TCK_IBUF_BUFG
    SLICE_X97Y84         FDCE                                         r  u_fp_domain/u_CORTEXM3INTEGRATION/u_cortexm3ds_logic/Ym2nz6_reg/C
  -------------------------------------------------------------------    -------------------
    SLICE_X97Y84         FDCE (Prop_EFF2_SLICEM_C_Q)
                                                      0.048     4.987 r  u_fp_domain/u_CORTEXM3INTEGRATION/u_cortexm3ds_logic/Ym2nz6_reg/Q
                         net (fo=281, routed)         0.168     5.155    u_fp_domain/u_CORTEXM3INTEGRATION/u_cortexm3ds_logic/Sz9dt6
    SLICE_X98Y85         FDCE                                         f  u_fp_domain/u_CORTEXM3INTEGRATION/u_cortexm3ds_logic/Vj3nz6_reg/CLR  (IS_INVERTED)
  -------------------------------------------------------------------    -------------------

                         (clock jtag_tck rise edge)
                                                      0.000     0.000 r  
    AH12                                              0.000     0.000 r  TCK (IN)
                         net (fo=0)                   0.000     0.000    TCK_IBUF_inst/I
    AH12                 INBUF (Prop_INBUF_HRIO_PAD_O)
                                                      0.943     0.943 r  TCK_IBUF_inst/INBUF_INST/O
                         net (fo=1, routed)           0.042     0.985    TCK_IBUF_inst/OUT
    AH12                 IBUFCTRL (Prop_IBUFCTRL_HRIO_I_O)
                                                      0.022     1.007 r  TCK_IBUF_inst/IBUFCTRL_INST/O
                         net (fo=1, routed)           3.886     4.893    TCK_IBUF
    BUFGCE_X1Y96         BUFGCE (Prop_BUFCE_BUFGCE_I_O)
                                                      0.031     4.924 r  TCK_IBUF_BUFG_inst/O
    X4Y1 (CLOCK_ROOT)    net (fo=327, routed)         1.602     6.526    u_fp_domain/u_CORTEXM3INTEGRATION/u_cortexm3ds_logic/TCK_IBUF_BUFG
    SLICE_X98Y85         FDCE                                         r  u_fp_domain/u_CORTEXM3INTEGRATION/u_cortexm3ds_logic/Vj3nz6_reg/C
                         clock pessimism             -1.554     4.972    
    SLICE_X98Y85         FDCE (Remov_EFF_SLICEL_C_CLR)
                                                      0.005     4.977    u_fp_domain/u_CORTEXM3INTEGRATION/u_cortexm3ds_logic/Vj3nz6_reg
  -------------------------------------------------------------------
                         required time                         -4.977    
                         arrival time                           5.155    
  -------------------------------------------------------------------
                         slack                                  0.178    

Slack (MET) :             0.178ns  (arrival time - required time)
  Source:                 u_fp_domain/u_CORTEXM3INTEGRATION/u_cortexm3ds_logic/Ym2nz6_reg/C
                            (rising edge-triggered cell FDCE clocked by jtag_tck  {rise@0.000ns fall@100.000ns period=200.000ns})
  Destination:            u_fp_domain/u_CORTEXM3INTEGRATION/u_cortexm3ds_logic/Xh3nz6_reg/CLR
                            (removal check against rising-edge clock jtag_tck  {rise@0.000ns fall@100.000ns period=200.000ns})
  Path Group:             **async_default**
  Path Type:              Removal (Min at Fast Process Corner)
  Requirement:            0.000ns  (jtag_tck rise@0.000ns - jtag_tck rise@0.000ns)
  Data Path Delay:        0.216ns  (logic 0.048ns (22.222%)  route 0.168ns (77.778%))
  Logic Levels:           0  
  Clock Path Skew:        0.033ns (DCD - SCD - CPR)
    Destination Clock Delay (DCD):    6.526ns
    Source Clock Delay      (SCD):    4.939ns
    Clock Pessimism Removal (CPR):    1.554ns
  Clock Net Delay (Source):      1.391ns (routing 0.886ns, distribution 0.505ns)
  Clock Net Delay (Destination): 1.602ns (routing 0.988ns, distribution 0.614ns)

    Location             Delay type                Incr(ns)  Path(ns)    Netlist Resource(s)
  -------------------------------------------------------------------    -------------------
                         (clock jtag_tck rise edge)
                                                      0.000     0.000 r  
    AH12                                              0.000     0.000 r  TCK (IN)
                         net (fo=0)                   0.000     0.000    TCK_IBUF_inst/I
    AH12                 INBUF (Prop_INBUF_HRIO_PAD_O)
                                                      0.567     0.567 r  TCK_IBUF_inst/INBUF_INST/O
                         net (fo=1, routed)           0.025     0.592    TCK_IBUF_inst/OUT
    AH12                 IBUFCTRL (Prop_IBUFCTRL_HRIO_I_O)
                                                      0.015     0.607 r  TCK_IBUF_inst/IBUFCTRL_INST/O
                         net (fo=1, routed)           2.914     3.521    TCK_IBUF
    BUFGCE_X1Y96         BUFGCE (Prop_BUFCE_BUFGCE_I_O)
                                                      0.027     3.548 r  TCK_IBUF_BUFG_inst/O
    X4Y1 (CLOCK_ROOT)    net (fo=327, routed)         1.391     4.939    u_fp_domain/u_CORTEXM3INTEGRATION/u_cortexm3ds_logic/TCK_IBUF_BUFG
    SLICE_X97Y84         FDCE                                         r  u_fp_domain/u_CORTEXM3INTEGRATION/u_cortexm3ds_logic/Ym2nz6_reg/C
  -------------------------------------------------------------------    -------------------
    SLICE_X97Y84         FDCE (Prop_EFF2_SLICEM_C_Q)
                                                      0.048     4.987 r  u_fp_domain/u_CORTEXM3INTEGRATION/u_cortexm3ds_logic/Ym2nz6_reg/Q
                         net (fo=281, routed)         0.168     5.155    u_fp_domain/u_CORTEXM3INTEGRATION/u_cortexm3ds_logic/Sz9dt6
    SLICE_X98Y85         FDCE                                         f  u_fp_domain/u_CORTEXM3INTEGRATION/u_cortexm3ds_logic/Xh3nz6_reg/CLR  (IS_INVERTED)
  -------------------------------------------------------------------    -------------------

                         (clock jtag_tck rise edge)
                                                      0.000     0.000 r  
    AH12                                              0.000     0.000 r  TCK (IN)
                         net (fo=0)                   0.000     0.000    TCK_IBUF_inst/I
    AH12                 INBUF (Prop_INBUF_HRIO_PAD_O)
                                                      0.943     0.943 r  TCK_IBUF_inst/INBUF_INST/O
                         net (fo=1, routed)           0.042     0.985    TCK_IBUF_inst/OUT
    AH12                 IBUFCTRL (Prop_IBUFCTRL_HRIO_I_O)
                                                      0.022     1.007 r  TCK_IBUF_inst/IBUFCTRL_INST/O
                         net (fo=1, routed)           3.886     4.893    TCK_IBUF
    BUFGCE_X1Y96         BUFGCE (Prop_BUFCE_BUFGCE_I_O)
                                                      0.031     4.924 r  TCK_IBUF_BUFG_inst/O
    X4Y1 (CLOCK_ROOT)    net (fo=327, routed)         1.602     6.526    u_fp_domain/u_CORTEXM3INTEGRATION/u_cortexm3ds_logic/TCK_IBUF_BUFG
    SLICE_X98Y85         FDCE                                         r  u_fp_domain/u_CORTEXM3INTEGRATION/u_cortexm3ds_logic/Xh3nz6_reg/C
                         clock pessimism             -1.554     4.972    
    SLICE_X98Y85         FDCE (Remov_EFF2_SLICEL_C_CLR)
                                                      0.005     4.977    u_fp_domain/u_CORTEXM3INTEGRATION/u_cortexm3ds_logic/Xh3nz6_reg
  -------------------------------------------------------------------
                         required time                         -4.977    
                         arrival time                           5.155    
  -------------------------------------------------------------------
                         slack                                  0.178    

Slack (MET) :             0.181ns  (arrival time - required time)
  Source:                 u_fp_domain/u_CORTEXM3INTEGRATION/u_cortexm3ds_logic/Ym2nz6_reg/C
                            (rising edge-triggered cell FDCE clocked by jtag_tck  {rise@0.000ns fall@100.000ns period=200.000ns})
  Destination:            u_fp_domain/u_CORTEXM3INTEGRATION/u_cortexm3ds_logic/Zcdoz6_reg/CLR
                            (removal check against rising-edge clock jtag_tck  {rise@0.000ns fall@100.000ns period=200.000ns})
  Path Group:             **async_default**
  Path Type:              Removal (Min at Fast Process Corner)
  Requirement:            0.000ns  (jtag_tck rise@0.000ns - jtag_tck rise@0.000ns)
  Data Path Delay:        0.222ns  (logic 0.048ns (21.622%)  route 0.174ns (78.378%))
  Logic Levels:           0  
  Clock Path Skew:        0.036ns (DCD - SCD - CPR)
    Destination Clock Delay (DCD):    6.529ns
    Source Clock Delay      (SCD):    4.939ns
    Clock Pessimism Removal (CPR):    1.554ns
  Clock Net Delay (Source):      1.391ns (routing 0.886ns, distribution 0.505ns)
  Clock Net Delay (Destination): 1.605ns (routing 0.988ns, distribution 0.617ns)

    Location             Delay type                Incr(ns)  Path(ns)    Netlist Resource(s)
  -------------------------------------------------------------------    -------------------
                         (clock jtag_tck rise edge)
                                                      0.000     0.000 r  
    AH12                                              0.000     0.000 r  TCK (IN)
                         net (fo=0)                   0.000     0.000    TCK_IBUF_inst/I
    AH12                 INBUF (Prop_INBUF_HRIO_PAD_O)
                                                      0.567     0.567 r  TCK_IBUF_inst/INBUF_INST/O
                         net (fo=1, routed)           0.025     0.592    TCK_IBUF_inst/OUT
    AH12                 IBUFCTRL (Prop_IBUFCTRL_HRIO_I_O)
                                                      0.015     0.607 r  TCK_IBUF_inst/IBUFCTRL_INST/O
                         net (fo=1, routed)           2.914     3.521    TCK_IBUF
    BUFGCE_X1Y96         BUFGCE (Prop_BUFCE_BUFGCE_I_O)
                                                      0.027     3.548 r  TCK_IBUF_BUFG_inst/O
    X4Y1 (CLOCK_ROOT)    net (fo=327, routed)         1.391     4.939    u_fp_domain/u_CORTEXM3INTEGRATION/u_cortexm3ds_logic/TCK_IBUF_BUFG
    SLICE_X97Y84         FDCE                                         r  u_fp_domain/u_CORTEXM3INTEGRATION/u_cortexm3ds_logic/Ym2nz6_reg/C
  -------------------------------------------------------------------    -------------------
    SLICE_X97Y84         FDCE (Prop_EFF2_SLICEM_C_Q)
                                                      0.048     4.987 r  u_fp_domain/u_CORTEXM3INTEGRATION/u_cortexm3ds_logic/Ym2nz6_reg/Q
                         net (fo=281, routed)         0.174     5.161    u_fp_domain/u_CORTEXM3INTEGRATION/u_cortexm3ds_logic/Sz9dt6
    SLICE_X98Y85         FDCE                                         f  u_fp_domain/u_CORTEXM3INTEGRATION/u_cortexm3ds_logic/Zcdoz6_reg/CLR  (IS_INVERTED)
  -------------------------------------------------------------------    -------------------

                         (clock jtag_tck rise edge)
                                                      0.000     0.000 r  
    AH12                                              0.000     0.000 r  TCK (IN)
                         net (fo=0)                   0.000     0.000    TCK_IBUF_inst/I
    AH12                 INBUF (Prop_INBUF_HRIO_PAD_O)
                                                      0.943     0.943 r  TCK_IBUF_inst/INBUF_INST/O
                         net (fo=1, routed)           0.042     0.985    TCK_IBUF_inst/OUT
    AH12                 IBUFCTRL (Prop_IBUFCTRL_HRIO_I_O)
                                                      0.022     1.007 r  TCK_IBUF_inst/IBUFCTRL_INST/O
                         net (fo=1, routed)           3.886     4.893    TCK_IBUF
    BUFGCE_X1Y96         BUFGCE (Prop_BUFCE_BUFGCE_I_O)
                                                      0.031     4.924 r  TCK_IBUF_BUFG_inst/O
    X4Y1 (CLOCK_ROOT)    net (fo=327, routed)         1.605     6.529    u_fp_domain/u_CORTEXM3INTEGRATION/u_cortexm3ds_logic/TCK_IBUF_BUFG
    SLICE_X98Y85         FDCE                                         r  u_fp_domain/u_CORTEXM3INTEGRATION/u_cortexm3ds_logic/Zcdoz6_reg/C
                         clock pessimism             -1.554     4.975    
    SLICE_X98Y85         FDCE (Remov_DFF_SLICEL_C_CLR)
                                                      0.005     4.980    u_fp_domain/u_CORTEXM3INTEGRATION/u_cortexm3ds_logic/Zcdoz6_reg
  -------------------------------------------------------------------
                         required time                         -4.980    
                         arrival time                           5.161    
  -------------------------------------------------------------------
                         slack                                  0.181    

Slack (MET) :             0.222ns  (arrival time - required time)
  Source:                 u_fp_domain/u_CORTEXM3INTEGRATION/u_cortexm3ds_logic/Ym2nz6_reg/C
                            (rising edge-triggered cell FDCE clocked by jtag_tck  {rise@0.000ns fall@100.000ns period=200.000ns})
  Destination:            u_fp_domain/u_CORTEXM3INTEGRATION/u_cortexm3ds_logic/Bfroz6_reg/CLR
                            (removal check against rising-edge clock jtag_tck  {rise@0.000ns fall@100.000ns period=200.000ns})
  Path Group:             **async_default**
  Path Type:              Removal (Min at Fast Process Corner)
  Requirement:            0.000ns  (jtag_tck rise@0.000ns - jtag_tck rise@0.000ns)
  Data Path Delay:        0.301ns  (logic 0.048ns (15.947%)  route 0.253ns (84.053%))
  Logic Levels:           0  
  Clock Path Skew:        0.074ns (DCD - SCD - CPR)
    Destination Clock Delay (DCD):    6.535ns
    Source Clock Delay      (SCD):    4.939ns
    Clock Pessimism Removal (CPR):    1.522ns
  Clock Net Delay (Source):      1.391ns (routing 0.886ns, distribution 0.505ns)
  Clock Net Delay (Destination): 1.611ns (routing 0.988ns, distribution 0.623ns)

    Location             Delay type                Incr(ns)  Path(ns)    Netlist Resource(s)
  -------------------------------------------------------------------    -------------------
                         (clock jtag_tck rise edge)
                                                      0.000     0.000 r  
    AH12                                              0.000     0.000 r  TCK (IN)
                         net (fo=0)                   0.000     0.000    TCK_IBUF_inst/I
    AH12                 INBUF (Prop_INBUF_HRIO_PAD_O)
                                                      0.567     0.567 r  TCK_IBUF_inst/INBUF_INST/O
                         net (fo=1, routed)           0.025     0.592    TCK_IBUF_inst/OUT
    AH12                 IBUFCTRL (Prop_IBUFCTRL_HRIO_I_O)
                                                      0.015     0.607 r  TCK_IBUF_inst/IBUFCTRL_INST/O
                         net (fo=1, routed)           2.914     3.521    TCK_IBUF
    BUFGCE_X1Y96         BUFGCE (Prop_BUFCE_BUFGCE_I_O)
                                                      0.027     3.548 r  TCK_IBUF_BUFG_inst/O
    X4Y1 (CLOCK_ROOT)    net (fo=327, routed)         1.391     4.939    u_fp_domain/u_CORTEXM3INTEGRATION/u_cortexm3ds_logic/TCK_IBUF_BUFG
    SLICE_X97Y84         FDCE                                         r  u_fp_domain/u_CORTEXM3INTEGRATION/u_cortexm3ds_logic/Ym2nz6_reg/C
  -------------------------------------------------------------------    -------------------
    SLICE_X97Y84         FDCE (Prop_EFF2_SLICEM_C_Q)
                                                      0.048     4.987 r  u_fp_domain/u_CORTEXM3INTEGRATION/u_cortexm3ds_logic/Ym2nz6_reg/Q
                         net (fo=281, routed)         0.253     5.240    u_fp_domain/u_CORTEXM3INTEGRATION/u_cortexm3ds_logic/Sz9dt6
    SLICE_X100Y84        FDCE                                         f  u_fp_domain/u_CORTEXM3INTEGRATION/u_cortexm3ds_logic/Bfroz6_reg/CLR  (IS_INVERTED)
  -------------------------------------------------------------------    -------------------

                         (clock jtag_tck rise edge)
                                                      0.000     0.000 r  
    AH12                                              0.000     0.000 r  TCK (IN)
                         net (fo=0)                   0.000     0.000    TCK_IBUF_inst/I
    AH12                 INBUF (Prop_INBUF_HRIO_PAD_O)
                                                      0.943     0.943 r  TCK_IBUF_inst/INBUF_INST/O
                         net (fo=1, routed)           0.042     0.985    TCK_IBUF_inst/OUT
    AH12                 IBUFCTRL (Prop_IBUFCTRL_HRIO_I_O)
                                                      0.022     1.007 r  TCK_IBUF_inst/IBUFCTRL_INST/O
                         net (fo=1, routed)           3.886     4.893    TCK_IBUF
    BUFGCE_X1Y96         BUFGCE (Prop_BUFCE_BUFGCE_I_O)
                                                      0.031     4.924 r  TCK_IBUF_BUFG_inst/O
    X4Y1 (CLOCK_ROOT)    net (fo=327, routed)         1.611     6.535    u_fp_domain/u_CORTEXM3INTEGRATION/u_cortexm3ds_logic/TCK_IBUF_BUFG
    SLICE_X100Y84        FDCE                                         r  u_fp_domain/u_CORTEXM3INTEGRATION/u_cortexm3ds_logic/Bfroz6_reg/C
                         clock pessimism             -1.522     5.013    
    SLICE_X100Y84        FDCE (Remov_AFF_SLICEM_C_CLR)
                                                      0.005     5.018    u_fp_domain/u_CORTEXM3INTEGRATION/u_cortexm3ds_logic/Bfroz6_reg
  -------------------------------------------------------------------
                         required time                         -5.018    
                         arrival time                           5.240    
  -------------------------------------------------------------------
                         slack                                  0.222    

Slack (MET) :             0.222ns  (arrival time - required time)
  Source:                 u_fp_domain/u_CORTEXM3INTEGRATION/u_cortexm3ds_logic/Ym2nz6_reg/C
                            (rising edge-triggered cell FDCE clocked by jtag_tck  {rise@0.000ns fall@100.000ns period=200.000ns})
  Destination:            u_fp_domain/u_CORTEXM3INTEGRATION/u_cortexm3ds_logic/Jkdoz6_reg/CLR
                            (removal check against rising-edge clock jtag_tck  {rise@0.000ns fall@100.000ns period=200.000ns})
  Path Group:             **async_default**
  Path Type:              Removal (Min at Fast Process Corner)
  Requirement:            0.000ns  (jtag_tck rise@0.000ns - jtag_tck rise@0.000ns)
  Data Path Delay:        0.301ns  (logic 0.048ns (15.947%)  route 0.253ns (84.053%))
  Logic Levels:           0  
  Clock Path Skew:        0.074ns (DCD - SCD - CPR)
    Destination Clock Delay (DCD):    6.535ns
    Source Clock Delay      (SCD):    4.939ns
    Clock Pessimism Removal (CPR):    1.522ns
  Clock Net Delay (Source):      1.391ns (routing 0.886ns, distribution 0.505ns)
  Clock Net Delay (Destination): 1.611ns (routing 0.988ns, distribution 0.623ns)

    Location             Delay type                Incr(ns)  Path(ns)    Netlist Resource(s)
  -------------------------------------------------------------------    -------------------
                         (clock jtag_tck rise edge)
                                                      0.000     0.000 r  
    AH12                                              0.000     0.000 r  TCK (IN)
                         net (fo=0)                   0.000     0.000    TCK_IBUF_inst/I
    AH12                 INBUF (Prop_INBUF_HRIO_PAD_O)
                                                      0.567     0.567 r  TCK_IBUF_inst/INBUF_INST/O
                         net (fo=1, routed)           0.025     0.592    TCK_IBUF_inst/OUT
    AH12                 IBUFCTRL (Prop_IBUFCTRL_HRIO_I_O)
                                                      0.015     0.607 r  TCK_IBUF_inst/IBUFCTRL_INST/O
                         net (fo=1, routed)           2.914     3.521    TCK_IBUF
    BUFGCE_X1Y96         BUFGCE (Prop_BUFCE_BUFGCE_I_O)
                                                      0.027     3.548 r  TCK_IBUF_BUFG_inst/O
    X4Y1 (CLOCK_ROOT)    net (fo=327, routed)         1.391     4.939    u_fp_domain/u_CORTEXM3INTEGRATION/u_cortexm3ds_logic/TCK_IBUF_BUFG
    SLICE_X97Y84         FDCE                                         r  u_fp_domain/u_CORTEXM3INTEGRATION/u_cortexm3ds_logic/Ym2nz6_reg/C
  -------------------------------------------------------------------    -------------------
    SLICE_X97Y84         FDCE (Prop_EFF2_SLICEM_C_Q)
                                                      0.048     4.987 r  u_fp_domain/u_CORTEXM3INTEGRATION/u_cortexm3ds_logic/Ym2nz6_reg/Q
                         net (fo=281, routed)         0.253     5.240    u_fp_domain/u_CORTEXM3INTEGRATION/u_cortexm3ds_logic/Sz9dt6
    SLICE_X100Y84        FDCE                                         f  u_fp_domain/u_CORTEXM3INTEGRATION/u_cortexm3ds_logic/Jkdoz6_reg/CLR  (IS_INVERTED)
  -------------------------------------------------------------------    -------------------

                         (clock jtag_tck rise edge)
                                                      0.000     0.000 r  
    AH12                                              0.000     0.000 r  TCK (IN)
                         net (fo=0)                   0.000     0.000    TCK_IBUF_inst/I
    AH12                 INBUF (Prop_INBUF_HRIO_PAD_O)
                                                      0.943     0.943 r  TCK_IBUF_inst/INBUF_INST/O
                         net (fo=1, routed)           0.042     0.985    TCK_IBUF_inst/OUT
    AH12                 IBUFCTRL (Prop_IBUFCTRL_HRIO_I_O)
                                                      0.022     1.007 r  TCK_IBUF_inst/IBUFCTRL_INST/O
                         net (fo=1, routed)           3.886     4.893    TCK_IBUF
    BUFGCE_X1Y96         BUFGCE (Prop_BUFCE_BUFGCE_I_O)
                                                      0.031     4.924 r  TCK_IBUF_BUFG_inst/O
    X4Y1 (CLOCK_ROOT)    net (fo=327, routed)         1.611     6.535    u_fp_domain/u_CORTEXM3INTEGRATION/u_cortexm3ds_logic/TCK_IBUF_BUFG
    SLICE_X100Y84        FDCE                                         r  u_fp_domain/u_CORTEXM3INTEGRATION/u_cortexm3ds_logic/Jkdoz6_reg/C
                         clock pessimism             -1.522     5.013    
    SLICE_X100Y84        FDCE (Remov_DFF_SLICEM_C_CLR)
                                                      0.005     5.018    u_fp_domain/u_CORTEXM3INTEGRATION/u_cortexm3ds_logic/Jkdoz6_reg
  -------------------------------------------------------------------
                         required time                         -5.018    
                         arrival time                           5.240    
  -------------------------------------------------------------------
                         slack                                  0.222    

Slack (MET) :             0.224ns  (arrival time - required time)
  Source:                 u_fp_domain/u_CORTEXM3INTEGRATION/u_cortexm3ds_logic/Ym2nz6_reg/C
                            (rising edge-triggered cell FDCE clocked by jtag_tck  {rise@0.000ns fall@100.000ns period=200.000ns})
  Destination:            u_fp_domain/u_CORTEXM3INTEGRATION/u_cortexm3ds_logic/Rgdoz6_reg/CLR
                            (removal check against rising-edge clock jtag_tck  {rise@0.000ns fall@100.000ns period=200.000ns})
  Path Group:             **async_default**
  Path Type:              Removal (Min at Fast Process Corner)
  Requirement:            0.000ns  (jtag_tck rise@0.000ns - jtag_tck rise@0.000ns)
  Data Path Delay:        0.255ns  (logic 0.048ns (18.824%)  route 0.207ns (81.176%))
  Logic Levels:           0  
  Clock Path Skew:        0.026ns (DCD - SCD - CPR)
    Destination Clock Delay (DCD):    6.519ns
    Source Clock Delay      (SCD):    4.939ns
    Clock Pessimism Removal (CPR):    1.554ns
  Clock Net Delay (Source):      1.391ns (routing 0.886ns, distribution 0.505ns)
  Clock Net Delay (Destination): 1.595ns (routing 0.988ns, distribution 0.607ns)

    Location             Delay type                Incr(ns)  Path(ns)    Netlist Resource(s)
  -------------------------------------------------------------------    -------------------
                         (clock jtag_tck rise edge)
                                                      0.000     0.000 r  
    AH12                                              0.000     0.000 r  TCK (IN)
                         net (fo=0)                   0.000     0.000    TCK_IBUF_inst/I
    AH12                 INBUF (Prop_INBUF_HRIO_PAD_O)
                                                      0.567     0.567 r  TCK_IBUF_inst/INBUF_INST/O
                         net (fo=1, routed)           0.025     0.592    TCK_IBUF_inst/OUT
    AH12                 IBUFCTRL (Prop_IBUFCTRL_HRIO_I_O)
                                                      0.015     0.607 r  TCK_IBUF_inst/IBUFCTRL_INST/O
                         net (fo=1, routed)           2.914     3.521    TCK_IBUF
    BUFGCE_X1Y96         BUFGCE (Prop_BUFCE_BUFGCE_I_O)
                                                      0.027     3.548 r  TCK_IBUF_BUFG_inst/O
    X4Y1 (CLOCK_ROOT)    net (fo=327, routed)         1.391     4.939    u_fp_domain/u_CORTEXM3INTEGRATION/u_cortexm3ds_logic/TCK_IBUF_BUFG
    SLICE_X97Y84         FDCE                                         r  u_fp_domain/u_CORTEXM3INTEGRATION/u_cortexm3ds_logic/Ym2nz6_reg/C
  -------------------------------------------------------------------    -------------------
    SLICE_X97Y84         FDCE (Prop_EFF2_SLICEM_C_Q)
                                                      0.048     4.987 r  u_fp_domain/u_CORTEXM3INTEGRATION/u_cortexm3ds_logic/Ym2nz6_reg/Q
                         net (fo=281, routed)         0.207     5.194    u_fp_domain/u_CORTEXM3INTEGRATION/u_cortexm3ds_logic/Sz9dt6
    SLICE_X98Y86         FDCE                                         f  u_fp_domain/u_CORTEXM3INTEGRATION/u_cortexm3ds_logic/Rgdoz6_reg/CLR  (IS_INVERTED)
  -------------------------------------------------------------------    -------------------

                         (clock jtag_tck rise edge)
                                                      0.000     0.000 r  
    AH12                                              0.000     0.000 r  TCK (IN)
                         net (fo=0)                   0.000     0.000    TCK_IBUF_inst/I
    AH12                 INBUF (Prop_INBUF_HRIO_PAD_O)
                                                      0.943     0.943 r  TCK_IBUF_inst/INBUF_INST/O
                         net (fo=1, routed)           0.042     0.985    TCK_IBUF_inst/OUT
    AH12                 IBUFCTRL (Prop_IBUFCTRL_HRIO_I_O)
                                                      0.022     1.007 r  TCK_IBUF_inst/IBUFCTRL_INST/O
                         net (fo=1, routed)           3.886     4.893    TCK_IBUF
    BUFGCE_X1Y96         BUFGCE (Prop_BUFCE_BUFGCE_I_O)
                                                      0.031     4.924 r  TCK_IBUF_BUFG_inst/O
    X4Y1 (CLOCK_ROOT)    net (fo=327, routed)         1.595     6.519    u_fp_domain/u_CORTEXM3INTEGRATION/u_cortexm3ds_logic/TCK_IBUF_BUFG
    SLICE_X98Y86         FDCE                                         r  u_fp_domain/u_CORTEXM3INTEGRATION/u_cortexm3ds_logic/Rgdoz6_reg/C
                         clock pessimism             -1.554     4.965    
    SLICE_X98Y86         FDCE (Remov_CFF_SLICEL_C_CLR)
                                                      0.005     4.970    u_fp_domain/u_CORTEXM3INTEGRATION/u_cortexm3ds_logic/Rgdoz6_reg
  -------------------------------------------------------------------
                         required time                         -4.970    
                         arrival time                           5.194    
  -------------------------------------------------------------------
                         slack                                  0.224    

Slack (MET) :             0.254ns  (arrival time - required time)
  Source:                 u_fp_domain/u_CORTEXM3INTEGRATION/u_cortexm3ds_logic/Ym2nz6_reg/C
                            (rising edge-triggered cell FDCE clocked by jtag_tck  {rise@0.000ns fall@100.000ns period=200.000ns})
  Destination:            u_fp_domain/u_CORTEXM3INTEGRATION/u_cortexm3ds_logic/Df1g07_reg/CLR
                            (removal check against rising-edge clock jtag_tck  {rise@0.000ns fall@100.000ns period=200.000ns})
  Path Group:             **async_default**
  Path Type:              Removal (Min at Fast Process Corner)
  Requirement:            0.000ns  (jtag_tck rise@0.000ns - jtag_tck rise@0.000ns)
  Data Path Delay:        0.322ns  (logic 0.048ns (14.907%)  route 0.274ns (85.093%))
  Logic Levels:           0  
  Clock Path Skew:        0.063ns (DCD - SCD - CPR)
    Destination Clock Delay (DCD):    6.524ns
    Source Clock Delay      (SCD):    4.939ns
    Clock Pessimism Removal (CPR):    1.522ns
  Clock Net Delay (Source):      1.391ns (routing 0.886ns, distribution 0.505ns)
  Clock Net Delay (Destination): 1.600ns (routing 0.988ns, distribution 0.612ns)

    Location             Delay type                Incr(ns)  Path(ns)    Netlist Resource(s)
  -------------------------------------------------------------------    -------------------
                         (clock jtag_tck rise edge)
                                                      0.000     0.000 r  
    AH12                                              0.000     0.000 r  TCK (IN)
                         net (fo=0)                   0.000     0.000    TCK_IBUF_inst/I
    AH12                 INBUF (Prop_INBUF_HRIO_PAD_O)
                                                      0.567     0.567 r  TCK_IBUF_inst/INBUF_INST/O
                         net (fo=1, routed)           0.025     0.592    TCK_IBUF_inst/OUT
    AH12                 IBUFCTRL (Prop_IBUFCTRL_HRIO_I_O)
                                                      0.015     0.607 r  TCK_IBUF_inst/IBUFCTRL_INST/O
                         net (fo=1, routed)           2.914     3.521    TCK_IBUF
    BUFGCE_X1Y96         BUFGCE (Prop_BUFCE_BUFGCE_I_O)
                                                      0.027     3.548 r  TCK_IBUF_BUFG_inst/O
    X4Y1 (CLOCK_ROOT)    net (fo=327, routed)         1.391     4.939    u_fp_domain/u_CORTEXM3INTEGRATION/u_cortexm3ds_logic/TCK_IBUF_BUFG
    SLICE_X97Y84         FDCE                                         r  u_fp_domain/u_CORTEXM3INTEGRATION/u_cortexm3ds_logic/Ym2nz6_reg/C
  -------------------------------------------------------------------    -------------------
    SLICE_X97Y84         FDCE (Prop_EFF2_SLICEM_C_Q)
                                                      0.048     4.987 r  u_fp_domain/u_CORTEXM3INTEGRATION/u_cortexm3ds_logic/Ym2nz6_reg/Q
                         net (fo=281, routed)         0.274     5.261    u_fp_domain/u_CORTEXM3INTEGRATION/u_cortexm3ds_logic/Sz9dt6
    SLICE_X99Y83         FDCE                                         f  u_fp_domain/u_CORTEXM3INTEGRATION/u_cortexm3ds_logic/Df1g07_reg/CLR  (IS_INVERTED)
  -------------------------------------------------------------------    -------------------

                         (clock jtag_tck rise edge)
                                                      0.000     0.000 r  
    AH12                                              0.000     0.000 r  TCK (IN)
                         net (fo=0)                   0.000     0.000    TCK_IBUF_inst/I
    AH12                 INBUF (Prop_INBUF_HRIO_PAD_O)
                                                      0.943     0.943 r  TCK_IBUF_inst/INBUF_INST/O
                         net (fo=1, routed)           0.042     0.985    TCK_IBUF_inst/OUT
    AH12                 IBUFCTRL (Prop_IBUFCTRL_HRIO_I_O)
                                                      0.022     1.007 r  TCK_IBUF_inst/IBUFCTRL_INST/O
                         net (fo=1, routed)           3.886     4.893    TCK_IBUF
    BUFGCE_X1Y96         BUFGCE (Prop_BUFCE_BUFGCE_I_O)
                                                      0.031     4.924 r  TCK_IBUF_BUFG_inst/O
    X4Y1 (CLOCK_ROOT)    net (fo=327, routed)         1.600     6.524    u_fp_domain/u_CORTEXM3INTEGRATION/u_cortexm3ds_logic/TCK_IBUF_BUFG
    SLICE_X99Y83         FDCE                                         r  u_fp_domain/u_CORTEXM3INTEGRATION/u_cortexm3ds_logic/Df1g07_reg/C
                         clock pessimism             -1.522     5.001    
    SLICE_X99Y83         FDCE (Remov_DFF_SLICEL_C_CLR)
                                                      0.005     5.006    u_fp_domain/u_CORTEXM3INTEGRATION/u_cortexm3ds_logic/Df1g07_reg
  -------------------------------------------------------------------
                         required time                         -5.006    
                         arrival time                           5.261    
  -------------------------------------------------------------------
                         slack                                  0.254    





