@00000000
73 10 20 B0 73 10 20 B8 B7 A2 AA AA 93 82 92 0A
73 90 02 7C 91 42 0F 10 00 00 73 90 92 7F 0F 10
00 00 97 32 00 00 93 82 22 45 73 90 52 30 97 32
00 00 93 82 E2 7D 17 43 00 00 13 03 E3 38 97 03
01 50 93 83 23 FC 03 AE 02 00 23 A0 C3 01 91 02
91 03 E3 EA 62 FE 97 12 01 50 93 82 22 B6 17 33
01 50 13 03 E3 C3 97 13 01 50 93 83 23 B5 03 AE
02 00 23 A0 C3 01 91 02 91 03 E3 EA 62 FE 17 71
01 50 13 01 21 C2 EF 20 30 6E B7 02 03 30 93 82
C2 0C 13 0F F0 0F 23 80 E2 01 E3 08 00 FE 01 00
01 00 01 00 01 00 01 00 01 00 01 00 01 00 01 00
01 00 01 00 01 00 01 00 01 00 01 00 01 00 01 00
01 00 01 00 01 00 01 00 01 00 01 00 01 00 01 00
01 00 01 00 01 00 01 00 01 00 01 00 01 00 01 00
01 00 01 00 01 00 01 00 01 00 01 00 01 00 01 00
01 00 01 00 01 00 01 00 01 00 01 00 01 00 01 00
01 00 01 00 01 00 01 00 01 00 01 00 01 00 01 00
01 00 01 00 01 00 01 00 01 00 01 00 01 00 01 00
01 00 01 00 01 00 01 00 01 00 01 00 01 00 01 00
01 00 01 00 01 00 01 00 01 00 01 00 01 00 01 00
01 00 01 00 01 00 01 00 01 00 01 00 01 00 01 00
01 00 01 00 01 00 01 00 01 00 01 00 01 00 01 00
01 00 01 00 01 00
@00000168
37 06 01 50 B7 56 C6 41 8D 68 83 27 06 17 03 27
46 17 81 45 93 86 D6 E6 93 88 98 03 13 03 00 03
33 88 D7 02 33 07 D7 02 B3 B7 D7 02 3E 97 B3 07
18 01 33 B8 07 01 42 97 33 08 B5 00 23 00 E8 00
85 05 E3 9F 65 FC 23 28 F6 16 23 2A E6 16 05 45
82 80 13 06 00 03 81 45 6F 30 40 45 13 07 05 03
1C 41 54 41 D5 8F 91 E7 21 05 E3 1B E5 FE 05 45
82 80 01 45 82 80 93 D7 65 00 41 11 8E 07 22 C4
13 F6 F5 03 33 04 F5 00 81 45 05 45 06 C6 EF 30
80 2D 18 40 5C 40 B2 40 22 44 79 8D FD 8D 41 01
82 80 95 47 7D 56 13 97 37 00 2A 97 14 43 58 43
D9 8E 81 CA 13 97 37 00 3A 95 18 41 54 41 01 46
21 A8 FD 17 E3 91 C7 FE 01 45 82 80 93 95 F6 01
05 83 4D 8F 85 82 05 06 B3 65 D7 00 E5 F9 13 95
67 00 32 95 82 80 81 47 13 07 00 03 B3 86 F5 00
03 A8 06 00 83 A8 46 00 B3 06 F5 00 23 A0 06 01
23 A2 16 01 A1 07 E3 93 E7 FE 82 80 93 07 80 02
E1 58 33 07 F5 00 B3 86 F5 00 10 43 03 A8 06 00
58 43 D4 42 63 E1 E6 02 63 14 D7 00 63 6D C8 00
63 6D D7 00 63 94 E6 00 63 69 06 01 E1 17 E3 9A
17 FD 01 45 82 80 05 45 82 80 7D 55 82 80 13 07
05 03 81 45 63 13 E5 00 82 80 93 06 07 F8 03 A8
86 07 FC 5E 93 98 F7 01 13 56 18 00 85 83 CD 8F
33 E6 C8 00 B0 DE FC DE 93 15 F8 01 61 17 D9 BF
2A 8E AE 8E 01 47 01 45 81 45 13 0F 00 03 B3 87
EE 00 B3 06 E6 00 83 A8 07 00 03 A3 47 00 9C 42
C6 97 03 A8 46 00 1A 98 B3 B6 17 01 C2 96 33 88
A7 00 B3 37 F8 00 AE 96 B6 97 63 94 08 01 63 0C
F3 00 05 45 81 45 63 E8 67 00 63 14 F3 00 63 64
18 01 01 45 81 45 B3 06 EE 00 23 A0 06 01 DC C2
21 07 E3 16 E7 FB 82 80 2A 8E AE 8E 01 47 01 45
81 45 93 0F 00 03 B3 87 EE 00 83 A8 07 00 33 88
A8 40 03 A3 47 00 B3 B6 08 01 33 0F E6 00 B3 07
B3 40 95 8F 83 26 0F 00 B3 06 D8 40 03 2F 4F 00
33 38 D8 00 B3 87 E7 41 B3 87 07 41 63 94 D8 00
63 0C F3 00 05 45 81 45 63 68 F3 00 63 94 67 00
63 E4 D8 00 01 45 81 45 33 08 EE 00 23 20 D8 00
23 22 F8 00 21 07 E3 10 F7 FB 82 80 79 71 22 D6
26 D4 4A D2 4E D0 52 CE 56 CC 5A CA 5E C8 62 C6
66 C4 01 47 01 4E 81 4E 81 4F 81 42 95 43 99 44
2D 44 76 88 63 F3 7E 00 15 48 13 9F 3E 00 BA 8A
F2 89 7E 87 16 8E 6D 18 33 09 E6 01 81 4F 81 42
63 F9 0E 03 2A 9F 23 20 5F 01 23 22 3F 01 85 0E
E3 99 8E FC 32 54 38 CD 23 2E C5 05 A2 54 12 59
82 59 72 4A E2 4A 52 4B C2 4B 32 4C A2 4C 45 61
82 80 E3 09 98 FC 93 17 38 00 B3 86 F5 00 B3 07
F9 40 03 AB 06 00 03 A3 47 00 D4 42 83 AB 07 00
33 0C 6B 02 B3 8C 76 03 B3 37 7B 03 B3 08 7B 03
33 3B 6B 02 B3 BB 76 03 33 8A 66 02 DA 9B 33 B3
66 02 B3 86 8C 01 B3 BC 96 01 BE 96 DE 9C B3 B7
F6 00 E6 97 63 E6 67 01 63 15 FB 00 63 F3 86 01
05 03 3E 9A B3 37 FA 00 9A 97 33 83 58 01 CE 96
B3 38 13 01 B6 98 85 46 63 E7 38 01 63 94 19 01
63 63 53 01 81 46 B3 89 E6 00 B3 B6 D9 00 F2 96
33 87 49 01 BE 96 B3 39 37 01 33 8E D9 00 85 46
63 67 FE 00 63 94 C7 01 63 63 47 01 81 46 B3 87
DF 00 B3 B6 F7 01 B6 92 BE 8F 05 08 9A 8A C6 89
01 BF 41 11 22 C4 26 C2 06 C6 2A 84 B6 84 CD 33
4D 8D 11 E5 A6 85 22 85 95 33 63 4A 05 00 A2 85
22 85 22 44 B2 40 26 86 92 44 41 01 35 B5 B2 40
22 44 92 44 41 01 82 80 71 71 22 D5 4A D1 4E CF
52 CD 06 D7 26 D3 56 CB 5A C9 AA 89 2E 84 13 89
05 03 13 8A 05 06 4A 85 95 39 0D C5 B7 04 01 50
93 85 04 0C 22 85 19 3B 63 4D A0 10 A2 85 2A 54
BA 50 9A 54 0A 59 6A 4A DA 4A 4A 4B 4E 85 FA 49
4D 61 D1 B9 08 18 35 39 88 10 25 39 CA 85 08 18
D9 31 CA 87 0A 87 A2 8A 81 44 94 43 04 C3 54 C3
C4 43 A1 07 21 07 E3 9A 47 FF 2C 18 0A 86 2E 85
81 33 B3 07 95 00 33 B5 A7 00 2E 95 8C 00 AA D6
4A 86 2E 85 BE D4 2D 33 AE DA 0C 18 AA D8 0A 86
2E 85 59 33 06 57 B3 04 97 40 B3 37 97 00 96 56
B3 87 F6 40 33 85 A4 40 B3 B4 A4 00 B3 85 B7 40
85 8D 63 E6 B6 00 63 95 D5 02 63 73 A7 02 1C 18
7D 56 94 5F D8 5F 13 88 F6 FF 93 B6 16 00 15 8F
23 AC 07 03 D8 DF A1 07 63 14 C8 00 E3 03 C7 FE
AA D0 4A 85 AE D2 71 3E 0C 18 13 03 84 04 01 47
81 46 03 A8 0A 00 9C 41 C2 97 83 A8 4A 00 C8 41
33 B6 07 01 46 95 2A 96 33 85 E7 00 B3 37 F5 00
36 96 B2 97 63 14 A8 00 63 8C F8 00 05 47 81 46
63 E8 17 01 63 94 F8 00 63 64 05 01 01 47 81 46
23 A0 AA 00 23 A2 FA 00 A1 0A A1 05 E3 1B 53 FB
D9 BD 13 86 04 0C A2 85 22 85 F9 31 D1 BD 59 71
A2 D4 2A 84 0A 85 86 D6 15 3B 8A 85 22 85 69 3D
B6 50 26 54 65 61 82 80 41 11 22 C4 06 C6 2A 84
31 3E 11 C5 13 05 04 03 11 3E 33 35 A0 00 B2 40
22 44 41 01 82 80 93 87 85 02 03 C7 07 00 83 C6
17 00 03 C6 27 00 C2 06 62 07 55 8F 22 06 51 8F
03 C6 47 00 83 C6 77 00 62 06 D1 8E 03 C6 57 00
42 06 D1 8E 03 C6 67 00 83 C8 37 00 22 06 D1 8E
33 67 17 01 3E 88 14 C1 58 C1 E1 17 21 05 E3 9E
05 FB 82 80 51 71 CA D1 2A 89 2E 85 A2 D5 2E C6
86 D7 A6 D3 CE CF D2 CD 32 84 4D 34 B2 45 11 C9
2E 54 BE 50 9E 54 FE 49 6E 4A 4A 85 0E 59 6D 61
49 B4 08 08 09 3E A2 85 88 00 31 36 88 18 95 3C
05 47 81 47 08 11 BA D8 BE DA B7 09 00 80 95 34
8C 00 08 08 21 3E 01 ED 8C 18 4A 85 ED 34 BE 50
2E 54 9E 54 0E 59 FE 49 6E 4A 6D 61 82 80 C2 47
85 8B 9D E7 08 08 25 3E C6 54 85 88 01 4A 99 C4
8C 18 22 86 2E 85 A9 3E AA 84 2E 8A 88 18 B3 E4
44 01 31 3E D5 DC FA 47 B3 E7 37 01 3E CF 4D BF
86 47 85 8B 85 EB 88 00 19 36 8A 54 85 88 01 4A
99 C4 0C 11 22 86 2E 85 25 36 AA 84 2E 8A 08 11
B3 E4 44 01 ED 34 C9 D4 BE 47 37 07 00 80 D9 8F
BE C7 BD BF 63 56 A0 02 0C 08 90 00 2E 85 AD 36
08 08 F1 34 0C 11 88 18 51 34 63 56 05 00 8C 18
22 86 2E 85 F5 34 8C 18 10 11 2E 85 B1 36 AD BF
8C 00 10 08 2E 85 89 36 88 00 55 34 8C 18 08 11
B1 3C 63 56 05 00 0C 11 22 86 2E 85 D1 34 0C 11
90 18 2E 85 15 36 51 B7 41 11 22 C4 06 C6 2A 84
21 3E 4D 8D 19 C9 37 06 01 50 A2 85 22 85 22 44
B2 40 13 06 06 0C 41 01 61 BC B2 40 22 44 41 01
82 80 75 71 22 C5 26 C3 06 C7 4A C1 CE DE D2 DC
D6 DA DA D8 DE D6 8A 8F 81 48 81 4E 81 46 01 48
01 43 15 44 AD 44 9A 87 63 73 83 00 95 47 13 0E
53 00 B6 82 C2 83 C6 86 76 88 13 8F B7 FF 33 0E
FE 40 81 48 81 4E 63 79 E3 03 23 A0 5F 00 23 A2
7F 00 05 03 A1 0F E3 18 93 FC 8A 85 B6 CC C2 CE
A5 39 BA 40 2A 44 9A 44 0A 49 F6 59 66 5A D6 5A
46 5B B6 5B 49 61 82 80 E3 69 EE FD 93 17 3F 00
AE 97 D8 43 83 AA 07 00 93 17 3E 00 AE 97 83 A9
47 00 90 43 33 8B 3A 03 B3 0B C7 02 B3 B7 CA 02
33 8A CA 02 B3 BA 3A 03 33 36 C7 02 33 09 37 03
56 96 B3 39 37 03 33 87 6B 01 B3 3B 77 01 3E 97
B2 9B B3 37 F7 00 DE 97 63 E6 57 01 63 95 FA 00
63 73 67 01 85 09 33 86 27 01 B3 37 F6 00 CE 97
63 79 CF 03 13 D9 F7 01 46 99 B3 39 19 01 86 07
CA 88 13 59 F6 01 CE 9E 06 06 93 59 F7 01 B3 67
F9 00 06 07 13 59 FA 01 33 66 36 01 33 67 E9 00
06 0A 16 9A 33 39 5A 00 1E 97 4A 97 33 89 C6 00
B3 36 D9 00 3E 98 36 98 85 46 63 67 77 00 63 94
E3 00 63 63 5A 00 81 46 CA 96 33 B9 26 01 4A 98
85 42 63 67 F8 00 63 94 07 01 63 E3 C6 00 81 42
B3 87 58 00 33 B6 17 01 B2 9E BE 88 05 0F 7D 1E
D2 82 BA 83 CD B5 19 71 A2 DC 2A 84 32 85 A6 DA
CA D8 86 DE CE D6 2E 89 B2 84 EF F0 2F FF 63 1A
05 0C CA 85 0A 85 B5 3D 0A 86 A2 85 08 18 45 31
8A 85 0A 85 BD 35 26 86 CA 85 4A 85 49 39 A6 85
26 85 85 35 B7 09 01 50 93 86 09 0C 26 86 A2 85
22 85 C5 3C 93 86 09 0C 26 86 A6 85 26 85 D5 34
26 86 A2 85 26 85 09 3D 26 86 A2 85 22 85 85 31
93 86 09 0C 22 86 A2 85 26 85 E1 34 93 86 09 0C
26 86 A2 85 22 85 75 3C 1C 40 85 8B B5 CB 13 86
09 0C A2 85 22 85 EF F0 BF 89 AA 89 22 85 EF F0
1F 86 5C 54 FE 09 B3 E7 37 01 5C D4 A2 85 26 85
CD 3B 10 18 A6 85 26 85 C1 33 10 18 A6 85 26 85
65 3B 0C 18 2E 85 26 86 45 3B 10 18 A2 85 22 85
FD 3E 0A 86 A2 85 0A 85 45 33 A6 85 22 85 EF F0
8F FB CA 85 26 85 EF F0 0F FB 8A 85 4A 85 EF F0
8F FA F6 50 66 54 D6 54 46 59 B6 59 09 61 82 80
22 85 EF F0 CF FF 5D B7 39 71 26 DA 4A D8 AE 84
2A 89 B2 85 0A 85 06 DE 22 DC 32 84 59 33 0A 86
CA 85 4A 85 6D 36 22 86 8A 85 0A 85 4D 36 0A 86
A6 85 26 85 69 3E F2 50 62 54 D2 54 42 59 21 61
82 80 5D 71 A2 C4 32 84 CA C0 4E DE 2A 89 AE 89
2A 86 A2 85 0A 85 86 C6 A6 C2 B6 84 31 3B 8A 85
0A 85 81 33 0A 86 CA 85 4A 85 95 36 0A 86 A2 85
22 85 B1 3E 4E 86 A6 85 26 85 FD 39 A6 85 0A 85
0D 33 4A 86 8A 85 0A 85 C5 39 22 86 8A 85 0A 85
E5 31 4A 86 A2 85 22 85 C5 31 22 86 CE 85 4E 85
3D 36 0A 86 CA 85 22 85 C1 39 22 86 A6 85 26 85
39 3E 4E 86 A6 85 26 85 C1 31 8A 85 22 85 EF F0
8F ED B6 40 26 44 96 44 06 49 F2 59 61 61 82 80
71 71 22 D5 32 84 26 D3 4E CF AA 84 AE 89 2A 86
A2 85 0A 85 06 D7 4A D1 52 CD 36 89 71 31 8A 85
0A 85 45 39 0A 86 A6 85 26 85 D1 3C 0A 86 A2 85
22 85 F1 34 37 0A 01 50 93 06 0A 0C 4E 86 CA 85
0A 85 EF F0 1F 93 4E 86 CA 85 4A 85 B1 39 26 86
A2 85 08 18 91 39 10 18 CE 85 4E 85 4D 34 93 06
0A 0C 22 86 A6 85 08 18 EF F0 BF 90 CA 85 22 85
8D 31 10 18 A2 85 22 85 05 39 22 86 A6 85 88 10
25 31 90 10 CA 85 4A 85 9D 3C 4E 86 CA 85 4A 85
21 39 8A 85 88 10 35 39 8C 10 10 18 2E 85 29 31
26 86 8C 10 08 18 09 31 0C 18 0A 86 2E 85 EF F0
1F A5 4E 86 0C 18 4E 85 C5 3E 8C 10 26 85 EF F0
8F E0 BA 50 2A 54 9A 54 0A 59 FA 49 6A 4A 4D 61
82 80 2D 71 23 26 31 11 23 24 41 11 AA 89 2E 8A
88 10 23 2E 11 10 23 2C 81 10 23 2A 91 10 36 84
23 28 21 11 23 22 51 11 23 20 61 11 DE DF 32 8B
E2 DD E6 DB EA D9 93 0A 0A 03 EF F0 CF DB D6 85
88 01 EF F0 4F DB 04 18 8C 10 26 85 EF F0 AF DA
13 09 01 09 8C 01 4A 85 EF F0 EF D9 0A 85 EF F0
4F D0 05 47 81 47 3A C0 3E C2 09 C4 A2 85 0A 85
EF F0 6F D8 0A 86 8C 01 88 10 FD 33 0A 86 8C 01
88 10 D5 31 0A 86 CA 85 26 85 F9 3B 5A 85 EF F0
4F D2 93 0C E5 FF 63 4F 90 0B 03 24 0B 00 05 88
33 0B 80 40 7D 14 13 7B 0B 03 13 74 04 03 B3 8B
64 01 33 8C 84 00 4A 9B 4A 94 A2 86 62 86 DA 85
5E 85 BD 35 26 86 8C 10 0A 85 39 36 5A 86 8A 85
0A 85 EF F0 DF 95 52 86 8A 85 0A 85 EF F0 3F 95
37 06 01 50 8A 85 0A 85 13 06 06 0C EF F0 9F 9C
56 86 8A 85 0A 85 EF F0 9F 93 5E 86 8A 85 0A 85
EF F0 FF 92 DA 86 5E 86 A2 85 62 85 59 3B 0A 86
CA 85 26 85 91 3B A6 85 4E 85 EF F0 CF CD CA 85
13 85 09 03 EF F0 2F CD 83 20 C1 11 03 24 81 11
83 24 41 11 03 29 01 11 83 29 C1 10 03 2A 81 10
83 2A 41 10 03 2B 01 10 FE 5B 6E 5C DE 5C 4E 5D
15 61 82 80 E6 85 5A 85 EF F0 EF C2 B3 67 B5 00
93 B6 17 00 B3 06 D0 40 93 F6 06 FD 93 86 06 03
B3 8B D4 00 33 0C D9 00 B3 36 F0 00 B3 06 D0 40
93 F6 06 FD 93 86 06 03 33 8D D4 00 33 04 D9 00
A2 86 6A 86 E2 85 5E 85 61 3B E2 86 5E 86 A2 85
6A 85 01 33 FD 1C C5 BD 6D 71 DA D9 37 0B 01 50
D6 DB AA 8A 13 05 0B 00 23 26 11 10 23 24 81 10
23 22 91 10 2E C6 32 C0 23 20 21 11 CE DF D2 DD
DE D7 E2 D5 E6 D3 EA D1 EE CF EF F0 8F BD 02 46
B2 45 AA 84 08 08 EF F0 6F D8 88 00 EF F0 6F BC
13 04 05 18 09 E5 08 08 EF F0 AF BB 2A 84 63 79
94 02 0C 08 56 85 EF F0 0F BF 83 20 C1 10 03 24
81 10 83 24 41 10 03 29 01 10 FE 59 6E 5A DE 5A
4E 5B BE 5B 2E 5C 9E 5C 0E 5D FE 4D 51 61 82 80
93 0B 01 07 5E 85 EF F0 CF B2 B3 04 94 40 13 DA
64 00 08 11 93 F4 F4 03 EF F0 AF B1 93 1D 3A 00
63 84 04 0E 93 0C 00 04 19 0A 01 4C 01 48 81 49
B3 8C 9C 40 13 09 00 03 93 07 0B 00 E2 97 42 C6
03 A8 47 00 9C 43 26 86 3E 85 C2 85 3E C0 42 C2
EF 20 60 5F 32 48 33 0D BC 01 33 65 05 01 B3 E5
35 01 5E 9D 23 20 AD 00 23 22 BD 00 66 86 02 45
92 45 EF 20 C0 5A 21 0C 2A 88 AE 89 E3 1E 2C FB
93 17 3A 00 DE 97 88 C3 CC C3 56 85 EF F0 6F AA
05 47 81 47 23 A0 EA 00 23 A2 FA 00 13 09 00 18
63 69 89 00 93 05 0B 00 5E 85 EF F0 2F B4 E3 42
05 F2 8C 00 08 11 EF F0 6F B3 63 49 05 00 05 E9
0C 08 5E 85 EF F0 8F B2 63 43 A0 02 0C 08 5E 86
2E 85 EF F0 6F BF 4D 8D 11 C5 8C 00 56 86 2E 85
EF F0 8F BE 8C 00 10 11 2E 85 EF F0 EF BD 08 11
8A 54 EF F0 CF B3 5E 85 EF F0 6F B3 FA 47 FE 04
C5 8F 3E CF 7D 14 69 BF 93 05 0B 00 33 85 BB 01
EF F0 6F AB 9D BF 93 07 85 02 03 C7 75 00 23 80
E7 00 03 D7 65 00 BE 86 E1 17 A3 84 E7 00 D8 41
21 83 23 85 E7 00 D8 41 A3 85 E7 00 03 C7 35 00
23 86 E7 00 03 D7 25 00 A3 86 E7 00 98 41 21 83
23 87 E7 00 98 41 A3 87 E7 00 A1 05 E3 9F A6 FA
82 80 71 71 13 06 80 02 26 D3 4E CF AA 84 AE 89
28 00 81 45 06 D7 22 D5 4A D1 52 CD 5A CB 5E C9
EF 20 C0 60 0D 47 81 47 93 85 19 00 26 85 3A C0
3E C2 13 84 04 03 EF F0 0F EA A6 85 22 85 EF F0
5F 83 0A 86 A2 85 22 85 EF F0 1F 80 26 86 A2 85
22 85 EF F0 CF E4 37 0A 01 50 37 06 01 50 93 06
0A 0C 13 06 06 09 A2 85 22 85 EF F0 8F CA 13 06
80 02 81 45 28 18 EF 20 60 5B 05 4B 81 4B 13 06
80 02 81 45 A8 10 5A D8 5E DA EF 20 20 5A 10 18
32 85 93 05 0A 0C DA D0 DE D2 EF F0 6F A6 08 18
EF F0 2F 98 13 09 F5 FF 8C 10 63 6A 2B 03 22 85
EF F0 6F 9B 03 C7 09 00 9C 58 B9 8F 85 8B A1 C3
22 86 22 85 2A 54 BA 50 9A 54 0A 59 FA 49 5A 4B
CA 4B 93 05 0A 0C 6A 4A 4D 61 6F F0 EF A8 2E 85
EF F0 2F F9 CA 85 08 18 EF F0 EF 90 4D 8D 11 C5
8C 10 22 86 2E 85 EF F0 8F DA 7D 19 75 B7 BA 50
2A 54 9A 54 0A 59 FA 49 6A 4A 5A 4B CA 4B 4D 61
82 80 71 71 22 D5 26 D3 4A D1 4E CF 52 CD 56 CB
06 D7 2A 84 AE 84 45 49 B7 09 01 50 05 4A B7 0A
01 50 0A 85 EF F0 CF 84 31 CD 7D 19 63 05 09 06
0A 85 EF F0 AF 89 0D E5 8A 85 13 85 09 00 EF F0
EF 93 63 08 45 01 13 86 09 00 8A 85 0A 85 EF F0
AF A0 81 46 0A 86 93 85 0A 03 08 18 EF F0 7F B0
08 18 EF F0 6F D4 55 FD 8A 85 26 85 2D 3D 13 05
14 00 0C 18 0D 3D 83 47 01 06 85 8B 89 07 23 00
F4 00 05 45 BA 50 2A 54 9A 54 0A 59 FA 49 6A 4A
DA 4A 4D 61 82 80 01 45 F5 B7 6D 71 23 24 81 10
23 22 91 10 23 20 21 11 CE DF D2 DD D6 DB DA D9
23 26 11 10 AA 89 2E 89 32 84 45 4A B7 04 01 50
85 4A 37 0B 01 50 0A 85 EF E0 9F FA 4D C5 7D 1A
63 01 0A 0C 0A 85 EF E0 7F FF 31 E1 8A 85 13 85
04 00 EF F0 AF 89 63 08 55 01 13 86 04 00 8A 85
0A 85 EF F0 6F 96 93 05 0B 03 08 09 81 46 0A 86
EF F0 3F A6 0C 09 13 85 04 00 EF F0 2F 87 63 08
55 01 0C 09 13 86 04 00 2E 85 EF F0 EF 93 08 09
EF E0 DF FA 4D F1 0C 09 22 85 B5 3B CE 85 08 18
EF F0 6F C9 10 18 0C 09 88 10 F9 36 CA 85 08 18
EF F0 6F C8 90 10 B7 04 01 50 93 86 04 00 32 85
0C 18 EF F0 0F AB 13 86 04 00 8A 85 0A 85 EF F0
6F CB 8C 10 2E 85 0A 86 EF F0 1F BA 13 05 04 03
8C 10 15 3B 05 45 83 20 C1 10 03 24 81 10 83 24
41 10 03 29 01 10 FE 59 6E 5A DE 5A 4E 5B 51 61
82 80 01 45 CD B7 13 01 01 D3 23 2C 41 2B 13 0A
01 1F 23 2E 31 2B AE 89 AA 85 52 85 23 26 11 2C
23 24 81 2C 23 22 91 2C 32 84 23 20 21 2D 23 2A
51 2B 05 3B A2 85 08 0B EF F0 EF BF 88 03 93 05
04 03 EF F0 4F BF 08 0B EF E0 5F EF 63 1D 05 20
88 03 EF E0 BF EE 2A 84 63 17 05 20 B7 04 01 50
0C 0B 13 85 04 00 EF E0 7F F8 85 47 2A 89 63 1A
F5 14 8C 03 13 85 04 00 EF E0 5F F7 63 13 25 15
13 86 04 00 8C 03 88 18 EF F0 CF BF CE 85 08 08
EF F0 6F BA 0C 08 2E 85 90 18 EF F0 FF AD 90 18
0C 0B 88 00 EF F0 5F AD 80 0C 22 85 D2 85 EF E0
9F F1 0C 14 08 05 EF E0 1F F1 B7 09 01 50 93 85
09 03 08 02 EF E0 3F F0 B7 05 01 50 93 85 05 06
08 1A EF E0 5F EF A2 85 10 02 88 18 EF F0 CF CC
14 05 22 86 0C 1A 08 02 EF F0 AF F8 8C 18 37 09
01 50 2E 85 13 06 09 0C EF F0 CF B8 22 85 90 18
0C 05 EF F0 6F F3 93 89 09 03 08 08 22 C6 02 C0
4E C2 52 C4 EF E0 FF E6 2A 84 88 00 EF E0 7F E6
63 73 A4 00 2A 84 93 0A F4 FF D6 85 08 08 EF E0
9F E2 2E 8A AA 89 D6 85 88 00 EF E0 DF E1 B3 67
B5 00 B3 E9 49 01 B3 37 F0 00 B3 39 30 01 86 07
B3 E7 37 01 8A 07 8A 97 03 AA 07 00 D2 85 08 11
EF E0 7F E6 93 05 0A 03 88 09 EF E0 DF E5 88 18
EF E0 3F DC 05 47 81 47 8A 89 BA D8 BE DA 79 14
63 53 04 06 8C 18 2E 85 13 06 09 0C EF F0 8F AF
90 18 8C 09 08 11 EF F0 2F EA 0C 11 13 85 04 00
EF E0 DF E4 85 47 63 08 F5 00 0C 11 13 86 04 00
2E 85 EF E0 7F F1 0C 0B 08 11 EF E0 3F E3 13 34
15 00 22 85 83 20 C1 2C 03 24 81 2C 83 24 41 2C
03 29 01 2C 83 29 C1 2B 03 2A 81 2B 83 2A 41 2B
13 01 01 2D 82 80 90 18 8C 09 08 11 EF F0 AF D4
A2 85 08 08 EF E0 3F D6 2A 8A AE 8A 88 00 A2 85
EF E0 7F D5 B3 67 B5 00 B3 37 F0 00 33 6A 5A 01
33 3A 40 01 86 07 B3 E7 47 01 8A 07 CE 97 03 AA
07 00 63 00 0A 04 D2 85 08 02 EF E0 DF D9 93 05
0A 03 08 1A EF E0 3F D9 90 18 0C 1A 08 02 EF F0
AF DF 10 02 0C 11 88 12 EF F0 0F B6 10 11 0C 1A
08 02 94 09 EF F0 EF E1 8C 18 90 12 2E 85 EF F0
0F 9A 7D 14 31 BF 01 44 A9 BF 79 71 4A D0 2A 89
37 05 00 10 06 D6 26 D2 22 D4 AE 84 4E CE 52 CC
56 CA EF 00 70 32 37 05 01 50 13 05 05 18 B5 21
37 07 02 30 61 07 1C 43 85 8B F5 DF EF 00 30 35
2A C4 2E C6 2A 84 AA 85 37 05 01 50 13 05 C5 18
B7 09 02 30 A9 21 D1 09 37 0A 01 50 91 4A 49 E0
0F 00 20 02 0F 00 20 02 B7 47 2B 1A 37 07 02 30
93 87 D7 C4 1C C7 0F 00 20 02 0F 00 20 02 37 05
01 50 44 C7 A6 85 13 05 85 1C 11 29 B7 06 02 30
81 47 11 48 C1 06 63 EF 97 04 37 05 01 50 13 05
05 1F E5 2E 0F 00 20 02 0F 00 20 02 B7 07 02 30
05 47 D8 CF CC 4F 99 81 9D 89 11 46 63 88 C5 06
37 05 01 50 13 05 C5 20 D9 2E 7D 54 22 85 B2 50
22 54 92 54 02 59 F2 49 62 4A D2 4A 45 61 82 80
83 A5 09 00 13 05 4A 1B 5D 2E 63 73 54 01 11 44
71 14 B5 B7 B3 85 F4 40 63 73 B8 00 91 45 01 47
01 46 33 03 F9 00 33 05 E3 00 93 18 37 00 03 45
05 00 33 15 15 01 05 07 49 8E E3 96 E5 FE 0F 00
20 02 0F 00 20 02 90 C2 91 07 B5 B7 37 05 01 50
13 05 05 26 9D 26 59 BF 41 11 22 C4 06 C6 A9 47
2A 84 63 16 F5 00 35 45 EF 00 70 35 22 85 EF 00
10 35 22 85 B2 40 22 44 41 01 82 80 41 11 22 C4
06 C6 2A 84 03 45 04 00 01 E9 29 45 F1 37 B2 40
22 44 05 45 41 01 82 80 05 04 7D 3F E5 B7 39 71
26 DA 4E D6 06 DE 22 DC 4A D8 AE 84 B2 89 15 ED
93 07 00 03 23 06 F1 00 05 44 22 89 63 49 99 04
93 07 04 02 B3 84 27 00 AD 14 33 89 84 40 03 C5
04 00 FD 14 51 37 E3 1C 99 FE 22 85 F2 50 62 54
D2 54 42 59 B2 59 21 61 82 80 7C 00 01 44 A9 46
25 46 33 77 D5 02 AA 85 05 04 85 07 13 07 07 03
A3 8F E7 FE 33 55 D5 02 E3 65 B6 FE 7D B7 4E 85
A1 37 05 09 65 B7 39 71 26 DA 52 D4 06 DE 22 DC
4A D8 4E D6 AE 84 32 8A 63 5C 05 02 33 05 A0 40
93 84 F5 FF 05 49 7C 00 01 44 A9 46 33 67 D5 02
05 04 85 07 33 45 D5 02 13 07 07 03 A3 8F E7 FE
75 F5 63 0E 09 00 13 05 D0 02 EF 00 50 26 01 A8
29 E1 93 07 00 03 23 06 F1 00 01 49 05 44 A2 89
63 CB 99 02 93 07 04 02 B3 84 27 00 AD 14 B3 89
84 40 03 C5 04 00 FD 14 C1 3D E3 9C 99 FE 33 05
24 01 F2 50 62 54 D2 54 42 59 B2 59 22 5A 21 61
82 80 01 49 49 BF 52 85 45 3D 85 09 D1 B7 A9 47
63 95 F6 00 13 76 F6 0F B9 BF 01 11 4A C8 06 CE
22 CC 26 CA 4E C6 52 C4 A1 47 2A 89 63 9F F6 02
F9 44 81 47 01 44 93 09 D0 0F 33 55 99 00 1D 89
11 E1 91 C7 13 05 05 03 85 3D 05 04 85 47 F5 14
93 F4 F4 0F E3 93 34 FF 22 85 F2 40 62 44 D2 44
42 49 B2 49 22 4A 05 61 82 80 C1 47 7D 54 E3 95
F6 FE F1 44 01 47 01 44 25 4A 93 09 C0 0F B3 57
99 00 BD 8B 91 E7 11 E3 99 E8 13 85 07 03 29 A0
13 85 77 03 E3 7B FA FE 05 35 05 04 05 47 F1 14
93 F4 F4 0F E3 9D 34 FD 45 BF 79 71 22 D4 26 D2
4A D0 4E CE 52 CC 56 CA 5A C8 5E C6 62 C4 06 D6
66 C2 6A C0 2A 84 AE 84 01 49 93 09 50 02 93 0A
00 03 13 0B D0 02 93 0B A0 02 13 0A F0 06 13 0C
50 07 03 45 04 00 05 E1 B2 50 22 54 4A 85 92 54
02 59 F2 49 62 4A D2 4A 42 4B B2 4B 22 4C 92 4C
02 4D 45 61 82 80 63 06 35 01 7D 33 05 09 05 04
C9 BF 03 47 14 00 69 DB 05 04 93 07 00 02 63 16
37 01 4E 85 EF 00 B0 0F DD B7 3E 86 83 47 04 00
22 87 05 04 E3 8B 57 FF 63 83 67 01 3A 84 83 47
04 00 63 9C 77 03 05 04 81 45 83 47 04 00 63 82
47 0B 63 6D FA 04 13 07 30 06 63 80 E7 0A 13 07
40 06 63 8C E7 06 13 07 80 05 E3 92 E7 FA 93 8C
44 00 C1 46 88 40 61 3D AD A0 93 87 07 FD 93 F7
F7 0F 25 47 81 45 E3 62 F7 FC 29 48 29 A0 B3 85
05 03 2A 84 BE 95 83 47 04 00 93 87 07 FD 93 F6
F7 0F 13 05 14 00 E3 74 D7 FE 45 B7 63 8E 87 03
13 07 80 07 E3 8D E7 FA 13 07 30 07 E3 99 E7 F4
13 8D 44 00 CA 8C 84 40 B3 87 2C 41 A6 97 03 C5
07 00 05 ED EA 84 66 89 1D BF 88 40 93 8C 44 00
59 3B 2A 99 E6 84 25 B7 88 40 93 8C 44 00 01 3B
CD BF 93 8C 44 00 A1 46 B5 BF 03 C5 04 00 93 8C
44 00 EF F0 7F CB 05 09 F1 BF EF F0 FF CA 85 0C
65 BF 13 75 F5 0F 6F F0 3F CA 6F F0 3F CC 39 71
2E D2 4C 10 06 CE 32 D4 36 D6 3A D8 3E DA 42 DC
46 DE 2E C6 9D 3D F2 40 21 61 82 80 B7 07 01 FF
13 01 01 D0 93 87 07 F0 BE C0 B7 07 FF 00 93 87
F7 0F 23 20 71 2F 23 2E 81 2E 23 2C 91 2E 23 2A
21 2F 23 28 31 2F 23 26 41 2F 23 24 51 2F 23 22
61 2F 23 2E 81 2D 23 2C 91 2D 23 2A A1 2D 23 28
B1 2D AA C4 AE C6 81 4B BE C2 B6 47 63 ED FB 02
03 24 C1 2F 83 24 81 2F 03 29 41 2F 83 29 01 2F
03 2A C1 2E 83 2A 81 2E 03 2B 41 2E 83 2B 01 2E
03 2C C1 2D 83 2C 81 2D 03 2D 41 2D 83 2D 01 2D
13 01 01 30 82 80 A6 47 81 45 33 85 77 01 B3 07
B5 00 D4 43 03 A8 07 00 13 D7 06 01 93 17 08 01
D9 8F 41 77 7D 8F 13 58 08 01 C2 07 33 67 07 01
C2 06 C1 83 D5 8F 13 D8 86 01 93 16 87 00 06 44
93 18 87 01 B3 66 D8 00 13 98 87 00 A1 83 33 78
88 00 E1 8E B3 E7 F8 00 16 44 21 83 E1 8F 61 8F
13 84 05 05 B3 08 24 00 B3 67 F8 00 D9 8E 23 A0
F8 00 23 A2 D8 00 A1 05 93 07 00 08 E3 99 F5 F8
94 08 CC 46 98 46 13 58 17 00 93 97 F5 01 13 D3
15 00 B3 E7 07 01 13 18 F7 01 33 68 68 00 13 9E
85 01 13 53 87 00 33 6E 6E 00 93 DE 85 00 13 13
87 01 33 63 D3 01 33 48 68 00 1D 83 13 93 95 01
33 67 E3 00 B3 C7 C7 01 9D 81 B9 8F 33 48 B8 00
98 42 AC 46 03 AE C6 04 03 A3 46 00 BA 95 33 B7
E5 00 72 93 3A 93 BE 95 83 A8 46 07 A8 5A B3 B7
F5 00 1A 98 33 87 07 01 13 58 35 01 93 97 D8 00
13 D3 38 01 B3 E7 07 01 13 18 D5 00 33 68 68 00
13 DE D8 01 13 13 35 00 33 6E 6E 00 93 9E 38 00
13 53 D5 01 33 63 D3 01 33 48 68 00 19 81 13 93
A8 01 33 65 A3 00 B3 C7 C7 01 A9 8F 93 D8 68 00
AE 97 33 45 18 01 B3 B5 B7 00 2A 97 BA 95 13 87
06 08 1C C3 4C C3 A1 06 9C 0C E3 94 D7 F2 5C 42
3E CC 5C 46 3E CE 5C 4A 3E D0 1C 4E 3E C2 5C 4E
3E D2 1C 52 3E C4 5C 52 3E D4 1C 56 3E C6 5C 56
3E D6 1C 5A 3E C8 5C 5A 3E D8 1C 5E 3E CA 5C 5E
04 42 00 46 83 23 06 01 3E DA 52 43 3E 8D C2 4F
42 5C B2 42 92 47 3E DC 92 57 B2 5C A2 46 22 55
3E DE 9E 8E 82 59 22 8F 72 4A A6 85 E2 48 81 4A
B7 07 01 50 13 87 07 38 93 87 0A 05 56 97 33 8E
27 00 03 28 47 00 1C 43 03 27 0E 00 3E 97 03 2E
4E 00 72 98 B3 37 F7 00 13 CB F6 FF C2 97 33 7B
FB 01 13 49 F5 FF 33 F8 56 00 33 79 89 01 33 48
0B 01 33 7E 95 01 33 4E C9 01 3A 98 F2 97 33 37
E8 00 3E 97 13 19 25 01 93 D7 E6 00 33 69 F9 00
13 9E 26 01 93 57 E5 00 33 6E FE 00 13 1B E5 00
93 D7 26 01 33 6B FB 00 93 5D 25 01 93 97 E6 00
B3 E7 B7 01 33 49 69 01 33 4E FE 00 13 9B 76 01
93 57 95 00 B3 E7 67 01 93 1D 75 01 13 DB 96 00
33 6B BB 01 B3 47 F9 00 33 4E 6E 01 C2 97 33 B8
07 01 72 97 3E 93 42 97 6A 97 B3 37 F3 00 BA 97
13 98 48 00 13 D7 C5 01 33 68 E8 00 13 9E 45 00
13 D7 C8 01 33 6E EE 00 13 D9 28 00 13 97 E5 01
33 69 E9 00 13 9B E8 01 13 D7 25 00 33 67 67 01
33 48 28 01 33 4E EE 00 13 D9 78 00 13 97 95 01
33 69 E9 00 13 9B 98 01 13 D7 75 00 33 67 67 01
33 4D DF 01 33 4E EE 00 33 7D BD 00 33 4B 3A 01
33 77 DF 01 33 48 28 01 33 7B 1B 01 33 47 ED 00
33 79 3A 01 33 49 2B 01 42 97 4A 9E 33 38 07 01
72 98 62 5E 33 09 C3 01 1A 97 72 5E 33 3B 69 00
3E 9E 33 33 67 00 C2 97 A1 0A 76 DC 4E DE 13 08
00 28 9A 97 72 9B 7E 83 62 8D 63 90 0A 0B 26 97
62 48 B3 34 97 00 C2 97 BE 94 A2 95 F2 47 C6 97
33 B4 85 00 3E 94 1E 9F 82 57 D2 97 B3 33 7F 00
BE 93 92 47 BE 9E 18 C2 12 57 4E 97 B3 B7 FE 00
BA 97 5C CE A2 47 3E 99 22 57 5A 97 B3 37 F9 00
BA 97 5C D2 B2 47 BE 96 32 57 2A 97 B3 B7 F6 00
BA 97 5C D6 C2 47 BE 92 42 57 66 97 B3 B7 F2 00
BA 97 5C DA D2 47 BE 9F 52 57 B3 B7 FF 00 62 97
BA 97 44 C2 0C C6 40 C6 23 28 E6 01 23 2A 76 00
23 2C D6 01 23 20 26 03 14 D6 23 28 56 02 23 2C
F6 03 5C DE 93 8B 0B 08 09 B1 96 8F 66 8C B6 82
AA 8C FA 8E D2 89 2E 8F 46 8A CA 86 5A 85 BA 85
BE 88 F9 BB 29 71 23 2C 81 12 13 84 05 01 23 24
41 13 23 20 61 13 36 8A 13 7B F4 07 93 06 00 08
B3 86 66 41 23 26 31 13 93 09 00 07 B3 B9 D9 00
23 2A 91 12 23 28 21 13 23 2E 71 11 9E 09 23 2E
11 12 23 22 51 13 23 2C 81 11 AA 8B AE 84 32 89
93 89 09 08 36 94 63 0B 0A 00 37 05 01 50 2E 86
4E 87 A2 85 13 05 C5 2A EF F0 7F B1 B7 17 01 50
03 A7 87 B7 83 A7 C7 B7 23 22 F9 00 B7 17 01 50
23 20 E9 00 03 A7 07 B8 83 A7 47 B8 23 26 F9 00
B7 17 01 50 23 24 E9 00 03 A7 87 B8 83 A7 C7 B8
23 2A F9 00 B7 17 01 50 23 28 E9 00 03 A7 07 B9
83 A7 47 B9 23 2E F9 00 B7 17 01 50 23 2C E9 00
03 A7 87 B9 83 A7 C7 B9 23 22 F9 02 B7 17 01 50
23 20 E9 02 03 A7 07 BA 83 A7 47 BA 23 26 F9 02
B7 17 01 50 23 24 E9 02 03 A7 87 BA 83 A7 C7 BA
23 2A F9 02 B7 17 01 50 23 28 E9 02 33 0C 34 41
03 A7 07 BB 83 A7 47 BB 23 2C E9 02 23 2E F9 02
4A 86 E2 85 5E 85 EF F0 7F A8 63 08 0A 00 37 05
01 50 13 05 05 30 EF F0 5F A5 33 84 84 40 4E 94
93 0A 01 01 22 86 B3 85 8B 01 56 85 EF 10 80 77
93 07 04 11 8A 97 13 07 00 F8 13 05 14 00 33 04
64 41 23 80 E7 F0 13 04 84 08 01 46 63 66 A4 00
13 06 70 08 33 06 66 41 81 45 56 95 EF 10 00 6A
93 97 34 00 C1 83 CE 04 DD 8C 37 07 01 FF 93 97
84 00 13 07 07 F0 F9 8F 37 07 FF 00 A1 80 13 07
F7 0F F9 8C 21 46 C5 8F B3 05 C1 00 33 85 8A 00
02 C4 3E C6 EF 10 00 71 63 08 0A 00 37 05 01 50
13 05 05 33 EF F0 7F 9C 4A 86 CE 85 56 85 EF F0
FF 9D 63 0D 0A 02 03 24 81 13 37 05 01 50 83 20
C1 13 83 24 41 13 03 29 01 13 83 29 C1 12 03 2A
81 12 83 2A 41 12 03 2B 01 12 83 2B C1 11 03 2C
81 11 13 05 05 35 31 61 6F F0 3F 98 83 20 C1 13
03 24 81 13 83 24 41 13 03 29 01 13 83 29 C1 12
03 2A 81 12 83 2A 41 12 03 2B 01 12 83 2B C1 11
03 2C 81 11 31 61 82 80 41 11 22 C4 AA 85 2A 84
37 05 01 50 13 05 05 60 06 C6 EF F0 5F 94 B7 07
03 30 DC 5F 93 16 84 00 33 67 F4 00 91 C6 37 07
00 FF F9 8F 33 E7 87 00 0F 00 20 02 0F 00 20 02
B7 07 03 30 B2 40 22 44 D8 DF 41 01 82 80 41 11
B7 07 02 30 8C 47 C8 47 41 01 82 80 B7 07 03 30
83 A7 07 0E 85 8B 91 E3 01 A0 82 80 41 11 06 C6
F5 37 0F 00 20 02 0F 00 20 02 B7 97 90 00 37 37
00 20 93 87 97 09 5C D3 0F 00 20 02 0F 00 20 02
BA 87 19 47 98 D3 0F 00 20 02 0F 00 20 02 B7 27
00 20 13 07 60 66 D8 CB 0F 00 20 02 0F 00 20 02
3E 87 85 67 93 87 17 90 1C CF B7 37 00 20 93 87
07 0D 37 07 02 00 94 43 E3 9F E6 FE B2 40 41 01
82 80 AA 86 7D 55 63 53 D0 08 C9 C1 0F 00 20 02
0F 00 20 02 85 67 37 27 00 20 8D 07 1C CF 93 07
07 02 05 47 90 43 E3 1F E6 FE 37 26 00 20 15 65
37 28 00 20 B7 28 00 20 01 47 61 06 13 05 35 90
13 08 08 02 05 43 93 88 48 02 93 77 37 00 8D EB
0F 00 20 02 0F 00 20 02 08 C2 83 27 08 00 E3 9E
67 FE 83 A7 08 00 13 DE 87 00 23 80 F5 00 A3 80
C5 01 13 DE 07 01 E1 83 23 81 C5 01 A3 81 F5 00
05 07 85 05 E3 93 E6 FC 01 45 82 80 82 80 37 17
00 20 51 07 1C 43 85 8B F5 FF 0F 00 20 02 0F 00
20 02 B7 17 00 20 C8 CF 82 80 0F 00 20 02 0F 00
20 02 B7 07 B7 04 37 17 00 20 8D 07 1C CB 82 80
B7 07 03 30 83 A7 07 0E A1 8B 91 E3 01 A0 82 80
41 11 06 C6 F5 37 B2 40 41 01 C1 BF 1C 41 41 11
22 C4 26 C2 06 C6 B6 84 93 86 17 00 2E 87 14 C1
23 80 E7 00 93 06 F0 07 2A 84 B2 85 13 F7 F4 0F
1C 41 63 E3 96 02 93 86 17 00 14 C0 23 80 E7 00
26 86 08 40 EF 10 00 4B 1C 40 A6 97 1C C0 B2 40
22 44 92 44 41 01 82 80 93 86 17 00 14 C1 93 06
20 F8 23 80 D7 00 1C 41 93 86 17 00 14 C1 93 D6
84 00 23 80 D7 00 1C 41 7D BF 61 71 23 22 91 1A
23 20 21 1B 23 2C 41 19 93 07 50 45 13 0A 01 01
AE 84 8D 46 0A 86 2A 89 99 45 48 00 23 26 11 1A
23 2E 31 19 23 24 81 1A 23 10 F1 00 23 01 D1 00
52 C2 A9 3F 26 85 EF 10 A0 52 AA 86 26 86 48 00
B1 45 A9 37 92 46 93 09 01 09 B3 86 46 41 52 86
28 00 93 05 00 03 4E C4 15 3F A2 46 04 0A B3 86
36 41 4E 86 68 00 93 05 10 03 26 C6 05 37 B2 46
85 8E 26 86 4A 85 93 05 00 03 09 3F 83 20 C1 1A
03 24 81 1A 83 24 41 1A 03 29 01 1A 83 29 C1 19
03 2A 81 19 5D 61 82 80 71 71 22 D5 26 D3 4A D1
4E CF 04 08 2A 84 32 89 B6 89 2E 86 68 00 8D 46
99 45 06 D7 26 C6 D9 3D 85 46 FD 57 13 06 B1 00
B6 85 68 00 A3 05 F1 00 D1 35 CE 86 4A 86 68 00
91 45 6D 3D B2 46 85 8E 26 86 22 85 93 05 00 03
75 35 BA 50 2A 54 9A 54 0A 59 FA 49 4D 61 82 80
81 47 63 93 C7 00 82 80 13 97 27 00 2E 97 18 43
93 56 87 01 23 00 D5 00 93 56 07 01 A3 00 D5 00
93 56 87 00 23 01 D5 00 A3 01 E5 00 85 07 11 05
C9 BF 63 04 05 34 13 01 01 AD 23 22 91 52 23 26
11 52 23 24 81 52 23 20 21 53 23 2E 31 51 23 2C
41 51 23 2A 51 51 23 28 61 51 23 26 71 51 23 24
81 51 23 22 91 51 23 20 A1 51 23 2E B1 4F AE 84
F9 58 63 86 05 2C B2 8B 63 03 06 2C 36 8B 63 80
06 2C 3A 84 63 0D 07 2A BE 89 63 8A 07 2A 98 43
93 07 F0 1F 63 F5 E7 2A B7 07 02 01 93 87 07 3A
B7 05 01 50 2A 89 3E DC 31 46 89 47 93 85 85 62
A8 08 42 8C 23 0E F1 02 22 D0 EF 10 A0 2C B7 05
01 50 13 06 40 02 93 85 85 63 48 11 EF 10 80 2B
B7 07 12 34 93 87 27 40 BE C4 B7 05 01 50 A1 67
93 87 67 85 1D 46 93 85 05 66 88 08 23 16 F1 04
EF 10 40 29 89 67 93 87 57 D5 3D 47 23 1C F1 00
23 1E F1 00 31 46 CD 47 CA 85 A8 01 23 0D E1 00
23 0F F1 00 F5 35 A6 85 31 46 A8 19 D5 35 B7 14
01 50 11 46 93 85 C4 87 A8 01 EF 10 40 09 FD 58
63 07 05 20 11 46 93 85 C4 87 A8 19 EF 10 20 08
FD 58 63 0E 05 1E 13 0A 00 03 52 86 AC 01 13 05
91 12 EF 10 20 23 52 86 AC 19 13 05 91 15 EF 10
60 22 91 47 13 06 10 06 2C 12 13 05 D1 18 23 04
F1 12 23 06 01 18 EF 10 E0 20 B7 87 04 00 93 87
B7 12 BE C0 93 07 20 02 23 02 F1 04 9D 46 93 07
61 08 90 08 99 45 48 10 3E D2 23 02 41 09 EF F0
FF CF 95 46 90 00 99 45 48 10 EF F0 3F CF 93 0A
41 08 12 59 33 09 59 41 93 07 E9 FF A3 02 F1 08
93 07 21 1F 4A 86 D6 85 3E 85 23 08 41 1F EF 10
60 1B B3 07 25 01 93 06 20 06 70 03 8D 45 28 10
3E D4 93 0C 01 1F EF F0 7F CB A2 5A B3 8A 9A 41
93 87 EA FF 93 3D 1C 00 B3 0D B0 41 A3 08 F1 1E
93 07 21 27 13 09 01 2F 3E D6 13 F7 3D 00 DC 10
13 0D 41 07 05 07 23 20 F9 00 85 46 6A 86 8D 45
4A 85 23 0A E1 06 23 08 41 27 EF F0 3F C7 DC 10
83 26 09 00 9D 8E 3E 86 2C 08 68 10 EF F0 DF D6
85 46 93 07 61 07 13 06 71 01 B6 85 33 05 41 01
23 0A 41 07 3E D8 A3 0B B1 01 EF F0 3F C4 63 1B
0C 00 85 46 4A 86 89 45 33 05 41 01 23 08 01 2E
EF F0 DF C2 C2 56 B3 86 A6 41 93 87 E6 FF 6A 86
6C 08 68 10 A3 0A F1 06 EF F0 1F D2 13 0A 01 27
B2 56 B3 86 46 41 93 87 E6 FF 15 46 2C 18 22 85
36 C6 A3 08 F1 26 EF 10 E0 0D 19 46 AC 00 13 05
54 00 EF 10 20 0D 31 46 AC 08 13 05 B4 00 EF 10
60 0C 93 07 74 01 DE 85 08 10 3E D0 EF F0 FF C3
82 57 13 06 40 02 4C 11 3E 85 EF 10 A0 0A 93 07
45 02 DA 85 08 10 3E D0 EF F0 3F C2 82 57 56 86
E6 85 3E 85 EF 10 00 09 B3 07 55 01 B2 46 52 86
93 05 30 0A 08 10 3E D0 EF F0 5F B9 82 56 81 8E
22 86 93 05 00 03 48 18 4A DA EF F0 3F B8 D2 54
B3 84 24 41 83 A7 09 00 F5 58 63 EA 97 00 26 86
CA 85 22 85 EF 10 00 05 81 48 23 A0 99 00 83 20
C1 52 03 24 81 52 83 24 41 52 03 29 01 52 83 29
C1 51 03 2A 81 51 83 2A 41 51 03 2B 01 51 83 2B
C1 50 03 2C 81 50 83 2C 41 50 03 2D 01 50 83 2D
C1 4F 46 85 13 01 01 53 82 80 F9 58 46 85 82 80
05 71 23 26 31 1D 93 09 01 02 23 2C 81 1C 23 2A
91 1C 23 28 21 1D 23 24 41 1D 23 22 51 1D 3A 84
B6 8A 23 2E 11 1C 23 20 61 1D 23 2E 71 1B 2A 8A
AE 84 3E 89 4E C6 01 47 93 06 F0 02 B3 07 E6 00
83 C7 07 00 63 88 07 10 93 07 00 03 B3 86 E7 40
15 8E 13 06 06 03 89 45 68 00 EF F0 3F AC 01 47
93 06 F0 02 B3 87 EA 00 83 C7 07 00 63 89 07 0E
93 07 00 03 B3 86 E7 40 93 0B 00 03 33 86 DB 40
56 96 89 45 68 00 EF F0 7F A9 B2 46 B3 86 36 41
4E 86 13 0B 81 0E DE 85 08 08 93 0A 44 00 5A C8
EF F0 DF A7 26 86 D2 85 23 00 74 01 56 85 C2 49
EF 00 50 75 B7 05 01 50 31 46 93 85 85 62 48 08
EF 00 50 74 D6 94 31 46 4C 08 26 85 EF 00 90 73
8D 47 B3 89 69 41 23 86 F4 00 13 87 19 00 93 07
F0 07 63 E3 E7 08 93 87 E4 00 A3 86 E4 00 93 84
17 00 23 80 07 00 4E 86 26 85 DA 85 EF 00 90 70
CE 94 33 86 84 40 71 16 13 07 F0 07 93 77 F6 0F
63 65 C7 06 A3 00 F4 00 D6 85 13 05 24 00 EF 00
30 57 F9 14 81 8C 23 20 99 00 83 20 C1 1D 03 24
81 1D 83 24 41 1D 03 29 01 1D 83 29 C1 1C 03 2A
81 1C 83 2A 41 1C 03 2B 01 1C 83 2B C1 1B 01 45
3D 61 82 80 05 07 E3 13 D7 EE 85 46 D5 BD 05 07
E3 12 D7 F0 85 46 09 BF 93 07 10 F8 A3 86 F4 00
23 87 E4 00 93 87 F4 00 9D BF 13 07 F0 0F 63 69
C7 00 13 07 10 F8 A3 00 E4 00 23 01 F4 00 59 BF
13 07 20 F8 21 82 A3 00 E4 00 23 01 C4 00 A3 01
F4 00 49 B7 55 71 86 C7 A2 C5 A6 C3 CA C1 4E DF
52 DD 56 DB 5A D9 5E D7 03 47 05 00 93 07 00 03
63 04 F7 02 37 05 01 50 13 05 85 66 EF F0 EF 8F
01 45 BE 40 2E 44 9E 44 0E 49 FA 59 6A 5A DA 5A
4A 5B BA 5B 69 61 82 80 AA 84 83 C7 14 00 13 97
87 01 61 87 2E 84 32 89 09 05 63 55 07 00 93 F7
F7 07 3E 95 03 47 05 00 93 07 00 03 63 07 F7 00
37 05 01 50 13 05 85 67 55 BF 83 45 15 00 93 97
85 01 E1 87 85 46 63 DD 07 00 93 F7 F5 07 13 07
25 00 93 86 17 00 81 45 7D 56 FD 17 63 94 C7 04
B6 95 85 46 B6 95 10 08 EF F0 CF D0 B7 05 01 50
93 85 85 62 31 46 48 00 EF 00 D0 5A 93 07 00 10
B3 89 84 00 A2 85 63 73 F4 00 BE 85 13 84 05 F0
26 94 93 0A C4 00 63 FE 59 01 37 15 01 50 13 05
05 83 A9 B7 A2 05 03 48 07 00 05 07 B3 65 B8 00
6D B7 31 46 4C 00 22 85 EF 00 70 3A 2A 8A 63 0C
05 24 05 04 F9 B7 93 07 D4 00 63 E7 37 01 37 05
01 50 13 05 45 6A 19 BF 83 45 D4 00 93 97 85 01
E1 87 63 C6 07 02 93 04 E4 00 2E 84 37 05 01 50
A2 85 13 05 05 70 EF E0 9F FF 63 F5 34 01 83 C7
04 00 8D CF 37 05 01 50 13 05 C5 71 C5 B5 93 07
10 08 63 90 F5 02 93 07 E4 00 63 E7 37 01 37 05
01 50 13 05 45 6C D9 B5 93 04 F4 00 03 44 E4 00
75 BF 37 05 01 50 13 05 05 6E 4D BD 26 94 63 F7
89 00 37 05 01 50 13 05 05 74 4D B5 03 C7 14 00
93 07 00 03 63 07 F7 00 37 05 01 50 13 05 45 76
71 B5 93 87 24 00 63 E7 37 01 37 05 01 50 13 05
85 77 AD BD 83 C7 24 00 13 97 87 01 61 87 63 4C
07 00 13 87 34 00 BA 97 63 F9 F9 02 37 05 01 50
13 05 05 7A A1 BD 13 07 10 08 63 9B E7 00 93 87
34 00 E3 F7 37 E5 13 87 44 00 83 C7 34 00 E1 BF
37 05 01 50 13 05 85 78 15 BD 63 77 F7 00 03 46
07 00 89 46 63 07 D6 00 37 05 01 50 13 05 85 7B
31 BD 93 06 17 00 E3 FD F6 E0 83 44 17 00 93 96
84 01 E1 86 93 0A 27 00 63 DE 06 00 93 06 10 08
63 9D D4 02 93 06 27 00 E3 FC F6 DE 93 0A 37 00
83 44 27 00 91 C8 03 C7 0A 00 19 E3 85 0A FD 14
13 07 00 03 63 66 97 00 33 87 9A 00 63 FC E7 00
37 05 01 50 13 05 05 7D D1 B3 37 05 01 50 13 05
45 7C 6D BB 63 07 F7 00 03 46 07 00 89 46 63 07
D6 00 37 05 01 50 13 05 45 7E 4D B3 93 06 17 00
E3 F0 F6 DA 03 44 17 00 93 16 84 01 E1 86 93 09
27 00 63 DE 06 00 93 06 10 08 63 1D D4 02 93 06
27 00 E3 FF F6 D6 93 09 37 00 03 44 27 00 11 C8
03 C7 09 00 19 E3 85 09 7D 14 13 07 00 03 63 66
87 00 33 87 89 00 63 FC E7 00 37 05 01 50 13 05
C5 7F A9 B3 37 05 01 50 13 05 05 7F 81 B3 13 0B
01 04 93 0B 00 06 5E 86 81 45 5A 85 EF 00 10 2C
33 05 9B 40 26 86 D6 85 13 05 05 03 EF 00 90 35
33 85 8B 40 22 86 CE 85 5A 95 EF 00 B0 34 37 15
01 50 13 05 05 81 EF E0 5F E0 37 14 01 50 B3 07
4B 01 83 C5 07 00 13 05 84 82 05 0A EF E0 3F DF
E3 17 7A FF 29 45 EF E0 DF DD 5A 86 0C 08 4A 85
EF E0 6F EE F9 B9 37 15 01 50 B3 05 94 40 13 05
C5 85 EF E0 DF DC 63 F7 3A 01 03 47 C4 00 8D 47
E3 0B F7 D8 37 05 01 50 13 05 45 68 45 B9 29 71
23 2A 91 12 B7 15 01 50 84 01 93 85 85 C4 26 85
23 2E 11 12 23 2C 81 12 23 28 21 13 23 26 31 13
23 24 41 13 23 22 51 13 23 20 61 13 EF E0 6F BE
A6 85 0A 85 EF E0 2F B9 8C 19 08 18 EF E0 AF B8
8A 87 81 46 80 10 93 05 00 03 03 C7 07 00 03 C6
17 00 42 06 62 07 51 8F 03 C6 37 00 51 8F 03 C6
27 00 22 06 33 05 D4 00 51 8F 18 C1 91 06 91 07
E3 9D B6 FC 1C 18 81 46 13 09 01 09 93 05 00 03
03 C7 07 00 03 C6 17 00 42 06 62 07 51 8F 03 C6
37 00 51 8F 03 C6 27 00 22 06 33 05 D9 00 51 8F
18 C1 91 06 91 07 E3 9D B6 FC 37 15 01 50 13 05
85 88 EF E0 9F CF A2 89 37 1A 01 50 83 A5 09 00
13 05 4A 89 91 09 EF E0 9F CE E3 19 39 FF 29 45
EF E0 3F CD 37 15 01 50 13 05 C5 89 EF E0 FF CC
CA 89 83 A5 09 00 13 05 4A 89 91 09 EF E0 3F CC
E3 99 34 FF 29 45 EF E0 DF CA 37 16 01 50 B7 04
01 50 B7 29 01 50 93 06 86 8A 22 85 01 48 93 87
C4 17 13 87 C9 C7 13 06 86 8A CA 85 EF F0 6F E7
2A 84 45 E5 85 67 83 A5 C4 17 93 87 07 80 63 EE
B7 08 37 15 01 50 13 05 85 8B EF E0 5F C7 37 15
01 50 13 05 C5 8C EF E0 5F C6 3D 49 37 0A 01 50
B7 1A 01 50 37 1B 01 50 83 A7 C4 17 63 66 F4 04
29 45 EF E0 1F C4 37 25 01 50 93 07 C5 47 23 82
07 20 03 A6 C4 17 03 24 81 13 23 A0 C7 20 83 20
C1 13 83 24 41 13 03 29 01 13 03 2A 81 12 83 2A
41 12 03 2B 01 12 93 85 C9 C7 13 05 C5 47 83 29
C1 12 31 61 6F 00 10 14 93 87 C9 C7 A2 97 03 C6
07 00 93 05 4A 63 63 64 C9 00 93 85 4A 88 13 05
CB 8D EF E0 DF BE 05 04 41 BF 37 15 01 50 13 05
45 8E EF E0 9F BD 01 A0 B7 15 01 50 37 15 01 50
41 11 93 85 85 C1 13 05 85 C4 06 C6 EF E0 6F B3
01 E9 37 15 01 50 13 05 45 90 EF E0 1F BB 01 A0
B2 40 41 01 6F F0 BF DF 1D 71 D6 C2 DA C0 B7 2A
01 50 37 0B 01 50 85 46 0A 86 83 25 CB 17 13 85
CA C7 86 CE A2 CC A6 CA CA C8 CE C6 D2 C4 5E DE
EF F0 4F 80 37 15 01 50 13 05 C5 91 0A 89 EF E0
DF B6 01 44 B7 19 01 50 93 04 00 03 B3 07 89 00
83 C5 07 00 13 85 89 82 05 04 EF E0 5F B5 E3 17
94 FE 29 45 EF E0 FF B3 B7 14 01 50 37 15 01 50
CA 85 13 86 84 BB 13 05 85 C1 EF E0 0F B4 85 47
AA 85 63 03 F5 02 37 15 01 50 13 05 45 92 EF E0
1F B2 F6 40 66 44 D6 44 46 49 B6 49 26 4A 96 4A
06 4B F2 5B 25 61 82 80 37 15 01 50 13 05 85 94
EF E0 BF AF 01 4A 93 0B 00 06 93 87 84 BB D2 97
83 C5 07 00 13 85 89 82 05 0A EF E0 5F AE 13 84
84 BB E3 14 7A FF 29 45 EF E0 BF AC 37 15 01 50
13 05 45 95 EF E0 7F AC 01 4A 93 0B 00 03 B3 07
44 01 83 C5 07 00 13 85 89 82 05 0A EF E0 3F AB
E3 17 7A FF 29 45 EF E0 DF A9 37 15 01 50 13 05
45 96 EF E0 9F A9 13 0A 04 03 83 45 04 03 13 85
89 82 05 04 EF E0 BF A8 E3 19 44 FF 29 45 EF E0
5F A7 37 15 01 50 CA 85 13 86 84 BB 13 05 85 C4
EF E0 6F B7 85 47 AA 85 63 0D F5 02 37 15 01 50
13 05 45 97 EF E0 BF A5 B7 07 01 50 37 17 01 50
B7 16 01 50 93 87 87 17 13 07 C7 C7 93 86 86 BE
13 86 84 BB 83 25 CB 17 13 85 CA C7 EF F0 4F F6
09 BF 37 15 01 50 13 05 85 99 EF E0 1F A2 E9 B7
5D 71 86 C6 A2 C4 A6 C2 80 08 CA C0 4E DE 56 DA
5A D8 52 DC 5E D6 62 D4 66 D2 6A D0 6E CE B7 14
01 50 EF F0 EF A3 EF F0 6F 90 13 85 44 9B EF E0
DF 9E 37 15 01 50 13 05 C5 9D EF E0 1F 9E 13 85
44 9B EF E0 9F 9D 37 16 01 50 B7 15 01 50 37 15
01 50 13 06 46 A0 93 85 05 A1 13 05 C5 A1 EF E0
1F 9C EF F0 7F DE 01 49 B7 19 01 50 91 4A 37 1B
01 50 B7 0B 3F BB 37 1C 01 50 B5 0B A9 4C EF F0
0F 89 23 2C A4 FA 23 2E B4 FA 93 97 15 00 AA 84
2E 8A E3 D6 07 FE 13 05 4C A3 5E 9A EF E0 3F 98
E3 EF 4C FD B7 17 01 50 93 87 87 B4 0A 0A 3E 9A
83 27 0A 00 82 87 8A 8B 01 11 8A 85 13 05 00 02
EF F0 2F 8D 0A 8A AA 84 0D ED 37 15 01 50 13 05
45 A7 EF E0 9F 94 B7 1C 01 50 13 0C 00 02 B3 07
9A 00 83 C5 07 00 13 85 4C A8 85 04 EF E0 3F 93
E3 97 84 FF 29 45 EF E0 DF 91 A6 85 52 85 EF E0
CF C8 5E 81 BD B7 B7 07 01 50 83 A4 C7 17 37 25
01 50 26 86 81 45 13 05 C5 C7 49 2B B7 07 01 50
81 45 03 A6 87 17 13 85 C9 C7 49 23 37 25 01 50
A6 85 13 05 C5 47 EF E0 4F C5 25 BF B7 0B 01 50
B7 2C 01 50 03 A6 CB 17 81 45 13 85 CC C7 B9 2B
37 0A 01 50 03 26 8A 17 81 45 13 85 C9 C7 B9 23
37 05 01 50 A6 85 13 05 C5 18 EF E0 5F 8B 93 07
70 0C 63 E9 97 00 37 15 01 50 13 05 C5 A8 EF E0
DF 89 C5 BD 37 0D 02 30 23 AE 9B 16 01 49 51 0D
37 08 01 50 83 2D 0D 00 13 05 48 1B EE 85 EF E0
1F 88 26 87 37 08 01 50 63 F3 9A 00 11 47 81 47
B3 86 27 01 13 86 CC C7 B2 96 13 96 37 00 33 D6
CD 00 23 80 C6 00 85 07 13 8C CC C7 E3 12 F7 FE
3A 99 63 F5 54 0B 81 44 03 47 0C 00 93 07 00 03
63 13 F7 02 03 47 1C 00 93 07 20 08 63 1D F7 00
83 57 2C 00 13 D9 87 00 A2 07 33 69 F9 00 42 09
13 59 09 01 11 09 37 15 01 50 CA 85 13 05 05 AA
23 AE 2B 17 EF E0 BF 80 01 49 83 A7 CB 17 63 63
F9 06 29 45 EF E0 EF FE EF F0 1F C5 37 15 01 50
83 25 8A 17 13 05 C5 AB EF E0 6F FE 83 27 8A 17
63 EC F4 04 29 45 EF E0 CF FC 37 16 01 50 13 06
86 C4 83 25 8A 17 13 85 C9 C7 EF F0 AF E9 85 47
2A 89 63 16 F5 04 37 15 01 50 13 05 85 AD EF E0
CF FA 83 25 8A 17 13 85 C9 C7 75 BD F1 14 E3 9B
04 F0 99 BF B3 07 2C 01 83 C5 07 00 13 05 8B 82
EF E0 EF F8 05 09 51 B7 93 87 C9 C7 A6 97 83 C5
07 00 13 05 8B 82 EF E0 8F F7 85 04 41 BF AA 85
37 15 01 50 13 05 05 AF EF E0 6F F6 5D BF B7 0B
01 50 03 A6 8B 17 81 45 13 85 C9 C7 C5 26 37 05
01 50 A6 85 13 05 C5 18 EF E0 6F F4 93 07 B0 12
E3 FB 97 E8 B7 0C 02 30 23 AC 9B 16 01 4A D1 0C
B7 0D 01 50 03 AD 0C 00 EA 85 13 85 4D 1B EF E0
0F F2 26 87 63 F3 9A 00 11 47 81 47 B3 86 47 01
13 86 C9 C7 B2 96 13 96 37 00 33 56 CD 00 23 80
C6 00 85 07 13 8C C9 C7 E3 12 F7 FE 3A 9A 63 F4
54 09 81 44 03 47 0C 00 93 07 00 03 63 13 F7 02
03 47 1C 00 93 07 20 08 63 1D F7 00 83 57 2C 00
13 DA 87 00 A2 07 33 6A FA 00 42 0A 13 5A 0A 01
11 0A 37 15 01 50 D2 85 13 05 45 B1 23 AC 4B 17
EF E0 EF EA 83 A7 8B 17 63 E2 F4 04 29 45 EF E0
4F E9 B7 27 01 50 37 25 01 50 93 87 C7 47 03 A6
8B 17 93 85 C9 C7 13 05 45 68 23 A4 C7 40 23 86
07 40 4D 2E 37 15 01 50 13 05 05 B3 EF E0 EF E6
85 45 4A 85 49 B3 F1 14 95 FC AD BF B3 07 9C 00
83 C5 07 00 13 05 8B 82 EF E0 6F E5 85 04 5D B7
B7 24 01 50 93 87 C4 47 37 15 01 50 83 A5 87 40
13 05 45 B1 93 8B C4 47 EF E0 6F E3 01 4A 93 84
C4 47 83 A7 84 40 85 0B 63 6C FA 00 29 45 EF E0
4F E1 37 25 01 50 83 A5 84 40 13 05 45 68 25 B3
83 C5 7B 20 13 05 8B 82 EF E0 6F E0 05 0A D1 BF
37 0A 01 50 03 26 8A 17 81 45 13 85 C9 C7 BD 2C
37 05 01 50 A6 85 13 05 C5 18 EF E0 4F DE 93 07
F0 18 E3 FA 97 D2 B7 0B 02 30 23 2C 9A 16 01 49
D1 0B 37 0D 01 50 03 AC 0B 00 E2 85 13 05 4D 1B
EF E0 EF DB 26 87 63 F3 9A 00 11 47 81 47 B3 86
27 01 13 86 C9 C7 B2 96 13 96 37 00 33 56 CC 00
23 80 C6 00 85 07 93 8C C9 C7 E3 12 F7 FE 3A 99
63 F8 54 05 81 44 37 15 01 50 83 25 8A 17 13 05
C5 AB EF E0 CF D7 83 27 8A 17 63 EE F4 02 29 45
EF E0 2F D6 37 16 01 50 13 06 86 C4 83 25 8A 17
13 85 C9 C7 EF F0 0F C3 85 47 2A 89 63 17 F5 02
37 15 01 50 13 05 85 AD EF E0 2F D4 91 45 D1 BD
F1 14 B5 F8 4D BF B3 87 9C 00 83 C5 07 00 13 05
8B 82 EF E0 CF D2 85 04 7D B7 AA 85 37 15 01 50
13 05 05 AF EF E0 AF D1 D1 BF 00 00 F3 22 20 34
73 23 10 34 F3 23 30 34 37 0E 03 30 13 0E CE 0C
97 DE 00 50 93 8E 8E C6 83 82 0E 00 23 00 5E 00
85 0E E3 9B 02 FE 05 4F 23 00 EE 01 C1 BF 19 CA
93 07 00 02 91 8F 63 48 F0 00 01 16 33 D5 C5 00
01 47 BA 85 82 80 33 D7 C5 00 33 55 C5 00 B3 95
F5 00 4D 8D FD B7 19 CA 93 07 00 02 91 8F 63 48
F0 00 01 16 B3 15 C5 00 01 47 3A 85 82 80 33 17
C5 00 B3 95 C5 00 33 55 F5 00 C9 8D FD B7 8D 47
63 F3 C7 02 33 E7 A5 00 0D 8B 09 CB 93 06 F6 FF
31 A8 71 16 11 05 91 05 63 F7 C7 00 14 41 98 41
E3 89 E6 FE E5 B7 93 06 F6 FF 0D C2 85 06 AA 96
21 A0 85 05 63 8C A6 00 83 47 05 00 03 C7 05 00
05 05 E3 88 E7 FE 33 85 E7 40 82 80 01 45 82 80
63 F2 A5 02 33 87 C5 00 63 7E E5 00 B3 07 C5 00
1D CA FD 17 83 46 F7 FF 23 80 D7 00 7D 17 E3 1A
F5 FE 82 80 BD 47 63 E1 C7 02 AA 87 93 06 F6 FF
59 CA 85 06 BE 96 85 07 03 C7 05 00 A3 8F E7 FE
85 05 E3 9A D7 FE 82 80 B3 67 B5 00 8D 8B A5 EB
93 08 06 FF 93 F8 08 FF C1 08 B3 06 15 01 2E 87
AA 87 03 28 07 00 23 A0 07 01 03 28 47 00 23 A2
07 01 03 28 87 00 23 A4 07 01 03 28 C7 00 C1 07
23 AE 07 FF 41 07 E3 9E D7 FC 13 78 C6 00 C6 95
13 77 F6 00 63 0A 08 02 13 08 C7 FF 13 78 C8 FF
11 08 B3 87 06 01 2E 87 91 06 83 28 07 00 23 AE
16 FF 11 07 E3 9A F6 FE 0D 8A C2 95 85 BF 93 06
F6 FF AA 87 BD B7 82 80 3A 86 8D B7 3D 43 2A 87
63 73 C3 02 93 77 F7 00 BD EF AD E5 93 76 06 FF
3D 8A BA 96 0C C3 4C C3 0C C7 4C C7 41 07 E3 6B
D7 FE 11 E2 82 80 B3 06 C3 40 8A 06 97 02 00 00
96 96 67 80 A6 00 23 07 B7 00 A3 06 B7 00 23 06
B7 00 A3 05 B7 00 23 05 B7 00 A3 04 B7 00 23 04
B7 00 A3 03 B7 00 23 03 B7 00 A3 02 B7 00 23 02
B7 00 A3 01 B7 00 23 01 B7 00 A3 00 B7 00 23 00
B7 00 82 80 93 F5 F5 0F 93 96 85 00 D5 8D 93 96
05 01 D5 8D 61 B7 93 96 27 00 97 02 00 00 96 96
86 82 E7 80 86 FA 96 80 C1 17 1D 8F 3E 96 E3 74
C3 F8 A5 B7 B3 C7 A5 00 8D 8B B3 08 C5 00 B1 E7
8D 47 63 F4 C7 04 93 77 35 00 2A 87 DD E7 13 F6
C8 FF B3 06 E6 40 93 07 00 02 63 C4 D7 04 AE 86
BA 87 63 71 C7 02 03 A8 06 00 91 07 23 AE 07 FF
91 06 E3 EA C7 FE 93 07 F6 FF 99 8F F1 9B 91 07
3E 97 BE 95 63 66 17 01 82 80 2A 87 E3 7E 15 FF
83 C7 05 00 05 07 A3 0F F7 FE 85 05 E3 9A E8 FE
82 80 13 07 47 02 94 51 83 A3 05 00 83 A2 45 00
83 AF 85 00 03 AF C5 00 83 AE 05 01 03 AE 45 01
03 A3 85 01 03 A8 C5 01 23 2E D7 FE 23 2E 77 FC
23 20 57 FE 23 22 F7 FF 23 24 E7 FF 23 26 D7 FF
23 28 C7 FF 23 2A 67 FE 23 2C 07 FF B3 06 E6 40
93 85 45 02 E3 C7 D7 FA 9D B7 83 C7 05 00 05 07
A3 0F F7 FE 93 77 37 00 85 05 B1 D3 83 C7 05 00
05 07 A3 0F F7 FE 93 77 37 00 85 05 F9 FF 05 BF
93 77 35 00 2A 87 9D EF B7 86 7F 7F 93 86 F6 F7
FD 55 10 43 B3 77 D6 00 B6 97 D1 8F D5 8F 11 07
E3 89 B7 FE 83 46 C7 FF B3 07 A7 40 8D CA 83 46
D7 FF 9D C2 03 45 E7 FF 33 35 A0 00 3E 95 79 15
82 80 F9 D2 83 47 07 00 05 07 93 76 37 00 F5 FB
09 8F 13 05 F7 FF 82 80 13 85 D7 FF 82 80 13 85
C7 FF 82 80
@0000380C
73 29 C5 CC 6A 19 EC EC 7A A7 B0 48 B2 0D 1A 58
DF 2D 37 F4 81 4D 63 C7 FF FF FF FF FF FF FF FF
FF FF FF FF FF FF FF FF FF FF FF FF FF FF FF FF
B7 0A 76 72 38 5E 54 3A 6C 29 55 BF 5D F2 02 55
38 2A 54 82 E0 41 F7 59 98 9B A7 8B 62 3B 1D 6E
74 AD 20 F3 1E C7 B1 8E 37 05 8B BE 22 CA 87 AA
5F 0E EA 90 7C 1D 43 7A 9D 81 7E 1D CE B1 60 0A
C0 B8 F0 B5 13 31 DA E9 7C 14 9A 28 BD 1D F4 F8
29 DC 92 92 BF 98 9E 5D 6F 2C 26 96 4A DE 17 36
EF 2A EC D3 ED C8 85 2A 9D D1 2E 8A 8D 39 56 C6
5A 87 13 50 8F 08 14 03 12 41 81 FE 6E 9C 1D 18
19 2D F8 E3 6B 05 8E 98 E4 E7 3E E2 A7 2F 31 B3
FF FF FF FF 00 00 00 00 00 00 00 00 FF FF FF FF
FE FF FF FF FF FF FF FF FF FF FF FF FF FF FF FF
FF FF FF FF FF FF FF FF FF FF FF FF FF FF FF FF
78 78 78 78 78 78 78 78 78 78 78 78 78 78 78 78
78 78 78 78 78 78 78 78 78 78 78 78 78 78 78 78
78 78 78 78 78 78 78 78 0A 20 20 20 54 52 41 50
20 56 45 43 54 4F 52 20 45 58 45 43 55 54 49 4E
47 21 20 4B 49 4C 4C 20 53 49 4D 21 21 21 20 20
20 0A 78 78 78 78 78 78 78 78 78 78 78 78 78 78
78 78 78 78 78 78 78 78 78 78 78 78 78 78 78 78
78 78 78 78 78 78 78 78 78 78 0A 00 00 00 00 00
F0 DE BC 9A 78 56 34 12 00 10 00 00 00 08 00 00
46 57 3A 20 57 61 69 74 00 00 00 00 46 57 3A 20
52 65 61 64 69 6E 67 20 25 30 38 64 20 62 79 74
65 73 20 66 72 6F 6D 20 6D 61 69 6C 62 6F 78 0A
00 00 00 00 20 20 64 61 74 61 6F 75 74 3A 20 30
78 25 30 38 78 0A 00 00 46 57 3A 20 57 72 69 74
69 6E 67 20 30 78 25 30 38 78 20 62 79 74 65 73
20 74 6F 20 6D 61 69 6C 62 6F 78 0A 00 00 00 00
46 57 3A 20 53 65 74 20 64 61 74 61 20 72 65 61
64 79 20 73 74 61 74 75 73 00 00 00 45 52 52 4F
52 3A 20 6D 61 69 6C 62 6F 78 20 69 6E 20 75 6E
65 78 70 65 63 74 65 64 20 73 74 61 74 65 20 28
25 30 38 78 29 20 77 68 65 6E 20 65 78 70 65 63
74 69 6E 67 20 4D 42 4F 58 5F 45 58 45 43 55 54
45 5F 53 4F 43 20 28 30 78 25 30 38 78 29 0A 00
46 57 3A 20 4D 61 69 6C 62 6F 78 20 69 6E 20 65
78 70 65 63 74 65 64 20 73 74 61 74 65 2C 20 4D
42 4F 58 5F 45 58 45 43 55 54 45 5F 53 4F 43 2C
20 65 6E 64 69 6E 67 20 74 65 73 74 20 77 69 74
68 20 73 75 63 63 65 73 73 00 00 00 2D 20 28 31
2F 34 29 20 7C 20 74 6F 74 61 6C 5F 6C 65 6E 3A
20 25 64 2C 20 6D 65 73 73 61 67 65 5F 6C 65 6E
3A 20 25 64 2C 20 70 61 64 64 69 6E 67 5F 6C 65
6E 3A 20 25 64 2C 20 66 69 6E 61 6C 5F 62 6C 6F
63 6B 5F 6C 65 6E 3A 20 25 64 20 0A 00 00 00 00
2D 20 28 32 2F 34 29 20 7C 20 73 68 61 33 38 34
5F 63 6F 72 65 28 29 20 69 6E 69 74 69 61 6C 20
64 69 67 65 73 74 20 64 6F 6E 65 2E 00 00 00 00
2D 20 28 33 2F 34 29 20 7C 20 73 68 61 33 38 34
20 70 61 64 64 69 6E 67 20 64 6F 6E 65 2E 00 00
2D 20 28 34 2F 34 29 20 7C 20 73 68 61 33 38 34
5F 63 6F 72 65 28 29 20 66 69 6E 61 6C 20 64 69
67 65 73 74 20 64 6F 6E 65 2E 00 00 00 00 00 00
22 AE 28 D7 98 2F 8A 42 CD 65 EF 23 91 44 37 71
2F 3B 4D EC CF FB C0 B5 BC DB 89 81 A5 DB B5 E9
38 B5 48 F3 5B C2 56 39 19 D0 05 B6 F1 11 F1 59
9B 4F 19 AF A4 82 3F 92 18 81 6D DA D5 5E 1C AB
42 02 03 A3 98 AA 07 D8 BE 6F 70 45 01 5B 83 12
8C B2 E4 4E BE 85 31 24 E2 B4 FF D5 C3 7D 0C 55
6F 89 7B F2 74 5D BE 72 B1 96 16 3B FE B1 DE 80
35 12 C7 25 A7 06 DC 9B 94 26 69 CF 74 F1 9B C1
D2 4A F1 9E C1 69 9B E4 E3 25 4F 38 86 47 BE EF
B5 D5 8C 8B C6 9D C1 0F 65 9C AC 77 CC A1 0C 24
75 02 2B 59 6F 2C E9 2D 83 E4 A6 6E AA 84 74 4A
D4 FB 41 BD DC A9 B0 5C B5 53 11 83 DA 88 F9 76
AB DF 66 EE 52 51 3E 98 10 32 B4 2D 6D C6 31 A8
3F 21 FB 98 C8 27 03 B0 E4 0E EF BE C7 7F 59 BF
C2 8F A8 3D F3 0B E0 C6 25 A7 0A 93 47 91 A7 D5
6F 82 03 E0 51 63 CA 06 70 6E 0E 0A 67 29 29 14
FC 2F D2 46 85 0A B7 27 26 C9 26 5C 38 21 1B 2E
ED 2A C4 5A FC 6D 2C 4D DF B3 95 9D 13 0D 38 53
DE 63 AF 8B 54 73 0A 65 A8 B2 77 3C BB 0A 6A 76
E6 AE ED 47 2E C9 C2 81 3B 35 82 14 85 2C 72 92
64 03 F1 4C A1 E8 BF A2 01 30 42 BC 4B 66 1A A8
91 97 F8 D0 70 8B 4B C2 30 BE 54 06 A3 51 6C C7
18 52 EF D6 19 E8 92 D1 10 A9 65 55 24 06 99 D6
2A 20 71 57 85 35 0E F4 B8 D1 BB 32 70 A0 6A 10
C8 D0 D2 B8 16 C1 A4 19 53 AB 41 51 08 6C 37 1E
99 EB 8E DF 4C 77 48 27 A8 48 9B E1 B5 BC B0 34
63 5A C9 C5 B3 0C 1C 39 CB 8A 41 E3 4A AA D8 4E
73 E3 63 77 4F CA 9C 5B A3 B8 B2 D6 F3 6F 2E 68
FC B2 EF 5D EE 82 8F 74 60 2F 17 43 6F 63 A5 78
72 AB F0 A1 14 78 C8 84 EC 39 64 1A 08 02 C7 8C
28 1E 63 23 FA FF BE 90 E9 BD 82 DE EB 6C 50 A4
15 79 C6 B2 F7 A3 F9 BE 2B 53 72 E3 F2 78 71 C6
9C 61 26 EA CE 3E 27 CA 07 C2 C0 21 C7 B8 86 D1
1E EB E0 CD D6 7D DA EA 78 D1 6E EE 7F 4F 7D F5
BA 6F 17 72 AA 67 F0 06 A6 98 C8 A2 C5 7D 63 0A
AE 0D F9 BE 04 98 3F 11 1B 47 1C 13 35 0B 71 1B
84 7D 04 23 F5 77 DB 28 93 24 C7 40 7B AB CA 32
BC BE C9 15 0A BE 9E 3C 4C 0D 10 9C C4 67 1D 43
B6 42 3E CB BE D4 C5 4C 2A 7E 65 FC 9C 29 7F 59
EC FA D6 3A AB 6F CB 5F 17 58 47 4A 8C 19 44 6C
53 4F 43 5F 49 46 43 3A 20 53 65 74 20 66 6C 6F
77 5F 73 74 61 74 75 73 20 66 69 65 6C 64 3A 20
30 78 25 30 38 78 0A 00 30 0A 06 08 2A 86 48 CE
3D 04 03 03 00 00 00 00 30 22 18 0F 32 30 32 36
30 31 30 31 30 30 30 30 30 30 5A 18 0F 32 30 32
38 30 31 30 31 30 30 30 30 30 30 5A 00 00 00 00
2A 86 48 CE 3D 02 01 00 45 3A 20 6F 75 74 65 72
20 74 61 67 00 00 00 00 45 3A 20 74 62 73 20 74
61 67 00 00 45 52 52 4F 52 3A 20 42 49 54 20 53
54 52 49 4E 47 20 74 61 67 20 6D 69 73 73 69 6E
67 00 00 00 45 52 52 4F 52 3A 20 42 49 54 20 53
54 52 49 4E 47 20 6C 65 6E 20 6D 69 73 73 69 6E
67 00 00 00 45 52 52 4F 52 3A 20 42 49 54 20 53
54 52 49 4E 47 20 6C 6F 6E 67 20 6C 65 6E 00 00
45 52 52 4F 52 3A 20 42 49 54 20 53 54 52 49 4E
47 20 6C 65 6E 20 74 6F 6F 20 6C 6F 6E 67 00 00
42 49 54 20 53 54 52 49 4E 47 20 6C 65 6E 67 74
68 20 3D 20 30 78 25 78 0A 00 00 00 45 52 52 4F
52 3A 20 42 49 54 20 53 54 52 49 4E 47 20 75 6E
75 73 65 64 20 62 69 74 73 20 6E 6F 74 20 30 00
45 52 52 4F 52 3A 20 42 49 54 20 53 54 52 49 4E
47 20 63 6F 6E 74 65 6E 74 20 6F 76 65 72 66 6C
6F 77 00 00 45 3A 20 69 6E 6E 65 72 20 53 45 51
55 45 4E 43 45 00 00 00 45 3A 20 53 45 51 55 45
4E 43 45 20 6C 65 6E 00 45 3A 20 53 45 51 55 45
4E 43 45 20 6C 6F 6E 67 20 6C 65 6E 00 00 00 00
45 3A 20 53 45 51 55 45 4E 43 45 20 6F 76 65 72
66 6C 6F 77 00 00 00 00 45 3A 20 72 20 74 61 67
00 00 00 00 45 3A 20 72 20 6C 65 6E 00 00 00 00
45 3A 20 72 20 6C 65 6E 20 69 6E 76 61 6C 69 64
00 00 00 00 45 3A 20 73 20 74 61 67 00 00 00 00
45 3A 20 73 20 6C 65 6E 00 00 00 00 45 3A 20 73
20 6C 65 6E 20 69 6E 76 61 6C 69 64 00 00 00 00
45 78 74 72 61 63 74 65 64 20 73 69 67 6E 61 74
75 72 65 3A 00 00 00 00 25 30 32 78 00 00 00 00
45 52 52 4F 52 3A 20 73 69 67 6E 61 74 75 72 65
20 61 6C 67 6F 72 69 74 68 6D 20 4F 49 44 20 6E
6F 74 20 66 6F 75 6E 64 21 00 00 00 46 6F 75 6E
64 20 73 69 67 20 61 6C 67 20 61 74 20 6F 66 66
73 65 74 20 25 6C 64 0A 00 00 00 00 00 00 00 00
00 00 00 00 30 00 00 00 70 75 62 6B 65 79 5F 78
3A 00 00 00 30 78 25 30 38 78 20 00 70 75 62 6B
65 79 5F 79 3A 00 00 00 4C 32 5F 54 72 75 73 74
5F 52 6F 6F 74 00 00 00 63 65 72 74 5F 6C 65 6E
20 3D 20 30 78 25 78 0A 00 00 00 00 32 6E 64 20
74 62 73 20 64 65 72 3A 00 00 00 00 25 73 25 58
00 00 00 00 67 65 6E 65 72 61 74 65 20 32 6E 64
20 63 65 72 74 20 64 65 72 20 66 61 69 6C 64 21
00 00 00 00 65 63 63 5F 6D 61 6B 65 5F 6B 65 79
20 66 61 69 6C 65 64 21 00 00 00 00 64 69 67 65
73 74 3A 00 45 43 44 53 41 2D 50 33 38 34 20 73
69 67 6E 20 66 61 69 6C 65 64 21 20 72 65 74 20
3D 20 25 64 0A 00 00 00 73 69 67 6E 61 74 75 72
65 3A 00 00 73 69 67 5F 72 5F 77 6F 72 64 73 3A
00 00 00 00 73 69 67 5F 73 5F 77 6F 72 64 73 3A
00 00 00 00 45 43 44 53 41 2D 50 33 38 34 20 76
65 72 69 66 79 20 66 61 69 6C 65 64 21 20 72 65
74 3D 25 64 0A 00 00 00 45 43 44 53 41 2D 50 33
38 34 20 76 65 72 69 66 79 20 73 75 63 63 65 73
73 21 00 00 2D 2D 2D 2D 2D 2D 2D 2D 2D 2D 2D 2D
2D 2D 2D 2D 2D 2D 2D 2D 2D 2D 2D 2D 2D 2D 2D 2D
2D 2D 2D 2D 2D 2D 2D 2D 00 00 00 00 20 20 20 20
20 20 20 20 20 20 20 20 43 61 6C 69 70 74 72 61
20 52 4F 4D 2E 2E 2E 20 20 20 20 20 20 20 20 20
00 00 00 00 31 31 3A 34 37 3A 31 35 00 00 00 00
4A 75 6C 20 31 37 20 32 30 32 36 00 43 6F 6D 70
69 6C 65 64 20 6F 6E 3A 20 25 73 20 61 74 20 25
73 0A 00 00 52 65 63 65 69 76 65 64 20 6D 61 69
6C 62 6F 78 20 63 6F 6D 6D 61 6E 64 20 28 65 78
70 65 63 74 69 6E 67 20 52 45 53 50 29 20 66 72
6F 6D 20 53 4F 43 21 20 47 6F 74 20 30 78 25 78
0A 00 00 00 47 65 74 20 72 61 6E 64 6F 6D 73 3A
00 00 00 00 25 30 32 78 20 00 00 00 49 6E 76 61
6C 69 64 20 63 65 72 74 20 6C 65 6E 67 74 68 00
31 73 74 20 74 62 73 28 74 62 73 5F 6C 65 6E 20
3D 20 30 78 25 78 29 3A 0A 00 00 00 31 73 74 20
63 65 72 74 28 63 65 72 74 5F 6C 65 6E 20 3D 20
30 78 25 78 29 3A 0A 00 31 73 74 20 63 65 72 74
20 76 65 72 69 66 79 20 73 75 63 63 65 73 73 00
31 73 74 20 63 65 72 74 20 76 65 72 69 66 79 20
66 61 69 6C 65 64 2C 20 72 65 74 20 3D 20 25 64
0A 00 00 00 32 6E 64 20 63 65 72 74 28 63 65 72
74 5F 6C 65 6E 20 3D 20 30 78 25 78 29 3A 0A 00
32 6E 64 20 63 65 72 74 20 73 61 76 65 20 73 75
63 63 65 73 73 00 00 00 1E 30 00 00 E6 2F 00 00
E6 2F 00 00 E6 2F 00 00 E6 2F 00 00 E6 2F 00 00
6E 30 00 00 26 32 00 00 38 33 00 00 A4 30 00 00
88 33 00 00 00 00 00 00 D8 9E 05 C1 5D 9D BB CB
07 D5 7C 36 2A 29 9A 62 17 DD 70 30 5A 01 59 91
39 59 0E F7 D8 EC 2F 15 31 0B C0 FF 67 26 33 67
11 15 58 68 87 4A B4 8E A7 8F F9 64 0D 2E 0C DB
A4 4F FA BE 1D 48 B5 47
@000043C4
00 00 00 00 00 00 00 00 00 00 00 00 00 00 00 00
00 00 00 00 00 00 00 00 00 00 00 00 00 00 00 00
00 00 00 00 00 00 00 00 00 00 00 00 00 00 00 00
00 00 00 00 00 00 00 00 00 00 00 00 00 00 00 00
00 00 00 00 00 00 00 00 00 00 00 00 00 00 00 00
00 00 00 00 00 00 00 00 00 00 00 00 00 00 00 00
00 00 00 00 00 00 00 00 00 00 00 00 00 00 00 00
00 00 00 00 00 00 00 00 00 00 00 00 00 00 00 00
00 00 00 00 00 00 00 00 00 00 00 00 00 00 00 00
00 00 00 00 00 00 00 00 00 00 00 00 00 00 00 00
00 00 00 00 00 00 00 00 00 00 00 00 00 00 00 00
00 00 00 00 00 00 00 00 00 00 00 00 00 00 00 00
00 00 00 00 00 00 00 00 00 00 00 00 00 00 00 00
00 00 00 00 00 00 00 00 00 00 00 00 00 00 00 00
00 00 00 00 00 00 00 00 00 00 00 00 00 00 00 00
00 00 00 00 00 00 00 00 00 00 00 00 00 00 00 00
00 00 00 00 00 00 00 00 00 00 00 00 00 00 00 00
00 00 00 00 00 00 00 00 00 00 00 00 00 00 00 00
00 00 00 00 00 00 00 00 00 00 00 00 00 00 00 00
00 00 00 00 00 00 00 00 00 00 00 00 00 00 00 00
00 00 00 00 00 00 00 00 00 00 00 00 00 00 00 00
00 00 00 00 00 00 00 00 00 00 00 00 00 00 00 00
00 00 00 00 00 00 00 00 00 00 00 00 00 00 00 00
00 00 00 00 00 00 00 00 00 00 00 00 00 00 00 00
00 00 00 00 00 00 00 00 00 00 00 00 00 00 00 00
00 00 00 00 00 00 00 00 00 00 00 00 00 00 00 00
00 00 00 00 00 00 00 00 00 00 00 00 00 00 00 00
00 00 00 00 00 00 00 00 00 00 00 00 00 00 00 00
00 00 00 00 00 00 00 00 00 00 00 00 00 00 00 00
00 00 00 00 00 00 00 00 00 00 00 00 00 00 00 00
00 00 00 00 00 00 00 00 00 00 00 00 00 00 00 00
00 00 00 00 00 00 00 00 00 00 00 00 00 00 00 00
00 00 00 00 00 00 00 00 00 00 00 00 00 00 00 00
00 00 00 00 00 00 00 00 00 00 00 00 00 00 00 00
00 00 00 00 00 00 00 00 00 00 00 00 00 00 00 00
00 00 00 00 00 00 00 00 00 00 00 00 00 00 00 00
00 00 00 00 00 00 00 00 00 00 00 00 00 00 00 00
00 00 00 00 00 00 00 00 00 00 00 00 00 00 00 00
00 00 00 00 00 00 00 00 00 00 00 00 00 00 00 00
00 00 00 00 00 00 00 00 00 00 00 00 00 00 00 00
00 00 00 00 00 00 00 00 00 00 00 00 00 00 00 00
00 00 00 00 00 00 00 00 00 00 00 00 00 00 00 00
00 00 00 00 00 00 00 00 00 00 00 00 00 00 00 00
00 00 00 00 00 00 00 00 00 00 00 00 00 00 00 00
00 00 00 00 00 00 00 00 00 00 00 00 00 00 00 00
00 00 00 00 00 00 00 00 00 00 00 00 00 00 00 00
00 00 00 00 00 00 00 00 00 00 00 00 00 00 00 00
00 00 00 00 00 00 00 00 00 00 00 00 00 00 00 00
00 00 00 00 00 00 00 00 00 00 00 00 00 00 00 00
00 00 00 00 00 00 00 00 00 00 00 00 00 00 00 00
00 00 00 00 00 00 00 00 00 00 00 00 00 00 00 00
00 00 00 00 00 00 00 00 00 00 00 00 00 00 00 00
00 00 00 00 00 00 00 00 00 00 00 00 00 00 00 00
00 00 00 00 00 00 00 00 00 00 00 00 00 00 00 00
00 00 00 00 00 00 00 00 00 00 00 00 00 00 00 00
00 00 00 00 00 00 00 00 00 00 00 00 00 00 00 00
00 00 00 00 00 00 00 00 00 00 00 00 00 00 00 00
00 00 00 00 00 00 00 00 00 00 00 00 00 00 00 00
00 00 00 00 00 00 00 00 00 00 00 00 00 00 00 00
00 00 00 00 00 00 00 00 00 00 00 00 00 00 00 00
00 00 00 00 00 00 00 00 00 00 00 00 00 00 00 00
00 00 00 00 00 00 00 00 00 00 00 00 00 00 00 00
00 00 00 00 00 00 00 00 00 00 00 00 00 00 00 00
00 00 00 00 00 00 00 00 00 00 00 00 00 00 00 00
00 00 00 00 00 00 00 00 00 00 00 00 00 00 00 00
00 00 00 00 00 00 00 00 00 00 00 00 00 00 00 00
00 00 00 00 00 00 00 00 00 00 00 00 00 00 00 00
00 00 00 00 00 00 00 00 00 00 00 00 00 00 00 00
00 00 00 00 00 00 00 00 00 00 00 00 00 00 00 00
00 00 00 00 00 00 00 00 00 00 00 00 00 00 00 00
00 00 00 00 00 00 00 00 00 00 00 00 00 00 00 00
00 00 00 00 00 00 00 00 00 00 00 00 00 00 00 00
00 00 00 00 00 00 00 00 00 00 00 00 00 00 00 00
00 00 00 00 00 00 00 00 00 00 00 00 00 00 00 00
00 00 00 00 00 00 00 00 00 00 00 00 00 00 00 00
00 00 00 00 00 00 00 00 00 00 00 00 00 00 00 00
00 00 00 00 00 00 00 00 00 00 00 00 00 00 00 00
00 00 00 00 00 00 00 00 00 00 00 00 00 00 00 00
00 00 00 00 00 00 00 00 00 00 00 00 00 00 00 00
00 00 00 00 00 00 00 00 00 00 00 00 00 00 00 00
00 00 00 00 00 00 00 00 00 00 00 00 00 00 00 00
00 00 00 00 00 00 00 00 00 00 00 00 00 00 00 00
00 00 00 00 00 00 00 00 00 00 00 00 00 00 00 00
00 00 00 00 00 00 00 00 00 00 00 00 00 00 00 00
00 00 00 00 00 00 00 00 00 00 00 00 00 00 00 00
00 00 00 00 00 00 00 00 00 00 00 00 00 00 00 00
00 00 00 00 00 00 00 00 00 00 00 00 00 00 00 00
00 00 00 00 00 00 00 00 00 00 00 00 00 00 00 00
00 00 00 00 00 00 00 00 00 00 00 00 00 00 00 00
00 00 00 00 00 00 00 00 00 00 00 00 00 00 00 00
00 00 00 00 00 00 00 00 00 00 00 00 00 00 00 00
00 00 00 00 00 00 00 00 00 00 00 00 00 00 00 00
00 00 00 00 00 00 00 00 00 00 00 00 00 00 00 00
00 00 00 00 00 00 00 00 00 00 00 00 00 00 00 00
00 00 00 00 00 00 00 00 00 00 00 00 00 00 00 00
00 00 00 00 00 00 00 00 00 00 00 00 00 00 00 00
00 00 00 00 00 00 00 00 00 00 00 00 00 00 00 00
00 00 00 00 00 00 00 00 00 00 00 00 00 00 00 00
00 00 00 00 00 00 00 00 00 00 00 00 00 00 00 00
00 00 00 00 00 00 00 00 00 00 00 00 00 00 00 00
00 00 00 00 00 00 00 00 00 00 00 00 00 00 00 00
00 00 00 00 00 00 00 00 00 00 00 00 00 00 00 00
00 00 00 00 00 00 00 00 00 00 00 00 00 00 00 00
00 00 00 00 00 00 00 00 00 00 00 00 00 00 00 00
00 00 00 00 00 00 00 00 00 00 00 00 00 00 00 00
00 00 00 00 00 00 00 00 00 00 00 00 00 00 00 00
00 00 00 00 00 00 00 00 00 00 00 00 00 00 00 00
00 00 00 00 00 00 00 00 00 00 00 00 00 00 00 00
00 00 00 00 00 00 00 00 00 00 00 00 00 00 00 00
00 00 00 00 00 00 00 00 00 00 00 00 00 00 00 00
00 00 00 00 00 00 00 00 00 00 00 00 00 00 00 00
00 00 00 00 00 00 00 00 00 00 00 00 00 00 00 00
00 00 00 00 00 00 00 00 00 00 00 00 00 00 00 00
00 00 00 00 00 00 00 00 00 00 00 00 00 00 00 00
00 00 00 00 00 00 00 00 00 00 00 00 00 00 00 00
00 00 00 00 00 00 00 00 00 00 00 00 00 00 00 00
00 00 00 00 00 00 00 00 00 00 00 00 00 00 00 00
00 00 00 00 00 00 00 00 00 00 00 00 00 00 00 00
00 00 00 00 00 00 00 00 00 00 00 00 00 00 00 00
00 00 00 00 00 00 00 00 00 00 00 00 00 00 00 00
00 00 00 00 00 00 00 00 00 00 00 00 00 00 00 00
00 00 00 00 00 00 00 00 00 00 00 00 00 00 00 00
00 00 00 00 00 00 00 00 00 00 00 00 00 00 00 00
00 00 00 00 00 00 00 00 00 00 00 00 00 00 00 00
00 00 00 00 00 00 00 00 00 00 00 00 00 00 00 00
00 00 00 00 00 00 00 00 00 00 00 00 00 00 00 00
00 00 00 00 00 00 00 00 00 00 00 00 00 00 00 00
00 00 00 00 00 00 00 00 00 00 00 00 00 00 00 00
00 00 00 00 00 00 00 00 00 00 00 00 00 00 00 00
00 00 00 00 00 00 00 00 00 00 00 00 00 00 00 00
00 00 00 00 00 00 00 00 00 00 00 00 00 00 00 00
00 00 00 00 00 00 00 00 00 00 00 00 00 00 00 00
00 00 00 00 00 00 00 00 00 00 00 00 00 00 00 00
00 00 00 00 00 00 00 00 00 00 00 00 00 00 00 00
00 00 00 00 00 00 00 00 00 00 00 00 00 00 00 00
00 00 00 00 00 00 00 00 00 00 00 00 00 00 00 00
00 00 00 00 00 00 00 00 00 00 00 00 00 00 00 00
00 00 00 00 00 00 00 00 00 00 00 00 00 00 00 00
00 00 00 00 00 00 00 00 00 00 00 00 00 00 00 00
00 00 00 00 00 00 00 00 00 00 00 00 00 00 00 00
00 00 00 00 00 00 00 00 00 00 00 00 00 00 00 00
00 00 00 00 00 00 00 00 00 00 00 00 00 00 00 00
00 00 00 00 00 00 00 00 00 00 00 00 00 00 00 00
00 00 00 00 00 00 00 00 00 00 00 00 00 00 00 00
00 00 00 00 00 00 00 00 00 00 00 00 00 00 00 00
00 00 00 00 00 00 00 00 00 00 00 00 00 00 00 00
00 00 00 00 00 00 00 00 00 00 00 00 00 00 00 00
00 00 00 00 00 00 00 00 00 00 00 00 00 00 00 00
00 00 00 00 00 00 00 00 00 00 00 00 00 00 00 00
00 00 00 00 00 00 00 00 00 00 00 00 00 00 00 00
00 00 00 00 00 00 00 00 00 00 00 00 00 00 00 00
00 00 00 00 00 00 00 00 00 00 00 00 00 00 00 00
00 00 00 00 00 00 00 00 00 00 00 00 00 00 00 00
00 00 00 00 00 00 00 00 00 00 00 00 00 00 00 00
00 00 00 00 00 00 00 00 00 00 00 00 00 00 00 00
00 00 00 00 00 00 00 00 00 00 00 00 00 00 00 00
00 00 00 00 00 00 00 00 00 00 00 00 00 00 00 00
00 00 00 00 00 00 00 00 00 00 00 00 00 00 00 00
00 00 00 00 00 00 00 00 00 00 00 00 00 00 00 00
00 00 00 00 00 00 00 00 00 00 00 00 00 00 00 00
00 00 00 00 00 00 00 00 00 00 00 00 00 00 00 00
00 00 00 00 00 00 00 00 00 00 00 00 00 00 00 00
00 00 00 00 00 00 00 00 00 00 00 00 00 00 00 00
00 00 00 00 00 00 00 00 00 00 00 00 00 00 00 00
00 00 00 00 00 00 00 00 00 00 00 00 00 00 00 00
00 00 00 00 00 00 00 00 00 00 00 00 00 00 00 00
00 00 00 00 00 00 00 00 00 00 00 00 00 00 00 00
00 00 00 00 00 00 00 00 00 00 00 00 00 00 00 00
00 00 00 00 00 00 00 00 00 00 00 00 00 00 00 00
00 00 00 00 00 00 00 00 00 00 00 00 00 00 00 00
00 00 00 00 00 00 00 00 00 00 00 00 00 00 00 00
00 00 00 00 00 00 00 00 00 00 00 00 00 00 00 00
00 00 00 00 00 00 00 00 00 00 00 00 00 00 00 00
00 00 00 00 00 00 00 00 00 00 00 00 00 00 00 00
00 00 00 00 00 00 00 00 00 00 00 00 00 00 00 00
00 00 00 00 00 00 00 00 00 00 00 00 00 00 00 00
00 00 00 00 00 00 00 00 00 00 00 00 00 00 00 00
00 00 00 00 00 00 00 00 00 00 00 00 00 00 00 00
00 00 00 00 00 00 00 00 00 00 00 00 00 00 00 00
00 00 00 00 00 00 00 00 00 00 00 00 00 00 00 00
00 00 00 00 00 00 00 00 00 00 00 00 00 00 00 00
00 00 00 00 00 00 00 00 00 00 00 00 00 00 00 00
00 00 00 00 00 00 00 00 00 00 00 00 00 00 00 00
00 00 00 00 00 00 00 00 00 00 00 00 00 00 00 00
00 00 00 00 00 00 00 00 00 00 00 00 00 00 00 00
00 00 00 00 00 00 00 00 00 00 00 00 00 00 00 00
00 00 00 00 00 00 00 00 00 00 00 00 00 00 00 00
00 00 00 00 00 00 00 00 00 00 00 00 00 00 00 00
00 00 00 00 00 00 00 00 00 00 00 00 00 00 00 00
00 00 00 00 00 00 00 00 00 00 00 00 00 00 00 00
00 00 00 00 00 00 00 00 00 00 00 00 00 00 00 00
00 00 00 00 00 00 00 00 00 00 00 00 00 00 00 00
00 00 00 00 00 00 00 00 00 00 00 00 00 00 00 00
00 00 00 00 00 00 00 00 00 00 00 00 00 00 00 00
00 00 00 00 00 00 00 00 00 00 00 00 00 00 00 00
00 00 00 00 00 00 00 00 00 00 00 00 00 00 00 00
00 00 00 00 00 00 00 00 00 00 00 00 00 00 00 00
00 00 00 00 00 00 00 00 00 00 00 00 00 00 00 00
00 00 00 00 00 00 00 00 00 00 00 00 00 00 00 00
00 00 00 00 00 00 00 00 00 00 00 00 00 00 00 00
00 00 00 00 00 00 00 00 00 00 00 00 00 00 00 00
00 00 00 00 00 00 00 00 00 00 00 00 00 00 00 00
00 00 00 00 00 00 00 00 00 00 00 00 00 00 00 00
00 00 00 00 00 00 00 00 00 00 00 00 00 00 00 00
00 00 00 00 00 00 00 00 00 00 00 00 00 00 00 00
00 00 00 00 00 00 00 00 00 00 00 00 00 00 00 00
00 00 00 00 00 00 00 00 00 00 00 00 00 00 00 00
00 00 00 00 00 00 00 00 00 00 00 00 00 00 00 00
00 00 00 00 00 00 00 00 00 00 00 00 00 00 00 00
00 00 00 00 00 00 00 00 00 00 00 00 00 00 00 00
00 00 00 00 00 00 00 00 00 00 00 00 00 00 00 00
00 00 00 00 00 00 00 00 00 00 00 00 00 00 00 00
00 00 00 00 00 00 00 00 00 00 00 00 00 00 00 00
00 00 00 00 00 00 00 00 00 00 00 00 00 00 00 00
00 00 00 00 00 00 00 00 00 00 00 00 00 00 00 00
00 00 00 00 00 00 00 00 00 00 00 00 00 00 00 00
00 00 00 00 00 00 00 00 00 00 00 00 00 00 00 00
00 00 00 00 00 00 00 00 00 00 00 00 00 00 00 00
00 00 00 00 00 00 00 00 00 00 00 00 00 00 00 00
00 00 00 00 00 00 00 00 00 00 00 00 00 00 00 00
00 00 00 00 00 00 00 00 00 00 00 00 00 00 00 00
00 00 00 00 00 00 00 00 00 00 00 00 00 00 00 00
00 00 00 00 00 00 00 00 00 00 00 00 00 00 00 00
00 00 00 00 00 00 00 00 00 00 00 00 00 00 00 00
00 00 00 00 00 00 00 00 00 00 00 00 00 00 00 00
00 00 00 00 00 00 00 00 00 00 00 00 00 00 00 00
00 00 00 00 00 00 00 00 00 00 00 00 00 00 00 00
00 00 00 00 00 00 00 00 00 00 00 00 00 00 00 00
00 00 00 00 00 00 00 00 00 00 00 00 00 00 00 00
00 00 00 00 00 00 00 00 00 00 00 00 00 00 00 00
00 00 00 00 00 00 00 00 00 00 00 00 00 00 00 00
00 00 00 00 00 00 00 00 00 00 00 00 00 00 00 00
00 00 00 00 00 00 00 00 00 00 00 00 00 00 00 00
00 00 00 00 00 00 00 00 00 00 00 00 00 00 00 00
00 00 00 00 00 00 00 00 00 00 00 00 00 00 00 00
00 00 00 00 00 00 00 00 00 00 00 00 00 00 00 00
00 00 00 00 00 00 00 00 00 00 00 00 00 00 00 00
00 00 00 00 00 00 00 00 00 00 00 00 00 00 00 00
00 00 00 00 00 00 00 00 00 00 00 00 00 00 00 00
00 00 00 00 00 00 00 00 00 00 00 00 00 00 00 00
00 00 00 00 00 00 00 00 00 00 00 00 00 00 00 00
00 00 00 00 00 00 00 00 00 00 00 00 00 00 00 00
00 00 00 00 00 00 00 00 00 00 00 00 00 00 00 00
00 00 00 00 00 00 00 00 00 00 00 00 00 00 00 00
00 00 00 00 00 00 00 00 00 00 00 00 00 00 00 00
00 00 00 00 00 00 00 00 00 00 00 00 00 00 00 00
00 00 00 00 00 00 00 00 00 00 00 00 00 00 00 00
00 00 00 00 00 00 00 00 00 00 00 00 00 00 00 00
00 00 00 00 00 00 00 00 00 00 00 00 00 00 00 00
00 00 00 00 00 00 00 00 00 00 00 00 00 00 00 00
00 00 00 00 00 00 00 00 00 00 00 00 00 00 00 00
00 00 00 00 00 00 00 00 00 00 00 00 00 00 00 00
00 00 00 00 00 00 00 00 00 00 00 00 00 00 00 00
00 00 00 00 00 00 00 00 00 00 00 00 00 00 00 00
00 00 00 00 00 00 00 00 00 00 00 00 00 00 00 00
00 00 00 00 00 00 00 00 00 00 00 00 00 00 00 00
00 00 00 00 00 00 00 00 00 00 00 00 00 00 00 00
00 00 00 00 00 00 00 00 00 00 00 00 00 00 00 00
00 00 00 00 00 00 00 00 00 00 00 00 00 00 00 00
00 00 00 00 00 00 00 00 00 00 00 00 00 00 00 00
00 00 00 00 00 00 00 00 00 00 00 00 00 00 00 00
00 00 00 00 00 00 00 00 00 00 00 00 00 00 00 00
00 00 00 00 00 00 00 00 00 00 00 00 00 00 00 00
00 00 00 00 00 00 00 00 00 00 00 00 00 00 00 00
00 00 00 00 00 00 00 00 00 00 00 00 00 00 00 00
00 00 00 00 00 00 00 00 00 00 00 00 00 00 00 00
00 00 00 00 00 00 00 00 00 00 00 00 00 00 00 00
00 00 00 00 00 00 00 00 00 00 00 00 00 00 00 00
00 00 00 00 00 00 00 00 00 00 00 00 00 00 00 00
00 00 00 00 00 00 00 00 00 00 00 00 00 00 00 00
00 00 00 00 00 00 00 00 00 00 00 00 00 00 00 00
00 00 00 00 00 00 00 00 00 00 00 00 00 00 00 00
00 00 00 00 00 00 00 00 00 00 00 00 00 00 00 00
00 00 00 00 00 00 00 00 00 00 00 00 00 00 00 00
00 00 00 00 00 00 00 00 00 00 00 00 00 00 00 00
00 00 00 00 00 00 00 00 00 00 00 00 00 00 00 00
00 00 00 00 00 00 00 00 00 00 00 00 00 00 00 00
00 00 00 00 00 00 00 00 00 00 00 00 00 00 00 00
00 00 00 00 00 00 00 00 00 00 00 00 00 00 00 00
00 00 00 00 00 00 00 00 00 00 00 00 00 00 00 00
00 00 00 00 00 00 00 00 00 00 00 00 00 00 00 00
00 00 00 00 00 00 00 00 00 00 00 00 00 00 00 00
00 00 00 00 00 00 00 00 00 00 00 00 00 00 00 00
00 00 00 00 00 00 00 00 00 00 00 00 00 00 00 00
00 00 00 00 00 00 00 00 00 00 00 00 00 00 00 00
00 00 00 00 00 00 00 00 00 00 00 00 00 00 00 00
00 00 00 00 00 00 00 00 00 00 00 00 00 00 00 00
00 00 00 00 00 00 00 00 00 00 00 00 00 00 00 00
00 00 00 00 00 00 00 00 00 00 00 00 00 00 00 00
00 00 00 00 00 00 00 00 00 00 00 00 00 00 00 00
00 00 00 00 00 00 00 00 00 00 00 00 00 00 00 00
00 00 00 00 00 00 00 00 00 00 00 00 00 00 00 00
00 00 00 00 00 00 00 00 00 00 00 00 00 00 00 00
00 00 00 00 00 00 00 00 00 00 00 00 00 00 00 00
00 00 00 00 00 00 00 00 00 00 00 00 00 00 00 00
00 00 00 00 00 00 00 00 00 00 00 00 00 00 00 00
00 00 00 00 00 00 00 00 00 00 00 00 00 00 00 00
00 00 00 00 00 00 00 00 00 00 00 00 00 00 00 00
00 00 00 00 00 00 00 00 00 00 00 00 00 00 00 00
00 00 00 00 00 00 00 00 00 00 00 00 00 00 00 00
00 00 00 00 00 00 00 00 00 00 00 00 00 00 00 00
00 00 00 00 00 00 00 00 00 00 00 00 00 00 00 00
00 00 00 00 00 00 00 00 00 00 00 00 00 00 00 00
00 00 00 00 00 00 00 00 00 00 00 00 00 00 00 00
00 00 00 00 00 00 00 00 00 00 00 00 00 00 00 00
00 00 00 00 00 00 00 00 00 00 00 00 00 00 00 00
00 00 00 00 00 00 00 00 00 00 00 00 00 00 00 00
00 00 00 00 00 00 00 00 00 00 00 00 00 00 00 00
00 00 00 00 00 00 00 00 00 00 00 00 00 00 00 00
00 00 00 00 00 00 00 00 00 00 00 00 00 00 00 00
00 00 00 00 00 00 00 00 00 00 00 00 00 00 00 00
00 00 00 00 00 00 00 00 00 00 00 00 00 00 00 00
00 00 00 00 00 00 00 00 00 00 00 00 00 00 00 00
00 00 00 00 00 00 00 00 00 00 00 00 00 00 00 00
00 00 00 00 00 00 00 00 00 00 00 00 00 00 00 00
00 00 00 00 00 00 00 00 00 00 00 00 00 00 00 00
00 00 00 00 00 00 00 00 00 00 00 00 00 00 00 00
00 00 00 00 00 00 00 00 00 00 00 00 00 00 00 00
00 00 00 00 00 00 00 00 00 00 00 00 00 00 00 00
00 00 00 00 00 00 00 00 00 00 00 00 00 00 00 00
00 00 00 00 00 00 00 00 00 00 00 00 00 00 00 00
00 00 00 00 00 00 00 00 00 00 00 00 00 00 00 00
00 00 00 00 00 00 00 00 00 00 00 00 00 00 00 00
00 00 00 00 00 00 00 00 00 00 00 00 00 00 00 00
00 00 00 00 00 00 00 00 00 00 00 00 00 00 00 00
00 00 00 00 00 00 00 00 00 00 00 00 00 00 00 00
00 00 00 00 00 00 00 00 00 00 00 00 00 00 00 00
00 00 00 00 00 00 00 00 00 00 00 00 00 00 00 00
00 00 00 00 00 00 00 00 00 00 00 00 00 00 00 00
00 00 00 00 00 00 00 00 00 00 00 00 00 00 00 00
00 00 00 00 00 00 00 00 00 00 00 00 00 00 00 00
00 00 00 00 00 00 00 00 00 00 00 00 00 00 00 00
00 00 00 00 00 00 00 00 00 00 00 00 00 00 00 00
00 00 00 00 00 00 00 00 00 00 00 00 00 00 00 00
00 00 00 00 00 00 00 00 00 00 00 00 00 00 00 00
00 00 00 00 00 00 00 00 00 00 00 00 00 00 00 00
00 00 00 00 00 00 00 00 00 00 00 00 00 00 00 00
00 00 00 00 00 00 00 00 00 00 00 00 00 00 00 00
00 00 00 00 00 00 00 00 00 00 00 00 00 00 00 00
00 00 00 00 00 00 00 00 00 00 00 00 00 00 00 00
00 00 00 00 00 00 00 00 00 00 00 00 00 00 00 00
00 00 00 00 00 00 00 00 00 00 00 00 00 00 00 00
00 00 00 00 00 00 00 00 00 00 00 00 00 00 00 00
00 00 00 00 00 00 00 00 00 00 00 00 00 00 00 00
00 00 00 00 00 00 00 00 00 00 00 00 00 00 00 00
00 00 00 00 00 00 00 00 00 00 00 00 00 00 00 00
00 00 00 00 00 00 00 00 00 00 00 00 00 00 00 00
00 00 00 00 00 00 00 00 00 00 00 00 00 00 00 00
00 00 00 00 00 00 00 00 00 00 00 00 00 00 00 00
00 00 00 00 00 00 00 00 00 00 00 00 00 00 00 00
00 00 00 00 00 00 00 00 00 00 00 00 00 00 00 00
00 00 00 00 00 00 00 00 00 00 00 00 00 00 00 00
00 00 00 00 00 00 00 00 00 00 00 00 00 00 00 00
00 00 00 00 00 00 00 00 00 00 00 00 00 00 00 00
00 00 00 00 00 00 00 00 00 00 00 00 00 00 00 00
00 00 00 00 00 00 00 00 00 00 00 00 00 00 00 00
00 00 00 00 00 00 00 00 00 00 00 00 00 00 00 00
00 00 00 00 00 00 00 00 00 00 00 00 00 00 00 00
00 00 00 00 00 00 00 00 00 00 00 00 00 00 00 00
00 00 00 00 00 00 00 00 00 00 00 00 00 00 00 00
00 00 00 00 00 00 00 00 00 00 00 00 00 00 00 00
00 00 00 00 00 00 00 00 00 00 00 00 00 00 00 00
00 00 00 00 00 00 00 00 00 00 00 00 00 00 00 00
00 00 00 00 00 00 00 00 00 00 00 00 00 00 00 00
00 00 00 00 00 00 00 00 00 00 00 00 00 00 00 00
00 00 00 00 00 00 00 00 00 00 00 00 00 00 00 00
00 00 00 00 00 00 00 00 00 00 00 00 00 00 00 00
00 00 00 00 00 00 00 00 00 00 00 00 00 00 00 00
00 00 00 00 00 00 00 00 00 00 00 00 00 00 00 00
00 00 00 00 00 00 00 00 00 00 00 00 00 00 00 00
00 00 00 00 00 00 00 00 00 00 00 00 00 00 00 00
00 00 00 00 00 00 00 00 00 00 00 00 00 00 00 00
00 00 00 00 00 00 00 00 00 00 00 00 00 00 00 00
00 00 00 00 00 00 00 00 00 00 00 00 00 00 00 00
00 00 00 00 00 00 00 00 00 00 00 00 00 00 00 00
00 00 00 00 00 00 00 00 00 00 00 00 00 00 00 00
00 00 00 00 00 00 00 00 00 00 00 00 00 00 00 00
00 00 00 00 00 00 00 00 00 00 00 00 00 00 00 00
00 00 00 00 00 00 00 00 00 00 00 00 00 00 00 00
00 00 00 00 00 00 00 00 00 00 00 00 00 00 00 00
00 00 00 00 00 00 00 00 00 00 00 00 00 00 00 00
00 00 00 00 00 00 00 00 00 00 00 00 00 00 00 00
00 00 00 00 00 00 00 00 00 00 00 00 00 00 00 00
00 00 00 00 00 00 00 00 00 00 00 00 00 00 00 00
00 00 00 00 00 00 00 00 00 00 00 00 00 00 00 00
00 00 00 00 00 00 00 00 00 00 00 00 00 00 00 00
00 00 00 00 00 00 00 00 00 00 00 00 00 00 00 00
00 00 00 00 00 00 00 00 00 00 00 00 00 00 00 00
00 00 00 00 00 00 00 00 00 00 00 00 00 00 00 00
00 00 00 00 00 00 00 00 00 00 00 00 00 00 00 00
00 00 00 00 00 00 00 00 00 00 00 00 00 00 00 00
00 00 00 00 00 00 00 00 00 00 00 00 00 00 00 00
00 00 00 00 00 00 00 00 00 00 00 00 00 00 00 00
00 00 00 00 00 00 00 00 00 00 00 00 00 00 00 00
00 00 00 00 00 00 00 00 00 00 00 00 00 00 00 00
00 00 00 00 00 00 00 00 00 00 00 00 00 00 00 00
00 00 00 00 00 00 00 00 00 00 00 00 00 00 00 00
00 00 00 00 00 00 00 00 00 00 00 00 00 00 00 00
00 00 00 00 00 00 00 00 00 00 00 00 00 00 00 00
00 00 00 00 00 00 00 00 00 00 00 00 00 00 00 00
00 00 00 00 00 00 00 00 00 00 00 00 00 00 00 00
00 00 00 00 00 00 00 00 00 00 00 00 00 00 00 00
00 00 00 00 00 00 00 00 00 00 00 00 00 00 00 00
00 00 00 00 00 00 00 00 00 00 00 00 00 00 00 00
00 00 00 00 00 00 00 00 00 00 00 00 00 00 00 00
00 00 00 00 00 00 00 00 00 00 00 00 00 00 00 00
00 00 00 00 00 00 00 00 00 00 00 00 00 00 00 00
00 00 00 00 00 00 00 00 00 00 00 00 00 00 00 00
00 00 00 00 00 00 00 00 00 00 00 00 00 00 00 00
00 00 00 00 00 00 00 00 00 00 00 00 00 00 00 00
00 00 00 00 00 00 00 00 00 00 00 00 00 00 00 00
00 00 00 00 00 00 00 00 00 00 00 00 00 00 00 00
00 00 00 00 00 00 00 00 00 00 00 00 00 00 00 00
00 00 00 00 00 00 00 00 00 00 00 00 00 00 00 00
00 00 00 00 00 00 00 00 00 00 00 00 00 00 00 00
00 00 00 00 00 00 00 00 00 00 00 00 00 00 00 00
00 00 00 00 00 00 00 00 00 00 00 00 00 00 00 00
00 00 00 00 00 00 00 00 00 00 00 00 00 00 00 00
00 00 00 00 00 00 00 00 00 00 00 00 00 00 00 00
00 00 00 00 00 00 00 00 00 00 00 00 00 00 00 00
00 00 00 00 00 00 00 00 00 00 00 00 00 00 00 00
00 00 00 00 00 00 00 00 00 00 00 00 00 00 00 00
00 00 00 00 00 00 00 00 00 00 00 00 00 00 00 00
00 00 00 00 00 00 00 00 00 00 00 00 00 00 00 00
00 00 00 00 00 00 00 00 00 00 00 00 00 00 00 00
00 00 00 00 00 00 00 00 00 00 00 00 00 00 00 00
00 00 00 00 00 00 00 00 00 00 00 00 00 00 00 00
00 00 00 00 00 00 00 00 00 00 00 00 00 00 00 00
00 00 00 00 00 00 00 00 00 00 00 00 00 00 00 00
00 00 00 00 00 00 00 00 00 00 00 00 00 00 00 00
00 00 00 00 00 00 00 00 00 00 00 00 00 00 00 00
00 00 00 00 00 00 00 00 00 00 00 00 00 00 00 00
00 00 00 00 00 00 00 00 00 00 00 00 00 00 00 00
00 00 00 00 00 00 00 00 00 00 00 00 00 00 00 00
00 00 00 00 00 00 00 00 00 00 00 00 00 00 00 00
00 00 00 00 00 00 00 00 00 00 00 00 00 00 00 00
00 00 00 00 00 00 00 00 00 00 00 00 00 00 00 00
00 00 00 00 00 00 00 00 00 00 00 00 00 00 00 00
00 00 00 00 00 00 00 00 00 00 00 00 00 00 00 00
00 00 00 00 00 00 00 00 00 00 00 00 00 00 00 00
00 00 00 00 00 00 00 00 00 00 00 00 00 00 00 00
00 00 00 00 00 00 00 00 00 00 00 00 00 00 00 00
00 00 00 00 00 00 00 00 00 00 00 00 00 00 00 00
00 00 00 00 00 00 00 00 00 00 00 00 00 00 00 00
00 00 00 00 00 00 00 00 00 00 00 00 00 00 00 00
00 00 00 00 00 00 00 00 00 00 00 00 00 00 00 00
00 00 00 00 00 00 00 00 00 00 00 00 00 00 00 00
00 00 00 00 00 00 00 00 00 00 00 00 00 00 00 00
00 00 00 00 00 00 00 00 00 00 00 00 00 00 00 00
00 00 00 00 00 00 00 00 00 00 00 00 00 00 00 00
00 00 00 00 00 00 00 00 00 00 00 00 00 00 00 00
00 00 00 00 00 00 00 00 00 00 00 00 00 00 00 00
00 00 00 00 00 00 00 00 00 00 00 00 00 00 00 00
00 00 00 00 00 00 00 00 00 00 00 00 00 00 00 00
00 00 00 00 00 00 00 00 00 00 00 00 00 00 00 00
00 00 00 00 00 00 00 00 00 00 00 00 00 00 00 00
00 00 00 00 00 00 00 00 00 00 00 00 00 00 00 00
00 00 00 00 00 00 00 00 00 00 00 00 00 00 00 00
00 00 00 00 00 00 00 00 00 00 00 00 00 00 00 00
00 00 00 00 00 00 00 00 00 00 00 00 00 00 00 00
00 00 00 00 00 00 00 00 00 00 00 00 00 00 00 00
00 00 00 00 00 00 00 00 00 00 00 00 00 00 00 00
00 00 00 00 00 00 00 00 00 00 00 00 00 00 00 00
00 00 00 00 00 00 00 00 00 00 00 00 00 00 00 00
00 00 00 00 00 00 00 00 00 00 00 00 00 00 00 00
00 00 00 00 00 00 00 00 00 00 00 00 00 00 00 00
00 00 00 00 00 00 00 00 00 00 00 00 00 00 00 00
00 00 00 00 00 00 00 00 00 00 00 00 00 00 00 00
00 00 00 00 00 00 00 00 00 00 00 00 00 00 00 00
00 00 00 00 00 00 00 00 00 00 00 00 00 00 00 00
00 00 00 00 00 00 00 00 00 00 00 00 00 00 00 00
00 00 00 00 00 00 00 00 00 00 00 00 00 00 00 00
00 00 00 00 00 00 00 00 00 00 00 00 00 00 00 00
00 00 00 00 00 00 00 00 00 00 00 00 00 00 00 00
00 00 00 00 00 00 00 00 00 00 00 00 00 00 00 00
00 00 00 00 00 00 00 00 00 00 00 00 00 00 00 00
00 00 00 00 00 00 00 00 00 00 00 00 00 00 00 00
00 00 00 00 00 00 00 00 00 00 00 00 00 00 00 00
00 00 00 00 00 00 00 00 00 00 00 00 00 00 00 00
00 00 00 00 00 00 00 00 00 00 00 00 00 00 00 00
00 00 00 00 00 00 00 00 00 00 00 00 00 00 00 00
00 00 00 00 00 00 00 00 00 00 00 00 00 00 00 00
00 00 00 00 00 00 00 00 00 00 00 00 00 00 00 00
00 00 00 00 00 00 00 00 00 00 00 00 00 00 00 00
00 00 00 00 00 00 00 00 00 00 00 00 00 00 00 00
00 00 00 00 00 00 00 00 00 00 00 00 00 00 00 00
00 00 00 00 00 00 00 00 00 00 00 00 00 00 00 00
00 00 00 00 00 00 00 00 00 00 00 00 00 00 00 00
00 00 00 00 00 00 00 00 00 00 00 00 00 00 00 00
00 00 00 00 00 00 00 00 00 00 00 00 00 00 00 00
00 00 00 00 00 00 00 00 00 00 00 00 00 00 00 00
00 00 00 00 00 00 00 00 00 00 00 00 00 00 00 00
00 00 00 00 00 00 00 00 00 00 00 00 00 00 00 00
00 00 00 00 00 00 00 00 00 00 00 00 00 00 00 00
00 00 00 00 00 00 00 00 00 00 00 00 00 00 00 00
00 00 00 00 00 00 00 00 00 00 00 00 00 00 00 00
00 00 00 00 00 00 00 00 00 00 00 00 00 00 00 00
00 00 00 00 00 00 00 00 00 00 00 00 00 00 00 00
00 00 00 00 00 00 00 00 00 00 00 00 00 00 00 00
00 00 00 00 00 00 00 00 00 00 00 00 00 00 00 00
00 00 00 00 00 00 00 00 00 00 00 00 00 00 00 00
00 00 00 00 00 00 00 00 00 00 00 00 00 00 00 00
00 00 00 00 00 00 00 00 00 00 00 00 00 00 00 00
00 00 00 00 00 00 00 00 00 00 00 00 00 00 00 00
00 00 00 00 00 00 00 00 00 00 00 00 00 00 00 00
00 00 00 00 00 00 00 00 00 00 00 00 00 00 00 00
00 00 00 00 00 00 00 00 00 00 00 00 00 00 00 00
00 00 00 00 00 00 00 00 00 00 00 00 00 00 00 00
00 00 00 00 00 00 00 00 00 00 00 00 00 00 00 00
00 00 00 00 00 00 00 00 00 00 00 00 00 00 00 00
00 00 00 00 00 00 00 00 00 00 00 00 00 00 00 00
00 00 00 00 00 00 00 00 00 00 00 00 00 00 00 00
@000063C4
00 00 00 00 00 00 00 00 00 00 00 00 00 00 00 00
00 00 00 00 00 00 00 00 00 00 00 00 00 00 00 00
00 00 00 00 00 00 00 00 00 00 00 00 00 00 00 00
00 00 00 00 00 00 00 00 00 00 00 00 00 00 00 00
00 00 00 00 00 00 00 00 00 00 00 00 00 00 00 00
00 00 00 00 00 00 00 00 00 00 00 00 00 00 00 00
00 00 00 00 00 00 00 00 00 00 00 00 00 00 00 00
00 00 00 00 00 00 00 00 00 00 00 00 00 00 00 00
00 00 00 00 00 00 00 00 00 00 00 00 00 00 00 00
00 00 00 00 00 00 00 00 00 00 00 00 00 00 00 00
00 00 00 00 00 00 00 00 00 00 00 00 00 00 00 00
00 00 00 00 00 00 00 00 00 00 00 00 00 00 00 00
00 00 00 00 00 00 00 00 00 00 00 00 00 00 00 00
00 00 00 00 00 00 00 00 00 00 00 00 00 00 00 00
00 00 00 00 00 00 00 00 00 00 00 00 00 00 00 00
00 00 00 00 00 00 00 00 00 00 00 00 00 00 00 00
00 00 00 00 00 00 00 00 00 00 00 00 00 00 00 00
00 00 00 00 00 00 00 00 00 00 00 00 00 00 00 00
00 00 00 00 00 00 00 00 00 00 00 00 00 00 00 00
00 00 00 00 00 00 00 00 00 00 00 00 00 00 00 00
00 00 00 00 00 00 00 00 00 00 00 00 00 00 00 00
00 00 00 00 00 00 00 00 00 00 00 00 00 00 00 00
00 00 00 00 00 00 00 00 00 00 00 00 00 00 00 00
00 00 00 00 00 00 00 00 00 00 00 00 00 00 00 00
00 00 00 00 00 00 00 00 00 00 00 00 00 00 00 00
00 00 00 00 00 00 00 00 00 00 00 00 00 00 00 00
00 00 00 00 00 00 00 00 00 00 00 00 00 00 00 00
00 00 00 00 00 00 00 00 00 00 00 00 00 00 00 00
00 00 00 00 00 00 00 00 00 00 00 00 00 00 00 00
00 00 00 00 00 00 00 00 00 00 00 00 00 00 00 00
00 00 00 00 00 00 00 00 00 00 00 00 00 00 00 00
00 00 00 00 00 00 00 00 00 00 00 00 00 00 00 00
00 00 00 00 00 00 00 00 00 00 00 00 00 00 00 00
00 00 00 00 00 00 00 00 00 00 00 00 00 00 00 00
00 00 00 00 00 00 00 00 00 00 00 00 00 00 00 00
00 00 00 00 00 00 00 00 00 00 00 00 00 00 00 00
00 00 00 00 00 00 00 00 00 00 00 00 00 00 00 00
00 00 00 00 00 00 00 00 00 00 00 00 00 00 00 00
00 00 00 00 00 00 00 00 00 00 00 00 00 00 00 00
00 00 00 00 00 00 00 00 00 00 00 00 00 00 00 00
00 00 00 00 00 00 00 00 00 00 00 00 00 00 00 00
00 00 00 00 00 00 00 00 00 00 00 00 00 00 00 00
00 00 00 00 00 00 00 00 00 00 00 00 00 00 00 00
00 00 00 00 00 00 00 00 00 00 00 00 00 00 00 00
00 00 00 00 00 00 00 00 00 00 00 00 00 00 00 00
00 00 00 00 00 00 00 00 00 00 00 00 00 00 00 00
00 00 00 00 00 00 00 00 00 00 00 00 00 00 00 00
00 00 00 00 00 00 00 00 00 00 00 00 00 00 00 00
00 00 00 00 00 00 00 00 00 00 00 00 00 00 00 00
00 00 00 00 00 00 00 00 00 00 00 00 00 00 00 00
00 00 00 00 00 00 00 00 00 00 00 00 00 00 00 00
00 00 00 00 00 00 00 00 00 00 00 00 00 00 00 00
00 00 00 00 00 00 00 00 00 00 00 00 00 00 00 00
00 00 00 00 00 00 00 00 00 00 00 00 00 00 00 00
00 00 00 00 00 00 00 00 00 00 00 00 00 00 00 00
00 00 00 00 00 00 00 00 00 00 00 00 00 00 00 00
00 00 00 00 00 00 00 00 00 00 00 00 00 00 00 00
00 00 00 00 00 00 00 00 00 00 00 00 00 00 00 00
00 00 00 00 00 00 00 00 00 00 00 00 00 00 00 00
00 00 00 00 00 00 00 00 00 00 00 00 00 00 00 00
00 00 00 00 00 00 00 00 00 00 00 00 00 00 00 00
00 00 00 00 00 00 00 00 00 00 00 00 00 00 00 00
00 00 00 00 00 00 00 00 00 00 00 00 00 00 00 00
00 00 00 00 00 00 00 00 00 00 00 00 00 00 00 00
00 00 00 00 00 00 00 00 00 00 00 00 00 00 00 00
00 00 00 00 00 00 00 00 00 00 00 00 00 00 00 00
00 00 00 00 00 00 00 00 00 00 00 00 00 00 00 00
00 00 00 00 00 00 00 00 00 00 00 00 00 00 00 00
00 00 00 00 00 00 00 00 00 00 00 00 00 00 00 00
00 00 00 00 00 00 00 00 00 00 00 00 00 00 00 00
00 00 00 00 00 00 00 00 00 00 00 00 00 00 00 00
00 00 00 00 00 00 00 00 00 00 00 00 00 00 00 00
00 00 00 00 00 00 00 00 00 00 00 00 00 00 00 00
00 00 00 00 00 00 00 00 00 00 00 00 00 00 00 00
00 00 00 00 00 00 00 00 00 00 00 00 00 00 00 00
00 00 00 00 00 00 00 00 00 00 00 00 00 00 00 00
00 00 00 00 00 00 00 00 00 00 00 00 00 00 00 00
00 00 00 00 00 00 00 00 00 00 00 00 00 00 00 00
00 00 00 00 00 00 00 00 00 00 00 00 00 00 00 00
00 00 00 00 00 00 00 00 00 00 00 00 00 00 00 00
00 00 00 00 00 00 00 00 00 00 00 00 00 00 00 00
00 00 00 00 00 00 00 00 00 00 00 00 00 00 00 00
00 00 00 00 00 00 00 00 00 00 00 00 00 00 00 00
00 00 00 00 00 00 00 00 00 00 00 00 00 00 00 00
00 00 00 00 00 00 00 00 00 00 00 00 00 00 00 00
00 00 00 00 00 00 00 00 00 00 00 00 00 00 00 00
00 00 00 00 00 00 00 00 00 00 00 00 00 00 00 00
00 00 00 00 00 00 00 00 00 00 00 00 00 00 00 00
00 00 00 00 00 00 00 00 00 00 00 00 00 00 00 00
00 00 00 00 00 00 00 00 00 00 00 00 00 00 00 00
00 00 00 00 00 00 00 00 00 00 00 00 00 00 00 00
00 00 00 00 00 00 00 00 00 00 00 00 00 00 00 00
00 00 00 00 00 00 00 00 00 00 00 00 00 00 00 00
00 00 00 00 00 00 00 00 00 00 00 00 00 00 00 00
00 00 00 00 00 00 00 00 00 00 00 00 00 00 00 00
00 00 00 00 00 00 00 00 00 00 00 00 00 00 00 00
00 00 00 00 00 00 00 00 00 00 00 00 00 00 00 00
00 00 00 00 00 00 00 00 00 00 00 00 00 00 00 00
00 00 00 00 00 00 00 00 00 00 00 00 00 00 00 00
00 00 00 00 00 00 00 00 00 00 00 00 00 00 00 00
00 00 00 00 00 00 00 00 00 00 00 00 00 00 00 00
00 00 00 00 00 00 00 00 00 00 00 00 00 00 00 00
00 00 00 00 00 00 00 00 00 00 00 00 00 00 00 00
00 00 00 00 00 00 00 00 00 00 00 00 00 00 00 00
00 00 00 00 00 00 00 00 00 00 00 00 00 00 00 00
00 00 00 00 00 00 00 00 00 00 00 00 00 00 00 00
00 00 00 00 00 00 00 00 00 00 00 00 00 00 00 00
00 00 00 00 00 00 00 00 00 00 00 00 00 00 00 00
00 00 00 00 00 00 00 00 00 00 00 00 00 00 00 00
00 00 00 00 00 00 00 00 00 00 00 00 00 00 00 00
00 00 00 00 00 00 00 00 00 00 00 00 00 00 00 00
00 00 00 00 00 00 00 00 00 00 00 00 00 00 00 00
00 00 00 00 00 00 00 00 00 00 00 00 00 00 00 00
00 00 00 00 00 00 00 00 00 00 00 00 00 00 00 00
00 00 00 00 00 00 00 00 00 00 00 00 00 00 00 00
00 00 00 00 00 00 00 00 00 00 00 00 00 00 00 00
00 00 00 00 00 00 00 00 00 00 00 00 00 00 00 00
00 00 00 00 00 00 00 00 00 00 00 00 00 00 00 00
00 00 00 00 00 00 00 00 00 00 00 00 00 00 00 00
00 00 00 00 00 00 00 00 00 00 00 00 00 00 00 00
00 00 00 00 00 00 00 00 00 00 00 00 00 00 00 00
00 00 00 00 00 00 00 00 00 00 00 00 00 00 00 00
00 00 00 00 00 00 00 00 00 00 00 00 00 00 00 00
00 00 00 00 00 00 00 00 00 00 00 00 00 00 00 00
00 00 00 00 00 00 00 00 00 00 00 00 00 00 00 00
00 00 00 00 00 00 00 00 00 00 00 00 00 00 00 00
00 00 00 00 00 00 00 00 00 00 00 00 00 00 00 00
00 00 00 00 00 00 00 00 00 00 00 00 00 00 00 00
00 00 00 00 00 00 00 00 00 00 00 00 00 00 00 00
00 00 00 00 00 00 00 00 00 00 00 00 00 00 00 00
00 00 00 00 00 00 00 00 00 00 00 00 00 00 00 00
00 00 00 00 00 00 00 00 00 00 00 00 00 00 00 00
00 00 00 00 00 00 00 00 00 00 00 00 00 00 00 00
00 00 00 00 00 00 00 00 00 00 00 00 00 00 00 00
00 00 00 00 00 00 00 00 00 00 00 00 00 00 00 00
00 00 00 00 00 00 00 00 00 00 00 00 00 00 00 00
00 00 00 00 00 00 00 00 00 00 00 00 00 00 00 00
00 00 00 00 00 00 00 00 00 00 00 00 00 00 00 00
00 00 00 00 00 00 00 00 00 00 00 00 00 00 00 00
00 00 00 00 00 00 00 00 00 00 00 00 00 00 00 00
00 00 00 00 00 00 00 00 00 00 00 00 00 00 00 00
00 00 00 00 00 00 00 00 00 00 00 00 00 00 00 00
00 00 00 00 00 00 00 00 00 00 00 00 00 00 00 00
00 00 00 00 00 00 00 00 00 00 00 00 00 00 00 00
00 00 00 00 00 00 00 00 00 00 00 00 00 00 00 00
00 00 00 00 00 00 00 00 00 00 00 00 00 00 00 00
00 00 00 00 00 00 00 00 00 00 00 00 00 00 00 00
00 00 00 00 00 00 00 00 00 00 00 00 00 00 00 00
00 00 00 00 00 00 00 00 00 00 00 00 00 00 00 00
00 00 00 00 00 00 00 00 00 00 00 00 00 00 00 00
00 00 00 00 00 00 00 00 00 00 00 00 00 00 00 00
00 00 00 00 00 00 00 00 00 00 00 00 00 00 00 00
00 00 00 00 00 00 00 00 00 00 00 00 00 00 00 00
00 00 00 00 00 00 00 00 00 00 00 00 00 00 00 00
00 00 00 00 00 00 00 00 00 00 00 00 00 00 00 00
00 00 00 00 00 00 00 00 00 00 00 00 00 00 00 00
00 00 00 00 00 00 00 00 00 00 00 00 00 00 00 00
00 00 00 00 00 00 00 00 00 00 00 00 00 00 00 00
00 00 00 00 00 00 00 00 00 00 00 00 00 00 00 00
00 00 00 00 00 00 00 00 00 00 00 00 00 00 00 00
00 00 00 00 00 00 00 00 00 00 00 00 00 00 00 00
00 00 00 00 00 00 00 00 00 00 00 00 00 00 00 00
00 00 00 00 00 00 00 00 00 00 00 00 00 00 00 00
00 00 00 00 00 00 00 00 00 00 00 00 00 00 00 00
00 00 00 00 00 00 00 00 00 00 00 00 00 00 00 00
00 00 00 00 00 00 00 00 00 00 00 00 00 00 00 00
00 00 00 00 00 00 00 00 00 00 00 00 00 00 00 00
00 00 00 00 00 00 00 00 00 00 00 00 00 00 00 00
00 00 00 00 00 00 00 00 00 00 00 00 00 00 00 00
00 00 00 00 00 00 00 00 00 00 00 00 00 00 00 00
00 00 00 00 00 00 00 00 00 00 00 00 00 00 00 00
00 00 00 00 00 00 00 00 00 00 00 00 00 00 00 00
00 00 00 00 00 00 00 00 00 00 00 00 00 00 00 00
00 00 00 00 00 00 00 00 00 00 00 00 00 00 00 00
00 00 00 00 00 00 00 00 00 00 00 00 00 00 00 00
00 00 00 00 00 00 00 00 00 00 00 00 00 00 00 00
00 00 00 00 00 00 00 00 00 00 00 00 00 00 00 00
00 00 00 00 00 00 00 00 00 00 00 00 00 00 00 00
00 00 00 00 00 00 00 00 00 00 00 00 00 00 00 00
00 00 00 00 00 00 00 00 00 00 00 00 00 00 00 00
00 00 00 00 00 00 00 00 00 00 00 00 00 00 00 00
00 00 00 00 00 00 00 00 00 00 00 00 00 00 00 00
00 00 00 00 00 00 00 00 00 00 00 00 00 00 00 00
00 00 00 00 00 00 00 00 00 00 00 00 00 00 00 00
00 00 00 00 00 00 00 00 00 00 00 00 00 00 00 00
00 00 00 00 00 00 00 00 00 00 00 00 00 00 00 00
00 00 00 00 00 00 00 00 00 00 00 00 00 00 00 00
00 00 00 00 00 00 00 00 00 00 00 00 00 00 00 00
00 00 00 00 00 00 00 00 00 00 00 00 00 00 00 00
00 00 00 00 00 00 00 00 00 00 00 00 00 00 00 00
00 00 00 00 00 00 00 00 00 00 00 00 00 00 00 00
00 00 00 00 00 00 00 00 00 00 00 00 00 00 00 00
00 00 00 00 00 00 00 00 00 00 00 00 00 00 00 00
00 00 00 00 00 00 00 00 00 00 00 00 00 00 00 00
00 00 00 00 00 00 00 00 00 00 00 00 00 00 00 00
00 00 00 00 00 00 00 00 00 00 00 00 00 00 00 00
00 00 00 00 00 00 00 00 00 00 00 00 00 00 00 00
00 00 00 00 00 00 00 00 00 00 00 00 00 00 00 00
00 00 00 00 00 00 00 00 00 00 00 00 00 00 00 00
00 00 00 00 00 00 00 00 00 00 00 00 00 00 00 00
00 00 00 00 00 00 00 00 00 00 00 00 00 00 00 00
00 00 00 00 00 00 00 00 00 00 00 00 00 00 00 00
00 00 00 00 00 00 00 00 00 00 00 00 00 00 00 00
00 00 00 00 00 00 00 00 00 00 00 00 00 00 00 00
00 00 00 00 00 00 00 00 00 00 00 00 00 00 00 00
00 00 00 00 00 00 00 00 00 00 00 00 00 00 00 00
00 00 00 00 00 00 00 00 00 00 00 00 00 00 00 00
00 00 00 00 00 00 00 00 00 00 00 00 00 00 00 00
00 00 00 00 00 00 00 00 00 00 00 00 00 00 00 00
00 00 00 00 00 00 00 00 00 00 00 00 00 00 00 00
00 00 00 00 00 00 00 00 00 00 00 00 00 00 00 00
00 00 00 00 00 00 00 00 00 00 00 00 00 00 00 00
00 00 00 00 00 00 00 00 00 00 00 00 00 00 00 00
00 00 00 00 00 00 00 00 00 00 00 00 00 00 00 00
00 00 00 00 00 00 00 00 00 00 00 00 00 00 00 00
00 00 00 00 00 00 00 00 00 00 00 00 00 00 00 00
00 00 00 00 00 00 00 00 00 00 00 00 00 00 00 00
00 00 00 00 00 00 00 00 00 00 00 00 00 00 00 00
00 00 00 00 00 00 00 00 00 00 00 00 00 00 00 00
00 00 00 00 00 00 00 00 00 00 00 00 00 00 00 00
00 00 00 00 00 00 00 00 00 00 00 00 00 00 00 00
00 00 00 00 00 00 00 00 00 00 00 00 00 00 00 00
00 00 00 00 00 00 00 00 00 00 00 00 00 00 00 00
00 00 00 00 00 00 00 00 00 00 00 00 00 00 00 00
00 00 00 00 00 00 00 00 00 00 00 00 00 00 00 00
00 00 00 00 00 00 00 00 00 00 00 00 00 00 00 00
00 00 00 00 00 00 00 00 00 00 00 00 00 00 00 00
00 00 00 00 00 00 00 00 00 00 00 00 00 00 00 00
00 00 00 00 00 00 00 00 00 00 00 00 00 00 00 00
00 00 00 00 00 00 00 00 00 00 00 00 00 00 00 00
00 00 00 00 00 00 00 00 00 00 00 00 00 00 00 00
00 00 00 00 00 00 00 00 00 00 00 00 00 00 00 00
00 00 00 00 00 00 00 00 00 00 00 00 00 00 00 00
00 00 00 00 00 00 00 00 00 00 00 00 00 00 00 00
00 00 00 00 00 00 00 00 00 00 00 00 00 00 00 00
00 00 00 00 00 00 00 00 00 00 00 00 00 00 00 00
00 00 00 00 00 00 00 00 00 00 00 00 00 00 00 00
00 00 00 00 00 00 00 00 00 00 00 00 00 00 00 00
00 00 00 00 00 00 00 00 00 00 00 00 00 00 00 00
00 00 00 00 00 00 00 00 00 00 00 00 00 00 00 00
00 00 00 00 00 00 00 00 00 00 00 00 00 00 00 00
00 00 00 00 00 00 00 00 00 00 00 00 00 00 00 00
00 00 00 00 00 00 00 00 00 00 00 00 00 00 00 00
00 00 00 00 00 00 00 00 00 00 00 00 00 00 00 00
00 00 00 00 00 00 00 00 00 00 00 00 00 00 00 00
00 00 00 00 00 00 00 00 00 00 00 00 00 00 00 00
00 00 00 00 00 00 00 00 00 00 00 00 00 00 00 00
00 00 00 00 00 00 00 00 00 00 00 00 00 00 00 00
00 00 00 00 00 00 00 00 00 00 00 00 00 00 00 00
00 00 00 00 00 00 00 00 00 00 00 00 00 00 00 00
00 00 00 00 00 00 00 00 00 00 00 00 00 00 00 00
00 00 00 00 00 00 00 00 00 00 00 00 00 00 00 00
00 00 00 00 00 00 00 00 00 00 00 00 00 00 00 00
00 00 00 00 00 00 00 00 00 00 00 00 00 00 00 00
00 00 00 00 00 00 00 00 00 00 00 00 00 00 00 00
00 00 00 00 00 00 00 00 00 00 00 00 00 00 00 00
00 00 00 00 00 00 00 00 00 00 00 00 00 00 00 00
00 00 00 00 00 00 00 00 00 00 00 00 00 00 00 00
00 00 00 00 00 00 00 00 00 00 00 00 00 00 00 00
00 00 00 00 00 00 00 00 00 00 00 00 00 00 00 00
00 00 00 00 00 00 00 00 00 00 00 00 00 00 00 00
00 00 00 00 00 00 00 00 00 00 00 00 00 00 00 00
00 00 00 00 00 00 00 00 00 00 00 00 00 00 00 00
00 00 00 00 00 00 00 00 00 00 00 00 00 00 00 00
00 00 00 00 00 00 00 00 00 00 00 00 00 00 00 00
00 00 00 00 00 00 00 00 00 00 00 00 00 00 00 00
00 00 00 00 00 00 00 00 00 00 00 00 00 00 00 00
00 00 00 00 00 00 00 00 00 00 00 00 00 00 00 00
00 00 00 00 00 00 00 00 00 00 00 00 00 00 00 00
00 00 00 00 00 00 00 00 00 00 00 00 00 00 00 00
00 00 00 00 00 00 00 00 00 00 00 00 00 00 00 00
00 00 00 00 00 00 00 00 00 00 00 00 00 00 00 00
00 00 00 00 00 00 00 00 00 00 00 00 00 00 00 00
00 00 00 00 00 00 00 00 00 00 00 00 00 00 00 00
00 00 00 00 00 00 00 00 00 00 00 00 00 00 00 00
00 00 00 00 00 00 00 00 00 00 00 00 00 00 00 00
00 00 00 00 00 00 00 00 00 00 00 00 00 00 00 00
00 00 00 00 00 00 00 00 00 00 00 00 00 00 00 00
00 00 00 00 00 00 00 00 00 00 00 00 00 00 00 00
00 00 00 00 00 00 00 00 00 00 00 00 00 00 00 00
00 00 00 00 00 00 00 00 00 00 00 00 00 00 00 00
00 00 00 00 00 00 00 00 00 00 00 00 00 00 00 00
00 00 00 00 00 00 00 00 00 00 00 00 00 00 00 00
00 00 00 00 00 00 00 00 00 00 00 00 00 00 00 00
00 00 00 00 00 00 00 00 00 00 00 00 00 00 00 00
00 00 00 00 00 00 00 00 00 00 00 00 00 00 00 00
00 00 00 00 00 00 00 00 00 00 00 00 00 00 00 00
00 00 00 00 00 00 00 00 00 00 00 00 00 00 00 00
00 00 00 00 00 00 00 00 00 00 00 00 00 00 00 00
00 00 00 00 00 00 00 00 00 00 00 00 00 00 00 00
00 00 00 00 00 00 00 00 00 00 00 00 00 00 00 00
00 00 00 00 00 00 00 00 00 00 00 00 00 00 00 00
00 00 00 00 00 00 00 00 00 00 00 00 00 00 00 00
00 00 00 00 00 00 00 00 00 00 00 00 00 00 00 00
00 00 00 00 00 00 00 00 00 00 00 00 00 00 00 00
00 00 00 00 00 00 00 00 00 00 00 00 00 00 00 00
00 00 00 00 00 00 00 00 00 00 00 00 00 00 00 00
00 00 00 00 00 00 00 00 00 00 00 00 00 00 00 00
00 00 00 00 00 00 00 00 00 00 00 00 00 00 00 00
00 00 00 00 00 00 00 00 00 00 00 00 00 00 00 00
00 00 00 00 00 00 00 00 00 00 00 00 00 00 00 00
00 00 00 00 00 00 00 00 00 00 00 00 00 00 00 00
00 00 00 00 00 00 00 00 00 00 00 00 00 00 00 00
00 00 00 00 00 00 00 00 00 00 00 00 00 00 00 00
00 00 00 00 00 00 00 00 00 00 00 00 00 00 00 00
00 00 00 00 00 00 00 00 00 00 00 00 00 00 00 00
00 00 00 00 00 00 00 00 00 00 00 00 00 00 00 00
00 00 00 00 00 00 00 00 00 00 00 00 00 00 00 00
00 00 00 00 00 00 00 00 00 00 00 00 00 00 00 00
00 00 00 00 00 00 00 00 00 00 00 00 00 00 00 00
00 00 00 00 00 00 00 00 00 00 00 00 00 00 00 00
00 00 00 00 00 00 00 00 00 00 00 00 00 00 00 00
00 00 00 00 00 00 00 00 00 00 00 00 00 00 00 00
00 00 00 00 00 00 00 00 00 00 00 00 00 00 00 00
00 00 00 00 00 00 00 00 00 00 00 00 00 00 00 00
00 00 00 00 00 00 00 00 00 00 00 00 00 00 00 00
00 00 00 00 00 00 00 00 00 00 00 00 00 00 00 00
00 00 00 00 00 00 00 00 00 00 00 00 00 00 00 00
00 00 00 00 00 00 00 00 00 00 00 00 00 00 00 00
00 00 00 00 00 00 00 00 00 00 00 00 00 00 00 00
00 00 00 00 00 00 00 00 00 00 00 00 00 00 00 00
00 00 00 00 00 00 00 00 00 00 00 00 00 00 00 00
00 00 00 00 00 00 00 00 00 00 00 00 00 00 00 00
00 00 00 00 00 00 00 00 00 00 00 00 00 00 00 00
00 00 00 00 00 00 00 00 00 00 00 00 00 00 00 00
00 00 00 00 00 00 00 00 00 00 00 00 00 00 00 00
00 00 00 00 00 00 00 00 00 00 00 00 00 00 00 00
00 00 00 00 00 00 00 00 00 00 00 00 00 00 00 00
00 00 00 00 00 00 00 00 00 00 00 00 00 00 00 00
00 00 00 00 00 00 00 00 00 00 00 00 00 00 00 00
00 00 00 00 00 00 00 00 00 00 00 00 00 00 00 00
00 00 00 00 00 00 00 00 00 00 00 00 00 00 00 00
00 00 00 00 00 00 00 00 00 00 00 00 00 00 00 00
00 00 00 00 00 00 00 00 00 00 00 00 00 00 00 00
00 00 00 00 00 00 00 00 00 00 00 00 00 00 00 00
00 00 00 00 00 00 00 00 00 00 00 00 00 00 00 00
00 00 00 00 00 00 00 00 00 00 00 00 00 00 00 00
00 00 00 00 00 00 00 00 00 00 00 00 00 00 00 00
00 00 00 00 00 00 00 00 00 00 00 00 00 00 00 00
00 00 00 00 00 00 00 00 00 00 00 00 00 00 00 00
00 00 00 00 00 00 00 00 00 00 00 00 00 00 00 00
00 00 00 00 00 00 00 00 00 00 00 00 00 00 00 00
00 00 00 00 00 00 00 00 00 00 00 00 00 00 00 00
00 00 00 00 00 00 00 00 00 00 00 00 00 00 00 00
00 00 00 00 00 00 00 00 00 00 00 00 00 00 00 00
00 00 00 00 00 00 00 00 00 00 00 00 00 00 00 00
00 00 00 00 00 00 00 00 00 00 00 00 00 00 00 00
00 00 00 00 00 00 00 00 00 00 00 00 00 00 00 00
00 00 00 00 00 00 00 00 00 00 00 00 00 00 00 00
00 00 00 00 00 00 00 00 00 00 00 00 00 00 00 00
00 00 00 00 00 00 00 00 00 00 00 00 00 00 00 00
00 00 00 00 00 00 00 00 00 00 00 00 00 00 00 00
00 00 00 00 00 00 00 00 00 00 00 00 00 00 00 00
00 00 00 00 00 00 00 00 00 00 00 00 00 00 00 00
00 00 00 00 00 00 00 00 00 00 00 00 00 00 00 00
00 00 00 00 00 00 00 00 00 00 00 00 00 00 00 00
00 00 00 00 00 00 00 00 00 00 00 00 00 00 00 00
00 00 00 00 00 00 00 00 00 00 00 00 00 00 00 00
00 00 00 00 00 00 00 00 00 00 00 00 00 00 00 00
00 00 00 00 00 00 00 00 00 00 00 00 00 00 00 00
00 00 00 00 00 00 00 00 00 00 00 00 00 00 00 00
00 00 00 00 00 00 00 00 00 00 00 00 00 00 00 00
00 00 00 00 00 00 00 00 00 00 00 00 00 00 00 00
00 00 00 00 00 00 00 00 00 00 00 00 00 00 00 00
00 00 00 00 00 00 00 00 00 00 00 00 00 00 00 00
00 00 00 00 00 00 00 00 00 00 00 00 00 00 00 00
00 00 00 00 00 00 00 00 00 00 00 00 00 00 00 00
00 00 00 00 00 00 00 00 00 00 00 00 00 00 00 00
00 00 00 00 00 00 00 00 00 00 00 00 00 00 00 00
00 00 00 00 00 00 00 00 00 00 00 00 00 00 00 00
00 00 00 00 00 00 00 00 00 00 00 00 00 00 00 00
00 00 00 00 00 00 00 00 00 00 00 00 00 00 00 00
00 00 00 00 00 00 00 00 00 00 00 00 00 00 00 00
00 00 00 00 00 00 00 00 00 00 00 00 00 00 00 00
00 00 00 00 00 00 00 00 00 00 00 00 00 00 00 00
00 00 00 00 00 00 00 00 00 00 00 00 00 00 00 00
00 00 00 00 00 00 00 00 00 00 00 00 00 00 00 00
00 00 00 00 00 00 00 00 00 00 00 00 00 00 00 00
00 00 00 00 00 00 00 00 00 00 00 00 00 00 00 00
00 00 00 00 00 00 00 00 00 00 00 00 00 00 00 00
00 00 00 00 00 00 00 00 00 00 00 00 00 00 00 00
00 00 00 00 00 00 00 00 00 00 00 00 00 00 00 00
00 00 00 00 00 00 00 00 00 00 00 00 00 00 00 00
00 00 00 00 00 00 00 00 00 00 00 00 00 00 00 00
00 00 00 00 00 00 00 00 00 00 00 00 00 00 00 00
00 00 00 00 00 00 00 00 00 00 00 00 00 00 00 00
00 00 00 00 00 00 00 00 00 00 00 00 00 00 00 00
00 00 00 00 00 00 00 00 00 00 00 00 00 00 00 00
00 00 00 00 00 00 00 00 00 00 00 00 00 00 00 00
00 00 00 00 00 00 00 00 00 00 00 00 00 00 00 00
00 00 00 00 00 00 00 00 00 00 00 00 00 00 00 00
00 00 00 00 00 00 00 00 00 00 00 00 00 00 00 00
00 00 00 00 00 00 00 00 00 00 00 00 00 00 00 00
00 00 00 00 00 00 00 00 00 00 00 00 00 00 00 00
00 00 00 00 00 00 00 00 00 00 00 00 00 00 00 00
00 00 00 00 00 00 00 00 00 00 00 00 00 00 00 00
00 00 00 00 00 00 00 00 00 00 00 00 00 00 00 00
00 00 00 00 00 00 00 00 00 00 00 00 00 00 00 00
00 00 00 00 00 00 00 00 00 00 00 00 00 00 00 00
00 00 00 00 00 00 00 00 00 00 00 00 00 00 00 00
00 00 00 00 00 00 00 00 00 00 00 00 00 00 00 00
00 00 00 00 00 00 00 00 00 00 00 00 00 00 00 00
00 00 00 00 00 00 00 00 00 00 00 00 00 00 00 00
00 00 00 00 00 00 00 00 00 00 00 00 00 00 00 00
00 00 00 00 00 00 00 00 00 00 00 00 00 00 00 00
00 00 00 00 00 00 00 00 00 00 00 00 00 00 00 00
00 00 00 00 00 00 00 00 00 00 00 00 00 00 00 00
00 00 00 00 00 00 00 00 00 00 00 00 00 00 00 00
00 00 00 00 00 00 00 00 00 00 00 00 00 00 00 00
00 00 00 00 00 00 00 00 00 00 00 00 00 00 00 00
00 00 00 00 00 00 00 00 00 00 00 00 00 00 00 00
00 00 00 00 00 00 00 00 00 00 00 00 00 00 00 00
00 00 00 00 00 00 00 00 00 00 00 00 00 00 00 00
00 00 00 00 00 00 00 00 00 00 00 00 00 00 00 00
00 00 00 00 00 00 00 00 00 00 00 00 00 00 00 00
00 00 00 00 00 00 00 00 00 00 00 00 00 00 00 00
00 00 00 00 00 00 00 00 00 00 00 00 00 00 00 00
00 00 00 00 00 00 00 00 00 00 00 00 00 00 00 00
00 00 00 00 00 00 00 00 00 00 00 00 00 00 00 00
00 00 00 00 00 00 00 00 00 00 00 00 00 00 00 00
00 00 00 00 00 00 00 00 00 00 00 00 00 00 00 00
00 00 00 00 00 00 00 00 00 00 00 00 00 00 00 00
00 00 00 00 00 00 00 00 00 00 00 00 00 00 00 00
00 00 00 00 00 00 00 00 00 00 00 00 00 00 00 00
00 00 00 00 00 00 00 00 00 00 00 00 00 00 00 00
00 00 00 00 00 00 00 00 00 00 00 00 00 00 00 00
00 00 00 00 00 00 00 00 00 00 00 00 00 00 00 00
00 00 00 00 00 00 00 00 00 00 00 00 00 00 00 00
00 00 00 00 00 00 00 00 00 00 00 00 00 00 00 00
00 00 00 00 00 00 00 00 00 00 00 00 00 00 00 00
00 00 00 00 00 00 00 00 00 00 00 00 00 00 00 00
00 00 00 00 00 00 00 00 00 00 00 00 00 00 00 00
00 00 00 00 00 00 00 00 00 00 00 00 00 00 00 00
00 00 00 00 00 00 00 00 00 00 00 00 00 00 00 00
00 00 00 00 00 00 00 00 00 00 00 00 00 00 00 00
00 00 00 00 00 00 00 00 00 00 00 00 00 00 00 00
00 00 00 00 00 00 00 00 00 00 00 00 00 00 00 00
00 00 00 00 00 00 00 00 00 00 00 00 00 00 00 00
00 00 00 00 00 00 00 00 00 00 00 00 00 00 00 00
00 00 00 00 00 00 00 00 00 00 00 00 00 00 00 00
00 00 00 00 00 00 00 00 00 00 00 00 00 00 00 00
00 00 00 00 00 00 00 00 00 00 00 00 00 00 00 00
00 00 00 00 00 00 00 00 00 00 00 00 00 00 00 00
00 00 00 00 00 00 00 00 00 00 00 00 00 00 00 00
00 00 00 00 00 00 00 00 00 00 00 00 00 00 00 00
00 00 00 00 00 00 00 00 00 00 00 00 00 00 00 00
00 00 00 00 00 00 00 00 00 00 00 00 00 00 00 00
00 00 00 00 00 00 00 00 00 00 00 00 00 00 00 00
00 00 00 00 00 00 00 00 00 00 00 00 00 00 00 00
00 00 00 00 00 00 00 00 00 00 00 00 00 00 00 00
00 00 00 00 00 00 00 00 00 00 00 00 00 00 00 00
00 00 00 00 00 00 00 00 00 00 00 00 00 00 00 00
00 00 00 00 00 00 00 00 00 00 00 00 00 00 00 00
00 00 00 00 00 00 00 00 00 00 00 00 00 00 00 00
00 00 00 00 00 00 00 00 00 00 00 00 00 00 00 00
00 00 00 00 00 00 00 00 00 00 00 00 00 00 00 00
00 00 00 00 00 00 00 00 00 00 00 00 00 00 00 00
00 00 00 00 00 00 00 00 00 00 00 00 00 00 00 00
00 00 00 00 00 00 00 00 00 00 00 00 00 00 00 00
00 00 00 00 00 00 00 00 00 00 00 00 00 00 00 00
00 00 00 00 00 00 00 00 00 00 00 00 00 00 00 00
00 00 00 00 00 00 00 00 00 00 00 00 00 00 00 00
00 00 00 00 00 00 00 00 00 00 00 00 00 00 00 00
00 00 00 00 00 00 00 00 00 00 00 00 00 00 00 00
00 00 00 00 00 00 00 00 00 00 00 00 00 00 00 00
00 00 00 00 00 00 00 00 00 00 00 00 00 00 00 00
00 00 00 00 00 00 00 00 00 00 00 00 00 00 00 00
00 00 00 00 00 00 00 00 00 00 00 00 00 00 00 00
00 00 00 00 00 00 00 00 00 00 00 00 00 00 00 00
00 00 00 00 00 00 00 00 00 00 00 00 00 00 00 00
00 00 00 00 00 00 00 00 00 00 00 00 00 00 00 00
00 00 00 00 00 00 00 00 00 00 00 00 00 00 00 00
00 00 00 00 00 00 00 00 00 00 00 00 00 00 00 00
00 00 00 00 00 00 00 00 00 00 00 00 00 00 00 00
00 00 00 00 00 00 00 00 00 00 00 00 00 00 00 00
00 00 00 00 00 00 00 00 00 00 00 00 00 00 00 00
00 00 00 00 00 00 00 00 00 00 00 00 00 00 00 00
00 00 00 00 00 00 00 00 00 00 00 00 00 00 00 00
00 00 00 00 00 00 00 00 00 00 00 00 00 00 00 00
00 00 00 00 00 00 00 00 00 00 00 00 00 00 00 00
00 00 00 00 00 00 00 00 00 00 00 00 00 00 00 00
00 00 00 00 00 00 00 00 00 00 00 00 00 00 00 00
00 00 00 00 00 00 00 00 00 00 00 00 00 00 00 00
00 00 00 00 00 00 00 00 00 00 00 00 00 00 00 00
00 00 00 00 00 00 00 00 00 00 00 00 00 00 00 00
00 00 00 00 00 00 00 00 00 00 00 00 00 00 00 00
00 00 00 00 00 00 00 00 00 00 00 00 00 00 00 00
00 00 00 00 00 00 00 00 00 00 00 00 00 00 00 00
00 00 00 00 00 00 00 00 00 00 00 00 00 00 00 00
00 00 00 00 00 00 00 00 00 00 00 00 00 00 00 00
00 00 00 00 00 00 00 00 00 00 00 00 00 00 00 00
00 00 00 00 00 00 00 00 00 00 00 00 00 00 00 00
00 00 00 00 00 00 00 00 00 00 00 00 00 00 00 00
00 00 00 00 00 00 00 00 00 00 00 00 00 00 00 00
00 00 00 00 00 00 00 00 00 00 00 00 00 00 00 00
00 00 00 00 00 00 00 00 00 00 00 00 00 00 00 00
00 00 00 00 00 00 00 00 00 00 00 00 00 00 00 00
00 00 00 00 00 00 00 00 00 00 00 00 00 00 00 00
00 00 00 00 00 00 00 00 00 00 00 00 00 00 00 00
00 00 00 00 00 00 00 00 00 00 00 00 00 00 00 00
00 00 00 00 00 00 00 00 00 00 00 00 00 00 00 00
00 00 00 00 00 00 00 00 00 00 00 00 00 00 00 00
00 00 00 00 00 00 00 00 00 00 00 00 00 00 00 00
00 00 00 00 00 00 00 00 00 00 00 00 00 00 00 00
00 00 00 00 00 00 00 00 00 00 00 00 00 00 00 00
00 00 00 00 00 00 00 00 00 00 00 00 00 00 00 00
00 00 00 00 00 00 00 00 00 00 00 00 00 00 00 00
00 00 00 00 00 00 00 00 00 00 00 00 00 00 00 00
00 00 00 00 00 00 00 00 00 00 00 00 00 00 00 00
00 00 00 00 00 00 00 00 00 00 00 00 00 00 00 00
00 00 00 00 00 00 00 00 00 00 00 00 00 00 00 00
00 00 00 00 00 00 00 00 00 00 00 00 00 00 00 00
@000083C4
00 00 00 00 00 00 00 00 00 00 00 00 00 00 00 00
00 00 00 00 00 00 00 00 00 00 00 00 00 00 00 00
00 00 00 00 00 00 00 00 00 00 00 00 00 00 00 00
00 00 00 00 00 00 00 00 00 00 00 00 00 00 00 00
00 00 00 00 00 00 00 00 00 00 00 00 00 00 00 00
00 00 00 00 00 00 00 00 00 00 00 00 00 00 00 00
00 00 00 00 00 00 00 00 00 00 00 00 00 00 00 00
00 00 00 00 00 00 00 00 00 00 00 00 00 00 00 00
00 00 00 00 00 00 00 00 00 00 00 00 00 00 00 00
00 00 00 00 00 00 00 00 00 00 00 00 00 00 00 00
00 00 00 00 00 00 00 00 00 00 00 00 00 00 00 00
00 00 00 00 00 00 00 00 00 00 00 00 00 00 00 00
00 00 00 00 00 00 00 00 00 00 00 00 00 00 00 00
00 00 00 00 00 00 00 00 00 00 00 00 00 00 00 00
00 00 00 00 00 00 00 00 00 00 00 00 00 00 00 00
00 00 00 00 00 00 00 00 00 00 00 00 00 00 00 00
00 00 00 00 00 00 00 00 00 00 00 00 00 00 00 00
00 00 00 00 00 00 00 00 00 00 00 00 00 00 00 00
00 00 00 00 00 00 00 00 00 00 00 00 00 00 00 00
00 00 00 00 00 00 00 00 00 00 00 00 00 00 00 00
00 00 00 00 00 00 00 00 00 00 00 00 00 00 00 00
00 00 00 00 00 00 00 00 00 00 00 00 00 00 00 00
00 00 00 00 00 00 00 00 00 00 00 00 00 00 00 00
00 00 00 00 00 00 00 00 00 00 00 00 00 00 00 00
00 00 00 00 00 00 00 00 00 00 00 00 00 00 00 00
00 00 00 00 00 00 00 00 00 00 00 00 00 00 00 00
00 00 00 00 00 00 00 00 00 00 00 00 00 00 00 00
00 00 00 00 00 00 00 00 00 00 00 00 00 00 00 00
00 00 00 00 00 00 00 00 00 00 00 00 00 00 00 00
00 00 00 00 00 00 00 00 00 00 00 00 00 00 00 00
00 00 00 00 00 00 00 00 00 00 00 00 00 00 00 00
00 00 00 00 00 00 00 00 00 00 00 00 00 00 00 00
00 00 00 00 00 00 00 00 00 00 00 00 00 00 00 00
00 00 00 00 00 00 00 00 00 00 00 00 00 00 00 00
00 00 00 00 00 00 00 00 00 00 00 00 00 00 00 00
00 00 00 00 00 00 00 00 00 00 00 00 00 00 00 00
00 00 00 00 00 00 00 00 00 00 00 00 00 00 00 00
00 00 00 00 00 00 00 00 00 00 00 00 00 00 00 00
00 00 00 00 00 00 00 00 00 00 00 00 00 00 00 00
00 00 00 00 00 00 00 00 00 00 00 00 00 00 00 00
00 00 00 00 00 00 00 00 00 00 00 00 00 00 00 00
00 00 00 00 00 00 00 00 00 00 00 00 00 00 00 00
00 00 00 00 00 00 00 00 00 00 00 00 00 00 00 00
00 00 00 00 00 00 00 00 00 00 00 00 00 00 00 00
00 00 00 00 00 00 00 00 00 00 00 00 00 00 00 00
00 00 00 00 00 00 00 00 00 00 00 00 00 00 00 00
00 00 00 00 00 00 00 00 00 00 00 00 00 00 00 00
00 00 00 00 00 00 00 00 00 00 00 00 00 00 00 00
00 00 00 00 00 00 00 00 00 00 00 00 00 00 00 00
00 00 00 00 00 00 00 00 00 00 00 00 00 00 00 00
00 00 00 00 00 00 00 00 00 00 00 00 00 00 00 00
00 00 00 00 00 00 00 00 00 00 00 00 00 00 00 00
00 00 00 00 00 00 00 00 00 00 00 00 00 00 00 00
00 00 00 00 00 00 00 00 00 00 00 00 00 00 00 00
00 00 00 00 00 00 00 00 00 00 00 00 00 00 00 00
00 00 00 00 00 00 00 00 00 00 00 00 00 00 00 00
00 00 00 00 00 00 00 00 00 00 00 00 00 00 00 00
00 00 00 00 00 00 00 00 00 00 00 00 00 00 00 00
00 00 00 00 00 00 00 00 00 00 00 00 00 00 00 00
00 00 00 00 00 00 00 00 00 00 00 00 00 00 00 00
00 00 00 00 00 00 00 00 00 00 00 00 00 00 00 00
00 00 00 00 00 00 00 00 00 00 00 00 00 00 00 00
00 00 00 00 00 00 00 00 00 00 00 00 00 00 00 00
00 00 00 00 00 00 00 00 00 00 00 00 00 00 00 00
00 00 00 00 00 00 00 00 00 00 00 00 00 00 00 00
00 00 00 00 00 00 00 00 00 00 00 00 00 00 00 00
00 00 00 00 00 00 00 00 00 00 00 00 00 00 00 00
00 00 00 00 00 00 00 00 00 00 00 00 00 00 00 00
00 00 00 00 00 00 00 00 00 00 00 00 00 00 00 00
00 00 00 00 00 00 00 00 00 00 00 00 00 00 00 00
00 00 00 00 00 00 00 00 00 00 00 00 00 00 00 00
00 00 00 00 00 00 00 00 00 00 00 00 00 00 00 00
00 00 00 00 00 00 00 00 00 00 00 00 00 00 00 00
00 00 00 00 00 00 00 00 00 00 00 00 00 00 00 00
00 00 00 00 00 00 00 00 00 00 00 00 00 00 00 00
00 00 00 00 00 00 00 00 00 00 00 00 00 00 00 00
00 00 00 00 00 00 00 00 00 00 00 00 00 00 00 00
00 00 00 00 00 00 00 00 00 00 00 00 00 00 00 00
00 00 00 00 00 00 00 00 00 00 00 00 00 00 00 00
00 00 00 00 00 00 00 00 00 00 00 00 00 00 00 00
00 00 00 00 00 00 00 00 00 00 00 00 00 00 00 00
00 00 00 00 00 00 00 00 00 00 00 00 00 00 00 00
00 00 00 00 00 00 00 00 00 00 00 00 00 00 00 00
00 00 00 00 00 00 00 00 00 00 00 00 00 00 00 00
00 00 00 00 00 00 00 00 00 00 00 00 00 00 00 00
00 00 00 00 00 00 00 00 00 00 00 00 00 00 00 00
00 00 00 00 00 00 00 00 00 00 00 00 00 00 00 00
00 00 00 00 00 00 00 00 00 00 00 00 00 00 00 00
00 00 00 00 00 00 00 00 00 00 00 00 00 00 00 00
00 00 00 00 00 00 00 00 00 00 00 00 00 00 00 00
00 00 00 00 00 00 00 00 00 00 00 00 00 00 00 00
00 00 00 00 00 00 00 00 00 00 00 00 00 00 00 00
00 00 00 00 00 00 00 00 00 00 00 00 00 00 00 00
00 00 00 00 00 00 00 00 00 00 00 00 00 00 00 00
00 00 00 00 00 00 00 00 00 00 00 00 00 00 00 00
00 00 00 00 00 00 00 00 00 00 00 00 00 00 00 00
00 00 00 00 00 00 00 00 00 00 00 00 00 00 00 00
00 00 00 00 00 00 00 00 00 00 00 00 00 00 00 00
00 00 00 00 00 00 00 00 00 00 00 00 00 00 00 00
00 00 00 00 00 00 00 00 00 00 00 00 00 00 00 00
00 00 00 00 00 00 00 00 00 00 00 00 00 00 00 00
00 00 00 00 00 00 00 00 00 00 00 00 00 00 00 00
00 00 00 00 00 00 00 00 00 00 00 00 00 00 00 00
00 00 00 00 00 00 00 00 00 00 00 00 00 00 00 00
00 00 00 00 00 00 00 00 00 00 00 00 00 00 00 00
00 00 00 00 00 00 00 00 00 00 00 00 00 00 00 00
00 00 00 00 00 00 00 00 00 00 00 00 00 00 00 00
00 00 00 00 00 00 00 00 00 00 00 00 00 00 00 00
00 00 00 00 00 00 00 00 00 00 00 00 00 00 00 00
00 00 00 00 00 00 00 00 00 00 00 00 00 00 00 00
00 00 00 00 00 00 00 00 00 00 00 00 00 00 00 00
00 00 00 00 00 00 00 00 00 00 00 00 00 00 00 00
00 00 00 00 00 00 00 00 00 00 00 00 00 00 00 00
00 00 00 00 00 00 00 00 00 00 00 00 00 00 00 00
00 00 00 00 00 00 00 00 00 00 00 00 00 00 00 00
00 00 00 00 00 00 00 00 00 00 00 00 00 00 00 00
00 00 00 00 00 00 00 00 00 00 00 00 00 00 00 00
00 00 00 00 00 00 00 00 00 00 00 00 00 00 00 00
00 00 00 00 00 00 00 00 00 00 00 00 00 00 00 00
00 00 00 00 00 00 00 00 00 00 00 00 00 00 00 00
00 00 00 00 00 00 00 00 00 00 00 00 00 00 00 00
00 00 00 00 00 00 00 00 00 00 00 00 00 00 00 00
00 00 00 00 00 00 00 00 00 00 00 00 00 00 00 00
00 00 00 00 00 00 00 00 00 00 00 00 00 00 00 00
00 00 00 00 00 00 00 00 00 00 00 00 00 00 00 00
00 00 00 00 00 00 00 00 00 00 00 00 00 00 00 00
00 00 00 00 00 00 00 00 00 00 00 00 00 00 00 00
00 00 00 00 00 00 00 00 00 00 00 00 00 00 00 00
00 00 00 00 00 00 00 00 00 00 00 00 00 00 00 00
00 00 00 00 00 00 00 00 00 00 00 00 00 00 00 00
00 00 00 00 00 00 00 00 00 00 00 00 00 00 00 00
00 00 00 00 00 00 00 00 00 00 00 00 00 00 00 00
00 00 00 00 00 00 00 00 00 00 00 00 00 00 00 00
00 00 00 00 00 00 00 00 00 00 00 00 00 00 00 00
00 00 00 00 00 00 00 00 00 00 00 00 00 00 00 00
00 00 00 00 00 00 00 00 00 00 00 00 00 00 00 00
00 00 00 00 00 00 00 00 00 00 00 00 00 00 00 00
00 00 00 00 00 00 00 00 00 00 00 00 00 00 00 00
00 00 00 00 00 00 00 00 00 00 00 00 00 00 00 00
00 00 00 00 00 00 00 00 00 00 00 00 00 00 00 00
00 00 00 00 00 00 00 00 00 00 00 00 00 00 00 00
00 00 00 00 00 00 00 00 00 00 00 00 00 00 00 00
00 00 00 00 00 00 00 00 00 00 00 00 00 00 00 00
00 00 00 00 00 00 00 00 00 00 00 00 00 00 00 00
00 00 00 00 00 00 00 00 00 00 00 00 00 00 00 00
00 00 00 00 00 00 00 00 00 00 00 00 00 00 00 00
00 00 00 00 00 00 00 00 00 00 00 00 00 00 00 00
00 00 00 00 00 00 00 00 00 00 00 00 00 00 00 00
00 00 00 00 00 00 00 00 00 00 00 00 00 00 00 00
00 00 00 00 00 00 00 00 00 00 00 00 00 00 00 00
00 00 00 00 00 00 00 00 00 00 00 00 00 00 00 00
00 00 00 00 00 00 00 00 00 00 00 00 00 00 00 00
00 00 00 00 00 00 00 00 00 00 00 00 00 00 00 00
00 00 00 00 00 00 00 00 00 00 00 00 00 00 00 00
00 00 00 00 00 00 00 00 00 00 00 00 00 00 00 00
00 00 00 00 00 00 00 00 00 00 00 00 00 00 00 00
00 00 00 00 00 00 00 00 00 00 00 00 00 00 00 00
00 00 00 00 00 00 00 00 00 00 00 00 00 00 00 00
00 00 00 00 00 00 00 00 00 00 00 00 00 00 00 00
00 00 00 00 00 00 00 00 00 00 00 00 00 00 00 00
00 00 00 00 00 00 00 00 00 00 00 00 00 00 00 00
00 00 00 00 00 00 00 00 00 00 00 00 00 00 00 00
00 00 00 00 00 00 00 00 00 00 00 00 00 00 00 00
00 00 00 00 00 00 00 00 00 00 00 00 00 00 00 00
00 00 00 00 00 00 00 00 00 00 00 00 00 00 00 00
00 00 00 00 00 00 00 00 00 00 00 00 00 00 00 00
00 00 00 00 00 00 00 00 00 00 00 00 00 00 00 00
00 00 00 00 00 00 00 00 00 00 00 00 00 00 00 00
00 00 00 00 00 00 00 00 00 00 00 00 00 00 00 00
00 00 00 00 00 00 00 00 00 00 00 00 00 00 00 00
00 00 00 00 00 00 00 00 00 00 00 00 00 00 00 00
00 00 00 00 00 00 00 00 00 00 00 00 00 00 00 00
00 00 00 00 00 00 00 00 00 00 00 00 00 00 00 00
00 00 00 00 00 00 00 00 00 00 00 00 00 00 00 00
00 00 00 00 00 00 00 00 00 00 00 00 00 00 00 00
00 00 00 00 00 00 00 00 00 00 00 00 00 00 00 00
00 00 00 00 00 00 00 00 00 00 00 00 00 00 00 00
00 00 00 00 00 00 00 00 00 00 00 00 00 00 00 00
00 00 00 00 00 00 00 00 00 00 00 00 00 00 00 00
00 00 00 00 00 00 00 00 00 00 00 00 00 00 00 00
00 00 00 00 00 00 00 00 00 00 00 00 00 00 00 00
00 00 00 00 00 00 00 00 00 00 00 00 00 00 00 00
00 00 00 00 00 00 00 00 00 00 00 00 00 00 00 00
00 00 00 00 00 00 00 00 00 00 00 00 00 00 00 00
00 00 00 00 00 00 00 00 00 00 00 00 00 00 00 00
00 00 00 00 00 00 00 00 00 00 00 00 00 00 00 00
00 00 00 00 00 00 00 00 00 00 00 00 00 00 00 00
00 00 00 00 00 00 00 00 00 00 00 00 00 00 00 00
00 00 00 00 00 00 00 00 00 00 00 00 00 00 00 00
00 00 00 00 00 00 00 00 00 00 00 00 00 00 00 00
00 00 00 00 00 00 00 00 00 00 00 00 00 00 00 00
00 00 00 00 00 00 00 00 00 00 00 00 00 00 00 00
00 00 00 00 00 00 00 00 00 00 00 00 00 00 00 00
00 00 00 00 00 00 00 00 00 00 00 00 00 00 00 00
00 00 00 00 00 00 00 00 00 00 00 00 00 00 00 00
00 00 00 00 00 00 00 00 00 00 00 00 00 00 00 00
00 00 00 00 00 00 00 00 00 00 00 00 00 00 00 00
00 00 00 00 00 00 00 00 00 00 00 00 00 00 00 00
00 00 00 00 00 00 00 00 00 00 00 00 00 00 00 00
00 00 00 00 00 00 00 00 00 00 00 00 00 00 00 00
00 00 00 00 00 00 00 00 00 00 00 00 00 00 00 00
00 00 00 00 00 00 00 00 00 00 00 00 00 00 00 00
00 00 00 00 00 00 00 00 00 00 00 00 00 00 00 00
00 00 00 00 00 00 00 00 00 00 00 00 00 00 00 00
00 00 00 00 00 00 00 00 00 00 00 00 00 00 00 00
00 00 00 00 00 00 00 00 00 00 00 00 00 00 00 00
00 00 00 00 00 00 00 00 00 00 00 00 00 00 00 00
00 00 00 00 00 00 00 00 00 00 00 00 00 00 00 00
00 00 00 00 00 00 00 00 00 00 00 00 00 00 00 00
00 00 00 00 00 00 00 00 00 00 00 00 00 00 00 00
00 00 00 00 00 00 00 00 00 00 00 00 00 00 00 00
00 00 00 00 00 00 00 00 00 00 00 00 00 00 00 00
00 00 00 00 00 00 00 00 00 00 00 00 00 00 00 00
00 00 00 00 00 00 00 00 00 00 00 00 00 00 00 00
00 00 00 00 00 00 00 00 00 00 00 00 00 00 00 00
00 00 00 00 00 00 00 00 00 00 00 00 00 00 00 00
00 00 00 00 00 00 00 00 00 00 00 00 00 00 00 00
00 00 00 00 00 00 00 00 00 00 00 00 00 00 00 00
00 00 00 00 00 00 00 00 00 00 00 00 00 00 00 00
00 00 00 00 00 00 00 00 00 00 00 00 00 00 00 00
00 00 00 00 00 00 00 00 00 00 00 00 00 00 00 00
00 00 00 00 00 00 00 00 00 00 00 00 00 00 00 00
00 00 00 00 00 00 00 00 00 00 00 00 00 00 00 00
00 00 00 00 00 00 00 00 00 00 00 00 00 00 00 00
00 00 00 00 00 00 00 00 00 00 00 00 00 00 00 00
00 00 00 00 00 00 00 00 00 00 00 00 00 00 00 00
00 00 00 00 00 00 00 00 00 00 00 00 00 00 00 00
00 00 00 00 00 00 00 00 00 00 00 00 00 00 00 00
00 00 00 00 00 00 00 00 00 00 00 00 00 00 00 00
00 00 00 00 00 00 00 00 00 00 00 00 00 00 00 00
00 00 00 00 00 00 00 00 00 00 00 00 00 00 00 00
00 00 00 00 00 00 00 00 00 00 00 00 00 00 00 00
00 00 00 00 00 00 00 00 00 00 00 00 00 00 00 00
00 00 00 00 00 00 00 00 00 00 00 00 00 00 00 00
00 00 00 00 00 00 00 00 00 00 00 00 00 00 00 00
00 00 00 00 00 00 00 00 00 00 00 00 00 00 00 00
00 00 00 00 00 00 00 00 00 00 00 00 00 00 00 00
00 00 00 00 00 00 00 00 00 00 00 00 00 00 00 00
00 00 00 00 00 00 00 00 00 00 00 00 00 00 00 00
00 00 00 00 00 00 00 00 00 00 00 00 00 00 00 00
00 00 00 00 00 00 00 00 00 00 00 00 00 00 00 00
00 00 00 00 00 00 00 00 00 00 00 00 00 00 00 00
00 00 00 00 00 00 00 00 00 00 00 00 00 00 00 00
00 00 00 00 00 00 00 00 00 00 00 00 00 00 00 00
00 00 00 00 00 00 00 00 00 00 00 00 00 00 00 00
00 00 00 00 00 00 00 00 00 00 00 00 00 00 00 00
00 00 00 00 00 00 00 00 00 00 00 00 00 00 00 00
00 00 00 00 00 00 00 00 00 00 00 00 00 00 00 00
00 00 00 00 00 00 00 00 00 00 00 00 00 00 00 00
00 00 00 00 00 00 00 00 00 00 00 00 00 00 00 00
00 00 00 00 00 00 00 00 00 00 00 00 00 00 00 00
00 00 00 00 00 00 00 00 00 00 00 00 00 00 00 00
00 00 00 00 00 00 00 00 00 00 00 00 00 00 00 00
00 00 00 00 00 00 00 00 00 00 00 00 00 00 00 00
00 00 00 00 00 00 00 00 00 00 00 00 00 00 00 00
00 00 00 00 00 00 00 00 00 00 00 00 00 00 00 00
00 00 00 00 00 00 00 00 00 00 00 00 00 00 00 00
00 00 00 00 00 00 00 00 00 00 00 00 00 00 00 00
00 00 00 00 00 00 00 00 00 00 00 00 00 00 00 00
00 00 00 00 00 00 00 00 00 00 00 00 00 00 00 00
00 00 00 00 00 00 00 00 00 00 00 00 00 00 00 00
00 00 00 00 00 00 00 00 00 00 00 00 00 00 00 00
00 00 00 00 00 00 00 00 00 00 00 00 00 00 00 00
00 00 00 00 00 00 00 00 00 00 00 00 00 00 00 00
00 00 00 00 00 00 00 00 00 00 00 00 00 00 00 00
00 00 00 00 00 00 00 00 00 00 00 00 00 00 00 00
00 00 00 00 00 00 00 00 00 00 00 00 00 00 00 00
00 00 00 00 00 00 00 00 00 00 00 00 00 00 00 00
00 00 00 00 00 00 00 00 00 00 00 00 00 00 00 00
00 00 00 00 00 00 00 00 00 00 00 00 00 00 00 00
00 00 00 00 00 00 00 00 00 00 00 00 00 00 00 00
00 00 00 00 00 00 00 00 00 00 00 00 00 00 00 00
00 00 00 00 00 00 00 00 00 00 00 00 00 00 00 00
00 00 00 00 00 00 00 00 00 00 00 00 00 00 00 00
00 00 00 00 00 00 00 00 00 00 00 00 00 00 00 00
00 00 00 00 00 00 00 00 00 00 00 00 00 00 00 00
00 00 00 00 00 00 00 00 00 00 00 00 00 00 00 00
00 00 00 00 00 00 00 00 00 00 00 00 00 00 00 00
00 00 00 00 00 00 00 00 00 00 00 00 00 00 00 00
00 00 00 00 00 00 00 00 00 00 00 00 00 00 00 00
00 00 00 00 00 00 00 00 00 00 00 00 00 00 00 00
00 00 00 00 00 00 00 00 00 00 00 00 00 00 00 00
00 00 00 00 00 00 00 00 00 00 00 00 00 00 00 00
00 00 00 00 00 00 00 00 00 00 00 00 00 00 00 00
00 00 00 00 00 00 00 00 00 00 00 00 00 00 00 00
00 00 00 00 00 00 00 00 00 00 00 00 00 00 00 00
00 00 00 00 00 00 00 00 00 00 00 00 00 00 00 00
00 00 00 00 00 00 00 00 00 00 00 00 00 00 00 00
00 00 00 00 00 00 00 00 00 00 00 00 00 00 00 00
00 00 00 00 00 00 00 00 00 00 00 00 00 00 00 00
00 00 00 00 00 00 00 00 00 00 00 00 00 00 00 00
00 00 00 00 00 00 00 00 00 00 00 00 00 00 00 00
00 00 00 00 00 00 00 00 00 00 00 00 00 00 00 00
00 00 00 00 00 00 00 00 00 00 00 00 00 00 00 00
00 00 00 00 00 00 00 00 00 00 00 00 00 00 00 00
00 00 00 00 00 00 00 00 00 00 00 00 00 00 00 00
00 00 00 00 00 00 00 00 00 00 00 00 00 00 00 00
00 00 00 00 00 00 00 00 00 00 00 00 00 00 00 00
00 00 00 00 00 00 00 00 00 00 00 00 00 00 00 00
00 00 00 00 00 00 00 00 00 00 00 00 00 00 00 00
00 00 00 00 00 00 00 00 00 00 00 00 00 00 00 00
00 00 00 00 00 00 00 00 00 00 00 00 00 00 00 00
00 00 00 00 00 00 00 00 00 00 00 00 00 00 00 00
00 00 00 00 00 00 00 00 00 00 00 00 00 00 00 00
00 00 00 00 00 00 00 00 00 00 00 00 00 00 00 00
00 00 00 00 00 00 00 00 00 00 00 00 00 00 00 00
00 00 00 00 00 00 00 00 00 00 00 00 00 00 00 00
00 00 00 00 00 00 00 00 00 00 00 00 00 00 00 00
00 00 00 00 00 00 00 00 00 00 00 00 00 00 00 00
00 00 00 00 00 00 00 00 00 00 00 00 00 00 00 00
00 00 00 00 00 00 00 00 00 00 00 00 00 00 00 00
00 00 00 00 00 00 00 00 00 00 00 00 00 00 00 00
00 00 00 00 00 00 00 00 00 00 00 00 00 00 00 00
00 00 00 00 00 00 00 00 00 00 00 00 00 00 00 00
00 00 00 00 00 00 00 00 00 00 00 00 00 00 00 00
00 00 00 00 00 00 00 00 00 00 00 00 00 00 00 00
00 00 00 00 00 00 00 00 00 00 00 00 00 00 00 00
00 00 00 00 00 00 00 00 00 00 00 00 00 00 00 00
00 00 00 00 00 00 00 00 00 00 00 00 00 00 00 00
00 00 00 00 00 00 00 00 00 00 00 00 00 00 00 00
00 00 00 00 00 00 00 00 00 00 00 00 00 00 00 00
00 00 00 00 00 00 00 00 00 00 00 00 00 00 00 00
00 00 00 00 00 00 00 00 00 00 00 00 00 00 00 00
00 00 00 00 00 00 00 00 00 00 00 00 00 00 00 00
00 00 00 00 00 00 00 00 00 00 00 00 00 00 00 00
00 00 00 00 00 00 00 00 00 00 00 00 00 00 00 00
00 00 00 00 00 00 00 00 00 00 00 00 00 00 00 00
00 00 00 00 00 00 00 00 00 00 00 00 00 00 00 00
00 00 00 00 00 00 00 00 00 00 00 00 00 00 00 00
00 00 00 00 00 00 00 00 00 00 00 00 00 00 00 00
00 00 00 00 00 00 00 00 00 00 00 00 00 00 00 00
00 00 00 00 00 00 00 00 00 00 00 00 00 00 00 00
00 00 00 00 00 00 00 00 00 00 00 00 00 00 00 00
00 00 00 00 00 00 00 00 00 00 00 00 00 00 00 00
00 00 00 00 00 00 00 00 00 00 00 00 00 00 00 00
00 00 00 00 00 00 00 00 00 00 00 00 00 00 00 00
00 00 00 00 00 00 00 00 00 00 00 00 00 00 00 00
00 00 00 00 00 00 00 00 00 00 00 00 00 00 00 00
00 00 00 00 00 00 00 00 00 00 00 00 00 00 00 00
00 00 00 00 00 00 00 00 00 00 00 00 00 00 00 00
00 00 00 00 00 00 00 00 00 00 00 00 00 00 00 00
00 00 00 00 00 00 00 00 00 00 00 00 00 00 00 00
00 00 00 00 00 00 00 00 00 00 00 00 00 00 00 00
00 00 00 00 00 00 00 00 00 00 00 00 00 00 00 00
00 00 00 00 00 00 00 00 00 00 00 00 00 00 00 00
00 00 00 00 00 00 00 00 00 00 00 00 00 00 00 00
00 00 00 00 00 00 00 00 00 00 00 00 00 00 00 00
00 00 00 00 00 00 00 00 00 00 00 00 00 00 00 00
00 00 00 00 00 00 00 00 00 00 00 00 00 00 00 00
00 00 00 00 00 00 00 00 00 00 00 00 00 00 00 00
00 00 00 00 00 00 00 00 00 00 00 00 00 00 00 00
00 00 00 00 00 00 00 00 00 00 00 00 00 00 00 00
00 00 00 00 00 00 00 00 00 00 00 00 00 00 00 00
00 00 00 00 00 00 00 00 00 00 00 00 00 00 00 00
00 00 00 00 00 00 00 00 00 00 00 00 00 00 00 00
00 00 00 00 00 00 00 00 00 00 00 00 00 00 00 00
00 00 00 00 00 00 00 00 00 00 00 00 00 00 00 00
00 00 00 00 00 00 00 00 00 00 00 00 00 00 00 00
00 00 00 00 00 00 00 00 00 00 00 00 00 00 00 00
00 00 00 00 00 00 00 00 00 00 00 00 00 00 00 00
00 00 00 00 00 00 00 00 00 00 00 00 00 00 00 00
00 00 00 00 00 00 00 00 00 00 00 00 00 00 00 00
00 00 00 00 00 00 00 00 00 00 00 00 00 00 00 00
00 00 00 00 00 00 00 00 00 00 00 00 00 00 00 00
00 00 00 00 00 00 00 00 00 00 00 00 00 00 00 00
00 00 00 00 00 00 00 00 00 00 00 00 00 00 00 00
00 00 00 00 00 00 00 00 00 00 00 00 00 00 00 00
00 00 00 00 00 00 00 00 00 00 00 00 00 00 00 00
00 00 00 00 00 00 00 00 00 00 00 00 00 00 00 00
00 00 00 00 00 00 00 00 00 00 00 00 00 00 00 00
00 00 00 00 00 00 00 00 00 00 00 00 00 00 00 00
00 00 00 00 00 00 00 00 00 00 00 00 00 00 00 00
00 00 00 00 00 00 00 00 00 00 00 00 00 00 00 00
00 00 00 00 00 00 00 00 00 00 00 00 00 00 00 00
00 00 00 00 00 00 00 00 00 00 00 00 00 00 00 00
00 00 00 00 00 00 00 00 00 00 00 00 00 00 00 00
00 00 00 00 00 00 00 00 00 00 00 00 00 00 00 00
00 00 00 00 00 00 00 00 00 00 00 00 00 00 00 00
00 00 00 00 00 00 00 00 00 00 00 00 00 00 00 00
00 00 00 00 00 00 00 00 00 00 00 00 00 00 00 00
00 00 00 00 00 00 00 00 00 00 00 00 00 00 00 00
00 00 00 00 00 00 00 00 00 00 00 00 00 00 00 00
00 00 00 00 00 00 00 00 00 00 00 00 00 00 00 00
00 00 00 00 00 00 00 00 00 00 00 00 00 00 00 00
00 00 00 00 00 00 00 00 00 00 00 00 00 00 00 00
00 00 00 00 00 00 00 00 00 00 00 00 00 00 00 00
00 00 00 00 00 00 00 00 00 00 00 00 00 00 00 00
00 00 00 00 00 00 00 00 00 00 00 00 00 00 00 00
00 00 00 00 00 00 00 00 00 00 00 00 00 00 00 00
00 00 00 00 00 00 00 00 00 00 00 00 00 00 00 00
00 00 00 00 00 00 00 00 00 00 00 00 00 00 00 00
00 00 00 00 00 00 00 00 00 00 00 00 00 00 00 00
00 00 00 00 00 00 00 00 00 00 00 00 00 00 00 00
00 00 00 00 00 00 00 00 00 00 00 00 00 00 00 00
00 00 00 00 00 00 00 00 00 00 00 00 00 00 00 00
00 00 00 00 00 00 00 00 00 00 00 00 00 00 00 00
00 00 00 00 00 00 00 00 00 00 00 00 00 00 00 00
00 00 00 00 00 00 00 00 00 00 00 00 00 00 00 00
00 00 00 00 00 00 00 00 00 00 00 00 00 00 00 00
00 00 00 00 00 00 00 00 00 00 00 00 00 00 00 00
00 00 00 00 00 00 00 00 00 00 00 00 00 00 00 00
00 00 00 00 00 00 00 00 00 00 00 00 00 00 00 00
00 00 00 00 00 00 00 00 00 00 00 00 00 00 00 00
00 00 00 00 00 00 00 00 00 00 00 00 00 00 00 00
00 00 00 00 00 00 00 00 00 00 00 00 00 00 00 00
00 00 00 00 00 00 00 00 00 00 00 00 00 00 00 00
00 00 00 00 00 00 00 00 00 00 00 00 00 00 00 00
00 00 00 00 00 00 00 00 00 00 00 00 00 00 00 00
00 00 00 00 00 00 00 00 00 00 00 00 00 00 00 00
00 00 00 00 00 00 00 00 00 00 00 00 00 00 00 00
00 00 00 00 00 00 00 00 00 00 00 00 00 00 00 00
00 00 00 00 00 00 00 00 00 00 00 00 00 00 00 00
00 00 00 00 00 00 00 00 00 00 00 00 00 00 00 00
00 00 00 00 00 00 00 00 00 00 00 00 00 00 00 00
00 00 00 00 00 00 00 00 00 00 00 00 00 00 00 00
00 00 00 00 00 00 00 00 00 00 00 00 00 00 00 00
00 00 00 00 00 00 00 00 00 00 00 00 00 00 00 00
00 00 00 00 00 00 00 00 00 00 00 00 00 00 00 00
00 00 00 00 00 00 00 00 00 00 00 00 00 00 00 00
00 00 00 00 00 00 00 00 00 00 00 00 00 00 00 00
00 00 00 00 00 00 00 00 00 00 00 00 00 00 00 00
00 00 00 00 00 00 00 00 00 00 00 00 00 00 00 00
00 00 00 00 00 00 00 00 00 00 00 00 00 00 00 00
00 00 00 00 00 00 00 00 00 00 00 00 00 00 00 00
00 00 00 00 00 00 00 00 00 00 00 00 00 00 00 00
00 00 00 00 00 00 00 00 00 00 00 00 00 00 00 00
00 00 00 00 00 00 00 00 00 00 00 00 00 00 00 00
00 00 00 00 00 00 00 00 00 00 00 00 00 00 00 00
00 00 00 00 00 00 00 00 00 00 00 00 00 00 00 00
00 00 00 00 00 00 00 00 00 00 00 00 00 00 00 00
00 00 00 00 00 00 00 00 00 00 00 00 00 00 00 00
00 00 00 00 00 00 00 00 00 00 00 00 00 00 00 00
00 00 00 00 00 00 00 00 00 00 00 00 00 00 00 00
00 00 00 00 00 00 00 00 00 00 00 00 00 00 00 00
00 00 00 00 00 00 00 00 00 00 00 00 00 00 00 00
00 00 00 00 00 00 00 00 00 00 00 00 00 00 00 00
00 00 00 00 00 00 00 00 00 00 00 00 00 00 00 00
00 00 00 00 00 00 00 00 00 00 00 00 00 00 00 00
00 00 00 00 00 00 00 00 00 00 00 00 00 00 00 00
00 00 00 00 00 00 00 00 00 00 00 00 00 00 00 00
00 00 00 00 00 00 00 00 00 00 00 00 00 00 00 00
00 00 00 00 00 00 00 00 00 00 00 00 00 00 00 00
00 00 00 00 00 00 00 00 00 00 00 00 00 00 00 00
00 00 00 00 00 00 00 00 00 00 00 00 00 00 00 00
00 00 00 00 00 00 00 00 00 00 00 00 00 00 00 00
00 00 00 00 00 00 00 00 00 00 00 00 00 00 00 00
00 00 00 00 00 00 00 00 00 00 00 00 00 00 00 00
00 00 00 00 00 00 00 00 00 00 00 00 00 00 00 00
00 00 00 00 00 00 00 00 00 00 00 00 00 00 00 00
00 00 00 00 00 00 00 00 00 00 00 00 00 00 00 00
00 00 00 00 00 00 00 00 00 00 00 00 00 00 00 00
00 00 00 00 00 00 00 00 00 00 00 00 00 00 00 00
00 00 00 00 00 00 00 00 00 00 00 00 00 00 00 00
00 00 00 00 00 00 00 00 00 00 00 00 00 00 00 00
00 00 00 00 00 00 00 00 00 00 00 00 00 00 00 00
00 00 00 00 00 00 00 00 00 00 00 00 00 00 00 00
00 00 00 00 00 00 00 00 00 00 00 00 00 00 00 00
00 00 00 00 00 00 00 00 00 00 00 00 00 00 00 00
00 00 00 00 00 00 00 00 00 00 00 00 00 00 00 00
00 00 00 00 00 00 00 00 00 00 00 00 00 00 00 00
00 00 00 00 00 00 00 00 00 00 00 00 00 00 00 00
00 00 00 00 00 00 00 00 00 00 00 00 00 00 00 00
00 00 00 00 00 00 00 00 00 00 00 00 00 00 00 00
00 00 00 00 00 00 00 00 00 00 00 00 00 00 00 00
00 00 00 00 00 00 00 00 00 00 00 00 00 00 00 00
00 00 00 00 00 00 00 00 00 00 00 00 00 00 00 00
00 00 00 00 00 00 00 00 00 00 00 00 00 00 00 00
00 00 00 00 00 00 00 00 00 00 00 00 00 00 00 00
00 00 00 00 00 00 00 00 00 00 00 00 00 00 00 00
00 00 00 00 00 00 00 00 00 00 00 00 00 00 00 00
00 00 00 00 00 00 00 00 00 00 00 00 00 00 00 00
00 00 00 00 00 00 00 00 00 00 00 00 00 00 00 00
00 00 00 00 00 00 00 00 00 00 00 00 00 00 00 00
00 00 00 00 00 00 00 00 00 00 00 00 00 00 00 00
00 00 00 00 00 00 00 00 00 00 00 00 00 00 00 00
00 00 00 00 00 00 00 00 00 00 00 00 00 00 00 00
00 00 00 00 00 00 00 00 00 00 00 00 00 00 00 00
00 00 00 00 00 00 00 00 00 00 00 00 00 00 00 00
00 00 00 00 00 00 00 00 00 00 00 00 00 00 00 00
00 00 00 00 00 00 00 00 00 00 00 00 00 00 00 00
00 00 00 00 00 00 00 00 00 00 00 00 00 00 00 00
00 00 00 00 00 00 00 00 00 00 00 00 00 00 00 00
00 00 00 00 00 00 00 00 00 00 00 00 00 00 00 00
00 00 00 00 00 00 00 00 00 00 00 00 00 00 00 00
00 00 00 00 00 00 00 00 00 00 00 00 00 00 00 00
00 00 00 00 00 00 00 00 00 00 00 00 00 00 00 00
00 00 00 00 00 00 00 00 00 00 00 00 00 00 00 00
00 00 00 00 00 00 00 00 00 00 00 00 00 00 00 00
00 00 00 00 00 00 00 00 00 00 00 00 00 00 00 00
00 00 00 00 00 00 00 00 00 00 00 00 00 00 00 00
00 00 00 00 00 00 00 00 00 00 00 00 00 00 00 00
00 00 00 00 00 00 00 00 00 00 00 00 00 00 00 00
00 00 00 00 00 00 00 00 00 00 00 00 00 00 00 00
00 00 00 00 00 00 00 00 00 00 00 00 00 00 00 00
00 00 00 00 00 00 00 00 00 00 00 00 00 00 00 00
00 00 00 00 00 00 00 00 00 00 00 00 00 00 00 00
00 00 00 00 00 00 00 00 00 00 00 00 00 00 00 00
00 00 00 00 00 00 00 00 00 00 00 00 00 00 00 00
00 00 00 00 00 00 00 00 00 00 00 00 00 00 00 00
00 00 00 00 00 00 00 00 00 00 00 00 00 00 00 00
00 00 00 00 00 00 00 00 00 00 00 00 00 00 00 00
00 00 00 00 00 00 00 00 00 00 00 00 00 00 00 00
00 00 00 00 00 00 00 00 00 00 00 00 00 00 00 00
00 00 00 00 00 00 00 00 00 00 00 00 00 00 00 00
00 00 00 00 00 00 00 00 00 00 00 00 00 00 00 00
00 00 00 00 00 00 00 00 00 00 00 00 00 00 00 00
00 00 00 00 00 00 00 00 00 00 00 00 00 00 00 00
00 00 00 00 00 00 00 00 00 00 00 00 00 00 00 00
00 00 00 00 00 00 00 00 00 00 00 00 00 00 00 00
00 00 00 00 00 00 00 00 00 00 00 00 00 00 00 00
00 00 00 00 00 00 00 00 00 00 00 00 00 00 00 00
00 00 00 00 00 00 00 00 00 00 00 00 00 00 00 00
@0000A3C4
00 00 00 00 00 00 00 00 00 00 00 00 00 00 00 00
00 00 00 00 00 00 00 00 00 00 00 00 00 00 00 00
00 00 00 00 00 00 00 00 00 00 00 00 00 00 00 00
00 00 00 00 00 00 00 00 00 00 00 00 00 00 00 00
00 00 00 00 00 00 00 00 00 00 00 00 00 00 00 00
00 00 00 00 00 00 00 00 00 00 00 00 00 00 00 00
00 00 00 00 00 00 00 00 00 00 00 00 00 00 00 00
00 00 00 00 00 00 00 00 00 00 00 00 00 00 00 00
00 00 00 00 00 00 00 00 00 00 00 00 00 00 00 00
00 00 00 00 00 00 00 00 00 00 00 00 00 00 00 00
00 00 00 00 00 00 00 00 00 00 00 00 00 00 00 00
00 00 00 00 00 00 00 00 00 00 00 00 00 00 00 00
00 00 00 00 00 00 00 00 00 00 00 00 00 00 00 00
00 00 00 00 00 00 00 00 00 00 00 00 00 00 00 00
00 00 00 00 00 00 00 00 00 00 00 00 00 00 00 00
00 00 00 00 00 00 00 00 00 00 00 00 00 00 00 00
00 00 00 00 00 00 00 00 00 00 00 00 00 00 00 00
00 00 00 00 00 00 00 00 00 00 00 00 00 00 00 00
00 00 00 00 00 00 00 00 00 00 00 00 00 00 00 00
00 00 00 00 00 00 00 00 00 00 00 00 00 00 00 00
00 00 00 00 00 00 00 00 00 00 00 00 00 00 00 00
00 00 00 00 00 00 00 00 00 00 00 00 00 00 00 00
00 00 00 00 00 00 00 00 00 00 00 00 00 00 00 00
00 00 00 00 00 00 00 00 00 00 00 00 00 00 00 00
00 00 00 00 00 00 00 00 00 00 00 00 00 00 00 00
00 00 00 00 00 00 00 00 00 00 00 00 00 00 00 00
00 00 00 00 00 00 00 00 00 00 00 00 00 00 00 00
00 00 00 00 00 00 00 00 00 00 00 00 00 00 00 00
00 00 00 00 00 00 00 00 00 00 00 00 00 00 00 00
00 00 00 00 00 00 00 00 00 00 00 00 00 00 00 00
00 00 00 00 00 00 00 00 00 00 00 00 00 00 00 00
00 00 00 00 00 00 00 00 00 00 00 00 00 00 00 00
00 00 00 00 00 00 00 00 00 00 00 00 00 00 00 00
00 00 00 00 00 00 00 00 00 00 00 00 00 00 00 00
00 00 00 00 00 00 00 00 00 00 00 00 00 00 00 00
00 00 00 00 00 00 00 00 00 00 00 00 00 00 00 00
00 00 00 00 00 00 00 00 00 00 00 00 00 00 00 00
00 00 00 00 00 00 00 00 00 00 00 00 00 00 00 00
00 00 00 00 00 00 00 00 00 00 00 00 00 00 00 00
00 00 00 00 00 00 00 00 00 00 00 00 00 00 00 00
00 00 00 00 00 00 00 00 00 00 00 00 00 00 00 00
00 00 00 00 00 00 00 00 00 00 00 00 00 00 00 00
00 00 00 00 00 00 00 00 00 00 00 00 00 00 00 00
00 00 00 00 00 00 00 00 00 00 00 00 00 00 00 00
00 00 00 00 00 00 00 00 00 00 00 00 00 00 00 00
00 00 00 00 00 00 00 00 00 00 00 00 00 00 00 00
00 00 00 00 00 00 00 00 00 00 00 00 00 00 00 00
00 00 00 00 00 00 00 00 00 00 00 00 00 00 00 00
00 00 00 00 00 00 00 00 00 00 00 00 00 00 00 00
00 00 00 00 00 00 00 00 00 00 00 00 00 00 00 00
00 00 00 00 00 00 00 00 00 00 00 00 00 00 00 00
00 00 00 00 00 00 00 00 00 00 00 00 00 00 00 00
00 00 00 00 00 00 00 00 00 00 00 00 00 00 00 00
00 00 00 00 00 00 00 00 00 00 00 00 00 00 00 00
00 00 00 00 00 00 00 00 00 00 00 00 00 00 00 00
00 00 00 00 00 00 00 00 00 00 00 00 00 00 00 00
00 00 00 00 00 00 00 00 00 00 00 00 00 00 00 00
00 00 00 00 00 00 00 00 00 00 00 00 00 00 00 00
00 00 00 00 00 00 00 00 00 00 00 00 00 00 00 00
00 00 00 00 00 00 00 00 00 00 00 00 00 00 00 00
00 00 00 00 00 00 00 00 00 00 00 00 00 00 00 00
00 00 00 00 00 00 00 00 00 00 00 00 00 00 00 00
00 00 00 00 00 00 00 00 00 00 00 00 00 00 00 00
00 00 00 00 00 00 00 00 00 00 00 00 00 00 00 00
00 00 00 00 00 00 00 00 00 00 00 00 00 00 00 00
00 00 00 00 00 00 00 00 00 00 00 00 00 00 00 00
00 00 00 00 00 00 00 00 00 00 00 00 00 00 00 00
00 00 00 00 00 00 00 00 00 00 00 00 00 00 00 00
00 00 00 00 00 00 00 00 00 00 00 00 00 00 00 00
00 00 00 00 00 00 00 00 00 00 00 00 00 00 00 00
00 00 00 00 00 00 00 00 00 00 00 00 00 00 00 00
00 00 00 00 00 00 00 00 00 00 00 00 00 00 00 00
00 00 00 00 00 00 00 00 00 00 00 00 00 00 00 00
00 00 00 00 00 00 00 00 00 00 00 00 00 00 00 00
00 00 00 00 00 00 00 00 00 00 00 00 00 00 00 00
00 00 00 00 00 00 00 00 00 00 00 00 00 00 00 00
00 00 00 00 00 00 00 00 00 00 00 00 00 00 00 00
00 00 00 00 00 00 00 00 00 00 00 00 00 00 00 00
00 00 00 00 00 00 00 00 00 00 00 00 00 00 00 00
00 00 00 00 00 00 00 00 00 00 00 00 00 00 00 00
00 00 00 00 00 00 00 00 00 00 00 00 00 00 00 00
00 00 00 00 00 00 00 00 00 00 00 00 00 00 00 00
00 00 00 00 00 00 00 00 00 00 00 00 00 00 00 00
00 00 00 00 00 00 00 00 00 00 00 00 00 00 00 00
00 00 00 00 00 00 00 00 00 00 00 00 00 00 00 00
00 00 00 00 00 00 00 00 00 00 00 00 00 00 00 00
00 00 00 00 00 00 00 00 00 00 00 00 00 00 00 00
00 00 00 00 00 00 00 00 00 00 00 00 00 00 00 00
00 00 00 00 00 00 00 00 00 00 00 00 00 00 00 00
00 00 00 00 00 00 00 00 00 00 00 00 00 00 00 00
00 00 00 00 00 00 00 00 00 00 00 00 00 00 00 00
00 00 00 00 00 00 00 00 00 00 00 00 00 00 00 00
00 00 00 00 00 00 00 00 00 00 00 00 00 00 00 00
00 00 00 00 00 00 00 00 00 00 00 00 00 00 00 00
00 00 00 00 00 00 00 00 00 00 00 00 00 00 00 00
00 00 00 00 00 00 00 00 00 00 00 00 00 00 00 00
00 00 00 00 00 00 00 00 00 00 00 00 00 00 00 00
00 00 00 00 00 00 00 00 00 00 00 00 00 00 00 00
00 00 00 00 00 00 00 00 00 00 00 00 00 00 00 00
00 00 00 00 00 00 00 00 00 00 00 00 00 00 00 00
00 00 00 00 00 00 00 00 00 00 00 00 00 00 00 00
00 00 00 00 00 00 00 00 00 00 00 00 00 00 00 00
00 00 00 00 00 00 00 00 00 00 00 00 00 00 00 00
00 00 00 00 00 00 00 00 00 00 00 00 00 00 00 00
00 00 00 00 00 00 00 00 00 00 00 00 00 00 00 00
00 00 00 00 00 00 00 00 00 00 00 00 00 00 00 00
00 00 00 00 00 00 00 00 00 00 00 00 00 00 00 00
00 00 00 00 00 00 00 00 00 00 00 00 00 00 00 00
00 00 00 00 00 00 00 00 00 00 00 00 00 00 00 00
00 00 00 00 00 00 00 00 00 00 00 00 00 00 00 00
00 00 00 00 00 00 00 00 00 00 00 00 00 00 00 00
00 00 00 00 00 00 00 00 00 00 00 00 00 00 00 00
00 00 00 00 00 00 00 00 00 00 00 00 00 00 00 00
00 00 00 00 00 00 00 00 00 00 00 00 00 00 00 00
00 00 00 00 00 00 00 00 00 00 00 00 00 00 00 00
00 00 00 00 00 00 00 00 00 00 00 00 00 00 00 00
00 00 00 00 00 00 00 00 00 00 00 00 00 00 00 00
00 00 00 00 00 00 00 00 00 00 00 00 00 00 00 00
00 00 00 00 00 00 00 00 00 00 00 00 00 00 00 00
00 00 00 00 00 00 00 00 00 00 00 00 00 00 00 00
00 00 00 00 00 00 00 00 00 00 00 00 00 00 00 00
00 00 00 00 00 00 00 00 00 00 00 00 00 00 00 00
00 00 00 00 00 00 00 00 00 00 00 00 00 00 00 00
00 00 00 00 00 00 00 00 00 00 00 00 00 00 00 00
00 00 00 00 00 00 00 00 00 00 00 00 00 00 00 00
00 00 00 00 00 00 00 00 00 00 00 00 00 00 00 00
00 00 00 00 00 00 00 00 00 00 00 00 00 00 00 00
00 00 00 00 00 00 00 00 00 00 00 00 00 00 00 00
00 00 00 00 00 00 00 00 00 00 00 00 00 00 00 00
00 00 00 00 00 00 00 00 00 00 00 00 00 00 00 00
00 00 00 00 00 00 00 00 00 00 00 00 00 00 00 00
00 00 00 00 00 00 00 00 00 00 00 00 00 00 00 00
00 00 00 00 00 00 00 00 00 00 00 00 00 00 00 00
00 00 00 00 00 00 00 00 00 00 00 00 00 00 00 00
00 00 00 00 00 00 00 00 00 00 00 00 00 00 00 00
00 00 00 00 00 00 00 00 00 00 00 00 00 00 00 00
00 00 00 00 00 00 00 00 00 00 00 00 00 00 00 00
00 00 00 00 00 00 00 00 00 00 00 00 00 00 00 00
00 00 00 00 00 00 00 00 00 00 00 00 00 00 00 00
00 00 00 00 00 00 00 00 00 00 00 00 00 00 00 00
00 00 00 00 00 00 00 00 00 00 00 00 00 00 00 00
00 00 00 00 00 00 00 00 00 00 00 00 00 00 00 00
00 00 00 00 00 00 00 00 00 00 00 00 00 00 00 00
00 00 00 00 00 00 00 00 00 00 00 00 00 00 00 00
00 00 00 00 00 00 00 00 00 00 00 00 00 00 00 00
00 00 00 00 00 00 00 00 00 00 00 00 00 00 00 00
00 00 00 00 00 00 00 00 00 00 00 00 00 00 00 00
00 00 00 00 00 00 00 00 00 00 00 00 00 00 00 00
00 00 00 00 00 00 00 00 00 00 00 00 00 00 00 00
00 00 00 00 00 00 00 00 00 00 00 00 00 00 00 00
00 00 00 00 00 00 00 00 00 00 00 00 00 00 00 00
00 00 00 00 00 00 00 00 00 00 00 00 00 00 00 00
00 00 00 00 00 00 00 00 00 00 00 00 00 00 00 00
00 00 00 00 00 00 00 00 00 00 00 00 00 00 00 00
00 00 00 00 00 00 00 00 00 00 00 00 00 00 00 00
00 00 00 00 00 00 00 00 00 00 00 00 00 00 00 00
00 00 00 00 00 00 00 00 00 00 00 00 00 00 00 00
00 00 00 00 00 00 00 00 00 00 00 00 00 00 00 00
00 00 00 00 00 00 00 00 00 00 00 00 00 00 00 00
00 00 00 00 00 00 00 00 00 00 00 00 00 00 00 00
00 00 00 00 00 00 00 00 00 00 00 00 00 00 00 00
00 00 00 00 00 00 00 00 00 00 00 00 00 00 00 00
00 00 00 00 00 00 00 00 00 00 00 00 00 00 00 00
00 00 00 00 00 00 00 00 00 00 00 00 00 00 00 00
00 00 00 00 00 00 00 00 00 00 00 00 00 00 00 00
00 00 00 00 00 00 00 00 00 00 00 00 00 00 00 00
00 00 00 00 00 00 00 00 00 00 00 00 00 00 00 00
00 00 00 00 00 00 00 00 00 00 00 00 00 00 00 00
00 00 00 00 00 00 00 00 00 00 00 00 00 00 00 00
00 00 00 00 00 00 00 00 00 00 00 00 00 00 00 00
00 00 00 00 00 00 00 00 00 00 00 00 00 00 00 00
00 00 00 00 00 00 00 00 00 00 00 00 00 00 00 00
00 00 00 00 00 00 00 00 00 00 00 00 00 00 00 00
00 00 00 00 00 00 00 00 00 00 00 00 00 00 00 00
00 00 00 00 00 00 00 00 00 00 00 00 00 00 00 00
00 00 00 00 00 00 00 00 00 00 00 00 00 00 00 00
00 00 00 00 00 00 00 00 00 00 00 00 00 00 00 00
00 00 00 00 00 00 00 00 00 00 00 00 00 00 00 00
00 00 00 00 00 00 00 00 00 00 00 00 00 00 00 00
00 00 00 00 00 00 00 00 00 00 00 00 00 00 00 00
00 00 00 00 00 00 00 00 00 00 00 00 00 00 00 00
00 00 00 00 00 00 00 00 00 00 00 00 00 00 00 00
00 00 00 00 00 00 00 00 00 00 00 00 00 00 00 00
00 00 00 00 00 00 00 00 00 00 00 00 00 00 00 00
00 00 00 00 00 00 00 00 00 00 00 00 00 00 00 00
00 00 00 00 00 00 00 00 00 00 00 00 00 00 00 00
00 00 00 00 00 00 00 00 00 00 00 00 00 00 00 00
00 00 00 00 00 00 00 00 00 00 00 00 00 00 00 00
00 00 00 00 00 00 00 00 00 00 00 00 00 00 00 00
00 00 00 00 00 00 00 00 00 00 00 00 00 00 00 00
00 00 00 00 00 00 00 00 00 00 00 00 00 00 00 00
00 00 00 00 00 00 00 00 00 00 00 00 00 00 00 00
00 00 00 00 00 00 00 00 00 00 00 00 00 00 00 00
00 00 00 00 00 00 00 00 00 00 00 00 00 00 00 00
00 00 00 00 00 00 00 00 00 00 00 00 00 00 00 00
00 00 00 00 00 00 00 00 00 00 00 00 00 00 00 00
00 00 00 00 00 00 00 00 00 00 00 00 00 00 00 00
00 00 00 00 00 00 00 00 00 00 00 00 00 00 00 00
00 00 00 00 00 00 00 00 00 00 00 00 00 00 00 00
00 00 00 00 00 00 00 00 00 00 00 00 00 00 00 00
00 00 00 00 00 00 00 00 00 00 00 00 00 00 00 00
00 00 00 00 00 00 00 00 00 00 00 00 00 00 00 00
00 00 00 00 00 00 00 00 00 00 00 00 00 00 00 00
00 00 00 00 00 00 00 00 00 00 00 00 00 00 00 00
00 00 00 00 00 00 00 00 00 00 00 00 00 00 00 00
00 00 00 00 00 00 00 00 00 00 00 00 00 00 00 00
00 00 00 00 00 00 00 00 00 00 00 00 00 00 00 00
00 00 00 00 00 00 00 00 00 00 00 00 00 00 00 00
00 00 00 00 00 00 00 00 00 00 00 00 00 00 00 00
00 00 00 00 00 00 00 00 00 00 00 00 00 00 00 00
00 00 00 00 00 00 00 00 00 00 00 00 00 00 00 00
00 00 00 00 00 00 00 00 00 00 00 00 00 00 00 00
00 00 00 00 00 00 00 00 00 00 00 00 00 00 00 00
00 00 00 00 00 00 00 00 00 00 00 00 00 00 00 00
00 00 00 00 00 00 00 00 00 00 00 00 00 00 00 00
00 00 00 00 00 00 00 00 00 00 00 00 00 00 00 00
00 00 00 00 00 00 00 00 00 00 00 00 00 00 00 00
00 00 00 00 00 00 00 00 00 00 00 00 00 00 00 00
00 00 00 00 00 00 00 00 00 00 00 00 00 00 00 00
00 00 00 00 00 00 00 00 00 00 00 00 00 00 00 00
00 00 00 00 00 00 00 00 00 00 00 00 00 00 00 00
00 00 00 00 00 00 00 00 00 00 00 00 00 00 00 00
00 00 00 00 00 00 00 00 00 00 00 00 00 00 00 00
00 00 00 00 00 00 00 00 00 00 00 00 00 00 00 00
00 00 00 00 00 00 00 00 00 00 00 00 00 00 00 00
00 00 00 00 00 00 00 00 00 00 00 00 00 00 00 00
00 00 00 00 00 00 00 00 00 00 00 00 00 00 00 00
00 00 00 00 00 00 00 00 00 00 00 00 00 00 00 00
00 00 00 00 00 00 00 00 00 00 00 00 00 00 00 00
00 00 00 00 00 00 00 00 00 00 00 00 00 00 00 00
00 00 00 00 00 00 00 00 00 00 00 00 00 00 00 00
00 00 00 00 00 00 00 00 00 00 00 00 00 00 00 00
00 00 00 00 00 00 00 00 00 00 00 00 00 00 00 00
00 00 00 00 00 00 00 00 00 00 00 00 00 00 00 00
00 00 00 00 00 00 00 00 00 00 00 00 00 00 00 00
00 00 00 00 00 00 00 00 00 00 00 00 00 00 00 00
00 00 00 00 00 00 00 00 00 00 00 00 00 00 00 00
00 00 00 00 00 00 00 00 00 00 00 00 00 00 00 00
00 00 00 00 00 00 00 00 00 00 00 00 00 00 00 00
00 00 00 00 00 00 00 00 00 00 00 00 00 00 00 00
00 00 00 00 00 00 00 00 00 00 00 00 00 00 00 00
00 00 00 00 00 00 00 00 00 00 00 00 00 00 00 00
00 00 00 00 00 00 00 00 00 00 00 00 00 00 00 00
00 00 00 00 00 00 00 00 00 00 00 00 00 00 00 00
00 00 00 00 00 00 00 00 00 00 00 00 00 00 00 00
00 00 00 00 00 00 00 00 00 00 00 00 00 00 00 00
00 00 00 00 00 00 00 00 00 00 00 00 00 00 00 00
00 00 00 00 00 00 00 00 00 00 00 00 00 00 00 00
00 00 00 00 00 00 00 00 00 00 00 00 00 00 00 00
00 00 00 00 00 00 00 00 00 00 00 00 00 00 00 00
00 00 00 00 00 00 00 00 00 00 00 00 00 00 00 00
00 00 00 00 00 00 00 00 00 00 00 00 00 00 00 00
00 00 00 00 00 00 00 00 00 00 00 00 00 00 00 00
00 00 00 00 00 00 00 00 00 00 00 00 00 00 00 00
00 00 00 00 00 00 00 00 00 00 00 00 00 00 00 00
00 00 00 00 00 00 00 00 00 00 00 00 00 00 00 00
00 00 00 00 00 00 00 00 00 00 00 00 00 00 00 00
00 00 00 00 00 00 00 00 00 00 00 00 00 00 00 00
00 00 00 00 00 00 00 00 00 00 00 00 00 00 00 00
00 00 00 00 00 00 00 00 00 00 00 00 00 00 00 00
00 00 00 00 00 00 00 00 00 00 00 00 00 00 00 00
00 00 00 00 00 00 00 00 00 00 00 00 00 00 00 00
00 00 00 00 00 00 00 00 00 00 00 00 00 00 00 00
00 00 00 00 00 00 00 00 00 00 00 00 00 00 00 00
00 00 00 00 00 00 00 00 00 00 00 00 00 00 00 00
00 00 00 00 00 00 00 00 00 00 00 00 00 00 00 00
00 00 00 00 00 00 00 00 00 00 00 00 00 00 00 00
00 00 00 00 00 00 00 00 00 00 00 00 00 00 00 00
00 00 00 00 00 00 00 00 00 00 00 00 00 00 00 00
00 00 00 00 00 00 00 00 00 00 00 00 00 00 00 00
00 00 00 00 00 00 00 00 00 00 00 00 00 00 00 00
00 00 00 00 00 00 00 00 00 00 00 00 00 00 00 00
00 00 00 00 00 00 00 00 00 00 00 00 00 00 00 00
00 00 00 00 00 00 00 00 00 00 00 00 00 00 00 00
00 00 00 00 00 00 00 00 00 00 00 00 00 00 00 00
00 00 00 00 00 00 00 00 00 00 00 00 00 00 00 00
00 00 00 00 00 00 00 00 00 00 00 00 00 00 00 00
00 00 00 00 00 00 00 00 00 00 00 00 00 00 00 00
00 00 00 00 00 00 00 00 00 00 00 00 00 00 00 00
00 00 00 00 00 00 00 00 00 00 00 00 00 00 00 00
00 00 00 00 00 00 00 00 00 00 00 00 00 00 00 00
00 00 00 00 00 00 00 00 00 00 00 00 00 00 00 00
00 00 00 00 00 00 00 00 00 00 00 00 00 00 00 00
00 00 00 00 00 00 00 00 00 00 00 00 00 00 00 00
00 00 00 00 00 00 00 00 00 00 00 00 00 00 00 00
00 00 00 00 00 00 00 00 00 00 00 00 00 00 00 00
00 00 00 00 00 00 00 00 00 00 00 00 00 00 00 00
00 00 00 00 00 00 00 00 00 00 00 00 00 00 00 00
00 00 00 00 00 00 00 00 00 00 00 00 00 00 00 00
00 00 00 00 00 00 00 00 00 00 00 00 00 00 00 00
00 00 00 00 00 00 00 00 00 00 00 00 00 00 00 00
00 00 00 00 00 00 00 00 00 00 00 00 00 00 00 00
00 00 00 00 00 00 00 00 00 00 00 00 00 00 00 00
00 00 00 00 00 00 00 00 00 00 00 00 00 00 00 00
00 00 00 00 00 00 00 00 00 00 00 00 00 00 00 00
00 00 00 00 00 00 00 00 00 00 00 00 00 00 00 00
00 00 00 00 00 00 00 00 00 00 00 00 00 00 00 00
00 00 00 00 00 00 00 00 00 00 00 00 00 00 00 00
00 00 00 00 00 00 00 00 00 00 00 00 00 00 00 00
00 00 00 00 00 00 00 00 00 00 00 00 00 00 00 00
00 00 00 00 00 00 00 00 00 00 00 00 00 00 00 00
00 00 00 00 00 00 00 00 00 00 00 00 00 00 00 00
00 00 00 00 00 00 00 00 00 00 00 00 00 00 00 00
00 00 00 00 00 00 00 00 00 00 00 00 00 00 00 00
00 00 00 00 00 00 00 00 00 00 00 00 00 00 00 00
00 00 00 00 00 00 00 00 00 00 00 00 00 00 00 00
00 00 00 00 00 00 00 00 00 00 00 00 00 00 00 00
00 00 00 00 00 00 00 00 00 00 00 00 00 00 00 00
00 00 00 00 00 00 00 00 00 00 00 00 00 00 00 00
00 00 00 00 00 00 00 00 00 00 00 00 00 00 00 00
00 00 00 00 00 00 00 00 00 00 00 00 00 00 00 00
00 00 00 00 00 00 00 00 00 00 00 00 00 00 00 00
00 00 00 00 00 00 00 00 00 00 00 00 00 00 00 00
00 00 00 00 00 00 00 00 00 00 00 00 00 00 00 00
00 00 00 00 00 00 00 00 00 00 00 00 00 00 00 00
00 00 00 00 00 00 00 00 00 00 00 00 00 00 00 00
00 00 00 00 00 00 00 00 00 00 00 00 00 00 00 00
00 00 00 00 00 00 00 00 00 00 00 00 00 00 00 00
00 00 00 00 00 00 00 00 00 00 00 00 00 00 00 00
00 00 00 00 00 00 00 00 00 00 00 00 00 00 00 00
00 00 00 00 00 00 00 00 00 00 00 00 00 00 00 00
00 00 00 00 00 00 00 00 00 00 00 00 00 00 00 00
00 00 00 00 00 00 00 00 00 00 00 00 00 00 00 00
00 00 00 00 00 00 00 00 00 00 00 00 00 00 00 00
00 00 00 00 00 00 00 00 00 00 00 00 00 00 00 00
00 00 00 00 00 00 00 00 00 00 00 00 00 00 00 00
00 00 00 00 00 00 00 00 00 00 00 00 00 00 00 00
00 00 00 00 00 00 00 00 00 00 00 00 00 00 00 00
00 00 00 00 00 00 00 00 00 00 00 00 00 00 00 00
00 00 00 00 00 00 00 00 00 00 00 00 00 00 00 00
00 00 00 00 00 00 00 00 00 00 00 00 00 00 00 00
00 00 00 00 00 00 00 00 00 00 00 00 00 00 00 00
00 00 00 00 00 00 00 00 00 00 00 00 00 00 00 00
00 00 00 00 00 00 00 00 00 00 00 00 00 00 00 00
00 00 00 00 00 00 00 00 00 00 00 00 00 00 00 00
00 00 00 00 00 00 00 00 00 00 00 00 00 00 00 00
00 00 00 00 00 00 00 00 00 00 00 00 00 00 00 00
00 00 00 00 00 00 00 00 00 00 00 00 00 00 00 00
00 00 00 00 00 00 00 00 00 00 00 00 00 00 00 00
00 00 00 00 00 00 00 00 00 00 00 00 00 00 00 00
00 00 00 00 00 00 00 00 00 00 00 00 00 00 00 00
00 00 00 00 00 00 00 00 00 00 00 00 00 00 00 00
00 00 00 00 00 00 00 00 00 00 00 00 00 00 00 00
00 00 00 00 00 00 00 00 00 00 00 00 00 00 00 00
00 00 00 00 00 00 00 00 00 00 00 00 00 00 00 00
00 00 00 00 00 00 00 00 00 00 00 00 00 00 00 00
00 00 00 00 00 00 00 00 00 00 00 00 00 00 00 00
00 00 00 00 00 00 00 00 00 00 00 00 00 00 00 00
00 00 00 00 00 00 00 00 00 00 00 00 00 00 00 00
00 00 00 00 00 00 00 00 00 00 00 00 00 00 00 00
00 00 00 00 00 00 00 00 00 00 00 00 00 00 00 00
00 00 00 00 00 00 00 00 00 00 00 00 00 00 00 00
00 00 00 00 00 00 00 00 00 00 00 00 00 00 00 00
00 00 00 00 00 00 00 00 00 00 00 00 00 00 00 00
00 00 00 00 00 00 00 00 00 00 00 00 00 00 00 00
00 00 00 00 00 00 00 00 00 00 00 00 00 00 00 00
00 00 00 00 00 00 00 00 00 00 00 00 00 00 00 00
00 00 00 00 00 00 00 00 00 00 00 00 00 00 00 00
00 00 00 00 00 00 00 00 00 00 00 00 00 00 00 00
00 00 00 00 00 00 00 00 00 00 00 00 00 00 00 00
00 00 00 00 00 00 00 00 00 00 00 00 00 00 00 00
00 00 00 00 00 00 00 00 00 00 00 00 00 00 00 00
00 00 00 00 00 00 00 00 00 00 00 00 00 00 00 00
00 00 00 00 00 00 00 00 00 00 00 00 00 00 00 00
00 00 00 00 00 00 00 00 00 00 00 00 00 00 00 00
00 00 00 00 00 00 00 00 00 00 00 00 00 00 00 00
00 00 00 00 00 00 00 00 00 00 00 00 00 00 00 00
00 00 00 00 00 00 00 00 00 00 00 00 00 00 00 00
00 00 00 00 00 00 00 00 00 00 00 00 00 00 00 00
00 00 00 00 00 00 00 00 00 00 00 00 00 00 00 00
00 00 00 00 00 00 00 00 00 00 00 00 00 00 00 00
00 00 00 00 00 00 00 00 00 00 00 00 00 00 00 00
00 00 00 00 00 00 00 00 00 00 00 00 00 00 00 00
00 00 00 00 00 00 00 00 00 00 00 00 00 00 00 00
00 00 00 00 00 00 00 00 00 00 00 00 00 00 00 00
00 00 00 00 00 00 00 00 00 00 00 00 00 00 00 00
00 00 00 00 00 00 00 00 00 00 00 00 00 00 00 00
00 00 00 00 00 00 00 00 00 00 00 00 00 00 00 00
00 00 00 00 00 00 00 00 00 00 00 00 00 00 00 00
00 00 00 00 00 00 00 00 00 00 00 00 00 00 00 00
00 00 00 00 00 00 00 00 00 00 00 00 00 00 00 00
00 00 00 00 00 00 00 00 00 00 00 00 00 00 00 00
00 00 00 00 00 00 00 00 00 00 00 00 00 00 00 00
00 00 00 00 00 00 00 00 00 00 00 00 00 00 00 00
00 00 00 00 00 00 00 00 00 00 00 00 00 00 00 00
00 00 00 00 00 00 00 00 00 00 00 00 00 00 00 00
00 00 00 00 00 00 00 00 00 00 00 00 00 00 00 00
00 00 00 00 00 00 00 00 00 00 00 00 00 00 00 00
00 00 00 00 00 00 00 00 00 00 00 00 00 00 00 00
00 00 00 00 00 00 00 00 00 00 00 00 00 00 00 00
00 00 00 00 00 00 00 00 00 00 00 00 00 00 00 00
00 00 00 00 00 00 00 00 00 00 00 00 00 00 00 00
00 00 00 00 00 00 00 00 00 00 00 00 00 00 00 00
00 00 00 00 00 00 00 00 00 00 00 00 00 00 00 00
00 00 00 00 00 00 00 00 00 00 00 00 00 00 00 00
00 00 00 00 00 00 00 00 00 00 00 00 00 00 00 00
00 00 00 00 00 00 00 00 00 00 00 00 00 00 00 00
00 00 00 00 00 00 00 00 00 00 00 00 00 00 00 00
00 00 00 00 00 00 00 00 00 00 00 00 00 00 00 00
00 00 00 00 00 00 00 00 00 00 00 00 00 00 00 00
00 00 00 00 00 00 00 00 00 00 00 00 00 00 00 00
00 00 00 00 00 00 00 00 00 00 00 00 00 00 00 00
00 00 00 00 00 00 00 00 00 00 00 00 00 00 00 00
00 00 00 00 00 00 00 00 00 00 00 00 00 00 00 00
00 00 00 00 00 00 00 00 00 00 00 00 00 00 00 00
00 00 00 00 00 00 00 00 00 00 00 00 00 00 00 00
00 00 00 00 00 00 00 00 00 00 00 00 00 00 00 00
00 00 00 00 00 00 00 00 00 00 00 00 00 00 00 00
00 00 00 00 00 00 00 00 00 00 00 00 00 00 00 00
00 00 00 00 00 00 00 00 00 00 00 00 00 00 00 00
00 00 00 00 00 00 00 00 00 00 00 00 00 00 00 00
00 00 00 00 00 00 00 00 00 00 00 00 00 00 00 00
00 00 00 00 00 00 00 00 00 00 00 00 00 00 00 00
00 00 00 00 00 00 00 00 00 00 00 00 00 00 00 00
00 00 00 00 00 00 00 00 00 00 00 00 00 00 00 00
00 00 00 00 00 00 00 00 00 00 00 00 00 00 00 00
00 00 00 00 00 00 00 00 00 00 00 00 00 00 00 00
00 00 00 00 00 00 00 00 00 00 00 00 00 00 00 00
00 00 00 00 00 00 00 00 00 00 00 00 00 00 00 00
00 00 00 00 00 00 00 00 00 00 00 00 00 00 00 00
00 00 00 00 00 00 00 00 00 00 00 00 00 00 00 00
00 00 00 00 00 00 00 00 00 00 00 00 00 00 00 00
00 00 00 00 00 00 00 00 00 00 00 00 00 00 00 00
00 00 00 00 00 00 00 00 00 00 00 00 00 00 00 00
00 00 00 00 00 00 00 00 00 00 00 00 00 00 00 00
00 00 00 00 00 00 00 00 00 00 00 00 00 00 00 00
00 00 00 00 00 00 00 00 00 00 00 00 00 00 00 00
00 00 00 00 00 00 00 00 00 00 00 00 00 00 00 00
00 00 00 00 00 00 00 00 00 00 00 00 00 00 00 00
00 00 00 00 00 00 00 00 00 00 00 00 00 00 00 00
00 00 00 00 00 00 00 00 00 00 00 00 00 00 00 00
00 00 00 00 00 00 00 00 00 00 00 00 00 00 00 00
00 00 00 00 00 00 00 00 00 00 00 00 00 00 00 00
00 00 00 00 00 00 00 00 00 00 00 00 00 00 00 00
00 00 00 00 00 00 00 00 00 00 00 00 00 00 00 00
00 00 00 00 00 00 00 00 00 00 00 00 00 00 00 00
00 00 00 00 00 00 00 00 00 00 00 00 00 00 00 00
00 00 00 00 00 00 00 00 00 00 00 00 00 00 00 00
00 00 00 00 00 00 00 00 00 00 00 00 00 00 00 00
00 00 00 00 00 00 00 00 00 00 00 00 00 00 00 00
00 00 00 00 00 00 00 00 00 00 00 00 00 00 00 00
00 00 00 00 00 00 00 00 00 00 00 00 00 00 00 00
00 00 00 00 00 00 00 00 00 00 00 00 00 00 00 00
00 00 00 00 00 00 00 00 00 00 00 00 00 00 00 00
00 00 00 00 00 00 00 00 00 00 00 00 00 00 00 00
00 00 00 00 00 00 00 00 00 00 00 00 00 00 00 00
00 00 00 00 00 00 00 00 00 00 00 00 00 00 00 00
00 00 00 00 00 00 00 00 00 00 00 00 00 00 00 00
00 00 00 00 00 00 00 00 00 00 00 00 00 00 00 00
00 00 00 00 00 00 00 00 00 00 00 00 00 00 00 00
00 00 00 00 00 00 00 00 00 00 00 00 00 00 00 00
00 00 00 00 00 00 00 00 00 00 00 00
