Copyright 1986-2021 Xilinx, Inc. All Rights Reserved.
-----------------------------------------------------------------------------------------------------------------
| Tool Version      : Vivado v.2021.1 (lin64) Build 3247384 Thu Jun 10 19:36:07 MDT 2021
| Date              : Mon Mar 17 18:49:38 2025
| Host              : secure-Precision-3660 running 64-bit Ubuntu 20.04.6 LTS
| Command           : report_timing -sort_by group -max_paths 1000 -path_type summary -file ./checkpoint/sta.rpt
| Design            : mcu_top
| Device            : xcku060-ffva1156
| Speed File        : -2  PRODUCTION 1.25 12-04-2018
| Temperature Grade : I
-----------------------------------------------------------------------------------------------------------------

Timing Report

Startpoint                     Endpoint                       Slack(ns)     
----------------------------------------------------------------------------
u_fpga_platform/pll_locked_cnt_reg[3]/C
                               u_fpga_platform/pll_locked_cnt_reg[2]/CE
                                                              4.105         
u_fpga_platform/pll_locked_cnt_reg[3]/C
                               u_fpga_platform/pll_locked_cnt_reg[3]/CE
                                                              4.105         
u_fpga_platform/pll_locked_cnt_reg[3]/C
                               u_fpga_platform/pll_locked_cnt_reg[0]/CE
                                                              4.109         
u_fpga_platform/pll_locked_cnt_reg[3]/C
                               u_fpga_platform/pll_locked_cnt_reg[1]/CE
                                                              4.109         
u_fpga_platform/pll_locked_cnt_reg[0]/C
                               u_fpga_platform/pll_locked_cnt_reg[3]/D
                                                              4.329         
u_fpga_platform/pll_locked_cnt_reg[3]/C
                               u_fpga_platform/pll_locked_reg/D
                                                              4.340         
u_fpga_platform/pll_locked_cnt_reg[0]/C
                               u_fpga_platform/pll_locked_cnt_reg[1]/D
                                                              4.371         
u_fpga_platform/pll_locked_reg/C
                               u_fpga_platform/pll_locked_d_reg/D
                                                              4.441         
u_fpga_platform/pll_locked_cnt_reg[2]/C
                               u_fpga_platform/pll_locked_cnt_reg[2]/D
                                                              4.441         
u_fpga_platform/pll_locked_cnt_reg[0]/C
                               u_fpga_platform/pll_locked_cnt_reg[0]/D
                                                              4.473         
u_fp_domain/u_CORTEXM3INTEGRATION/u_cortexm3ds_logic/Jxpm17_reg/C
                               u_fp_domain/u_CORTEXM3INTEGRATION/u_cortexm3ds_logic/Grnm17_reg/D
                                                              8.625         
u_fp_domain/u_CORTEXM3INTEGRATION/u_cortexm3ds_logic/T0nm17_reg/C
                               u_fp_domain/u_CORTEXM3INTEGRATION/u_cortexm3ds_logic/Xomm17_reg/D
                                                              8.628         
u_fp_domain/u_CORTEXM3INTEGRATION/u_cortexm3ds_logic/Jxpm17_reg/C
                               u_fp_domain/u_CORTEXM3INTEGRATION/u_cortexm3ds_logic/G0im17_reg/D
                                                              8.645         
u_fp_domain/u_CORTEXM3INTEGRATION/u_cortexm3ds_logic/T0nm17_reg/C
                               u_fp_domain/u_CORTEXM3INTEGRATION/u_cortexm3ds_logic/Ilnm17_reg/D
                                                              8.647         
u_fp_domain/u_CORTEXM3INTEGRATION/u_cortexm3ds_logic/T0nm17_reg/C
                               u_fp_domain/u_CORTEXM3INTEGRATION/u_cortexm3ds_logic/Fodm17_reg/D
                                                              8.729         
u_fp_domain/u_CORTEXM3INTEGRATION/u_cortexm3ds_logic/T0nm17_reg/C
                               u_fp_domain/u_CORTEXM3INTEGRATION/u_cortexm3ds_logic/R7qnz6_reg/D
                                                              8.761         
u_fp_domain/u_CORTEXM3INTEGRATION/u_cortexm3ds_logic/T0nm17_reg/C
                               u_fp_domain/u_CORTEXM3INTEGRATION/u_cortexm3ds_logic/N3jnz6_reg/D
                                                              8.833         
u_fp_domain/u_CORTEXM3INTEGRATION/u_cortexm3ds_logic/T0nm17_reg/C
                               u_fp_domain/u_CORTEXM3INTEGRATION/u_cortexm3ds_logic/Fb7m17_reg/D
                                                              8.863         
u_fp_domain/u_CORTEXM3INTEGRATION/u_cortexm3ds_logic/Jxpm17_reg/C
                               u_fp_domain/u_CORTEXM3INTEGRATION/u_cortexm3ds_logic/Exnm17_reg/D
                                                              8.863         
u_fp_domain/u_CORTEXM3INTEGRATION/u_cortexm3ds_logic/T0nm17_reg/C
                               u_fp_domain/u_CORTEXM3INTEGRATION/u_cortexm3ds_logic/O3tm17_reg/D
                                                              8.883         
u_fp_domain/u_CORTEXM3INTEGRATION/u_cortexm3ds_logic/Jxpm17_reg/C
                               u_fp_domain/u_CORTEXM3INTEGRATION/u_cortexm3ds_logic/T0nm17_reg/D
                                                              8.884         
u_fp_domain/u_CORTEXM3INTEGRATION/u_cortexm3ds_logic/T0nm17_reg/C
                               u_fp_domain/u_sram_top/u_dtcm/U0/inst_blk_mem_gen/gnbram.gnativebmg.native_blk_mem_gen/valid.cstr/ramloop[11].ram.r/prim_init.ram/DEVICE_8SERIES.NO_BMM_INFO.SP.SIMPLE_PRIM36.ram/ENARDEN
                                                              8.886         
u_fp_domain/u_CORTEXM3INTEGRATION/u_cortexm3ds_logic/T0nm17_reg/C
                               u_fp_domain/u_sram_top/u_dtcm/U0/inst_blk_mem_gen/gnbram.gnativebmg.native_blk_mem_gen/valid.cstr/ramloop[7].ram.r/prim_init.ram/DEVICE_8SERIES.NO_BMM_INFO.SP.SIMPLE_PRIM36.ram/ENARDEN
                                                              8.897         
u_fp_domain/u_CORTEXM3INTEGRATION/u_cortexm3ds_logic/T0nm17_reg/C
                               u_fp_domain/u_CORTEXM3INTEGRATION/u_cortexm3ds_logic/M6tm17_reg/D
                                                              8.909         
u_fp_domain/u_CORTEXM3INTEGRATION/u_cortexm3ds_logic/Jxpm17_reg/C
                               u_fp_domain/u_CORTEXM3INTEGRATION/u_cortexm3ds_logic/M9nm17_reg/D
                                                              8.912         
u_fp_domain/u_CORTEXM3INTEGRATION/u_cortexm3ds_logic/T0nm17_reg/C
                               u_fp_domain/u_CORTEXM3INTEGRATION/u_cortexm3ds_logic/Uusm17_reg/D
                                                              8.918         
u_fp_domain/u_CORTEXM3INTEGRATION/u_cortexm3ds_logic/T0nm17_reg/C
                               u_fp_domain/u_CORTEXM3INTEGRATION/u_cortexm3ds_logic/Kb5g07_reg/D
                                                              8.918         
u_fp_domain/u_CORTEXM3INTEGRATION/u_cortexm3ds_logic/T0nm17_reg/C
                               u_fp_domain/u_CORTEXM3INTEGRATION/u_cortexm3ds_logic/K9tm17_reg/D
                                                              8.942         
u_fp_domain/u_CORTEXM3INTEGRATION/u_cortexm3ds_logic/T0nm17_reg/C
                               u_fp_domain/u_CORTEXM3INTEGRATION/u_cortexm3ds_logic/J3im17_reg/D
                                                              8.956         
u_fp_domain/u_CORTEXM3INTEGRATION/u_cortexm3ds_logic/Jxpm17_reg/C
                               u_fp_domain/u_CORTEXM3INTEGRATION/u_cortexm3ds_logic/Vumm17_reg/D
                                                              8.964         
u_fp_domain/u_CORTEXM3INTEGRATION/u_cortexm3ds_logic/Jxpm17_reg/C
                               u_fp_domain/u_CORTEXM3INTEGRATION/u_cortexm3ds_logic/Oasm17_reg/D
                                                              8.973         
u_fp_domain/u_CORTEXM3INTEGRATION/u_cortexm3ds_logic/T0nm17_reg/C
                               u_fp_domain/u_CORTEXM3INTEGRATION/u_cortexm3ds_logic/D3om17_reg/D
                                                              8.978         
u_fp_domain/u_CORTEXM3INTEGRATION/u_cortexm3ds_logic/T0nm17_reg/C
                               u_fp_domain/u_CORTEXM3INTEGRATION/u_cortexm3ds_logic/Kfnm17_reg/D
                                                              9.024         
u_fp_domain/u_CORTEXM3INTEGRATION/u_cortexm3ds_logic/T0nm17_reg/C
                               u_fp_domain/u_CORTEXM3INTEGRATION/u_cortexm3ds_logic/Klgm17_reg/D
                                                              9.038         
u_fp_domain/u_CORTEXM3INTEGRATION/u_cortexm3ds_logic/T0nm17_reg/C
                               u_fp_domain/u_CORTEXM3INTEGRATION/u_cortexm3ds_logic/Uc5u07_reg/D
                                                              9.057         
u_fp_domain/u_CORTEXM3INTEGRATION/u_cortexm3ds_logic/T0nm17_reg/C
                               u_fp_domain/u_sram_top/u_dtcm/U0/inst_blk_mem_gen/gnbram.gnativebmg.native_blk_mem_gen/valid.cstr/ramloop[7].ram.r/prim_init.ram/DEVICE_8SERIES.NO_BMM_INFO.SP.SIMPLE_PRIM36.ram/ADDRARDADDR[5]
                                                              9.066         
u_fp_domain/u_CORTEXM3INTEGRATION/u_cortexm3ds_logic/T0nm17_reg/C
                               u_fp_domain/u_CORTEXM3INTEGRATION/u_cortexm3ds_logic/Qezs07_reg/D
                                                              9.067         
u_fp_domain/u_CORTEXM3INTEGRATION/u_cortexm3ds_logic/T0nm17_reg/C
                               u_fp_domain/u_CORTEXM3INTEGRATION/u_cortexm3ds_logic/Q53oz6_reg/D
                                                              9.075         
u_fp_domain/u_CORTEXM3INTEGRATION/u_cortexm3ds_logic/T0nm17_reg/C
                               u_fp_domain/u_CORTEXM3INTEGRATION/u_cortexm3ds_logic/B00t07_reg/D
                                                              9.082         
u_fp_domain/u_CORTEXM3INTEGRATION/u_cortexm3ds_logic/T0nm17_reg/C
                               u_fp_domain/u_CORTEXM3INTEGRATION/u_cortexm3ds_logic/M7zs07_reg/D
                                                              9.089         
u_fp_domain/u_CORTEXM3INTEGRATION/u_cortexm3ds_logic/T0nm17_reg/C
                               u_fp_domain/u_CORTEXM3INTEGRATION/u_cortexm3ds_logic/N66nz6_reg/D
                                                              9.090         
u_fp_domain/u_CORTEXM3INTEGRATION/u_cortexm3ds_logic/T0nm17_reg/C
                               u_fp_domain/u_sram_top/u_dtcm/U0/inst_blk_mem_gen/gnbram.gnativebmg.native_blk_mem_gen/valid.cstr/ramloop[11].ram.r/prim_init.ram/DEVICE_8SERIES.NO_BMM_INFO.SP.SIMPLE_PRIM36.ram/ADDRARDADDR[5]
                                                              9.091         
u_fp_domain/u_CORTEXM3INTEGRATION/u_cortexm3ds_logic/Jxpm17_reg/C
                               u_fp_domain/u_CORTEXM3INTEGRATION/u_cortexm3ds_logic/Gwxnz6_reg/D
                                                              9.098         
u_fp_domain/u_CORTEXM3INTEGRATION/u_cortexm3ds_logic/T0nm17_reg/C
                               u_fp_domain/u_CORTEXM3INTEGRATION/u_cortexm3ds_logic/M7tnz6_reg/D
                                                              9.104         
u_fp_domain/u_CORTEXM3INTEGRATION/u_cortexm3ds_logic/T0nm17_reg/C
                               u_fp_domain/u_CORTEXM3INTEGRATION/u_cortexm3ds_logic/G9mnz6_reg/D
                                                              9.105         
u_fp_domain/u_CORTEXM3INTEGRATION/u_cortexm3ds_logic/T0nm17_reg/C
                               u_fp_domain/u_CORTEXM3INTEGRATION/u_cortexm3ds_logic/Ftdm17_reg/D
                                                              9.113         
u_fp_domain/u_CORTEXM3INTEGRATION/u_cortexm3ds_logic/T0nm17_reg/C
                               u_fp_domain/u_CORTEXM3INTEGRATION/u_cortexm3ds_logic/Ahzs07_reg/D
                                                              9.115         
u_fp_domain/u_CORTEXM3INTEGRATION/u_cortexm3ds_logic/T0nm17_reg/C
                               u_fp_domain/u_CORTEXM3INTEGRATION/u_cortexm3ds_logic/Oswnz6_reg/D
                                                              9.118         
u_fp_domain/u_CORTEXM3INTEGRATION/u_cortexm3ds_logic/T0nm17_reg/C
                               u_fp_domain/u_CORTEXM3INTEGRATION/u_cortexm3ds_logic/Mmys07_reg/D
                                                              9.122         
u_fp_domain/u_CORTEXM3INTEGRATION/u_cortexm3ds_logic/T0nm17_reg/C
                               u_fp_domain/u_CORTEXM3INTEGRATION/u_cortexm3ds_logic/Ie5g07_reg/D
                                                              9.122         
u_fp_domain/u_CORTEXM3INTEGRATION/u_cortexm3ds_logic/T0nm17_reg/C
                               u_fp_domain/u_CORTEXM3INTEGRATION/u_cortexm3ds_logic/Mp9917_reg/D
                                                              9.126         
u_fp_domain/u_CORTEXM3INTEGRATION/u_cortexm3ds_logic/T0nm17_reg/C
                               u_fp_domain/u_CORTEXM3INTEGRATION/u_cortexm3ds_logic/Q0tm17_reg/D
                                                              9.129         
u_fp_domain/u_CORTEXM3INTEGRATION/u_cortexm3ds_logic/T0nm17_reg/C
                               u_fp_domain/u_CORTEXM3INTEGRATION/u_cortexm3ds_logic/L20t07_reg/D
                                                              9.129         
u_fp_domain/u_CORTEXM3INTEGRATION/u_cortexm3ds_logic/T0nm17_reg/C
                               u_fp_domain/u_CORTEXM3INTEGRATION/u_cortexm3ds_logic/Sxsm17_reg/D
                                                              9.131         
u_fp_domain/u_CORTEXM3INTEGRATION/u_cortexm3ds_logic/T0nm17_reg/C
                               u_fp_domain/u_CORTEXM3INTEGRATION/u_cortexm3ds_logic/Sx5u07_reg/D
                                                              9.132         
u_fp_domain/u_CORTEXM3INTEGRATION/u_cortexm3ds_logic/T0nm17_reg/C
                               u_fp_domain/u_CORTEXM3INTEGRATION/u_cortexm3ds_logic/W9zs07_reg/D
                                                              9.132         
u_fp_domain/u_CORTEXM3INTEGRATION/u_cortexm3ds_logic/T0nm17_reg/C
                               u_fp_domain/u_sram_top/u_dtcm/U0/inst_blk_mem_gen/gnbram.gnativebmg.native_blk_mem_gen/valid.cstr/ramloop[9].ram.r/prim_init.ram/DEVICE_8SERIES.NO_BMM_INFO.SP.SIMPLE_PRIM36.ram/ADDRARDADDR[5]
                                                              9.132         
u_fp_domain/u_CORTEXM3INTEGRATION/u_cortexm3ds_logic/T0nm17_reg/C
                               u_fp_domain/u_CORTEXM3INTEGRATION/u_cortexm3ds_logic/C8a917_reg/D
                                                              9.136         
u_fp_domain/u_CORTEXM3INTEGRATION/u_cortexm3ds_logic/T0nm17_reg/C
                               u_fp_domain/u_CORTEXM3INTEGRATION/u_cortexm3ds_logic/Yszs07_reg/D
                                                              9.139         
u_fp_domain/u_CORTEXM3INTEGRATION/u_cortexm3ds_logic/T0nm17_reg/C
                               u_fp_domain/u_CORTEXM3INTEGRATION/u_cortexm3ds_logic/Xiom17_reg/D
                                                              9.140         
u_fp_domain/u_CORTEXM3INTEGRATION/u_cortexm3ds_logic/T0nm17_reg/C
                               u_fp_domain/u_CORTEXM3INTEGRATION/u_cortexm3ds_logic/N25g07_reg/D
                                                              9.153         
u_fp_domain/u_CORTEXM3INTEGRATION/u_cortexm3ds_logic/T0nm17_reg/C
                               u_fp_domain/u_sram_top/u_dtcm/U0/inst_blk_mem_gen/gnbram.gnativebmg.native_blk_mem_gen/valid.cstr/ramloop[1].ram.r/prim_init.ram/DEVICE_8SERIES.NO_BMM_INFO.SP.SIMPLE_PRIM36.ram/ENARDEN
                                                              9.161         
u_fp_domain/u_CORTEXM3INTEGRATION/u_cortexm3ds_logic/T0nm17_reg/C
                               u_fp_domain/u_CORTEXM3INTEGRATION/u_cortexm3ds_logic/Yvys07_reg/D
                                                              9.163         
u_fp_domain/u_CORTEXM3INTEGRATION/u_cortexm3ds_logic/T0nm17_reg/C
                               u_fp_domain/u_sram_top/u_dtcm/U0/inst_blk_mem_gen/gnbram.gnativebmg.native_blk_mem_gen/valid.cstr/ramloop[13].ram.r/prim_init.ram/DEVICE_8SERIES.NO_BMM_INFO.SP.SIMPLE_PRIM36.ram/ENARDEN
                                                              9.177         
u_fp_domain/u_CORTEXM3INTEGRATION/u_cortexm3ds_logic/T0nm17_reg/C
                               u_fp_domain/u_CORTEXM3INTEGRATION/u_cortexm3ds_logic/Sjam17_reg/D
                                                              9.179         
u_fp_domain/u_CORTEXM3INTEGRATION/u_cortexm3ds_logic/T0nm17_reg/C
                               u_fp_domain/u_sram_top/u_dtcm/U0/inst_blk_mem_gen/gnbram.gnativebmg.native_blk_mem_gen/valid.cstr/ramloop[9].ram.r/prim_init.ram/DEVICE_8SERIES.NO_BMM_INFO.SP.SIMPLE_PRIM36.ram/ENARDEN
                                                              9.179         
u_fp_domain/u_CORTEXM3INTEGRATION/u_cortexm3ds_logic/T0nm17_reg/C
                               u_fp_domain/u_CORTEXM3INTEGRATION/u_cortexm3ds_logic/Eozs07_reg/D
                                                              9.180         
u_fp_domain/u_CORTEXM3INTEGRATION/u_cortexm3ds_logic/T0nm17_reg/C
                               u_fp_domain/u_sram_top/u_dtcm/U0/inst_blk_mem_gen/gnbram.gnativebmg.native_blk_mem_gen/valid.cstr/ramloop[6].ram.r/prim_init.ram/DEVICE_8SERIES.NO_BMM_INFO.SP.SIMPLE_PRIM36.ram/ENARDEN
                                                              9.181         
u_fp_domain/u_CORTEXM3INTEGRATION/u_cortexm3ds_logic/T0nm17_reg/C
                               u_fp_domain/u_sram_top/u_dtcm/U0/inst_blk_mem_gen/gnbram.gnativebmg.native_blk_mem_gen/valid.cstr/ramloop[11].ram.r/prim_init.ram/DEVICE_8SERIES.NO_BMM_INFO.SP.SIMPLE_PRIM36.ram/ADDRARDADDR[8]
                                                              9.187         
u_fp_domain/u_CORTEXM3INTEGRATION/u_cortexm3ds_logic/T0nm17_reg/C
                               u_fp_domain/u_CORTEXM3INTEGRATION/u_cortexm3ds_logic/Kjzs07_reg/D
                                                              9.194         
u_fp_domain/u_CORTEXM3INTEGRATION/u_cortexm3ds_logic/T0nm17_reg/C
                               u_fp_domain/u_sram_top/u_dtcm/U0/inst_blk_mem_gen/gnbram.gnativebmg.native_blk_mem_gen/valid.cstr/ramloop[13].ram.r/prim_init.ram/DEVICE_8SERIES.NO_BMM_INFO.SP.SIMPLE_PRIM36.ram/ADDRARDADDR[12]
                                                              9.200         
u_fp_domain/u_CORTEXM3INTEGRATION/u_cortexm3ds_logic/T0nm17_reg/C
                               u_fp_domain/u_sram_top/u_dtcm/U0/inst_blk_mem_gen/gnbram.gnativebmg.native_blk_mem_gen/valid.cstr/ramloop[15].ram.r/prim_init.ram/DEVICE_8SERIES.NO_BMM_INFO.SP.SIMPLE_PRIM36.ram/ENARDEN
                                                              9.206         
u_fp_domain/u_CORTEXM3INTEGRATION/u_cortexm3ds_logic/T0nm17_reg/C
                               u_fp_domain/u_CORTEXM3INTEGRATION/u_cortexm3ds_logic/X6mnz6_reg/D
                                                              9.207         
u_fp_domain/u_CORTEXM3INTEGRATION/u_cortexm3ds_logic/T0nm17_reg/C
                               u_fp_domain/u_sram_top/u_dtcm/U0/inst_blk_mem_gen/gnbram.gnativebmg.native_blk_mem_gen/valid.cstr/ramloop[11].ram.r/prim_init.ram/DEVICE_8SERIES.NO_BMM_INFO.SP.SIMPLE_PRIM36.ram/ADDRARDADDR[13]
                                                              9.207         
u_fp_domain/u_CORTEXM3INTEGRATION/u_cortexm3ds_logic/T0nm17_reg/C
                               u_fp_domain/u_sram_top/u_dtcm/U0/inst_blk_mem_gen/gnbram.gnativebmg.native_blk_mem_gen/valid.cstr/ramloop[2].ram.r/prim_init.ram/DEVICE_8SERIES.NO_BMM_INFO.SP.SIMPLE_PRIM36.ram/ENARDEN
                                                              9.207         
u_fp_domain/u_CORTEXM3INTEGRATION/u_cortexm3ds_logic/T0nm17_reg/C
                               u_fp_domain/u_CORTEXM3INTEGRATION/u_cortexm3ds_logic/Pk5u07_reg/D
                                                              9.211         
u_fp_domain/u_CORTEXM3INTEGRATION/u_cortexm3ds_logic/T0nm17_reg/C
                               u_fp_domain/u_CORTEXM3INTEGRATION/u_cortexm3ds_logic/V40t07_reg/D
                                                              9.212         
u_fp_domain/u_CORTEXM3INTEGRATION/u_cortexm3ds_logic/T0nm17_reg/C
                               u_fp_domain/u_CORTEXM3INTEGRATION/u_cortexm3ds_logic/Ml1a17_reg/D
                                                              9.215         
u_fp_domain/u_CORTEXM3INTEGRATION/u_cortexm3ds_logic/T0nm17_reg/C
                               u_fp_domain/u_sram_top/u_dtcm/U0/inst_blk_mem_gen/gnbram.gnativebmg.native_blk_mem_gen/valid.cstr/ramloop[11].ram.r/prim_init.ram/DEVICE_8SERIES.NO_BMM_INFO.SP.SIMPLE_PRIM36.ram/ADDRARDADDR[3]
                                                              9.224         
u_fp_domain/u_CORTEXM3INTEGRATION/u_cortexm3ds_logic/T0nm17_reg/C
                               u_fp_domain/u_sram_top/u_dtcm/U0/inst_blk_mem_gen/gnbram.gnativebmg.native_blk_mem_gen/valid.cstr/ramloop[11].ram.r/prim_init.ram/DEVICE_8SERIES.NO_BMM_INFO.SP.SIMPLE_PRIM36.ram/ADDRARDADDR[9]
                                                              9.237         
u_fp_domain/u_CORTEXM3INTEGRATION/u_cortexm3ds_logic/Fz6oz6_reg/C
                               u_fp_domain/u_CORTEXM3INTEGRATION/u_cortexm3ds_logic/Zxhnz6_reg/CE
                                                              9.242         
u_fp_domain/u_CORTEXM3INTEGRATION/u_cortexm3ds_logic/T0nm17_reg/C
                               u_fp_domain/u_sram_top/u_dtcm/U0/inst_blk_mem_gen/gnbram.gnativebmg.native_blk_mem_gen/valid.cstr/ramloop[3].ram.r/prim_init.ram/DEVICE_8SERIES.NO_BMM_INFO.SP.SIMPLE_PRIM36.ram/ADDRARDADDR[9]
                                                              9.245         
u_fp_domain/u_CORTEXM3INTEGRATION/u_cortexm3ds_logic/T0nm17_reg/C
                               u_fp_domain/u_sram_top/u_dtcm/U0/inst_blk_mem_gen/gnbram.gnativebmg.native_blk_mem_gen/valid.cstr/ramloop[28].ram.r/prim_init.ram/DEVICE_8SERIES.NO_BMM_INFO.SP.SIMPLE_PRIM36.ram/WEA[0]
                                                              9.255         
u_fp_domain/u_CORTEXM3INTEGRATION/u_cortexm3ds_logic/T0nm17_reg/C
                               u_fp_domain/u_sram_top/u_dtcm/U0/inst_blk_mem_gen/gnbram.gnativebmg.native_blk_mem_gen/valid.cstr/ramloop[25].ram.r/prim_init.ram/DEVICE_8SERIES.NO_BMM_INFO.SP.SIMPLE_PRIM36.ram/ENARDEN
                                                              9.258         
u_fp_domain/u_CORTEXM3INTEGRATION/u_cortexm3ds_logic/T0nm17_reg/C
                               u_fp_domain/u_CORTEXM3INTEGRATION/u_cortexm3ds_logic/F70t07_reg/D
                                                              9.259         
u_fp_domain/u_CORTEXM3INTEGRATION/u_cortexm3ds_logic/T0nm17_reg/C
                               u_fp_domain/u_CORTEXM3INTEGRATION/u_cortexm3ds_logic/Gf2a17_reg/D
                                                              9.261         
u_fp_domain/u_CORTEXM3INTEGRATION/u_cortexm3ds_logic/T0nm17_reg/C
                               u_fp_domain/u_sram_top/u_dtcm/U0/inst_blk_mem_gen/gnbram.gnativebmg.native_blk_mem_gen/valid.cstr/ramloop[6].ram.r/prim_init.ram/DEVICE_8SERIES.NO_BMM_INFO.SP.SIMPLE_PRIM36.ram/ADDRARDADDR[5]
                                                              9.262         
u_fp_domain/u_CORTEXM3INTEGRATION/u_cortexm3ds_logic/T0nm17_reg/C
                               u_fp_domain/u_CORTEXM3INTEGRATION/u_cortexm3ds_logic/L5xnz6_reg/D
                                                              9.265         
u_fp_domain/u_CORTEXM3INTEGRATION/u_cortexm3ds_logic/T0nm17_reg/C
                               u_fp_domain/u_CORTEXM3INTEGRATION/u_cortexm3ds_logic/Xp5u07_reg/D
                                                              9.268         
u_fp_domain/u_CORTEXM3INTEGRATION/u_cortexm3ds_logic/T0nm17_reg/C
                               u_fp_domain/u_CORTEXM3INTEGRATION/u_cortexm3ds_logic/H9cm17_reg/D
                                                              9.272         
u_fp_domain/u_CORTEXM3INTEGRATION/u_cortexm3ds_logic/T0nm17_reg/C
                               u_fp_domain/u_CORTEXM3INTEGRATION/u_cortexm3ds_logic/Oqzs07_reg/D
                                                              9.273         
u_fp_domain/u_CORTEXM3INTEGRATION/u_cortexm3ds_logic/T0nm17_reg/C
                               u_fp_domain/u_CORTEXM3INTEGRATION/u_cortexm3ds_logic/Ym5g07_reg/D
                                                              9.275         
u_fp_domain/u_CORTEXM3INTEGRATION/u_cortexm3ds_logic/T0nm17_reg/C
                               u_fp_domain/u_CORTEXM3INTEGRATION/u_cortexm3ds_logic/Ef5u07_reg/D
                                                              9.276         
u_fp_domain/u_CORTEXM3INTEGRATION/u_cortexm3ds_logic/T0nm17_reg/C
                               u_fp_domain/u_CORTEXM3INTEGRATION/u_cortexm3ds_logic/Uilnz6_reg/D
                                                              9.277         
u_fp_domain/u_CORTEXM3INTEGRATION/u_cortexm3ds_logic/T0nm17_reg/C
                               u_fp_domain/u_sram_top/u_dtcm/U0/inst_blk_mem_gen/gnbram.gnativebmg.native_blk_mem_gen/valid.cstr/ramloop[6].ram.r/prim_init.ram/DEVICE_8SERIES.NO_BMM_INFO.SP.SIMPLE_PRIM36.ram/ADDRARDADDR[9]
                                                              9.292         
u_fp_domain/u_CORTEXM3INTEGRATION/u_cortexm3ds_logic/T0nm17_reg/C
                               u_fp_domain/u_sram_top/u_dtcm/U0/inst_blk_mem_gen/gnbram.gnativebmg.native_blk_mem_gen/valid.cstr/ramloop[13].ram.r/prim_init.ram/DEVICE_8SERIES.NO_BMM_INFO.SP.SIMPLE_PRIM36.ram/ADDRARDADDR[8]
                                                              9.292         
u_fp_domain/u_CORTEXM3INTEGRATION/u_cortexm3ds_logic/T0nm17_reg/C
                               u_fp_domain/u_sram_top/u_dtcm/U0/inst_blk_mem_gen/gnbram.gnativebmg.native_blk_mem_gen/valid.cstr/ramloop[13].ram.r/prim_init.ram/DEVICE_8SERIES.NO_BMM_INFO.SP.SIMPLE_PRIM36.ram/ADDRARDADDR[5]
                                                              9.297         
u_fp_domain/u_CORTEXM3INTEGRATION/u_cortexm3ds_logic/T0nm17_reg/C
                               u_fp_domain/u_sram_top/u_dtcm/U0/inst_blk_mem_gen/gnbram.gnativebmg.native_blk_mem_gen/valid.cstr/ramloop[13].ram.r/prim_init.ram/DEVICE_8SERIES.NO_BMM_INFO.SP.SIMPLE_PRIM36.ram/ADDRARDADDR[9]
                                                              9.298         
u_fp_domain/u_CORTEXM3INTEGRATION/u_cortexm3ds_logic/T0nm17_reg/C
                               u_fp_domain/u_CORTEXM3INTEGRATION/u_cortexm3ds_logic/Af4g07_reg/D
                                                              9.302         
u_fp_domain/u_CORTEXM3INTEGRATION/u_cortexm3ds_logic/T0nm17_reg/C
                               u_fp_domain/u_sram_top/u_dtcm/U0/inst_blk_mem_gen/gnbram.gnativebmg.native_blk_mem_gen/valid.cstr/ramloop[9].ram.r/prim_init.ram/DEVICE_8SERIES.NO_BMM_INFO.SP.SIMPLE_PRIM36.ram/ADDRARDADDR[12]
                                                              9.302         
u_fp_domain/u_CORTEXM3INTEGRATION/u_cortexm3ds_logic/T0nm17_reg/C
                               u_fp_domain/u_CORTEXM3INTEGRATION/u_cortexm3ds_logic/Mzonz6_reg/D
                                                              9.303         
u_fp_domain/u_CORTEXM3INTEGRATION/u_cortexm3ds_logic/T0nm17_reg/C
                               u_fp_domain/u_CORTEXM3INTEGRATION/u_cortexm3ds_logic/Pbrnz6_reg/D
                                                              9.303         
u_fp_domain/u_CORTEXM3INTEGRATION/u_cortexm3ds_logic/T0nm17_reg/C
                               u_fp_domain/u_sram_top/u_dtcm/U0/inst_blk_mem_gen/gnbram.gnativebmg.native_blk_mem_gen/valid.cstr/ramloop[13].ram.r/prim_init.ram/DEVICE_8SERIES.NO_BMM_INFO.SP.SIMPLE_PRIM36.ram/ADDRARDADDR[13]
                                                              9.312         
u_fp_domain/u_CORTEXM3INTEGRATION/u_cortexm3ds_logic/T0nm17_reg/C
                               u_fp_domain/u_sram_top/u_dtcm/U0/inst_blk_mem_gen/gnbram.gnativebmg.native_blk_mem_gen/valid.cstr/ramloop[5].ram.r/prim_init.ram/DEVICE_8SERIES.NO_BMM_INFO.SP.SIMPLE_PRIM36.ram/ENARDEN
                                                              9.314         
u_fp_domain/u_CORTEXM3INTEGRATION/u_cortexm3ds_logic/T0nm17_reg/C
                               u_fp_domain/u_CORTEXM3INTEGRATION/u_cortexm3ds_logic/Lc0t07_reg/D
                                                              9.316         
u_fp_domain/u_CORTEXM3INTEGRATION/u_cortexm3ds_logic/T0nm17_reg/C
                               u_fp_domain/u_CORTEXM3INTEGRATION/u_cortexm3ds_logic/Qbmnz6_reg/D
                                                              9.319         
u_fp_domain/u_CORTEXM3INTEGRATION/u_cortexm3ds_logic/T0nm17_reg/C
                               u_fp_domain/u_sram_top/u_dtcm/U0/inst_blk_mem_gen/gnbram.gnativebmg.native_blk_mem_gen/valid.cstr/ramloop[11].ram.r/prim_init.ram/DEVICE_8SERIES.NO_BMM_INFO.SP.SIMPLE_PRIM36.ram/ADDRARDADDR[4]
                                                              9.320         
u_fp_domain/u_CORTEXM3INTEGRATION/u_cortexm3ds_logic/T0nm17_reg/C
                               u_fp_domain/u_CORTEXM3INTEGRATION/u_cortexm3ds_logic/Chknz6_reg/D
                                                              9.321         
u_fp_domain/u_CORTEXM3INTEGRATION/u_cortexm3ds_logic/T0nm17_reg/C
                               u_fp_domain/u_CORTEXM3INTEGRATION/u_cortexm3ds_logic/Usys07_reg/D
                                                              9.325         
u_fp_domain/u_CORTEXM3INTEGRATION/u_cortexm3ds_logic/T0nm17_reg/C
                               u_fp_domain/u_CORTEXM3INTEGRATION/u_cortexm3ds_logic/Gczs07_reg/D
                                                              9.327         
u_fp_domain/u_CORTEXM3INTEGRATION/u_cortexm3ds_logic/T0nm17_reg/C
                               u_fp_domain/u_sram_top/u_dtcm/U0/inst_blk_mem_gen/gnbram.gnativebmg.native_blk_mem_gen/valid.cstr/ramloop[11].ram.r/prim_init.ram/DEVICE_8SERIES.NO_BMM_INFO.SP.SIMPLE_PRIM36.ram/ADDRARDADDR[6]
                                                              9.329         
u_fp_domain/u_CORTEXM3INTEGRATION/u_cortexm3ds_logic/T0nm17_reg/C
                               u_fp_domain/u_sram_top/u_dtcm/U0/inst_blk_mem_gen/gnbram.gnativebmg.native_blk_mem_gen/valid.cstr/ramloop[13].ram.r/prim_init.ram/DEVICE_8SERIES.NO_BMM_INFO.SP.SIMPLE_PRIM36.ram/ADDRARDADDR[3]
                                                              9.329         
u_fp_domain/u_CORTEXM3INTEGRATION/u_cortexm3ds_logic/T0nm17_reg/C
                               u_fp_domain/u_sram_top/u_dtcm/U0/inst_blk_mem_gen/gnbram.gnativebmg.native_blk_mem_gen/valid.cstr/ramloop[11].ram.r/prim_init.ram/DEVICE_8SERIES.NO_BMM_INFO.SP.SIMPLE_PRIM36.ram/ADDRARDADDR[12]
                                                              9.335         
u_fp_domain/u_CORTEXM3INTEGRATION/u_cortexm3ds_logic/T0nm17_reg/C
                               u_fp_domain/u_CORTEXM3INTEGRATION/u_cortexm3ds_logic/Zz9917_reg/D
                                                              9.344         
u_fp_domain/u_CORTEXM3INTEGRATION/u_cortexm3ds_logic/T0nm17_reg/C
                               u_fp_domain/u_sram_top/u_dtcm/U0/inst_blk_mem_gen/gnbram.gnativebmg.native_blk_mem_gen/valid.cstr/ramloop[10].ram.r/prim_init.ram/DEVICE_8SERIES.NO_BMM_INFO.SP.SIMPLE_PRIM36.ram/ENARDEN
                                                              9.344         
u_fp_domain/u_CORTEXM3INTEGRATION/u_cortexm3ds_logic/T0nm17_reg/C
                               u_fp_domain/u_CORTEXM3INTEGRATION/u_cortexm3ds_logic/Ulzs07_reg/D
                                                              9.345         
u_fp_domain/u_CORTEXM3INTEGRATION/u_cortexm3ds_logic/T0nm17_reg/C
                               u_fp_domain/u_sram_top/u_dtcm/U0/inst_blk_mem_gen/gnbram.gnativebmg.native_blk_mem_gen/valid.cstr/ramloop[11].ram.r/prim_init.ram/DEVICE_8SERIES.NO_BMM_INFO.SP.SIMPLE_PRIM36.ram/WEA[0]
                                                              9.352         
u_fp_domain/u_CORTEXM3INTEGRATION/u_cortexm3ds_logic/T0nm17_reg/C
                               u_fp_domain/u_sram_top/u_dtcm/U0/inst_blk_mem_gen/gnbram.gnativebmg.native_blk_mem_gen/valid.cstr/ramloop[17].ram.r/prim_init.ram/DEVICE_8SERIES.NO_BMM_INFO.SP.SIMPLE_PRIM36.ram/ENARDEN
                                                              9.355         
u_fp_domain/u_CORTEXM3INTEGRATION/u_cortexm3ds_logic/T0nm17_reg/C
                               u_fp_domain/u_CORTEXM3INTEGRATION/u_cortexm3ds_logic/Gm0t07_reg/D
                                                              9.357         
u_fp_domain/u_CORTEXM3INTEGRATION/u_cortexm3ds_logic/T0nm17_reg/C
                               u_fp_domain/u_sram_top/u_dtcm/U0/inst_blk_mem_gen/gnbram.gnativebmg.native_blk_mem_gen/valid.cstr/ramloop[1].ram.r/prim_init.ram/DEVICE_8SERIES.NO_BMM_INFO.SP.SIMPLE_PRIM36.ram/ADDRARDADDR[5]
                                                              9.362         
u_fp_domain/u_CORTEXM3INTEGRATION/u_cortexm3ds_logic/T0nm17_reg/C
                               u_fp_domain/u_sram_top/u_dtcm/U0/inst_blk_mem_gen/gnbram.gnativebmg.native_blk_mem_gen/valid.cstr/ramloop[31].ram.r/prim_init.ram/DEVICE_8SERIES.NO_BMM_INFO.SP.SIMPLE_PRIM36.ram/WEA[0]
                                                              9.369         
u_fp_domain/u_CORTEXM3INTEGRATION/u_cortexm3ds_logic/T0nm17_reg/C
                               u_fp_domain/u_sram_top/u_dtcm/U0/inst_blk_mem_gen/gnbram.gnativebmg.native_blk_mem_gen/valid.cstr/ramloop[8].ram.r/prim_init.ram/DEVICE_8SERIES.NO_BMM_INFO.SP.SIMPLE_PRIM36.ram/ENARDEN
                                                              9.370         
u_fp_domain/u_CORTEXM3INTEGRATION/u_cortexm3ds_logic/T0nm17_reg/C
                               u_fp_domain/u_CORTEXM3INTEGRATION/u_cortexm3ds_logic/D5zs07_reg/D
                                                              9.372         
u_fp_domain/u_CORTEXM3INTEGRATION/u_cortexm3ds_logic/T0nm17_reg/C
                               u_fp_domain/u_CORTEXM3INTEGRATION/u_cortexm3ds_logic/M55g07_reg/D
                                                              9.373         
u_fp_domain/u_CORTEXM3INTEGRATION/u_cortexm3ds_logic/T0nm17_reg/C
                               u_fp_domain/u_CORTEXM3INTEGRATION/u_cortexm3ds_logic/Ae6g07_reg/D
                                                              9.375         
u_fp_domain/u_CORTEXM3INTEGRATION/u_cortexm3ds_logic/T0nm17_reg/C
                               u_fp_domain/u_CORTEXM3INTEGRATION/u_cortexm3ds_logic/Tq4g07_reg/D
                                                              9.375         
u_fp_domain/u_CORTEXM3INTEGRATION/u_cortexm3ds_logic/T0nm17_reg/C
                               u_fp_domain/u_sram_top/u_dtcm/U0/inst_blk_mem_gen/gnbram.gnativebmg.native_blk_mem_gen/valid.cstr/ramloop[24].ram.r/prim_init.ram/DEVICE_8SERIES.NO_BMM_INFO.SP.SIMPLE_PRIM36.ram/ENARDEN
                                                              9.376         
u_fp_domain/u_CORTEXM3INTEGRATION/u_cortexm3ds_logic/T0nm17_reg/C
                               u_fp_domain/u_CORTEXM3INTEGRATION/u_cortexm3ds_logic/Rt4g07_reg/D
                                                              9.376         
u_fp_domain/u_CORTEXM3INTEGRATION/u_cortexm3ds_logic/T0nm17_reg/C
                               u_fp_domain/u_sram_top/u_dtcm/U0/inst_blk_mem_gen/gnbram.gnativebmg.native_blk_mem_gen/valid.cstr/ramloop[7].ram.r/prim_init.ram/DEVICE_8SERIES.NO_BMM_INFO.SP.SIMPLE_PRIM36.ram/ADDRARDADDR[14]
                                                              9.387         
u_fp_domain/u_CORTEXM3INTEGRATION/u_cortexm3ds_logic/T0nm17_reg/C
                               u_fp_domain/u_CORTEXM3INTEGRATION/u_cortexm3ds_logic/V6ys07_reg/D
                                                              9.389         
u_fp_domain/u_CORTEXM3INTEGRATION/u_cortexm3ds_logic/T0nm17_reg/C
                               u_fp_domain/u_CORTEXM3INTEGRATION/u_cortexm3ds_logic/Qpys07_reg/D
                                                              9.392         
u_fp_domain/u_CORTEXM3INTEGRATION/u_cortexm3ds_logic/T0nm17_reg/C
                               u_fp_domain/u_CORTEXM3INTEGRATION/u_cortexm3ds_logic/Qx8nz6_reg/D
                                                              9.396         
u_fp_domain/u_CORTEXM3INTEGRATION/u_cortexm3ds_logic/T0nm17_reg/C
                               u_fp_domain/u_CORTEXM3INTEGRATION/u_cortexm3ds_logic/Eqwnz6_reg/D
                                                              9.398         
u_fp_domain/u_CORTEXM3INTEGRATION/u_cortexm3ds_logic/T0nm17_reg/C
                               u_fp_domain/u_CORTEXM3INTEGRATION/u_cortexm3ds_logic/Ee9917_reg/D
                                                              9.398         
u_fp_domain/u_CORTEXM3INTEGRATION/u_cortexm3ds_logic/T0nm17_reg/C
                               u_fp_domain/u_sram_top/u_dtcm/U0/inst_blk_mem_gen/gnbram.gnativebmg.native_blk_mem_gen/valid.cstr/ramloop[11].ram.r/prim_init.ram/DEVICE_8SERIES.NO_BMM_INFO.SP.SIMPLE_PRIM36.ram/ADDRARDADDR[11]
                                                              9.401         
u_fp_domain/u_CORTEXM3INTEGRATION/u_cortexm3ds_logic/T0nm17_reg/C
                               u_fp_domain/u_sram_top/u_dtcm/U0/inst_blk_mem_gen/gnbram.gnativebmg.native_blk_mem_gen/valid.cstr/ramloop[3].ram.r/prim_init.ram/DEVICE_8SERIES.NO_BMM_INFO.SP.SIMPLE_PRIM36.ram/ADDRARDADDR[7]
                                                              9.401         
u_fp_domain/u_CORTEXM3INTEGRATION/u_cortexm3ds_logic/T0nm17_reg/C
                               u_fp_domain/u_sram_top/u_dtcm/U0/inst_blk_mem_gen/gnbram.gnativebmg.native_blk_mem_gen/valid.cstr/ramloop[14].ram.r/prim_init.ram/DEVICE_8SERIES.NO_BMM_INFO.SP.SIMPLE_PRIM36.ram/ENARDEN
                                                              9.404         
u_fp_domain/u_CORTEXM3INTEGRATION/u_cortexm3ds_logic/T0nm17_reg/C
                               u_fp_domain/u_sram_top/u_dtcm/U0/inst_blk_mem_gen/gnbram.gnativebmg.native_blk_mem_gen/valid.cstr/ramloop[7].ram.r/prim_init.ram/DEVICE_8SERIES.NO_BMM_INFO.SP.SIMPLE_PRIM36.ram/ADDRARDADDR[9]
                                                              9.404         
u_fp_domain/u_CORTEXM3INTEGRATION/u_cortexm3ds_logic/T0nm17_reg/C
                               u_fp_domain/u_sram_top/u_dtcm/U0/inst_blk_mem_gen/gnbram.gnativebmg.native_blk_mem_gen/valid.cstr/ramloop[9].ram.r/prim_init.ram/DEVICE_8SERIES.NO_BMM_INFO.SP.SIMPLE_PRIM36.ram/ADDRARDADDR[8]
                                                              9.404         
u_fp_domain/u_CORTEXM3INTEGRATION/u_cortexm3ds_logic/T0nm17_reg/C
                               u_fp_domain/u_sram_top/u_dtcm/U0/inst_blk_mem_gen/gnbram.gnativebmg.native_blk_mem_gen/valid.cstr/ramloop[3].ram.r/prim_init.ram/DEVICE_8SERIES.NO_BMM_INFO.SP.SIMPLE_PRIM36.ram/ENARDEN
                                                              9.407         
u_fp_domain/u_CORTEXM3INTEGRATION/u_cortexm3ds_logic/T0nm17_reg/C
                               u_fp_domain/u_CORTEXM3INTEGRATION/u_cortexm3ds_logic/Hvzs07_reg/D
                                                              9.408         
u_fp_domain/u_CORTEXM3INTEGRATION/u_cortexm3ds_logic/T0nm17_reg/C
                               u_fp_domain/u_sram_top/u_dtcm/U0/inst_blk_mem_gen/gnbram.gnativebmg.native_blk_mem_gen/valid.cstr/ramloop[11].ram.r/prim_init.ram/DEVICE_8SERIES.NO_BMM_INFO.SP.SIMPLE_PRIM36.ram/ADDRARDADDR[10]
                                                              9.408         
u_fp_domain/u_CORTEXM3INTEGRATION/u_cortexm3ds_logic/T0nm17_reg/C
                               u_fp_domain/u_sram_top/u_dtcm/U0/inst_blk_mem_gen/gnbram.gnativebmg.native_blk_mem_gen/valid.cstr/ramloop[3].ram.r/prim_init.ram/DEVICE_8SERIES.NO_BMM_INFO.SP.SIMPLE_PRIM36.ram/ADDRARDADDR[14]
                                                              9.408         
u_fp_domain/u_CORTEXM3INTEGRATION/u_cortexm3ds_logic/T0nm17_reg/C
                               u_fp_domain/u_CORTEXM3INTEGRATION/u_cortexm3ds_logic/My4nz6_reg/D
                                                              9.408         
u_fp_domain/u_CORTEXM3INTEGRATION/u_cortexm3ds_logic/T0nm17_reg/C
                               u_fp_domain/u_sram_top/u_dtcm/U0/inst_blk_mem_gen/gnbram.gnativebmg.native_blk_mem_gen/valid.cstr/ramloop[12].ram.r/prim_init.ram/DEVICE_8SERIES.NO_BMM_INFO.SP.SIMPLE_PRIM36.ram/ENARDEN
                                                              9.409         
u_fp_domain/u_CORTEXM3INTEGRATION/u_cortexm3ds_logic/T0nm17_reg/C
                               u_fp_domain/u_sram_top/u_dtcm/U0/inst_blk_mem_gen/gnbram.gnativebmg.native_blk_mem_gen/valid.cstr/ramloop[11].ram.r/prim_init.ram/DEVICE_8SERIES.NO_BMM_INFO.SP.SIMPLE_PRIM36.ram/ADDRARDADDR[7]
                                                              9.409         
u_fp_domain/u_CORTEXM3INTEGRATION/u_cortexm3ds_logic/T0nm17_reg/C
                               u_fp_domain/u_sram_top/u_dtcm/U0/inst_blk_mem_gen/gnbram.gnativebmg.native_blk_mem_gen/valid.cstr/ramloop[3].ram.r/prim_init.ram/DEVICE_8SERIES.NO_BMM_INFO.SP.SIMPLE_PRIM36.ram/ADDRARDADDR[6]
                                                              9.411         
u_fp_domain/u_CORTEXM3INTEGRATION/u_cortexm3ds_logic/T0nm17_reg/C
                               u_fp_domain/u_sram_top/u_dtcm/U0/inst_blk_mem_gen/gnbram.gnativebmg.native_blk_mem_gen/valid.cstr/ramloop[18].ram.r/prim_init.ram/DEVICE_8SERIES.NO_BMM_INFO.SP.SIMPLE_PRIM36.ram/ENARDEN
                                                              9.412         
u_fp_domain/u_CORTEXM3INTEGRATION/u_cortexm3ds_logic/T0nm17_reg/C
                               u_fp_domain/u_sram_top/u_dtcm/U0/inst_blk_mem_gen/gnbram.gnativebmg.native_blk_mem_gen/valid.cstr/ramloop[3].ram.r/prim_init.ram/DEVICE_8SERIES.NO_BMM_INFO.SP.SIMPLE_PRIM36.ram/ADDRARDADDR[8]
                                                              9.413         
u_fp_domain/u_CORTEXM3INTEGRATION/u_cortexm3ds_logic/T0nm17_reg/C
                               u_fp_domain/u_sram_top/u_dtcm/U0/inst_blk_mem_gen/gnbram.gnativebmg.native_blk_mem_gen/valid.cstr/ramloop[3].ram.r/prim_init.ram/DEVICE_8SERIES.NO_BMM_INFO.SP.SIMPLE_PRIM36.ram/ADDRARDADDR[13]
                                                              9.414         
u_fp_domain/u_CORTEXM3INTEGRATION/u_cortexm3ds_logic/T0nm17_reg/C
                               u_fp_domain/u_sram_top/u_dtcm/U0/inst_blk_mem_gen/gnbram.gnativebmg.native_blk_mem_gen/valid.cstr/ramloop[12].ram.r/prim_init.ram/DEVICE_8SERIES.NO_BMM_INFO.SP.SIMPLE_PRIM36.ram/ADDRARDADDR[9]
                                                              9.417         
u_fp_domain/u_CORTEXM3INTEGRATION/u_cortexm3ds_logic/T0nm17_reg/C
                               u_fp_domain/u_sram_top/u_dtcm/U0/inst_blk_mem_gen/gnbram.gnativebmg.native_blk_mem_gen/valid.cstr/ramloop[2].ram.r/prim_init.ram/DEVICE_8SERIES.NO_BMM_INFO.SP.SIMPLE_PRIM36.ram/ADDRARDADDR[5]
                                                              9.418         
u_fp_domain/u_CORTEXM3INTEGRATION/u_cortexm3ds_logic/T0nm17_reg/C
                               u_fp_domain/u_CORTEXM3INTEGRATION/u_cortexm3ds_logic/Je7m17_reg/D
                                                              9.420         
u_fp_domain/u_CORTEXM3INTEGRATION/u_cortexm3ds_logic/T0nm17_reg/C
                               u_fp_domain/u_CORTEXM3INTEGRATION/u_cortexm3ds_logic/Mlja17_reg/D
                                                              9.422         
u_fp_domain/u_CORTEXM3INTEGRATION/u_cortexm3ds_logic/T0nm17_reg/C
                               u_fp_domain/u_sram_top/u_dtcm/U0/inst_blk_mem_gen/gnbram.gnativebmg.native_blk_mem_gen/valid.cstr/ramloop[3].ram.r/prim_init.ram/DEVICE_8SERIES.NO_BMM_INFO.SP.SIMPLE_PRIM36.ram/ADDRARDADDR[10]
                                                              9.424         
u_fp_domain/u_CORTEXM3INTEGRATION/u_cortexm3ds_logic/T0nm17_reg/C
                               u_fp_domain/u_sram_top/u_dtcm/U0/inst_blk_mem_gen/gnbram.gnativebmg.native_blk_mem_gen/valid.cstr/ramloop[9].ram.r/prim_init.ram/DEVICE_8SERIES.NO_BMM_INFO.SP.SIMPLE_PRIM36.ram/ADDRARDADDR[13]
                                                              9.426         
u_fp_domain/u_CORTEXM3INTEGRATION/u_cortexm3ds_logic/T0nm17_reg/C
                               u_fp_domain/u_CORTEXM3INTEGRATION/u_cortexm3ds_logic/D1wnz6_reg/D
                                                              9.427         
u_fp_domain/u_CORTEXM3INTEGRATION/u_cortexm3ds_logic/T0nm17_reg/C
                               u_fp_domain/u_CORTEXM3INTEGRATION/u_cortexm3ds_logic/Y9ys07_reg/D
                                                              9.428         
u_fp_domain/u_CORTEXM3INTEGRATION/u_cortexm3ds_logic/T0nm17_reg/C
                               u_fp_domain/u_sram_top/u_dtcm/U0/inst_blk_mem_gen/gnbram.gnativebmg.native_blk_mem_gen/valid.cstr/ramloop[9].ram.r/prim_init.ram/DEVICE_8SERIES.NO_BMM_INFO.SP.SIMPLE_PRIM36.ram/ADDRARDADDR[9]
                                                              9.429         
u_fp_domain/u_CORTEXM3INTEGRATION/u_cortexm3ds_logic/T0nm17_reg/C
                               u_fp_domain/u_CORTEXM3INTEGRATION/u_cortexm3ds_logic/Wjloz6_reg/D
                                                              9.432         
u_fp_domain/u_CORTEXM3INTEGRATION/u_cortexm3ds_logic/T0nm17_reg/C
                               u_fp_domain/u_sram_top/u_dtcm/U0/inst_blk_mem_gen/gnbram.gnativebmg.native_blk_mem_gen/valid.cstr/ramloop[3].ram.r/prim_init.ram/DEVICE_8SERIES.NO_BMM_INFO.SP.SIMPLE_PRIM36.ram/ADDRARDADDR[11]
                                                              9.432         
u_fp_domain/u_CORTEXM3INTEGRATION/u_cortexm3ds_logic/T0nm17_reg/C
                               u_fp_domain/u_CORTEXM3INTEGRATION/u_cortexm3ds_logic/Iv5u07_reg/D
                                                              9.436         
u_fp_domain/u_CORTEXM3INTEGRATION/u_cortexm3ds_logic/T0nm17_reg/C
                               u_fp_domain/u_CORTEXM3INTEGRATION/u_cortexm3ds_logic/Xnpm17_reg/D
                                                              9.436         
u_fp_domain/u_CORTEXM3INTEGRATION/u_cortexm3ds_logic/T0nm17_reg/C
                               u_fp_domain/u_sram_top/u_dtcm/U0/inst_blk_mem_gen/gnbram.gnativebmg.native_blk_mem_gen/valid.cstr/ramloop[9].ram.r/prim_init.ram/DEVICE_8SERIES.NO_BMM_INFO.SP.SIMPLE_PRIM36.ram/ADDRARDADDR[3]
                                                              9.441         
u_fp_domain/u_CORTEXM3INTEGRATION/u_cortexm3ds_logic/T0nm17_reg/C
                               u_fp_domain/u_CORTEXM3INTEGRATION/u_cortexm3ds_logic/Brpm17_reg/D
                                                              9.442         
u_fp_domain/u_CORTEXM3INTEGRATION/u_cortexm3ds_logic/T0nm17_reg/C
                               u_fp_domain/u_CORTEXM3INTEGRATION/u_cortexm3ds_logic/Uyrnz6_reg/D
                                                              9.442         
u_fp_domain/u_CORTEXM3INTEGRATION/u_cortexm3ds_logic/T0nm17_reg/C
                               u_fp_domain/u_CORTEXM3INTEGRATION/u_cortexm3ds_logic/Rxzs07_reg/D
                                                              9.444         
u_fp_domain/u_CORTEXM3INTEGRATION/u_cortexm3ds_logic/T0nm17_reg/C
                               u_fp_domain/u_sram_top/u_dtcm/U0/inst_blk_mem_gen/gnbram.gnativebmg.native_blk_mem_gen/valid.cstr/ramloop[27].ram.r/prim_init.ram/DEVICE_8SERIES.NO_BMM_INFO.SP.SIMPLE_PRIM36.ram/ENARDEN
                                                              9.444         
u_fp_domain/u_CORTEXM3INTEGRATION/u_cortexm3ds_logic/T0nm17_reg/C
                               u_fp_domain/u_CORTEXM3INTEGRATION/u_cortexm3ds_logic/Cxonz6_reg/D
                                                              9.446         
u_fp_domain/u_CORTEXM3INTEGRATION/u_cortexm3ds_logic/T0nm17_reg/C
                               u_fp_domain/u_sram_top/u_dtcm/U0/inst_blk_mem_gen/gnbram.gnativebmg.native_blk_mem_gen/valid.cstr/ramloop[1].ram.r/prim_init.ram/DEVICE_8SERIES.NO_BMM_INFO.SP.SIMPLE_PRIM36.ram/ADDRARDADDR[9]
                                                              9.446         
u_fp_domain/u_CORTEXM3INTEGRATION/u_cortexm3ds_logic/T0nm17_reg/C
                               u_fp_domain/u_CORTEXM3INTEGRATION/u_cortexm3ds_logic/Nnjoz6_reg/D
                                                              9.447         
u_fp_domain/u_CORTEXM3INTEGRATION/u_cortexm3ds_logic/T0nm17_reg/C
                               u_fp_domain/u_sram_top/u_dtcm/U0/inst_blk_mem_gen/gnbram.gnativebmg.native_blk_mem_gen/valid.cstr/ramloop[7].ram.r/prim_init.ram/DEVICE_8SERIES.NO_BMM_INFO.SP.SIMPLE_PRIM36.ram/ADDRARDADDR[7]
                                                              9.447         
u_fp_domain/u_CORTEXM3INTEGRATION/u_cortexm3ds_logic/T0nm17_reg/C
                               u_fp_domain/u_CORTEXM3INTEGRATION/u_cortexm3ds_logic/L85g07_reg/D
                                                              9.452         
u_fp_domain/u_CORTEXM3INTEGRATION/u_cortexm3ds_logic/T0nm17_reg/C
                               u_fp_domain/u_CORTEXM3INTEGRATION/u_cortexm3ds_logic/O17oz6_reg/D
                                                              9.453         
u_fp_domain/u_CORTEXM3INTEGRATION/u_cortexm3ds_logic/T0nm17_reg/C
                               u_fp_domain/u_sram_top/u_dtcm/U0/inst_blk_mem_gen/gnbram.gnativebmg.native_blk_mem_gen/valid.cstr/ramloop[8].ram.r/prim_init.ram/DEVICE_8SERIES.NO_BMM_INFO.SP.SIMPLE_PRIM36.ram/ADDRARDADDR[12]
                                                              9.453         
u_fp_domain/u_CORTEXM3INTEGRATION/u_cortexm3ds_logic/T0nm17_reg/C
                               u_fp_domain/u_sram_top/u_dtcm/U0/inst_blk_mem_gen/gnbram.gnativebmg.native_blk_mem_gen/valid.cstr/ramloop[11].ram.r/prim_init.ram/DEVICE_8SERIES.NO_BMM_INFO.SP.SIMPLE_PRIM36.ram/ADDRARDADDR[14]
                                                              9.457         
u_fp_domain/u_CORTEXM3INTEGRATION/u_cortexm3ds_logic/T0nm17_reg/C
                               u_fp_domain/u_sram_top/u_dtcm/U0/inst_blk_mem_gen/gnbram.gnativebmg.native_blk_mem_gen/valid.cstr/ramloop[7].ram.r/prim_init.ram/DEVICE_8SERIES.NO_BMM_INFO.SP.SIMPLE_PRIM36.ram/ADDRARDADDR[6]
                                                              9.458         
u_fp_domain/u_CORTEXM3INTEGRATION/u_cortexm3ds_logic/T0nm17_reg/C
                               u_fp_domain/u_CORTEXM3INTEGRATION/u_cortexm3ds_logic/Jm9917_reg/D
                                                              9.459         
u_fp_domain/u_CORTEXM3INTEGRATION/u_cortexm3ds_logic/T0nm17_reg/C
                               u_fp_domain/u_sram_top/u_dtcm/U0/inst_blk_mem_gen/gnbram.gnativebmg.native_blk_mem_gen/valid.cstr/ramloop[22].ram.r/prim_init.ram/DEVICE_8SERIES.NO_BMM_INFO.SP.SIMPLE_PRIM36.ram/ENARDEN
                                                              9.459         
u_fp_domain/u_CORTEXM3INTEGRATION/u_cortexm3ds_logic/T0nm17_reg/C
                               u_fp_domain/u_CORTEXM3INTEGRATION/u_cortexm3ds_logic/Ssnoz6_reg/D
                                                              9.459         
u_fp_domain/u_CORTEXM3INTEGRATION/u_cortexm3ds_logic/T0nm17_reg/C
                               u_fp_domain/u_sram_top/u_dtcm/U0/inst_blk_mem_gen/gnbram.gnativebmg.native_blk_mem_gen/valid.cstr/ramloop[7].ram.r/prim_init.ram/DEVICE_8SERIES.NO_BMM_INFO.SP.SIMPLE_PRIM36.ram/ADDRARDADDR[8]
                                                              9.460         
u_fp_domain/u_CORTEXM3INTEGRATION/u_cortexm3ds_logic/T0nm17_reg/C
                               u_fp_domain/u_CORTEXM3INTEGRATION/u_cortexm3ds_logic/Lepm17_reg/D
                                                              9.466         
u_fp_domain/u_CORTEXM3INTEGRATION/u_cortexm3ds_logic/Fz6oz6_reg/C
                               u_fp_domain/u_CORTEXM3INTEGRATION/u_cortexm3ds_logic/Z97nz6_reg/D
                                                              9.468         
u_fp_domain/u_CORTEXM3INTEGRATION/u_cortexm3ds_logic/T0nm17_reg/C
                               u_fp_domain/u_CORTEXM3INTEGRATION/u_cortexm3ds_logic/Kqgm17_reg/D
                                                              9.469         
u_fp_domain/u_CORTEXM3INTEGRATION/u_cortexm3ds_logic/T0nm17_reg/C
                               u_fp_domain/u_CORTEXM3INTEGRATION/u_cortexm3ds_logic/Pmba17_reg/D
                                                              9.470         
u_fp_domain/u_CORTEXM3INTEGRATION/u_cortexm3ds_logic/Fz6oz6_reg/C
                               u_fp_domain/u_CORTEXM3INTEGRATION/u_cortexm3ds_logic/P2gzz6_reg/D
                                                              9.477         
u_fp_domain/u_CORTEXM3INTEGRATION/u_cortexm3ds_logic/T0nm17_reg/C
                               u_fp_domain/u_sram_top/u_dtcm/U0/inst_blk_mem_gen/gnbram.gnativebmg.native_blk_mem_gen/valid.cstr/ramloop[21].ram.r/prim_init.ram/DEVICE_8SERIES.NO_BMM_INFO.SP.SIMPLE_PRIM36.ram/ENARDEN
                                                              9.478         
u_fp_domain/u_CORTEXM3INTEGRATION/u_cortexm3ds_logic/T0nm17_reg/C
                               u_fp_domain/u_CORTEXM3INTEGRATION/u_cortexm3ds_logic/Pw4g07_reg/D
                                                              9.478         
u_fp_domain/u_CORTEXM3INTEGRATION/u_cortexm3ds_logic/T0nm17_reg/C
                               u_fp_domain/u_sram_top/u_dtcm/U0/inst_blk_mem_gen/gnbram.gnativebmg.native_blk_mem_gen/valid.cstr/ramloop[10].ram.r/prim_init.ram/DEVICE_8SERIES.NO_BMM_INFO.SP.SIMPLE_PRIM36.ram/ADDRARDADDR[5]
                                                              9.480         
u_fp_domain/u_CORTEXM3INTEGRATION/u_cortexm3ds_logic/T0nm17_reg/C
                               u_fp_domain/u_CORTEXM3INTEGRATION/u_cortexm3ds_logic/Fz6oz6_reg/D
                                                              9.483         
u_fp_domain/u_CORTEXM3INTEGRATION/u_cortexm3ds_logic/T0nm17_reg/C
                               u_fp_domain/u_CORTEXM3INTEGRATION/u_cortexm3ds_logic/Lsnnz6_reg/D
                                                              9.486         
u_fp_domain/u_CORTEXM3INTEGRATION/u_cortexm3ds_logic/T0nm17_reg/C
                               u_fp_domain/u_sram_top/u_dtcm/U0/inst_blk_mem_gen/gnbram.gnativebmg.native_blk_mem_gen/valid.cstr/ramloop[16].ram.r/prim_init.ram/DEVICE_8SERIES.NO_BMM_INFO.SP.SIMPLE_PRIM36.ram/ENARDEN
                                                              9.486         
u_fp_domain/u_CORTEXM3INTEGRATION/u_cortexm3ds_logic/T0nm17_reg/C
                               u_fp_domain/u_sram_top/u_dtcm/U0/inst_blk_mem_gen/gnbram.gnativebmg.native_blk_mem_gen/valid.cstr/ramloop[29].ram.r/prim_init.ram/DEVICE_8SERIES.NO_BMM_INFO.SP.SIMPLE_PRIM36.ram/WEA[0]
                                                              9.486         
u_fp_domain/u_CORTEXM3INTEGRATION/u_cortexm3ds_logic/T0nm17_reg/C
                               u_fp_domain/u_sram_top/u_dtcm/U0/inst_blk_mem_gen/gnbram.gnativebmg.native_blk_mem_gen/valid.cstr/ramloop[2].ram.r/prim_init.ram/DEVICE_8SERIES.NO_BMM_INFO.SP.SIMPLE_PRIM36.ram/ADDRARDADDR[9]
                                                              9.488         
u_fp_domain/u_CORTEXM3INTEGRATION/u_cortexm3ds_logic/T0nm17_reg/C
                               u_fp_domain/u_CORTEXM3INTEGRATION/u_cortexm3ds_logic/Pcom17_reg/D
                                                              9.489         
u_fp_domain/u_CORTEXM3INTEGRATION/u_cortexm3ds_logic/T0nm17_reg/C
                               u_fp_domain/u_CORTEXM3INTEGRATION/u_cortexm3ds_logic/Czys07_reg/D
                                                              9.491         
u_fp_domain/u_CORTEXM3INTEGRATION/u_cortexm3ds_logic/T0nm17_reg/C
                               u_fp_domain/u_sram_top/u_dtcm/U0/inst_blk_mem_gen/gnbram.gnativebmg.native_blk_mem_gen/valid.cstr/ramloop[10].ram.r/prim_init.ram/DEVICE_8SERIES.NO_BMM_INFO.SP.SIMPLE_PRIM36.ram/ADDRARDADDR[12]
                                                              9.491         
u_fp_domain/u_CORTEXM3INTEGRATION/u_cortexm3ds_logic/T0nm17_reg/C
                               u_fp_domain/u_sram_top/u_dtcm/U0/inst_blk_mem_gen/gnbram.gnativebmg.native_blk_mem_gen/valid.cstr/ramloop[8].ram.r/prim_init.ram/DEVICE_8SERIES.NO_BMM_INFO.SP.SIMPLE_PRIM36.ram/WEA[0]
                                                              9.491         
u_fp_domain/u_CORTEXM3INTEGRATION/u_cortexm3ds_logic/T0nm17_reg/C
                               u_fp_domain/u_sram_top/u_dtcm/U0/inst_blk_mem_gen/gnbram.gnativebmg.native_blk_mem_gen/valid.cstr/ramloop[6].ram.r/prim_init.ram/DEVICE_8SERIES.NO_BMM_INFO.SP.SIMPLE_PRIM36.ram/ADDRARDADDR[14]
                                                              9.493         
u_fp_domain/u_CORTEXM3INTEGRATION/u_cortexm3ds_logic/T0nm17_reg/C
                               u_fp_domain/u_sram_top/u_dtcm/U0/inst_blk_mem_gen/gnbram.gnativebmg.native_blk_mem_gen/valid.cstr/ramloop[13].ram.r/prim_init.ram/DEVICE_8SERIES.NO_BMM_INFO.SP.SIMPLE_PRIM36.ram/ADDRARDADDR[6]
                                                              9.494         
u_fp_domain/u_CORTEXM3INTEGRATION/u_cortexm3ds_logic/T0nm17_reg/C
                               u_fp_domain/u_CORTEXM3INTEGRATION/u_cortexm3ds_logic/Hbpm17_reg/D
                                                              9.498         
u_fp_domain/u_CORTEXM3INTEGRATION/u_cortexm3ds_logic/T0nm17_reg/C
                               u_fp_domain/u_sram_top/u_dtcm/U0/inst_blk_mem_gen/gnbram.gnativebmg.native_blk_mem_gen/valid.cstr/ramloop[28].ram.r/prim_init.ram/DEVICE_8SERIES.NO_BMM_INFO.SP.SIMPLE_PRIM36.ram/ENARDEN
                                                              9.498         
u_fp_domain/u_CORTEXM3INTEGRATION/u_cortexm3ds_logic/T0nm17_reg/C
                               u_fp_domain/u_sram_top/u_dtcm/U0/inst_blk_mem_gen/gnbram.gnativebmg.native_blk_mem_gen/valid.cstr/ramloop[7].ram.r/prim_init.ram/DEVICE_8SERIES.NO_BMM_INFO.SP.SIMPLE_PRIM36.ram/ADDRARDADDR[11]
                                                              9.500         
u_fp_domain/u_CORTEXM3INTEGRATION/u_cortexm3ds_logic/T0nm17_reg/C
                               u_fp_domain/u_CORTEXM3INTEGRATION/u_cortexm3ds_logic/Ryom17_reg/D
                                                              9.502         
u_fp_domain/u_CORTEXM3INTEGRATION/u_cortexm3ds_logic/T0nm17_reg/C
                               u_fp_domain/u_CORTEXM3INTEGRATION/u_cortexm3ds_logic/Tkpm17_reg/D
                                                              9.505         
u_fp_domain/u_CORTEXM3INTEGRATION/u_cortexm3ds_logic/T0nm17_reg/C
                               u_fp_domain/u_sram_top/u_dtcm/U0/inst_blk_mem_gen/gnbram.gnativebmg.native_blk_mem_gen/valid.cstr/ramloop[13].ram.r/prim_init.ram/DEVICE_8SERIES.NO_BMM_INFO.SP.SIMPLE_PRIM36.ram/WEA[0]
                                                              9.506         
u_fp_domain/u_CORTEXM3INTEGRATION/u_cortexm3ds_logic/T0nm17_reg/C
                               u_fp_domain/u_CORTEXM3INTEGRATION/u_cortexm3ds_logic/M2pnz6_reg/D
                                                              9.511         
u_fp_domain/u_CORTEXM3INTEGRATION/u_cortexm3ds_logic/T0nm17_reg/C
                               u_fp_domain/u_sram_top/u_dtcm/U0/inst_blk_mem_gen/gnbram.gnativebmg.native_blk_mem_gen/valid.cstr/ramloop[12].ram.r/prim_init.ram/DEVICE_8SERIES.NO_BMM_INFO.SP.SIMPLE_PRIM36.ram/ADDRARDADDR[12]
                                                              9.511         
u_fp_domain/u_CORTEXM3INTEGRATION/u_cortexm3ds_logic/T0nm17_reg/C
                               u_fp_domain/u_CORTEXM3INTEGRATION/u_cortexm3ds_logic/Jvznz6_reg/D
                                                              9.512         
u_fp_domain/u_CORTEXM3INTEGRATION/u_cortexm3ds_logic/T0nm17_reg/C
                               u_fp_domain/u_sram_top/u_dtcm/U0/inst_blk_mem_gen/gnbram.gnativebmg.native_blk_mem_gen/valid.cstr/ramloop[13].ram.r/prim_init.ram/DEVICE_8SERIES.NO_BMM_INFO.SP.SIMPLE_PRIM36.ram/ADDRARDADDR[10]
                                                              9.513         
u_fp_domain/u_CORTEXM3INTEGRATION/u_cortexm3ds_logic/T0nm17_reg/C
                               u_fp_domain/u_CORTEXM3INTEGRATION/u_cortexm3ds_logic/Kmunz6_reg/D
                                                              9.514         
u_fp_domain/u_CORTEXM3INTEGRATION/u_cortexm3ds_logic/T0nm17_reg/C
                               u_fp_domain/u_sram_top/u_dtcm/U0/inst_blk_mem_gen/gnbram.gnativebmg.native_blk_mem_gen/valid.cstr/ramloop[12].ram.r/prim_init.ram/DEVICE_8SERIES.NO_BMM_INFO.SP.SIMPLE_PRIM36.ram/ADDRARDADDR[8]
                                                              9.514         
u_fp_domain/u_CORTEXM3INTEGRATION/u_cortexm3ds_logic/T0nm17_reg/C
                               u_fp_domain/u_sram_top/u_dtcm/U0/inst_blk_mem_gen/gnbram.gnativebmg.native_blk_mem_gen/valid.cstr/ramloop[13].ram.r/prim_init.ram/DEVICE_8SERIES.NO_BMM_INFO.SP.SIMPLE_PRIM36.ram/ADDRARDADDR[7]
                                                              9.514         
u_fp_domain/u_CORTEXM3INTEGRATION/u_cortexm3ds_logic/T0nm17_reg/C
                               u_fp_domain/u_sram_top/u_dtcm/U0/inst_blk_mem_gen/gnbram.gnativebmg.native_blk_mem_gen/valid.cstr/ramloop[2].ram.r/prim_init.ram/DEVICE_8SERIES.NO_BMM_INFO.SP.SIMPLE_PRIM36.ram/ADDRARDADDR[7]
                                                              9.514         
u_fp_domain/u_CORTEXM3INTEGRATION/u_cortexm3ds_logic/T0nm17_reg/C
                               u_fp_domain/u_CORTEXM3INTEGRATION/u_cortexm3ds_logic/Yg6g07_reg/D
                                                              9.514         
u_fp_domain/u_CORTEXM3INTEGRATION/u_cortexm3ds_logic/T0nm17_reg/C
                               u_fp_domain/u_CORTEXM3INTEGRATION/u_cortexm3ds_logic/H6om17_reg/D
                                                              9.516         
u_fp_domain/u_CORTEXM3INTEGRATION/u_cortexm3ds_logic/T0nm17_reg/C
                               u_fp_domain/u_CORTEXM3INTEGRATION/u_cortexm3ds_logic/V1pm17_reg/D
                                                              9.517         
u_fp_domain/u_CORTEXM3INTEGRATION/u_cortexm3ds_logic/T0nm17_reg/C
                               u_fp_domain/u_CORTEXM3INTEGRATION/u_cortexm3ds_logic/Olpnz6_reg/D
                                                              9.519         
u_fp_domain/u_CORTEXM3INTEGRATION/u_cortexm3ds_logic/T0nm17_reg/C
                               u_fp_domain/u_CORTEXM3INTEGRATION/u_cortexm3ds_logic/Nvom17_reg/D
                                                              9.521         
u_fp_domain/u_CORTEXM3INTEGRATION/u_cortexm3ds_logic/T0nm17_reg/C
                               u_fp_domain/u_sram_top/u_dtcm/U0/inst_blk_mem_gen/gnbram.gnativebmg.native_blk_mem_gen/valid.cstr/ramloop[13].ram.r/prim_init.ram/DEVICE_8SERIES.NO_BMM_INFO.SP.SIMPLE_PRIM36.ram/ADDRARDADDR[4]
                                                              9.521         
u_fp_domain/u_CORTEXM3INTEGRATION/u_cortexm3ds_logic/T0nm17_reg/C
                               u_fp_domain/u_sram_top/u_dtcm/U0/inst_blk_mem_gen/gnbram.gnativebmg.native_blk_mem_gen/valid.cstr/ramloop[12].ram.r/prim_init.ram/DEVICE_8SERIES.NO_BMM_INFO.SP.SIMPLE_PRIM36.ram/ADDRARDADDR[13]
                                                              9.522         
u_fp_domain/u_CORTEXM3INTEGRATION/u_cortexm3ds_logic/T0nm17_reg/C
                               u_fp_domain/u_sram_top/u_dtcm/U0/inst_blk_mem_gen/gnbram.gnativebmg.native_blk_mem_gen/valid.cstr/ramloop[7].ram.r/prim_init.ram/DEVICE_8SERIES.NO_BMM_INFO.SP.SIMPLE_PRIM36.ram/ADDRARDADDR[13]
                                                              9.530         
u_fp_domain/u_CORTEXM3INTEGRATION/u_cortexm3ds_logic/T0nm17_reg/C
                               u_fp_domain/u_sram_top/u_dtcm/U0/inst_blk_mem_gen/gnbram.gnativebmg.native_blk_mem_gen/valid.cstr/ramloop[9].ram.r/prim_init.ram/DEVICE_8SERIES.NO_BMM_INFO.SP.SIMPLE_PRIM36.ram/ADDRARDADDR[11]
                                                              9.530         
u_fp_domain/u_CORTEXM3INTEGRATION/u_cortexm3ds_logic/T0nm17_reg/C
                               u_fp_domain/u_sram_top/u_dtcm/U0/inst_blk_mem_gen/gnbram.gnativebmg.native_blk_mem_gen/valid.cstr/ramloop[7].ram.r/prim_init.ram/DEVICE_8SERIES.NO_BMM_INFO.SP.SIMPLE_PRIM36.ram/ADDRARDADDR[12]
                                                              9.531         
u_fp_domain/u_CORTEXM3INTEGRATION/u_cortexm3ds_logic/T0nm17_reg/C
                               u_fp_domain/u_CORTEXM3INTEGRATION/u_cortexm3ds_logic/Phpm17_reg/D
                                                              9.533         
u_fp_domain/u_CORTEXM3INTEGRATION/u_cortexm3ds_logic/T0nm17_reg/C
                               u_fp_domain/u_CORTEXM3INTEGRATION/u_cortexm3ds_logic/W2onz6_reg/D
                                                              9.534         
u_fp_domain/u_CORTEXM3INTEGRATION/u_cortexm3ds_logic/T0nm17_reg/C
                               u_fp_domain/u_CORTEXM3INTEGRATION/u_cortexm3ds_logic/Jxpm17_reg/D
                                                              9.534         
u_fp_domain/u_CORTEXM3INTEGRATION/u_cortexm3ds_logic/T0nm17_reg/C
                               u_fp_domain/u_CORTEXM3INTEGRATION/u_cortexm3ds_logic/T04nz6_reg/D
                                                              9.535         
u_fp_domain/u_CORTEXM3INTEGRATION/u_cortexm3ds_logic/T0nm17_reg/C
                               u_fp_domain/u_sram_top/u_dtcm/U0/inst_blk_mem_gen/gnbram.gnativebmg.native_blk_mem_gen/valid.cstr/ramloop[2].ram.r/prim_init.ram/DEVICE_8SERIES.NO_BMM_INFO.SP.SIMPLE_PRIM36.ram/ADDRARDADDR[14]
                                                              9.538         
u_fp_domain/u_CORTEXM3INTEGRATION/u_cortexm3ds_logic/T0nm17_reg/C
                               u_fp_domain/u_CORTEXM3INTEGRATION/u_cortexm3ds_logic/Qxam17_reg/D
                                                              9.539         
u_fp_domain/u_CORTEXM3INTEGRATION/u_cortexm3ds_logic/T0nm17_reg/C
                               u_fp_domain/u_CORTEXM3INTEGRATION/u_cortexm3ds_logic/Xm6g07_reg/D
                                                              9.540         
u_fp_domain/u_CORTEXM3INTEGRATION/u_cortexm3ds_logic/T0nm17_reg/C
                               u_fp_domain/u_sram_top/u_dtcm/U0/inst_blk_mem_gen/gnbram.gnativebmg.native_blk_mem_gen/valid.cstr/ramloop[7].ram.r/prim_init.ram/DEVICE_8SERIES.NO_BMM_INFO.SP.SIMPLE_PRIM36.ram/ADDRARDADDR[10]
                                                              9.540         
u_fp_domain/u_CORTEXM3INTEGRATION/u_cortexm3ds_logic/T0nm17_reg/C
                               u_fp_domain/u_CORTEXM3INTEGRATION/u_cortexm3ds_logic/Ohba17_reg/D
                                                              9.548         
u_fp_domain/u_CORTEXM3INTEGRATION/u_cortexm3ds_logic/T0nm17_reg/C
                               u_fp_domain/u_sram_top/u_dtcm/U0/inst_blk_mem_gen/gnbram.gnativebmg.native_blk_mem_gen/valid.cstr/ramloop[0].ram.r/prim_init.ram/DEVICE_8SERIES.NO_BMM_INFO.SP.SIMPLE_PRIM36.ram/ENARDEN
                                                              9.551         
u_fp_domain/u_CORTEXM3INTEGRATION/u_cortexm3ds_logic/T0nm17_reg/C
                               u_fp_domain/u_sram_top/u_dtcm/U0/inst_blk_mem_gen/gnbram.gnativebmg.native_blk_mem_gen/valid.cstr/ramloop[6].ram.r/prim_init.ram/DEVICE_8SERIES.NO_BMM_INFO.SP.SIMPLE_PRIM36.ram/ADDRARDADDR[7]
                                                              9.551         
u_fp_domain/u_CORTEXM3INTEGRATION/u_cortexm3ds_logic/T0nm17_reg/C
                               u_fp_domain/u_sram_top/u_dtcm/U0/inst_blk_mem_gen/gnbram.gnativebmg.native_blk_mem_gen/valid.cstr/ramloop[12].ram.r/prim_init.ram/DEVICE_8SERIES.NO_BMM_INFO.SP.SIMPLE_PRIM36.ram/ADDRARDADDR[3]
                                                              9.551         
u_fp_domain/u_CORTEXM3INTEGRATION/u_cortexm3ds_logic/T0nm17_reg/C
                               u_fp_domain/u_sram_top/u_dtcm/U0/inst_blk_mem_gen/gnbram.gnativebmg.native_blk_mem_gen/valid.cstr/ramloop[12].ram.r/prim_init.ram/DEVICE_8SERIES.NO_BMM_INFO.SP.SIMPLE_PRIM36.ram/ADDRARDADDR[5]
                                                              9.551         
u_fp_domain/u_CORTEXM3INTEGRATION/u_cortexm3ds_logic/T0nm17_reg/C
                               u_fp_domain/u_sram_top/u_dtcm/U0/inst_blk_mem_gen/gnbram.gnativebmg.native_blk_mem_gen/valid.cstr/ramloop[22].ram.r/prim_init.ram/DEVICE_8SERIES.NO_BMM_INFO.SP.SIMPLE_PRIM36.ram/ADDRARDADDR[5]
                                                              9.554         
u_fp_domain/u_CORTEXM3INTEGRATION/u_cortexm3ds_logic/T0nm17_reg/C
                               u_fp_domain/u_CORTEXM3INTEGRATION/u_cortexm3ds_logic/Ktxzz6_reg/CE
                                                              9.554         
u_fp_domain/u_CORTEXM3INTEGRATION/u_cortexm3ds_logic/T0nm17_reg/C
                               u_fp_domain/u_CORTEXM3INTEGRATION/u_cortexm3ds_logic/Zlrnz6_reg/D
                                                              9.557         
u_fp_domain/u_CORTEXM3INTEGRATION/u_cortexm3ds_logic/T0nm17_reg/C
                               u_fp_domain/u_sram_top/u_dtcm/U0/inst_blk_mem_gen/gnbram.gnativebmg.native_blk_mem_gen/valid.cstr/ramloop[8].ram.r/prim_init.ram/DEVICE_8SERIES.NO_BMM_INFO.SP.SIMPLE_PRIM36.ram/ADDRARDADDR[9]
                                                              9.558         
u_fp_domain/u_CORTEXM3INTEGRATION/u_cortexm3ds_logic/T0nm17_reg/C
                               u_fp_domain/u_CORTEXM3INTEGRATION/u_cortexm3ds_logic/Mp3oz6_reg/D
                                                              9.561         
u_fp_domain/u_CORTEXM3INTEGRATION/u_cortexm3ds_logic/T0nm17_reg/C
                               u_fp_domain/u_CORTEXM3INTEGRATION/u_cortexm3ds_logic/Egys07_reg/D
                                                              9.562         
u_fp_domain/u_CORTEXM3INTEGRATION/u_cortexm3ds_logic/T0nm17_reg/C
                               u_fp_domain/u_sram_top/u_dtcm/U0/inst_blk_mem_gen/gnbram.gnativebmg.native_blk_mem_gen/valid.cstr/ramloop[10].ram.r/prim_init.ram/DEVICE_8SERIES.NO_BMM_INFO.SP.SIMPLE_PRIM36.ram/ADDRARDADDR[9]
                                                              9.562         
u_fp_domain/u_CORTEXM3INTEGRATION/u_cortexm3ds_logic/T0nm17_reg/C
                               u_fp_domain/u_sram_top/u_dtcm/U0/inst_blk_mem_gen/gnbram.gnativebmg.native_blk_mem_gen/valid.cstr/ramloop[6].ram.r/prim_init.ram/DEVICE_8SERIES.NO_BMM_INFO.SP.SIMPLE_PRIM36.ram/ADDRARDADDR[6]
                                                              9.562         
u_fp_domain/u_CORTEXM3INTEGRATION/u_cortexm3ds_logic/T0nm17_reg/C
                               u_fp_domain/u_sram_top/u_dtcm/U0/inst_blk_mem_gen/gnbram.gnativebmg.native_blk_mem_gen/valid.cstr/ramloop[13].ram.r/prim_init.ram/DEVICE_8SERIES.NO_BMM_INFO.SP.SIMPLE_PRIM36.ram/ADDRARDADDR[14]
                                                              9.562         
u_fp_domain/u_CORTEXM3INTEGRATION/u_cortexm3ds_logic/T0nm17_reg/C
                               u_fp_domain/u_CORTEXM3INTEGRATION/u_cortexm3ds_logic/L01t07_reg/D
                                                              9.563         
u_fp_domain/u_CORTEXM3INTEGRATION/u_cortexm3ds_logic/T0nm17_reg/C
                               u_fp_domain/u_sram_top/u_dtcm/U0/inst_blk_mem_gen/gnbram.gnativebmg.native_blk_mem_gen/valid.cstr/ramloop[6].ram.r/prim_init.ram/DEVICE_8SERIES.NO_BMM_INFO.SP.SIMPLE_PRIM36.ram/ADDRARDADDR[8]
                                                              9.564         
u_fp_domain/u_CORTEXM3INTEGRATION/u_cortexm3ds_logic/T0nm17_reg/C
                               u_fp_domain/u_sram_top/u_dtcm/U0/inst_blk_mem_gen/gnbram.gnativebmg.native_blk_mem_gen/valid.cstr/ramloop[7].ram.r/prim_init.ram/DEVICE_8SERIES.NO_BMM_INFO.SP.SIMPLE_PRIM36.ram/ADDRARDADDR[4]
                                                              9.564         
u_fp_domain/u_CORTEXM3INTEGRATION/u_cortexm3ds_logic/T0nm17_reg/C
                               u_fp_domain/u_CORTEXM3INTEGRATION/u_cortexm3ds_logic/B97u07_reg/D
                                                              9.569         
u_fp_domain/u_CORTEXM3INTEGRATION/u_cortexm3ds_logic/T0nm17_reg/C
                               u_fp_domain/u_CORTEXM3INTEGRATION/u_cortexm3ds_logic/Wtnu07_reg/D
                                                              9.572         
u_fp_domain/u_CORTEXM3INTEGRATION/u_cortexm3ds_logic/T0nm17_reg/C
                               u_fp_domain/u_CORTEXM3INTEGRATION/u_cortexm3ds_logic/Cnhnz6_reg/D
                                                              9.574         
u_fp_domain/u_CORTEXM3INTEGRATION/u_cortexm3ds_logic/Jxpm17_reg/C
                               u_fp_domain/u_CORTEXM3INTEGRATION/u_cortexm3ds_logic/Rawnz6_reg/D
                                                              9.575         
u_fp_domain/u_CORTEXM3INTEGRATION/u_cortexm3ds_logic/T0nm17_reg/C
                               u_fp_domain/u_sram_top/u_dtcm/U0/inst_blk_mem_gen/gnbram.gnativebmg.native_blk_mem_gen/valid.cstr/ramloop[3].ram.r/prim_init.ram/DEVICE_8SERIES.NO_BMM_INFO.SP.SIMPLE_PRIM36.ram/ADDRARDADDR[4]
                                                              9.576         
u_fp_domain/u_CORTEXM3INTEGRATION/u_cortexm3ds_logic/T0nm17_reg/C
                               u_fp_domain/u_CORTEXM3INTEGRATION/u_cortexm3ds_logic/Jsom17_reg/D
                                                              9.578         
u_fp_domain/u_CORTEXM3INTEGRATION/u_cortexm3ds_logic/T0nm17_reg/C
                               u_fp_domain/u_sram_top/u_dtcm/U0/inst_blk_mem_gen/gnbram.gnativebmg.native_blk_mem_gen/valid.cstr/ramloop[5].ram.r/prim_init.ram/DEVICE_8SERIES.NO_BMM_INFO.SP.SIMPLE_PRIM36.ram/ADDRARDADDR[9]
                                                              9.578         
u_fp_domain/u_CORTEXM3INTEGRATION/u_cortexm3ds_logic/T0nm17_reg/C
                               u_fp_domain/u_CORTEXM3INTEGRATION/u_cortexm3ds_logic/Gh5g07_reg/D
                                                              9.580         
u_fp_domain/u_CORTEXM3INTEGRATION/u_cortexm3ds_logic/T0nm17_reg/C
                               u_fp_domain/u_CORTEXM3INTEGRATION/u_cortexm3ds_logic/Bk5g07_reg/D
                                                              9.584         
u_fp_domain/u_CORTEXM3INTEGRATION/u_cortexm3ds_logic/T0nm17_reg/C
                               u_fp_domain/u_CORTEXM3INTEGRATION/u_cortexm3ds_logic/Cq7nz6_reg/D
                                                              9.588         
u_fp_domain/u_CORTEXM3INTEGRATION/u_cortexm3ds_logic/T0nm17_reg/C
                               u_fp_domain/u_sram_top/u_dtcm/U0/inst_blk_mem_gen/gnbram.gnativebmg.native_blk_mem_gen/valid.cstr/ramloop[18].ram.r/prim_init.ram/DEVICE_8SERIES.NO_BMM_INFO.SP.SIMPLE_PRIM36.ram/ADDRARDADDR[5]
                                                              9.588         
u_fp_domain/u_CORTEXM3INTEGRATION/u_cortexm3ds_logic/T0nm17_reg/C
                               u_fp_domain/u_sram_top/u_dtcm/U0/inst_blk_mem_gen/gnbram.gnativebmg.native_blk_mem_gen/valid.cstr/ramloop[7].ram.r/prim_init.ram/DEVICE_8SERIES.NO_BMM_INFO.SP.SIMPLE_PRIM36.ram/ADDRARDADDR[3]
                                                              9.588         
u_fp_domain/u_CORTEXM3INTEGRATION/u_cortexm3ds_logic/T0nm17_reg/C
                               u_fp_domain/u_sram_top/u_dtcm/U0/inst_blk_mem_gen/gnbram.gnativebmg.native_blk_mem_gen/valid.cstr/ramloop[1].ram.r/prim_init.ram/DEVICE_8SERIES.NO_BMM_INFO.SP.SIMPLE_PRIM36.ram/ADDRARDADDR[14]
                                                              9.589         
u_fp_domain/u_CORTEXM3INTEGRATION/u_cortexm3ds_logic/T0nm17_reg/C
                               u_fp_domain/u_CORTEXM3INTEGRATION/u_cortexm3ds_logic/Fpom17_reg/D
                                                              9.592         
u_fp_domain/u_CORTEXM3INTEGRATION/u_cortexm3ds_logic/T0nm17_reg/C
                               u_fp_domain/u_CORTEXM3INTEGRATION/u_cortexm3ds_logic/Fupm17_reg/D
                                                              9.595         
u_fp_domain/u_CORTEXM3INTEGRATION/u_cortexm3ds_logic/T0nm17_reg/C
                               u_fp_domain/u_sram_top/u_dtcm/U0/inst_blk_mem_gen/gnbram.gnativebmg.native_blk_mem_gen/valid.cstr/ramloop[15].ram.r/prim_init.ram/DEVICE_8SERIES.NO_BMM_INFO.SP.SIMPLE_PRIM36.ram/ADDRARDADDR[12]
                                                              9.596         
u_fp_domain/u_CORTEXM3INTEGRATION/u_cortexm3ds_logic/T0nm17_reg/C
                               u_fp_domain/u_sram_top/u_dtcm/U0/inst_blk_mem_gen/gnbram.gnativebmg.native_blk_mem_gen/valid.cstr/ramloop[9].ram.r/prim_init.ram/DEVICE_8SERIES.NO_BMM_INFO.SP.SIMPLE_PRIM36.ram/ADDRARDADDR[6]
                                                              9.596         
u_fp_domain/u_CORTEXM3INTEGRATION/u_cortexm3ds_logic/T0nm17_reg/C
                               u_fp_domain/u_sram_top/u_dtcm/U0/inst_blk_mem_gen/gnbram.gnativebmg.native_blk_mem_gen/valid.cstr/ramloop[10].ram.r/prim_init.ram/DEVICE_8SERIES.NO_BMM_INFO.SP.SIMPLE_PRIM36.ram/ADDRARDADDR[3]
                                                              9.597         
u_fp_domain/u_CORTEXM3INTEGRATION/u_cortexm3ds_logic/T0nm17_reg/C
                               u_fp_domain/u_sram_top/u_dtcm/U0/inst_blk_mem_gen/gnbram.gnativebmg.native_blk_mem_gen/valid.cstr/ramloop[2].ram.r/prim_init.ram/DEVICE_8SERIES.NO_BMM_INFO.SP.SIMPLE_PRIM36.ram/WEA[0]
                                                              9.599         
u_fp_domain/u_CORTEXM3INTEGRATION/u_cortexm3ds_logic/T0nm17_reg/C
                               u_fp_domain/u_sram_top/u_dtcm/U0/inst_blk_mem_gen/gnbram.gnativebmg.native_blk_mem_gen/valid.cstr/ramloop[28].ram.r/prim_init.ram/DEVICE_8SERIES.NO_BMM_INFO.SP.SIMPLE_PRIM36.ram/ADDRARDADDR[14]
                                                              9.601         
u_fp_domain/u_CORTEXM3INTEGRATION/u_cortexm3ds_logic/T0nm17_reg/C
                               u_fp_domain/u_sram_top/u_dtcm/U0/inst_blk_mem_gen/gnbram.gnativebmg.native_blk_mem_gen/valid.cstr/ramloop[2].ram.r/prim_init.ram/DEVICE_8SERIES.NO_BMM_INFO.SP.SIMPLE_PRIM36.ram/ADDRARDADDR[6]
                                                              9.601         
u_fp_domain/u_CORTEXM3INTEGRATION/u_cortexm3ds_logic/T0nm17_reg/C
                               u_fp_domain/u_CORTEXM3INTEGRATION/u_cortexm3ds_logic/Conu07_reg/D
                                                              9.602         
u_fp_domain/u_CORTEXM3INTEGRATION/u_cortexm3ds_logic/T0nm17_reg/C
                               u_fp_domain/u_CORTEXM3INTEGRATION/u_cortexm3ds_logic/Oz4g07_reg/D
                                                              9.603         
u_fp_domain/u_CORTEXM3INTEGRATION/u_cortexm3ds_logic/T0nm17_reg/C
                               u_fp_domain/u_sram_top/u_dtcm/U0/inst_blk_mem_gen/gnbram.gnativebmg.native_blk_mem_gen/valid.cstr/ramloop[2].ram.r/prim_init.ram/DEVICE_8SERIES.NO_BMM_INFO.SP.SIMPLE_PRIM36.ram/ADDRARDADDR[8]
                                                              9.603         
u_fp_domain/u_CORTEXM3INTEGRATION/u_cortexm3ds_logic/T0nm17_reg/C
                               u_fp_domain/u_sram_top/u_dtcm/U0/inst_blk_mem_gen/gnbram.gnativebmg.native_blk_mem_gen/valid.cstr/ramloop[6].ram.r/prim_init.ram/DEVICE_8SERIES.NO_BMM_INFO.SP.SIMPLE_PRIM36.ram/ADDRARDADDR[11]
                                                              9.604         
u_fp_domain/u_CORTEXM3INTEGRATION/u_cortexm3ds_logic/T0nm17_reg/C
                               u_fp_domain/u_sram_top/u_dtcm/U0/inst_blk_mem_gen/gnbram.gnativebmg.native_blk_mem_gen/valid.cstr/ramloop[28].ram.r/prim_init.ram/DEVICE_8SERIES.NO_BMM_INFO.SP.SIMPLE_PRIM36.ram/ADDRARDADDR[5]
                                                              9.604         
u_fp_domain/u_CORTEXM3INTEGRATION/u_cortexm3ds_logic/T0nm17_reg/C
                               u_fp_domain/u_sram_top/u_dtcm/U0/inst_blk_mem_gen/gnbram.gnativebmg.native_blk_mem_gen/valid.cstr/ramloop[15].ram.r/prim_init.ram/DEVICE_8SERIES.NO_BMM_INFO.SP.SIMPLE_PRIM36.ram/ADDRARDADDR[5]
                                                              9.606         
u_fp_domain/u_CORTEXM3INTEGRATION/u_cortexm3ds_logic/T0nm17_reg/C
                               u_fp_domain/u_sram_top/u_dtcm/U0/inst_blk_mem_gen/gnbram.gnativebmg.native_blk_mem_gen/valid.cstr/ramloop[13].ram.r/prim_init.ram/DEVICE_8SERIES.NO_BMM_INFO.SP.SIMPLE_PRIM36.ram/ADDRARDADDR[11]
                                                              9.609         
u_fp_domain/u_CORTEXM3INTEGRATION/u_cortexm3ds_logic/T0nm17_reg/C
                               u_fp_domain/u_sram_top/u_dtcm/U0/inst_blk_mem_gen/gnbram.gnativebmg.native_blk_mem_gen/valid.cstr/ramloop[3].ram.r/prim_init.ram/DEVICE_8SERIES.NO_BMM_INFO.SP.SIMPLE_PRIM36.ram/ADDRARDADDR[3]
                                                              9.609         
u_fp_domain/u_CORTEXM3INTEGRATION/u_cortexm3ds_logic/T0nm17_reg/C
                               u_fp_domain/u_CORTEXM3INTEGRATION/u_cortexm3ds_logic/Tfom17_reg/D
                                                              9.612         
u_fp_domain/u_CORTEXM3INTEGRATION/u_cortexm3ds_logic/T0nm17_reg/C
                               u_fp_domain/u_sram_top/u_dtcm/U0/inst_blk_mem_gen/gnbram.gnativebmg.native_blk_mem_gen/valid.cstr/ramloop[29].ram.r/prim_init.ram/DEVICE_8SERIES.NO_BMM_INFO.SP.SIMPLE_PRIM36.ram/ENARDEN
                                                              9.614         
u_fp_domain/u_CORTEXM3INTEGRATION/u_cortexm3ds_logic/T0nm17_reg/C
                               u_fp_domain/u_sram_top/u_dtcm/U0/inst_blk_mem_gen/gnbram.gnativebmg.native_blk_mem_gen/valid.cstr/ramloop[24].ram.r/prim_init.ram/DEVICE_8SERIES.NO_BMM_INFO.SP.SIMPLE_PRIM36.ram/WEA[0]
                                                              9.615         
u_fp_domain/u_CORTEXM3INTEGRATION/u_cortexm3ds_logic/T0nm17_reg/C
                               u_fp_domain/u_sram_top/u_dtcm/U0/inst_blk_mem_gen/gnbram.gnativebmg.native_blk_mem_gen/valid.cstr/ramloop[2].ram.r/prim_init.ram/DEVICE_8SERIES.NO_BMM_INFO.SP.SIMPLE_PRIM36.ram/ADDRARDADDR[11]
                                                              9.618         
u_fp_domain/u_CORTEXM3INTEGRATION/u_cortexm3ds_logic/T0nm17_reg/C
                               u_fp_domain/u_sram_top/u_dtcm/U0/inst_blk_mem_gen/gnbram.gnativebmg.native_blk_mem_gen/valid.cstr/ramloop[28].ram.r/prim_init.ram/DEVICE_8SERIES.NO_BMM_INFO.SP.SIMPLE_PRIM36.ram/ADDRARDADDR[12]
                                                              9.621         
u_fp_domain/u_CORTEXM3INTEGRATION/u_cortexm3ds_logic/T0nm17_reg/C
                               u_fp_domain/u_CORTEXM3INTEGRATION/u_cortexm3ds_logic/Ijys07_reg/D
                                                              9.621         
u_fp_domain/u_CORTEXM3INTEGRATION/u_cortexm3ds_logic/T0nm17_reg/C
                               u_fp_domain/u_sram_top/u_dtcm/U0/inst_blk_mem_gen/gnbram.gnativebmg.native_blk_mem_gen/valid.cstr/ramloop[28].ram.r/prim_init.ram/DEVICE_8SERIES.NO_BMM_INFO.SP.SIMPLE_PRIM36.ram/ADDRARDADDR[6]
                                                              9.623         
u_fp_domain/u_CORTEXM3INTEGRATION/u_cortexm3ds_logic/T0nm17_reg/C
                               u_fp_domain/u_CORTEXM3INTEGRATION/u_cortexm3ds_logic/Cdhnz6_reg/CE
                                                              9.623         
u_fp_domain/u_CORTEXM3INTEGRATION/u_cortexm3ds_logic/T0nm17_reg/C
                               u_fp_domain/u_CORTEXM3INTEGRATION/u_cortexm3ds_logic/L8lnz6_reg/D
                                                              9.624         
u_fp_domain/u_CORTEXM3INTEGRATION/u_cortexm3ds_logic/T0nm17_reg/C
                               u_fp_domain/u_CORTEXM3INTEGRATION/u_cortexm3ds_logic/L9om17_reg/D
                                                              9.624         
u_fp_domain/u_CORTEXM3INTEGRATION/u_cortexm3ds_logic/T0nm17_reg/C
                               u_fp_domain/u_sram_top/u_dtcm/U0/inst_blk_mem_gen/gnbram.gnativebmg.native_blk_mem_gen/valid.cstr/ramloop[5].ram.r/prim_init.ram/DEVICE_8SERIES.NO_BMM_INFO.SP.SIMPLE_PRIM36.ram/ADDRARDADDR[10]
                                                              9.625         
u_fp_domain/u_CORTEXM3INTEGRATION/u_cortexm3ds_logic/T0nm17_reg/C
                               u_fp_domain/u_CORTEXM3INTEGRATION/u_cortexm3ds_logic/Wj6g07_reg/D
                                                              9.626         
u_fp_domain/u_CORTEXM3INTEGRATION/u_cortexm3ds_logic/T0nm17_reg/C
                               u_fp_domain/u_sram_top/u_dtcm/U0/inst_blk_mem_gen/gnbram.gnativebmg.native_blk_mem_gen/valid.cstr/ramloop[9].ram.r/prim_init.ram/DEVICE_8SERIES.NO_BMM_INFO.SP.SIMPLE_PRIM36.ram/ADDRARDADDR[7]
                                                              9.626         
u_fp_domain/u_CORTEXM3INTEGRATION/u_cortexm3ds_logic/T0nm17_reg/C
                               u_fp_domain/u_sram_top/u_dtcm/U0/inst_blk_mem_gen/gnbram.gnativebmg.native_blk_mem_gen/valid.cstr/ramloop[9].ram.r/prim_init.ram/DEVICE_8SERIES.NO_BMM_INFO.SP.SIMPLE_PRIM36.ram/ADDRARDADDR[10]
                                                              9.627         
u_fp_domain/u_CORTEXM3INTEGRATION/u_cortexm3ds_logic/T0nm17_reg/C
                               u_fp_domain/u_CORTEXM3INTEGRATION/u_cortexm3ds_logic/Bmom17_reg/D
                                                              9.629         
u_fp_domain/u_CORTEXM3INTEGRATION/u_cortexm3ds_logic/T0nm17_reg/C
                               u_fp_domain/u_CORTEXM3INTEGRATION/u_cortexm3ds_logic/Uwunz6_reg/CE
                                                              9.632         
u_fp_domain/u_CORTEXM3INTEGRATION/u_cortexm3ds_logic/T0nm17_reg/C
                               u_fp_domain/u_CORTEXM3INTEGRATION/u_cortexm3ds_logic/W3b917_reg/CE
                                                              9.632         
u_fp_domain/u_CORTEXM3INTEGRATION/u_cortexm3ds_logic/T0nm17_reg/C
                               u_fp_domain/u_sram_top/u_dtcm/U0/inst_blk_mem_gen/gnbram.gnativebmg.native_blk_mem_gen/valid.cstr/ramloop[3].ram.r/prim_init.ram/DEVICE_8SERIES.NO_BMM_INFO.SP.SIMPLE_PRIM36.ram/ADDRARDADDR[12]
                                                              9.634         
u_fp_domain/u_CORTEXM3INTEGRATION/u_cortexm3ds_logic/T0nm17_reg/C
                               u_fp_domain/u_CORTEXM3INTEGRATION/u_cortexm3ds_logic/N6gu07_reg/CE
                                                              9.635         
u_fp_domain/u_CORTEXM3INTEGRATION/u_cortexm3ds_logic/T0nm17_reg/C
                               u_fp_domain/u_CORTEXM3INTEGRATION/u_cortexm3ds_logic/Qpeg07_reg/CE
                                                              9.635         
u_fp_domain/u_CORTEXM3INTEGRATION/u_cortexm3ds_logic/T0nm17_reg/C
                               u_fp_domain/u_CORTEXM3INTEGRATION/u_cortexm3ds_logic/Sczf07_reg/CE
                                                              9.635         
u_fp_domain/u_CORTEXM3INTEGRATION/u_cortexm3ds_logic/T0nm17_reg/C
                               u_fp_domain/u_CORTEXM3INTEGRATION/u_cortexm3ds_logic/Vzunz6_reg/CE
                                                              9.635         
u_fp_domain/u_CORTEXM3INTEGRATION/u_cortexm3ds_logic/T0nm17_reg/C
                               u_fp_domain/u_sram_top/u_dtcm/U0/inst_blk_mem_gen/gnbram.gnativebmg.native_blk_mem_gen/valid.cstr/ramloop[31].ram.r/prim_init.ram/DEVICE_8SERIES.NO_BMM_INFO.SP.SIMPLE_PRIM36.ram/ENARDEN
                                                              9.636         
u_fp_domain/u_CORTEXM3INTEGRATION/u_cortexm3ds_logic/T0nm17_reg/C
                               u_fp_domain/u_sram_top/u_dtcm/U0/inst_blk_mem_gen/gnbram.gnativebmg.native_blk_mem_gen/valid.cstr/ramloop[6].ram.r/prim_init.ram/DEVICE_8SERIES.NO_BMM_INFO.SP.SIMPLE_PRIM36.ram/ADDRARDADDR[13]
                                                              9.636         
u_fp_domain/u_CORTEXM3INTEGRATION/u_cortexm3ds_logic/T0nm17_reg/C
                               u_fp_domain/u_sram_top/u_dtcm/U0/inst_blk_mem_gen/gnbram.gnativebmg.native_blk_mem_gen/valid.cstr/ramloop[12].ram.r/prim_init.ram/DEVICE_8SERIES.NO_BMM_INFO.SP.SIMPLE_PRIM36.ram/WEA[0]
                                                              9.637         
u_fp_domain/u_CORTEXM3INTEGRATION/u_cortexm3ds_logic/T0nm17_reg/C
                               u_fp_domain/u_sram_top/u_dtcm/U0/inst_blk_mem_gen/gnbram.gnativebmg.native_blk_mem_gen/valid.cstr/ramloop[6].ram.r/prim_init.ram/DEVICE_8SERIES.NO_BMM_INFO.SP.SIMPLE_PRIM36.ram/ADDRARDADDR[12]
                                                              9.637         
u_fp_domain/u_CORTEXM3INTEGRATION/u_cortexm3ds_logic/T0nm17_reg/C
                               u_fp_domain/u_CORTEXM3INTEGRATION/u_cortexm3ds_logic/Bahnz6_reg/CE
                                                              9.638         
u_fp_domain/u_CORTEXM3INTEGRATION/u_cortexm3ds_logic/T0nm17_reg/C
                               u_fp_domain/u_sram_top/u_dtcm/U0/inst_blk_mem_gen/gnbram.gnativebmg.native_blk_mem_gen/valid.cstr/ramloop[12].ram.r/prim_init.ram/DEVICE_8SERIES.NO_BMM_INFO.SP.SIMPLE_PRIM36.ram/ADDRARDADDR[11]
                                                              9.638         
u_fp_domain/u_CORTEXM3INTEGRATION/u_cortexm3ds_logic/T0nm17_reg/C
                               u_fp_domain/u_CORTEXM3INTEGRATION/u_cortexm3ds_logic/D8pm17_reg/D
                                                              9.642         
u_fp_domain/u_CORTEXM3INTEGRATION/u_cortexm3ds_logic/T0nm17_reg/C
                               u_fp_domain/u_CORTEXM3INTEGRATION/u_cortexm3ds_logic/Z4a917_reg/D
                                                              9.643         
u_fp_domain/u_CORTEXM3INTEGRATION/u_cortexm3ds_logic/T0nm17_reg/C
                               u_fp_domain/u_sram_top/u_dtcm/U0/inst_blk_mem_gen/gnbram.gnativebmg.native_blk_mem_gen/valid.cstr/ramloop[8].ram.r/prim_init.ram/DEVICE_8SERIES.NO_BMM_INFO.SP.SIMPLE_PRIM36.ram/ADDRARDADDR[11]
                                                              9.643         
u_fp_domain/u_CORTEXM3INTEGRATION/u_cortexm3ds_logic/T0nm17_reg/C
                               u_fp_domain/u_CORTEXM3INTEGRATION/u_cortexm3ds_logic/Bdys07_reg/D
                                                              9.644         
u_fp_domain/u_CORTEXM3INTEGRATION/u_cortexm3ds_logic/T0nm17_reg/C
                               u_fp_domain/u_sram_top/u_dtcm/U0/inst_blk_mem_gen/gnbram.gnativebmg.native_blk_mem_gen/valid.cstr/ramloop[6].ram.r/prim_init.ram/DEVICE_8SERIES.NO_BMM_INFO.SP.SIMPLE_PRIM36.ram/ADDRARDADDR[10]
                                                              9.644         
u_fp_domain/u_CORTEXM3INTEGRATION/u_cortexm3ds_logic/T0nm17_reg/C
                               u_fp_domain/u_sram_top/u_dtcm/U0/inst_blk_mem_gen/gnbram.gnativebmg.native_blk_mem_gen/valid.cstr/ramloop[15].ram.r/prim_init.ram/DEVICE_8SERIES.NO_BMM_INFO.SP.SIMPLE_PRIM36.ram/ADDRARDADDR[9]
                                                              9.652         
u_fp_domain/u_CORTEXM3INTEGRATION/u_cortexm3ds_logic/T0nm17_reg/C
                               u_fp_domain/u_sram_top/u_dtcm/U0/inst_blk_mem_gen/gnbram.gnativebmg.native_blk_mem_gen/valid.cstr/ramloop[8].ram.r/prim_init.ram/DEVICE_8SERIES.NO_BMM_INFO.SP.SIMPLE_PRIM36.ram/ADDRARDADDR[8]
                                                              9.653         
u_fp_domain/u_CORTEXM3INTEGRATION/u_cortexm3ds_logic/T0nm17_reg/C
                               u_fp_domain/u_CORTEXM3INTEGRATION/u_cortexm3ds_logic/Yp6g07_reg/D
                                                              9.654         
u_fp_domain/u_CORTEXM3INTEGRATION/u_cortexm3ds_logic/T0nm17_reg/C
                               u_fp_domain/u_CORTEXM3INTEGRATION/u_cortexm3ds_logic/Fiia17_reg/D
                                                              9.655         
u_fp_domain/u_CORTEXM3INTEGRATION/u_cortexm3ds_logic/T0nm17_reg/C
                               u_fp_domain/u_sram_top/u_dtcm/U0/inst_blk_mem_gen/gnbram.gnativebmg.native_blk_mem_gen/valid.cstr/ramloop[7].ram.r/prim_init.ram/DEVICE_8SERIES.NO_BMM_INFO.SP.SIMPLE_PRIM36.ram/WEA[0]
                                                              9.655         
u_fp_domain/u_CORTEXM3INTEGRATION/u_cortexm3ds_logic/T0nm17_reg/C
                               u_fp_domain/u_sram_top/u_dtcm/U0/inst_blk_mem_gen/gnbram.gnativebmg.native_blk_mem_gen/valid.cstr/ramloop[3].ram.r/prim_init.ram/DEVICE_8SERIES.NO_BMM_INFO.SP.SIMPLE_PRIM36.ram/ADDRARDADDR[5]
                                                              9.655         
u_fp_domain/u_CORTEXM3INTEGRATION/u_cortexm3ds_logic/T0nm17_reg/C
                               u_fp_domain/u_sram_top/u_dtcm/U0/inst_blk_mem_gen/gnbram.gnativebmg.native_blk_mem_gen/valid.cstr/ramloop[10].ram.r/prim_init.ram/DEVICE_8SERIES.NO_BMM_INFO.SP.SIMPLE_PRIM36.ram/ADDRARDADDR[6]
                                                              9.656         
u_fp_domain/u_CORTEXM3INTEGRATION/u_cortexm3ds_logic/T0nm17_reg/C
                               u_fp_domain/u_CORTEXM3INTEGRATION/u_cortexm3ds_logic/L0ia17_reg/D
                                                              9.657         
u_fp_domain/u_CORTEXM3INTEGRATION/u_cortexm3ds_logic/T0nm17_reg/C
                               u_fp_domain/u_sram_top/u_dtcm/U0/inst_blk_mem_gen/gnbram.gnativebmg.native_blk_mem_gen/valid.cstr/ramloop[2].ram.r/prim_init.ram/DEVICE_8SERIES.NO_BMM_INFO.SP.SIMPLE_PRIM36.ram/ADDRARDADDR[10]
                                                              9.660         
u_fp_domain/u_CORTEXM3INTEGRATION/u_cortexm3ds_logic/T0nm17_reg/C
                               u_fp_domain/u_sram_top/u_dtcm/U0/inst_blk_mem_gen/gnbram.gnativebmg.native_blk_mem_gen/valid.cstr/ramloop[9].ram.r/prim_init.ram/DEVICE_8SERIES.NO_BMM_INFO.SP.SIMPLE_PRIM36.ram/ADDRARDADDR[4]
                                                              9.660         
u_fp_domain/u_CORTEXM3INTEGRATION/u_cortexm3ds_logic/T0nm17_reg/C
                               u_fp_domain/u_sram_top/u_dtcm/U0/inst_blk_mem_gen/gnbram.gnativebmg.native_blk_mem_gen/valid.cstr/ramloop[1].ram.r/prim_init.ram/DEVICE_8SERIES.NO_BMM_INFO.SP.SIMPLE_PRIM36.ram/ADDRARDADDR[7]
                                                              9.661         
u_fp_domain/u_CORTEXM3INTEGRATION/u_cortexm3ds_logic/T0nm17_reg/C
                               u_fp_domain/u_CORTEXM3INTEGRATION/u_cortexm3ds_logic/Z4pm17_reg/D
                                                              9.662         
u_fp_domain/u_CORTEXM3INTEGRATION/u_cortexm3ds_logic/T0nm17_reg/C
                               u_fp_domain/u_sram_top/u_dtcm/U0/inst_blk_mem_gen/gnbram.gnativebmg.native_blk_mem_gen/valid.cstr/ramloop[6].ram.r/prim_init.ram/DEVICE_8SERIES.NO_BMM_INFO.SP.SIMPLE_PRIM36.ram/ADDRARDADDR[4]
                                                              9.668         
u_fp_domain/u_CORTEXM3INTEGRATION/u_cortexm3ds_logic/T0nm17_reg/C
                               u_fp_domain/u_sram_top/u_dtcm/U0/inst_blk_mem_gen/gnbram.gnativebmg.native_blk_mem_gen/valid.cstr/ramloop[1].ram.r/prim_init.ram/DEVICE_8SERIES.NO_BMM_INFO.SP.SIMPLE_PRIM36.ram/ADDRARDADDR[6]
                                                              9.672         
u_fp_domain/u_CORTEXM3INTEGRATION/u_cortexm3ds_logic/T0nm17_reg/C
                               u_fp_domain/u_sram_top/u_dtcm/U0/inst_blk_mem_gen/gnbram.gnativebmg.native_blk_mem_gen/valid.cstr/ramloop[8].ram.r/prim_init.ram/DEVICE_8SERIES.NO_BMM_INFO.SP.SIMPLE_PRIM36.ram/ADDRARDADDR[13]
                                                              9.673         
u_fp_domain/u_CORTEXM3INTEGRATION/u_cortexm3ds_logic/T0nm17_reg/C
                               u_fp_domain/u_sram_top/u_dtcm/U0/inst_blk_mem_gen/gnbram.gnativebmg.native_blk_mem_gen/valid.cstr/ramloop[1].ram.r/prim_init.ram/DEVICE_8SERIES.NO_BMM_INFO.SP.SIMPLE_PRIM36.ram/ADDRARDADDR[8]
                                                              9.674         
u_fp_domain/u_CORTEXM3INTEGRATION/u_cortexm3ds_logic/T0nm17_reg/C
                               u_fp_domain/u_sram_top/u_dtcm/U0/inst_blk_mem_gen/gnbram.gnativebmg.native_blk_mem_gen/valid.cstr/ramloop[18].ram.r/prim_init.ram/DEVICE_8SERIES.NO_BMM_INFO.SP.SIMPLE_PRIM36.ram/ADDRARDADDR[9]
                                                              9.676         
u_fp_domain/u_CORTEXM3INTEGRATION/u_cortexm3ds_logic/T0nm17_reg/C
                               u_fp_domain/u_CORTEXM3INTEGRATION/u_cortexm3ds_logic/O9boz6_reg/D
                                                              9.676         
u_fp_domain/u_CORTEXM3INTEGRATION/u_cortexm3ds_logic/T0nm17_reg/C
                               u_fp_domain/u_sram_top/u_dtcm/U0/inst_blk_mem_gen/gnbram.gnativebmg.native_blk_mem_gen/valid.cstr/ramloop[2].ram.r/prim_init.ram/DEVICE_8SERIES.NO_BMM_INFO.SP.SIMPLE_PRIM36.ram/ADDRARDADDR[13]
                                                              9.677         
u_fp_domain/u_CORTEXM3INTEGRATION/u_cortexm3ds_logic/T0nm17_reg/C
                               u_fp_domain/u_sram_top/u_dtcm/U0/inst_blk_mem_gen/gnbram.gnativebmg.native_blk_mem_gen/valid.cstr/ramloop[10].ram.r/prim_init.ram/DEVICE_8SERIES.NO_BMM_INFO.SP.SIMPLE_PRIM36.ram/WEA[0]
                                                              9.681         
u_fp_domain/u_CORTEXM3INTEGRATION/u_cortexm3ds_logic/T0nm17_reg/C
                               u_fp_domain/u_sram_top/u_dtcm/U0/inst_blk_mem_gen/gnbram.gnativebmg.native_blk_mem_gen/valid.cstr/ramloop[8].ram.r/prim_init.ram/DEVICE_8SERIES.NO_BMM_INFO.SP.SIMPLE_PRIM36.ram/ADDRARDADDR[6]
                                                              9.681         
u_fp_domain/u_CORTEXM3INTEGRATION/u_cortexm3ds_logic/Fz6oz6_reg/C
                               u_fp_domain/u_CORTEXM3INTEGRATION/u_cortexm3ds_logic/P3qm17_reg/D
                                                              9.682         
u_fp_domain/u_CORTEXM3INTEGRATION/u_cortexm3ds_logic/T0nm17_reg/C
                               u_fp_domain/u_sram_top/u_dtcm/U0/inst_blk_mem_gen/gnbram.gnativebmg.native_blk_mem_gen/valid.cstr/ramloop[5].ram.r/prim_init.ram/DEVICE_8SERIES.NO_BMM_INFO.SP.SIMPLE_PRIM36.ram/ADDRARDADDR[5]
                                                              9.682         
u_fp_domain/u_CORTEXM3INTEGRATION/u_cortexm3ds_logic/T0nm17_reg/C
                               u_fp_domain/u_sram_top/u_dtcm/U0/inst_blk_mem_gen/gnbram.gnativebmg.native_blk_mem_gen/valid.cstr/ramloop[3].ram.r/prim_init.ram/DEVICE_8SERIES.NO_BMM_INFO.SP.SIMPLE_PRIM36.ram/WEA[0]
                                                              9.685         
u_fp_domain/u_CORTEXM3INTEGRATION/u_cortexm3ds_logic/T0nm17_reg/C
                               u_fp_domain/u_sram_top/u_itcm/U0/inst_blk_mem_gen/gnbram.gnativebmg.native_blk_mem_gen/valid.cstr/ramloop[19].ram.r/prim_init.ram/DEVICE_8SERIES.NO_BMM_INFO.SP.SIMPLE_PRIM36.ram/ENARDEN
                                                              9.687         
u_fp_domain/u_CORTEXM3INTEGRATION/u_cortexm3ds_logic/T0nm17_reg/C
                               u_fp_domain/u_CORTEXM3INTEGRATION/u_cortexm3ds_logic/I9ia17_reg/D
                                                              9.688         
u_fp_domain/u_CORTEXM3INTEGRATION/u_cortexm3ds_logic/T0nm17_reg/C
                               u_fp_domain/u_CORTEXM3INTEGRATION/u_cortexm3ds_logic/Xp5g07_reg/D
                                                              9.689         
u_fp_domain/u_CORTEXM3INTEGRATION/u_cortexm3ds_logic/T0nm17_reg/C
                               u_fp_domain/u_sram_top/u_dtcm/U0/inst_blk_mem_gen/gnbram.gnativebmg.native_blk_mem_gen/valid.cstr/ramloop[10].ram.r/prim_init.ram/DEVICE_8SERIES.NO_BMM_INFO.SP.SIMPLE_PRIM36.ram/ADDRARDADDR[4]
                                                              9.690         
u_fp_domain/u_CORTEXM3INTEGRATION/u_cortexm3ds_logic/T0nm17_reg/C
                               u_fp_domain/u_sram_top/u_dtcm/U0/inst_blk_mem_gen/gnbram.gnativebmg.native_blk_mem_gen/valid.cstr/ramloop[8].ram.r/prim_init.ram/DEVICE_8SERIES.NO_BMM_INFO.SP.SIMPLE_PRIM36.ram/ADDRARDADDR[3]
                                                              9.690         
u_fp_domain/u_CORTEXM3INTEGRATION/u_cortexm3ds_logic/T0nm17_reg/C
                               u_fp_domain/u_sram_top/u_dtcm/U0/inst_blk_mem_gen/gnbram.gnativebmg.native_blk_mem_gen/valid.cstr/ramloop[6].ram.r/prim_init.ram/DEVICE_8SERIES.NO_BMM_INFO.SP.SIMPLE_PRIM36.ram/ADDRARDADDR[3]
                                                              9.692         
u_fp_domain/u_CORTEXM3INTEGRATION/u_cortexm3ds_logic/T0nm17_reg/C
                               u_fp_domain/u_CORTEXM3INTEGRATION/u_cortexm3ds_logic/V62107_reg/D
                                                              9.694         
u_fp_domain/u_CORTEXM3INTEGRATION/u_cortexm3ds_logic/T0nm17_reg/C
                               u_fp_domain/u_sram_top/u_dtcm/U0/inst_blk_mem_gen/gnbram.gnativebmg.native_blk_mem_gen/valid.cstr/ramloop[4].ram.r/prim_init.ram/DEVICE_8SERIES.NO_BMM_INFO.SP.SIMPLE_PRIM36.ram/ENARDEN
                                                              9.698         
u_fp_domain/u_CORTEXM3INTEGRATION/u_cortexm3ds_logic/T0nm17_reg/C
                               u_fp_domain/u_CORTEXM3INTEGRATION/u_cortexm3ds_logic/Le9nz6_reg/D
                                                              9.699         
u_fp_domain/u_CORTEXM3INTEGRATION/u_cortexm3ds_logic/T0nm17_reg/C
                               u_fp_domain/u_sram_top/u_dtcm/U0/inst_blk_mem_gen/gnbram.gnativebmg.native_blk_mem_gen/valid.cstr/ramloop[5].ram.r/prim_init.ram/DEVICE_8SERIES.NO_BMM_INFO.SP.SIMPLE_PRIM36.ram/WEA[0]
                                                              9.700         
u_fp_domain/u_CORTEXM3INTEGRATION/u_cortexm3ds_logic/T0nm17_reg/C
                               u_fp_domain/u_sram_top/u_dtcm/U0/inst_blk_mem_gen/gnbram.gnativebmg.native_blk_mem_gen/valid.cstr/ramloop[15].ram.r/prim_init.ram/DEVICE_8SERIES.NO_BMM_INFO.SP.SIMPLE_PRIM36.ram/ADDRARDADDR[3]
                                                              9.702         
u_fp_domain/u_CORTEXM3INTEGRATION/u_cortexm3ds_logic/T0nm17_reg/C
                               u_fp_domain/u_sram_top/u_dtcm/U0/inst_blk_mem_gen/gnbram.gnativebmg.native_blk_mem_gen/valid.cstr/ramloop[20].ram.r/prim_init.ram/DEVICE_8SERIES.NO_BMM_INFO.SP.SIMPLE_PRIM36.ram/ENARDEN
                                                              9.703         
u_fp_domain/u_CORTEXM3INTEGRATION/u_cortexm3ds_logic/T0nm17_reg/C
                               u_fp_domain/u_sram_top/u_dtcm/U0/inst_blk_mem_gen/gnbram.gnativebmg.native_blk_mem_gen/valid.cstr/ramloop[14].ram.r/prim_init.ram/DEVICE_8SERIES.NO_BMM_INFO.SP.SIMPLE_PRIM36.ram/ADDRARDADDR[12]
                                                              9.704         
u_fp_domain/u_CORTEXM3INTEGRATION/u_cortexm3ds_logic/T0nm17_reg/C
                               u_fp_domain/u_sram_top/u_dtcm/U0/inst_blk_mem_gen/gnbram.gnativebmg.native_blk_mem_gen/valid.cstr/ramloop[10].ram.r/prim_init.ram/DEVICE_8SERIES.NO_BMM_INFO.SP.SIMPLE_PRIM36.ram/ADDRARDADDR[8]
                                                              9.710         
u_fp_domain/u_CORTEXM3INTEGRATION/u_cortexm3ds_logic/T0nm17_reg/C
                               u_fp_domain/u_sram_top/u_dtcm/U0/inst_blk_mem_gen/gnbram.gnativebmg.native_blk_mem_gen/valid.cstr/ramloop[18].ram.r/prim_init.ram/DEVICE_8SERIES.NO_BMM_INFO.SP.SIMPLE_PRIM36.ram/ADDRARDADDR[12]
                                                              9.714         
u_fp_domain/u_CORTEXM3INTEGRATION/u_cortexm3ds_logic/T0nm17_reg/C
                               u_fp_domain/u_sram_top/u_dtcm/U0/inst_blk_mem_gen/gnbram.gnativebmg.native_blk_mem_gen/valid.cstr/ramloop[1].ram.r/prim_init.ram/DEVICE_8SERIES.NO_BMM_INFO.SP.SIMPLE_PRIM36.ram/ADDRARDADDR[11]
                                                              9.714         
u_fp_domain/u_CORTEXM3INTEGRATION/u_cortexm3ds_logic/T0nm17_reg/C
                               u_fp_domain/u_CORTEXM3INTEGRATION/u_cortexm3ds_logic/Ws5g07_reg/D
                                                              9.715         
u_fp_domain/u_CORTEXM3INTEGRATION/u_cortexm3ds_logic/T0nm17_reg/C
                               u_fp_domain/u_CORTEXM3INTEGRATION/u_cortexm3ds_logic/H2tnz6_reg/D
                                                              9.718         
u_fp_domain/u_CORTEXM3INTEGRATION/u_cortexm3ds_logic/T0nm17_reg/C
                               u_fp_domain/u_sram_top/u_dtcm/U0/inst_blk_mem_gen/gnbram.gnativebmg.native_blk_mem_gen/valid.cstr/ramloop[14].ram.r/prim_init.ram/DEVICE_8SERIES.NO_BMM_INFO.SP.SIMPLE_PRIM36.ram/ADDRARDADDR[5]
                                                              9.718         
u_fp_domain/u_CORTEXM3INTEGRATION/u_cortexm3ds_logic/T0nm17_reg/C
                               u_fp_domain/u_sram_top/u_dtcm/U0/inst_blk_mem_gen/gnbram.gnativebmg.native_blk_mem_gen/valid.cstr/ramloop[19].ram.r/prim_init.ram/DEVICE_8SERIES.NO_BMM_INFO.SP.SIMPLE_PRIM36.ram/ENARDEN
                                                              9.719         
u_fp_domain/u_CORTEXM3INTEGRATION/u_cortexm3ds_logic/T0nm17_reg/C
                               u_fp_domain/u_CORTEXM3INTEGRATION/u_cortexm3ds_logic/Mxha17_reg/D
                                                              9.720         
u_fp_domain/u_CORTEXM3INTEGRATION/u_cortexm3ds_logic/T0nm17_reg/C
                               u_fp_domain/u_sram_top/u_dtcm/U0/inst_blk_mem_gen/gnbram.gnativebmg.native_blk_mem_gen/valid.cstr/ramloop[12].ram.r/prim_init.ram/DEVICE_8SERIES.NO_BMM_INFO.SP.SIMPLE_PRIM36.ram/ADDRARDADDR[10]
                                                              9.725         
u_fp_domain/u_CORTEXM3INTEGRATION/u_cortexm3ds_logic/T0nm17_reg/C
                               u_fp_domain/u_sram_top/u_dtcm/U0/inst_blk_mem_gen/gnbram.gnativebmg.native_blk_mem_gen/valid.cstr/ramloop[1].ram.r/prim_init.ram/DEVICE_8SERIES.NO_BMM_INFO.SP.SIMPLE_PRIM36.ram/ADDRARDADDR[13]
                                                              9.725         
u_fp_domain/u_CORTEXM3INTEGRATION/u_cortexm3ds_logic/T0nm17_reg/C
                               u_fp_domain/u_sram_top/u_dtcm/U0/inst_blk_mem_gen/gnbram.gnativebmg.native_blk_mem_gen/valid.cstr/ramloop[27].ram.r/prim_init.ram/DEVICE_8SERIES.NO_BMM_INFO.SP.SIMPLE_PRIM36.ram/WEA[0]
                                                              9.725         
u_fp_domain/u_CORTEXM3INTEGRATION/u_cortexm3ds_logic/T0nm17_reg/C
                               u_fp_domain/u_sram_top/u_dtcm/U0/inst_blk_mem_gen/gnbram.gnativebmg.native_blk_mem_gen/valid.cstr/ramloop[10].ram.r/prim_init.ram/DEVICE_8SERIES.NO_BMM_INFO.SP.SIMPLE_PRIM36.ram/ADDRARDADDR[7]
                                                              9.734         
u_fp_domain/u_CORTEXM3INTEGRATION/u_cortexm3ds_logic/T0nm17_reg/C
                               u_fp_domain/u_sram_top/u_dtcm/U0/inst_blk_mem_gen/gnbram.gnativebmg.native_blk_mem_gen/valid.cstr/ramloop[1].ram.r/prim_init.ram/DEVICE_8SERIES.NO_BMM_INFO.SP.SIMPLE_PRIM36.ram/ADDRARDADDR[12]
                                                              9.734         
u_fp_domain/u_CORTEXM3INTEGRATION/u_cortexm3ds_logic/T0nm17_reg/C
                               u_fp_domain/u_sram_top/u_dtcm/U0/inst_blk_mem_gen/gnbram.gnativebmg.native_blk_mem_gen/valid.cstr/ramloop[12].ram.r/prim_init.ram/DEVICE_8SERIES.NO_BMM_INFO.SP.SIMPLE_PRIM36.ram/ADDRARDADDR[7]
                                                              9.736         
u_fp_domain/u_CORTEXM3INTEGRATION/u_cortexm3ds_logic/T0nm17_reg/C
                               u_fp_domain/u_sram_top/u_dtcm/U0/inst_blk_mem_gen/gnbram.gnativebmg.native_blk_mem_gen/valid.cstr/ramloop[2].ram.r/prim_init.ram/DEVICE_8SERIES.NO_BMM_INFO.SP.SIMPLE_PRIM36.ram/ADDRARDADDR[3]
                                                              9.738         
u_fp_domain/u_CORTEXM3INTEGRATION/u_cortexm3ds_logic/T0nm17_reg/C
                               u_fp_domain/u_sram_top/u_dtcm/U0/inst_blk_mem_gen/gnbram.gnativebmg.native_blk_mem_gen/valid.cstr/ramloop[5].ram.r/prim_init.ram/DEVICE_8SERIES.NO_BMM_INFO.SP.SIMPLE_PRIM36.ram/ADDRARDADDR[14]
                                                              9.740         
u_fp_domain/u_CORTEXM3INTEGRATION/u_cortexm3ds_logic/T0nm17_reg/C
                               u_fp_domain/u_sram_top/u_dtcm/U0/inst_blk_mem_gen/gnbram.gnativebmg.native_blk_mem_gen/valid.cstr/ramloop[26].ram.r/prim_init.ram/DEVICE_8SERIES.NO_BMM_INFO.SP.SIMPLE_PRIM36.ram/ENARDEN
                                                              9.743         
u_fp_domain/u_CORTEXM3INTEGRATION/u_cortexm3ds_logic/T0nm17_reg/C
                               u_fp_domain/u_sram_top/u_dtcm/U0/inst_blk_mem_gen/gnbram.gnativebmg.native_blk_mem_gen/valid.cstr/ramloop[2].ram.r/prim_init.ram/DEVICE_8SERIES.NO_BMM_INFO.SP.SIMPLE_PRIM36.ram/ADDRARDADDR[12]
                                                              9.743         
u_fp_domain/u_CORTEXM3INTEGRATION/u_cortexm3ds_logic/T0nm17_reg/C
                               u_fp_domain/u_sram_top/u_dtcm/U0/inst_blk_mem_gen/gnbram.gnativebmg.native_blk_mem_gen/valid.cstr/ramloop[31].ram.r/prim_init.ram/DEVICE_8SERIES.NO_BMM_INFO.SP.SIMPLE_PRIM36.ram/ADDRARDADDR[12]
                                                              9.743         
u_fp_domain/u_CORTEXM3INTEGRATION/u_cortexm3ds_logic/T0nm17_reg/C
                               u_fp_domain/u_CORTEXM3INTEGRATION/u_cortexm3ds_logic/Ifxnz6_reg/D
                                                              9.749         
u_fp_domain/u_CORTEXM3INTEGRATION/u_cortexm3ds_logic/T0nm17_reg/C
                               u_fp_domain/u_sram_top/u_dtcm/U0/inst_blk_mem_gen/gnbram.gnativebmg.native_blk_mem_gen/valid.cstr/ramloop[8].ram.r/prim_init.ram/DEVICE_8SERIES.NO_BMM_INFO.SP.SIMPLE_PRIM36.ram/ADDRARDADDR[4]
                                                              9.749         
u_fp_domain/u_CORTEXM3INTEGRATION/u_cortexm3ds_logic/T0nm17_reg/C
                               u_fp_domain/u_sram_top/u_dtcm/U0/inst_blk_mem_gen/gnbram.gnativebmg.native_blk_mem_gen/valid.cstr/ramloop[12].ram.r/prim_init.ram/DEVICE_8SERIES.NO_BMM_INFO.SP.SIMPLE_PRIM36.ram/ADDRARDADDR[6]
                                                              9.753         
u_fp_domain/u_CORTEXM3INTEGRATION/u_cortexm3ds_logic/T0nm17_reg/C
                               u_fp_domain/u_CORTEXM3INTEGRATION/u_cortexm3ds_logic/Z73oz6_reg/D
                                                              9.756         
u_fp_domain/u_CORTEXM3INTEGRATION/u_cortexm3ds_logic/T0nm17_reg/C
                               u_fp_domain/u_sram_top/u_dtcm/U0/inst_blk_mem_gen/gnbram.gnativebmg.native_blk_mem_gen/valid.cstr/ramloop[9].ram.r/prim_init.ram/DEVICE_8SERIES.NO_BMM_INFO.SP.SIMPLE_PRIM36.ram/WEA[0]
                                                              9.757         
u_fp_domain/u_CORTEXM3INTEGRATION/u_cortexm3ds_logic/T0nm17_reg/C
                               u_fp_domain/u_sram_top/u_dtcm/U0/inst_blk_mem_gen/gnbram.gnativebmg.native_blk_mem_gen/valid.cstr/ramloop[23].ram.r/prim_init.ram/DEVICE_8SERIES.NO_BMM_INFO.SP.SIMPLE_PRIM36.ram/ENARDEN
                                                              9.761         
u_fp_domain/u_CORTEXM3INTEGRATION/u_cortexm3ds_logic/T0nm17_reg/C
                               u_fp_domain/u_sram_top/u_dtcm/U0/inst_blk_mem_gen/gnbram.gnativebmg.native_blk_mem_gen/valid.cstr/ramloop[8].ram.r/prim_init.ram/DEVICE_8SERIES.NO_BMM_INFO.SP.SIMPLE_PRIM36.ram/ADDRARDADDR[5]
                                                              9.761         
u_fp_domain/u_CORTEXM3INTEGRATION/u_cortexm3ds_logic/T0nm17_reg/C
                               u_fp_domain/u_sram_top/u_dtcm/U0/inst_blk_mem_gen/gnbram.gnativebmg.native_blk_mem_gen/valid.cstr/ramloop[1].ram.r/prim_init.ram/DEVICE_8SERIES.NO_BMM_INFO.SP.SIMPLE_PRIM36.ram/ADDRARDADDR[10]
                                                              9.763         
u_fp_domain/u_CORTEXM3INTEGRATION/u_cortexm3ds_logic/T0nm17_reg/C
                               u_fp_domain/u_sram_top/u_dtcm/U0/inst_blk_mem_gen/gnbram.gnativebmg.native_blk_mem_gen/valid.cstr/ramloop[15].ram.r/prim_init.ram/DEVICE_8SERIES.NO_BMM_INFO.SP.SIMPLE_PRIM36.ram/ADDRARDADDR[6]
                                                              9.764         
u_fp_domain/u_CORTEXM3INTEGRATION/u_cortexm3ds_logic/T0nm17_reg/C
                               u_fp_domain/u_sram_top/u_dtcm/U0/inst_blk_mem_gen/gnbram.gnativebmg.native_blk_mem_gen/valid.cstr/ramloop[6].ram.r/prim_init.ram/DEVICE_8SERIES.NO_BMM_INFO.SP.SIMPLE_PRIM36.ram/WEA[0]
                                                              9.765         
u_fp_domain/u_CORTEXM3INTEGRATION/u_cortexm3ds_logic/T0nm17_reg/C
                               u_fp_domain/u_sram_top/u_dtcm/U0/inst_blk_mem_gen/gnbram.gnativebmg.native_blk_mem_gen/valid.cstr/ramloop[1].ram.r/prim_init.ram/DEVICE_8SERIES.NO_BMM_INFO.SP.SIMPLE_PRIM36.ram/ADDRARDADDR[4]
                                                              9.774         
u_fp_domain/u_CORTEXM3INTEGRATION/u_cortexm3ds_logic/T0nm17_reg/C
                               u_fp_domain/u_sram_top/u_dtcm/U0/inst_blk_mem_gen/gnbram.gnativebmg.native_blk_mem_gen/valid.cstr/ramloop[9].ram.r/prim_init.ram/DEVICE_8SERIES.NO_BMM_INFO.SP.SIMPLE_PRIM36.ram/ADDRARDADDR[14]
                                                              9.775         
u_fp_domain/u_CORTEXM3INTEGRATION/u_cortexm3ds_logic/T0nm17_reg/C
                               u_fp_domain/u_sram_top/u_dtcm/U0/inst_blk_mem_gen/gnbram.gnativebmg.native_blk_mem_gen/valid.cstr/ramloop[28].ram.r/prim_init.ram/DEVICE_8SERIES.NO_BMM_INFO.SP.SIMPLE_PRIM36.ram/ADDRARDADDR[8]
                                                              9.776         
u_fp_domain/u_CORTEXM3INTEGRATION/u_cortexm3ds_logic/T0nm17_reg/C
                               u_fp_domain/u_sram_top/u_dtcm/U0/inst_blk_mem_gen/gnbram.gnativebmg.native_blk_mem_gen/valid.cstr/ramloop[14].ram.r/prim_init.ram/DEVICE_8SERIES.NO_BMM_INFO.SP.SIMPLE_PRIM36.ram/ADDRARDADDR[9]
                                                              9.778         
u_fp_domain/u_CORTEXM3INTEGRATION/u_cortexm3ds_logic/T0nm17_reg/C
                               u_fp_domain/u_sram_top/u_dtcm/U0/inst_blk_mem_gen/gnbram.gnativebmg.native_blk_mem_gen/valid.cstr/ramloop[10].ram.r/prim_init.ram/DEVICE_8SERIES.NO_BMM_INFO.SP.SIMPLE_PRIM36.ram/ADDRARDADDR[10]
                                                              9.781         
u_fp_domain/u_CORTEXM3INTEGRATION/u_cortexm3ds_logic/T0nm17_reg/C
                               u_fp_domain/u_sram_top/u_dtcm/U0/inst_blk_mem_gen/gnbram.gnativebmg.native_blk_mem_gen/valid.cstr/ramloop[10].ram.r/prim_init.ram/DEVICE_8SERIES.NO_BMM_INFO.SP.SIMPLE_PRIM36.ram/ADDRARDADDR[11]
                                                              9.781         
u_fp_domain/u_CORTEXM3INTEGRATION/u_cortexm3ds_logic/T0nm17_reg/C
                               u_fp_domain/u_sram_top/u_dtcm/U0/inst_blk_mem_gen/gnbram.gnativebmg.native_blk_mem_gen/valid.cstr/ramloop[30].ram.r/prim_init.ram/DEVICE_8SERIES.NO_BMM_INFO.SP.SIMPLE_PRIM36.ram/ENARDEN
                                                              9.786         
u_fp_domain/u_CORTEXM3INTEGRATION/u_cortexm3ds_logic/T0nm17_reg/C
                               u_fp_domain/u_sram_top/u_dtcm/U0/inst_blk_mem_gen/gnbram.gnativebmg.native_blk_mem_gen/valid.cstr/ramloop[12].ram.r/prim_init.ram/DEVICE_8SERIES.NO_BMM_INFO.SP.SIMPLE_PRIM36.ram/ADDRARDADDR[4]
                                                              9.789         
u_fp_domain/u_CORTEXM3INTEGRATION/u_cortexm3ds_logic/Jxpm17_reg/C
                               u_fp_domain/u_CORTEXM3INTEGRATION/u_cortexm3ds_logic/Qrjnz6_reg/D
                                                              9.795         
u_fp_domain/u_CORTEXM3INTEGRATION/u_cortexm3ds_logic/Fz6oz6_reg/C
                               u_fp_domain/u_CORTEXM3INTEGRATION/u_cortexm3ds_logic/Duvm17_reg/CE
                                                              9.795         
u_fp_domain/u_CORTEXM3INTEGRATION/u_cortexm3ds_logic/T0nm17_reg/C
                               u_fp_domain/u_sram_top/u_itcm/U0/inst_blk_mem_gen/gnbram.gnativebmg.native_blk_mem_gen/valid.cstr/ramloop[14].ram.r/prim_init.ram/DEVICE_8SERIES.NO_BMM_INFO.SP.SIMPLE_PRIM36.ram/ENARDEN
                                                              9.795         
u_fp_domain/u_CORTEXM3INTEGRATION/u_cortexm3ds_logic/T0nm17_reg/C
                               u_fp_domain/u_sram_top/u_dtcm/U0/inst_blk_mem_gen/gnbram.gnativebmg.native_blk_mem_gen/valid.cstr/ramloop[5].ram.r/prim_init.ram/DEVICE_8SERIES.NO_BMM_INFO.SP.SIMPLE_PRIM36.ram/ADDRARDADDR[7]
                                                              9.795         
u_fp_domain/u_CORTEXM3INTEGRATION/u_cortexm3ds_logic/T0nm17_reg/C
                               u_fp_domain/u_CORTEXM3INTEGRATION/u_cortexm3ds_logic/Gfia17_reg/D
                                                              9.796         
u_fp_domain/u_CORTEXM3INTEGRATION/u_cortexm3ds_logic/T0nm17_reg/C
                               u_fp_domain/u_CORTEXM3INTEGRATION/u_cortexm3ds_logic/Hcia17_reg/D
                                                              9.796         
u_fp_domain/u_CORTEXM3INTEGRATION/u_cortexm3ds_logic/Fz6oz6_reg/C
                               u_fp_domain/u_CORTEXM3INTEGRATION/u_cortexm3ds_logic/Wvvm17_reg/CE
                                                              9.796         
u_fp_domain/u_CORTEXM3INTEGRATION/u_cortexm3ds_logic/T0nm17_reg/C
                               u_fp_domain/u_sram_top/u_dtcm/U0/inst_blk_mem_gen/gnbram.gnativebmg.native_blk_mem_gen/valid.cstr/ramloop[28].ram.r/prim_init.ram/DEVICE_8SERIES.NO_BMM_INFO.SP.SIMPLE_PRIM36.ram/ADDRARDADDR[13]
                                                              9.796         
u_fp_domain/u_CORTEXM3INTEGRATION/u_cortexm3ds_logic/T0nm17_reg/C
                               u_fp_domain/u_sram_top/u_dtcm/U0/inst_blk_mem_gen/gnbram.gnativebmg.native_blk_mem_gen/valid.cstr/ramloop[10].ram.r/prim_init.ram/DEVICE_8SERIES.NO_BMM_INFO.SP.SIMPLE_PRIM36.ram/ADDRARDADDR[13]
                                                              9.799         
u_fp_domain/u_CORTEXM3INTEGRATION/u_cortexm3ds_logic/T0nm17_reg/C
                               u_fp_domain/u_CORTEXM3INTEGRATION/u_cortexm3ds_logic/Lb9nz6_reg/D
                                                              9.800         
u_fp_domain/u_CORTEXM3INTEGRATION/u_cortexm3ds_logic/Fz6oz6_reg/C
                               u_fp_domain/u_CORTEXM3INTEGRATION/u_cortexm3ds_logic/Pxvm17_reg/CE
                                                              9.801         
u_fp_domain/u_CORTEXM3INTEGRATION/u_cortexm3ds_logic/T0nm17_reg/C
                               u_fp_domain/u_sram_top/u_dtcm/U0/inst_blk_mem_gen/gnbram.gnativebmg.native_blk_mem_gen/valid.cstr/ramloop[14].ram.r/prim_init.ram/DEVICE_8SERIES.NO_BMM_INFO.SP.SIMPLE_PRIM36.ram/ADDRARDADDR[11]
                                                              9.802         
u_fp_domain/u_CORTEXM3INTEGRATION/u_cortexm3ds_logic/T0nm17_reg/C
                               u_fp_domain/u_sram_top/u_dtcm/U0/inst_blk_mem_gen/gnbram.gnativebmg.native_blk_mem_gen/valid.cstr/ramloop[1].ram.r/prim_init.ram/DEVICE_8SERIES.NO_BMM_INFO.SP.SIMPLE_PRIM36.ram/ADDRARDADDR[3]
                                                              9.802         
u_fp_domain/u_CORTEXM3INTEGRATION/u_cortexm3ds_logic/T0nm17_reg/C
                               u_fp_domain/u_sram_top/u_dtcm/U0/inst_blk_mem_gen/gnbram.gnativebmg.native_blk_mem_gen/valid.cstr/ramloop[5].ram.r/prim_init.ram/DEVICE_8SERIES.NO_BMM_INFO.SP.SIMPLE_PRIM36.ram/ADDRARDADDR[13]
                                                              9.803         
u_fp_domain/u_CORTEXM3INTEGRATION/u_cortexm3ds_logic/T0nm17_reg/C
                               u_fp_domain/u_CORTEXM3INTEGRATION/u_cortexm3ds_logic/Elhnz6_reg/D
                                                              9.805         
u_fp_domain/u_CORTEXM3INTEGRATION/u_cortexm3ds_logic/T0nm17_reg/C
                               u_fp_domain/u_sram_top/u_itcm/U0/inst_blk_mem_gen/gnbram.gnativebmg.native_blk_mem_gen/valid.cstr/ramloop[4].ram.r/prim_init.ram/DEVICE_8SERIES.NO_BMM_INFO.SP.SIMPLE_PRIM36.ram/ENARDEN
                                                              9.807         
u_fp_domain/u_CORTEXM3INTEGRATION/u_cortexm3ds_logic/Fz6oz6_reg/C
                               u_fp_domain/u_CORTEXM3INTEGRATION/u_cortexm3ds_logic/R45nz6_reg/CE
                                                              9.809         
u_fp_domain/u_CORTEXM3INTEGRATION/u_cortexm3ds_logic/T0nm17_reg/C
                               u_fp_domain/u_sram_top/u_dtcm/U0/inst_blk_mem_gen/gnbram.gnativebmg.native_blk_mem_gen/valid.cstr/ramloop[5].ram.r/prim_init.ram/DEVICE_8SERIES.NO_BMM_INFO.SP.SIMPLE_PRIM36.ram/ADDRARDADDR[6]
                                                              9.811         
u_fp_domain/u_CORTEXM3INTEGRATION/u_cortexm3ds_logic/T0nm17_reg/C
                               u_fp_domain/u_sram_top/u_dtcm/U0/inst_blk_mem_gen/gnbram.gnativebmg.native_blk_mem_gen/valid.cstr/ramloop[28].ram.r/prim_init.ram/DEVICE_8SERIES.NO_BMM_INFO.SP.SIMPLE_PRIM36.ram/ADDRARDADDR[9]
                                                              9.812         
u_fp_domain/u_CORTEXM3INTEGRATION/u_cortexm3ds_logic/T0nm17_reg/C
                               u_fp_domain/u_sram_top/u_dtcm/U0/inst_blk_mem_gen/gnbram.gnativebmg.native_blk_mem_gen/valid.cstr/ramloop[28].ram.r/prim_init.ram/DEVICE_8SERIES.NO_BMM_INFO.SP.SIMPLE_PRIM36.ram/ADDRARDADDR[3]
                                                              9.813         
u_fp_domain/u_CORTEXM3INTEGRATION/u_cortexm3ds_logic/T0nm17_reg/C
                               u_fp_domain/u_sram_top/u_dtcm/U0/inst_blk_mem_gen/gnbram.gnativebmg.native_blk_mem_gen/valid.cstr/ramloop[5].ram.r/prim_init.ram/DEVICE_8SERIES.NO_BMM_INFO.SP.SIMPLE_PRIM36.ram/ADDRARDADDR[8]
                                                              9.813         
u_fp_domain/u_CORTEXM3INTEGRATION/u_cortexm3ds_logic/T0nm17_reg/C
                               u_fp_domain/u_sram_top/u_dtcm/U0/inst_blk_mem_gen/gnbram.gnativebmg.native_blk_mem_gen/valid.cstr/ramloop[14].ram.r/prim_init.ram/DEVICE_8SERIES.NO_BMM_INFO.SP.SIMPLE_PRIM36.ram/ADDRARDADDR[3]
                                                              9.814         
u_fp_domain/u_CORTEXM3INTEGRATION/u_cortexm3ds_logic/T0nm17_reg/C
                               u_fp_domain/u_sram_top/u_dtcm/U0/inst_blk_mem_gen/gnbram.gnativebmg.native_blk_mem_gen/valid.cstr/ramloop[15].ram.r/prim_init.ram/DEVICE_8SERIES.NO_BMM_INFO.SP.SIMPLE_PRIM36.ram/ADDRARDADDR[8]
                                                              9.815         
u_fp_domain/u_CORTEXM3INTEGRATION/u_cortexm3ds_logic/T0nm17_reg/C
                               u_fp_domain/u_sram_top/u_dtcm/U0/inst_blk_mem_gen/gnbram.gnativebmg.native_blk_mem_gen/valid.cstr/ramloop[15].ram.r/prim_init.ram/DEVICE_8SERIES.NO_BMM_INFO.SP.SIMPLE_PRIM36.ram/ADDRARDADDR[4]
                                                              9.816         
u_fp_domain/u_CORTEXM3INTEGRATION/u_cortexm3ds_logic/T0nm17_reg/C
                               u_fp_domain/u_sram_top/u_dtcm/U0/inst_blk_mem_gen/gnbram.gnativebmg.native_blk_mem_gen/valid.cstr/ramloop[18].ram.r/prim_init.ram/DEVICE_8SERIES.NO_BMM_INFO.SP.SIMPLE_PRIM36.ram/WEA[0]
                                                              9.817         
u_fp_domain/u_CORTEXM3INTEGRATION/u_cortexm3ds_logic/T0nm17_reg/C
                               u_fp_domain/u_sram_top/u_dtcm/U0/inst_blk_mem_gen/gnbram.gnativebmg.native_blk_mem_gen/valid.cstr/ramloop[2].ram.r/prim_init.ram/DEVICE_8SERIES.NO_BMM_INFO.SP.SIMPLE_PRIM36.ram/ADDRARDADDR[4]
                                                              9.817         
u_fp_domain/u_CORTEXM3INTEGRATION/u_cortexm3ds_logic/T0nm17_reg/C
                               u_fp_domain/u_sram_top/u_dtcm/U0/inst_blk_mem_gen/gnbram.gnativebmg.native_blk_mem_gen/valid.cstr/ramloop[15].ram.r/prim_init.ram/DEVICE_8SERIES.NO_BMM_INFO.SP.SIMPLE_PRIM36.ram/ADDRARDADDR[10]
                                                              9.821         
u_fp_domain/u_CORTEXM3INTEGRATION/u_cortexm3ds_logic/T0nm17_reg/C
                               u_fp_domain/u_sram_top/u_dtcm/U0/inst_blk_mem_gen/gnbram.gnativebmg.native_blk_mem_gen/valid.cstr/ramloop[4].ram.r/prim_init.ram/DEVICE_8SERIES.NO_BMM_INFO.SP.SIMPLE_PRIM36.ram/ADDRARDADDR[12]
                                                              9.822         
u_fp_domain/u_CORTEXM3INTEGRATION/u_cortexm3ds_logic/T0nm17_reg/C
                               u_fp_domain/u_sram_top/u_dtcm/U0/inst_blk_mem_gen/gnbram.gnativebmg.native_blk_mem_gen/valid.cstr/ramloop[4].ram.r/prim_init.ram/DEVICE_8SERIES.NO_BMM_INFO.SP.SIMPLE_PRIM36.ram/ADDRARDADDR[6]
                                                              9.831         
u_fp_domain/u_CORTEXM3INTEGRATION/u_cortexm3ds_logic/T0nm17_reg/C
                               u_fp_domain/u_CORTEXM3INTEGRATION/u_cortexm3ds_logic/J6ia17_reg/D
                                                              9.832         
u_fp_domain/u_CORTEXM3INTEGRATION/u_cortexm3ds_logic/T0nm17_reg/C
                               u_fp_domain/u_sram_top/u_dtcm/U0/inst_blk_mem_gen/gnbram.gnativebmg.native_blk_mem_gen/valid.cstr/ramloop[31].ram.r/prim_init.ram/DEVICE_8SERIES.NO_BMM_INFO.SP.SIMPLE_PRIM36.ram/ADDRARDADDR[14]
                                                              9.832         
u_fp_domain/u_CORTEXM3INTEGRATION/u_cortexm3ds_logic/T0nm17_reg/C
                               u_fp_domain/u_sram_top/u_dtcm/U0/inst_blk_mem_gen/gnbram.gnativebmg.native_blk_mem_gen/valid.cstr/ramloop[15].ram.r/prim_init.ram/DEVICE_8SERIES.NO_BMM_INFO.SP.SIMPLE_PRIM36.ram/WEA[0]
                                                              9.835         
u_fp_domain/u_CORTEXM3INTEGRATION/u_cortexm3ds_logic/T0nm17_reg/C
                               u_fp_domain/u_sram_top/u_dtcm/U0/inst_blk_mem_gen/gnbram.gnativebmg.native_blk_mem_gen/valid.cstr/ramloop[10].ram.r/prim_init.ram/DEVICE_8SERIES.NO_BMM_INFO.SP.SIMPLE_PRIM36.ram/ADDRARDADDR[14]
                                                              9.835         
u_fp_domain/u_CORTEXM3INTEGRATION/u_cortexm3ds_logic/T0nm17_reg/C
                               u_fp_domain/u_sram_top/u_dtcm/U0/inst_blk_mem_gen/gnbram.gnativebmg.native_blk_mem_gen/valid.cstr/ramloop[4].ram.r/prim_init.ram/DEVICE_8SERIES.NO_BMM_INFO.SP.SIMPLE_PRIM36.ram/ADDRARDADDR[5]
                                                              9.843         
u_fp_domain/u_CORTEXM3INTEGRATION/u_cortexm3ds_logic/T0nm17_reg/C
                               u_fp_domain/u_sram_top/u_dtcm/U0/inst_blk_mem_gen/gnbram.gnativebmg.native_blk_mem_gen/valid.cstr/ramloop[4].ram.r/prim_init.ram/DEVICE_8SERIES.NO_BMM_INFO.SP.SIMPLE_PRIM36.ram/ADDRARDADDR[8]
                                                              9.843         
u_fp_domain/u_CORTEXM3INTEGRATION/u_cortexm3ds_logic/T0nm17_reg/C
                               u_fp_domain/u_CORTEXM3INTEGRATION/u_cortexm3ds_logic/U08oz6_reg/D
                                                              9.843         
u_fp_domain/u_CORTEXM3INTEGRATION/u_cortexm3ds_logic/T0nm17_reg/C
                               u_fp_domain/u_sram_top/u_dtcm/U0/inst_blk_mem_gen/gnbram.gnativebmg.native_blk_mem_gen/valid.cstr/ramloop[25].ram.r/prim_init.ram/DEVICE_8SERIES.NO_BMM_INFO.SP.SIMPLE_PRIM36.ram/WEA[0]
                                                              9.845         
u_fp_domain/u_CORTEXM3INTEGRATION/u_cortexm3ds_logic/T0nm17_reg/C
                               u_fp_domain/u_CORTEXM3INTEGRATION/u_cortexm3ds_logic/Rt3107_reg/D
                                                              9.848         
u_fp_domain/u_CORTEXM3INTEGRATION/u_cortexm3ds_logic/T0nm17_reg/C
                               u_fp_domain/u_sram_top/u_dtcm/U0/inst_blk_mem_gen/gnbram.gnativebmg.native_blk_mem_gen/valid.cstr/ramloop[5].ram.r/prim_init.ram/DEVICE_8SERIES.NO_BMM_INFO.SP.SIMPLE_PRIM36.ram/ADDRARDADDR[11]
                                                              9.853         
u_fp_domain/u_CORTEXM3INTEGRATION/u_cortexm3ds_logic/T0nm17_reg/C
                               u_fp_domain/u_CORTEXM3INTEGRATION/u_cortexm3ds_logic/K3ia17_reg/D
                                                              9.855         
u_fp_domain/u_CORTEXM3INTEGRATION/u_cortexm3ds_logic/T0nm17_reg/C
                               u_fp_domain/u_CORTEXM3INTEGRATION/u_cortexm3ds_logic/V33107_reg/CE
                                                              9.856         
u_fp_domain/u_CORTEXM3INTEGRATION/u_cortexm3ds_logic/T0nm17_reg/C
                               u_fp_domain/u_CORTEXM3INTEGRATION/u_cortexm3ds_logic/Yu2107_reg/CE
                                                              9.856         
u_fp_domain/u_CORTEXM3INTEGRATION/u_cortexm3ds_logic/T0nm17_reg/C
                               u_fp_domain/u_sram_top/u_dtcm/U0/inst_blk_mem_gen/gnbram.gnativebmg.native_blk_mem_gen/valid.cstr/ramloop[18].ram.r/prim_init.ram/DEVICE_8SERIES.NO_BMM_INFO.SP.SIMPLE_PRIM36.ram/ADDRARDADDR[14]
                                                              9.858         
u_fp_domain/u_CORTEXM3INTEGRATION/u_cortexm3ds_logic/T0nm17_reg/C
                               u_fp_domain/u_sram_top/u_itcm/U0/inst_blk_mem_gen/gnbram.gnativebmg.native_blk_mem_gen/valid.cstr/ramloop[1].ram.r/prim_init.ram/DEVICE_8SERIES.NO_BMM_INFO.SP.SIMPLE_PRIM36.ram/ENARDEN
                                                              9.858         
u_fp_domain/u_CORTEXM3INTEGRATION/u_cortexm3ds_logic/T0nm17_reg/C
                               u_fp_domain/u_CORTEXM3INTEGRATION/u_cortexm3ds_logic/Bijnz6_reg/D
                                                              9.859         
u_fp_domain/u_CORTEXM3INTEGRATION/u_cortexm3ds_logic/T0nm17_reg/C
                               u_fp_domain/u_CORTEXM3INTEGRATION/u_cortexm3ds_logic/Jdhzz6_reg/D
                                                              9.860         
u_fp_domain/u_CORTEXM3INTEGRATION/u_cortexm3ds_logic/T0nm17_reg/C
                               u_fp_domain/u_CORTEXM3INTEGRATION/u_cortexm3ds_logic/Rfboz6_reg/D
                                                              9.860         
u_fp_domain/u_CORTEXM3INTEGRATION/u_cortexm3ds_logic/T0nm17_reg/C
                               u_fp_domain/u_CORTEXM3INTEGRATION/u_cortexm3ds_logic/U63107_reg/CE
                                                              9.862         
u_fp_domain/u_CORTEXM3INTEGRATION/u_cortexm3ds_logic/T0nm17_reg/C
                               u_fp_domain/u_CORTEXM3INTEGRATION/u_cortexm3ds_logic/W03107_reg/CE
                                                              9.862         
u_fp_domain/u_CORTEXM3INTEGRATION/u_cortexm3ds_logic/T0nm17_reg/C
                               u_fp_domain/u_CORTEXM3INTEGRATION/u_cortexm3ds_logic/W2vnz6_reg/D
                                                              9.865         
u_fp_domain/u_CORTEXM3INTEGRATION/u_cortexm3ds_logic/T0nm17_reg/C
                               u_fp_domain/u_sram_top/u_dtcm/U0/inst_blk_mem_gen/gnbram.gnativebmg.native_blk_mem_gen/valid.cstr/ramloop[8].ram.r/prim_init.ram/DEVICE_8SERIES.NO_BMM_INFO.SP.SIMPLE_PRIM36.ram/ADDRARDADDR[10]
                                                              9.874         
u_fp_domain/u_CORTEXM3INTEGRATION/u_cortexm3ds_logic/T0nm17_reg/C
                               u_fp_domain/u_sram_top/u_dtcm/U0/inst_blk_mem_gen/gnbram.gnativebmg.native_blk_mem_gen/valid.cstr/ramloop[29].ram.r/prim_init.ram/DEVICE_8SERIES.NO_BMM_INFO.SP.SIMPLE_PRIM36.ram/ADDRARDADDR[12]
                                                              9.875         
u_fp_domain/u_CORTEXM3INTEGRATION/u_cortexm3ds_logic/T0nm17_reg/C
                               u_fp_domain/u_sram_top/u_dtcm/U0/inst_blk_mem_gen/gnbram.gnativebmg.native_blk_mem_gen/valid.cstr/ramloop[8].ram.r/prim_init.ram/DEVICE_8SERIES.NO_BMM_INFO.SP.SIMPLE_PRIM36.ram/ADDRARDADDR[7]
                                                              9.875         
u_fp_domain/u_CORTEXM3INTEGRATION/u_cortexm3ds_logic/T0nm17_reg/C
                               u_fp_domain/u_sram_top/u_dtcm/U0/inst_blk_mem_gen/gnbram.gnativebmg.native_blk_mem_gen/valid.cstr/ramloop[31].ram.r/prim_init.ram/DEVICE_8SERIES.NO_BMM_INFO.SP.SIMPLE_PRIM36.ram/ADDRARDADDR[9]
                                                              9.879         
u_fp_domain/u_CORTEXM3INTEGRATION/u_cortexm3ds_logic/T0nm17_reg/C
                               u_fp_domain/u_sram_top/u_dtcm/U0/inst_blk_mem_gen/gnbram.gnativebmg.native_blk_mem_gen/valid.cstr/ramloop[4].ram.r/prim_init.ram/DEVICE_8SERIES.NO_BMM_INFO.SP.SIMPLE_PRIM36.ram/ADDRARDADDR[9]
                                                              9.888         
u_fp_domain/u_CORTEXM3INTEGRATION/u_cortexm3ds_logic/T0nm17_reg/C
                               u_fp_domain/u_sram_top/u_dtcm/U0/inst_blk_mem_gen/gnbram.gnativebmg.native_blk_mem_gen/valid.cstr/ramloop[14].ram.r/prim_init.ram/DEVICE_8SERIES.NO_BMM_INFO.SP.SIMPLE_PRIM36.ram/ADDRARDADDR[10]
                                                              9.893         
u_fp_domain/u_CORTEXM3INTEGRATION/u_cortexm3ds_logic/T0nm17_reg/C
                               u_fp_domain/u_sram_top/u_dtcm/U0/inst_blk_mem_gen/gnbram.gnativebmg.native_blk_mem_gen/valid.cstr/ramloop[15].ram.r/prim_init.ram/DEVICE_8SERIES.NO_BMM_INFO.SP.SIMPLE_PRIM36.ram/ADDRARDADDR[7]
                                                              9.894         
u_fp_domain/u_CORTEXM3INTEGRATION/u_cortexm3ds_logic/T0nm17_reg/C
                               u_fp_domain/u_sram_top/u_dtcm/U0/inst_blk_mem_gen/gnbram.gnativebmg.native_blk_mem_gen/valid.cstr/ramloop[31].ram.r/prim_init.ram/DEVICE_8SERIES.NO_BMM_INFO.SP.SIMPLE_PRIM36.ram/ADDRARDADDR[8]
                                                              9.894         
u_fp_domain/u_CORTEXM3INTEGRATION/u_cortexm3ds_logic/T0nm17_reg/C
                               u_fp_domain/u_CORTEXM3INTEGRATION/u_cortexm3ds_logic/Ho5nz6_reg/D
                                                              9.896         
u_fp_domain/u_CORTEXM3INTEGRATION/u_cortexm3ds_logic/T0nm17_reg/C
                               u_fp_domain/u_sram_top/u_dtcm/U0/inst_blk_mem_gen/gnbram.gnativebmg.native_blk_mem_gen/valid.cstr/ramloop[12].ram.r/prim_init.ram/DEVICE_8SERIES.NO_BMM_INFO.SP.SIMPLE_PRIM36.ram/ADDRARDADDR[14]
                                                              9.899         
u_fp_domain/u_CORTEXM3INTEGRATION/u_cortexm3ds_logic/T0nm17_reg/C
                               u_fp_domain/u_sram_top/u_dtcm/U0/inst_blk_mem_gen/gnbram.gnativebmg.native_blk_mem_gen/valid.cstr/ramloop[14].ram.r/prim_init.ram/DEVICE_8SERIES.NO_BMM_INFO.SP.SIMPLE_PRIM36.ram/WEA[0]
                                                              9.901         
u_fp_domain/u_CORTEXM3INTEGRATION/u_cortexm3ds_logic/T0nm17_reg/C
                               u_fp_domain/u_sram_top/u_dtcm/U0/inst_blk_mem_gen/gnbram.gnativebmg.native_blk_mem_gen/valid.cstr/ramloop[15].ram.r/prim_init.ram/DEVICE_8SERIES.NO_BMM_INFO.SP.SIMPLE_PRIM36.ram/ADDRARDADDR[13]
                                                              9.904         
u_fp_domain/u_CORTEXM3INTEGRATION/u_cortexm3ds_logic/T0nm17_reg/C
                               u_fp_domain/u_CORTEXM3INTEGRATION/u_cortexm3ds_logic/Fcsnz6_reg/D
                                                              9.906         
u_fp_domain/u_CORTEXM3INTEGRATION/u_cortexm3ds_logic/T0nm17_reg/C
                               u_fp_domain/u_sram_top/u_dtcm/U0/inst_blk_mem_gen/gnbram.gnativebmg.native_blk_mem_gen/valid.cstr/ramloop[15].ram.r/prim_init.ram/DEVICE_8SERIES.NO_BMM_INFO.SP.SIMPLE_PRIM36.ram/ADDRARDADDR[11]
                                                              9.907         
u_fp_domain/u_CORTEXM3INTEGRATION/u_cortexm3ds_logic/T0nm17_reg/C
                               u_fp_domain/u_sram_top/u_dtcm/U0/inst_blk_mem_gen/gnbram.gnativebmg.native_blk_mem_gen/valid.cstr/ramloop[28].ram.r/prim_init.ram/DEVICE_8SERIES.NO_BMM_INFO.SP.SIMPLE_PRIM36.ram/ADDRARDADDR[11]
                                                              9.910         
u_fp_domain/u_CORTEXM3INTEGRATION/u_cortexm3ds_logic/T0nm17_reg/C
                               u_fp_domain/u_CORTEXM3INTEGRATION/u_cortexm3ds_logic/E36oz6_reg/D
                                                              9.910         
u_fp_domain/u_CORTEXM3INTEGRATION/u_cortexm3ds_logic/T0nm17_reg/C
                               u_fp_domain/u_sram_top/u_dtcm/U0/inst_blk_mem_gen/gnbram.gnativebmg.native_blk_mem_gen/valid.cstr/ramloop[28].ram.r/prim_init.ram/DEVICE_8SERIES.NO_BMM_INFO.SP.SIMPLE_PRIM36.ram/ADDRARDADDR[4]
                                                              9.915         
u_fp_domain/u_CORTEXM3INTEGRATION/u_cortexm3ds_logic/T0nm17_reg/C
                               u_fp_domain/u_sram_top/u_itcm/U0/inst_blk_mem_gen/gnbram.gnativebmg.native_blk_mem_gen/valid.cstr/ramloop[21].ram.r/prim_init.ram/DEVICE_8SERIES.NO_BMM_INFO.SP.SIMPLE_PRIM36.ram/ENARDEN
                                                              9.916         
u_fp_domain/u_CORTEXM3INTEGRATION/u_cortexm3ds_logic/T0nm17_reg/C
                               u_fp_domain/u_sram_top/u_dtcm/U0/inst_blk_mem_gen/gnbram.gnativebmg.native_blk_mem_gen/valid.cstr/ramloop[14].ram.r/prim_init.ram/DEVICE_8SERIES.NO_BMM_INFO.SP.SIMPLE_PRIM36.ram/ADDRARDADDR[14]
                                                              9.916         
u_fp_domain/u_CORTEXM3INTEGRATION/u_cortexm3ds_logic/T0nm17_reg/C
                               u_fp_domain/u_CORTEXM3INTEGRATION/u_cortexm3ds_logic/Mjhzz6_reg/D
                                                              9.917         
u_fp_domain/u_CORTEXM3INTEGRATION/u_cortexm3ds_logic/T0nm17_reg/C
                               u_fp_domain/u_sram_top/u_dtcm/U0/inst_blk_mem_gen/gnbram.gnativebmg.native_blk_mem_gen/valid.cstr/ramloop[31].ram.r/prim_init.ram/DEVICE_8SERIES.NO_BMM_INFO.SP.SIMPLE_PRIM36.ram/ADDRARDADDR[13]
                                                              9.918         
u_fp_domain/u_CORTEXM3INTEGRATION/u_cortexm3ds_logic/T0nm17_reg/C
                               u_fp_domain/u_CORTEXM3INTEGRATION/u_cortexm3ds_logic/Yh4g07_reg/D
                                                              9.920         
u_fp_domain/u_CORTEXM3INTEGRATION/u_cortexm3ds_logic/T0nm17_reg/C
                               u_fp_domain/u_sram_top/u_itcm/U0/inst_blk_mem_gen/gnbram.gnativebmg.native_blk_mem_gen/valid.cstr/ramloop[1].ram.r/prim_init.ram/DEVICE_8SERIES.NO_BMM_INFO.SP.SIMPLE_PRIM36.ram/WEA[0]
                                                              9.921         
u_fp_domain/u_CORTEXM3INTEGRATION/u_cortexm3ds_logic/T0nm17_reg/C
                               u_fp_domain/u_sram_top/u_dtcm/U0/inst_blk_mem_gen/gnbram.gnativebmg.native_blk_mem_gen/valid.cstr/ramloop[18].ram.r/prim_init.ram/DEVICE_8SERIES.NO_BMM_INFO.SP.SIMPLE_PRIM36.ram/ADDRARDADDR[7]
                                                              9.923         
u_fp_domain/u_CORTEXM3INTEGRATION/u_cortexm3ds_logic/T0nm17_reg/C
                               u_fp_domain/u_CORTEXM3INTEGRATION/u_cortexm3ds_logic/T93107_reg/CE
                                                              9.923         
u_fp_domain/u_CORTEXM3INTEGRATION/u_cortexm3ds_logic/T0nm17_reg/C
                               u_fp_domain/u_sram_top/u_dtcm/U0/inst_blk_mem_gen/gnbram.gnativebmg.native_blk_mem_gen/valid.cstr/ramloop[14].ram.r/prim_init.ram/DEVICE_8SERIES.NO_BMM_INFO.SP.SIMPLE_PRIM36.ram/ADDRARDADDR[8]
                                                              9.923         
u_fp_domain/u_CORTEXM3INTEGRATION/u_cortexm3ds_logic/T0nm17_reg/C
                               u_fp_domain/u_sram_top/u_dtcm/U0/inst_blk_mem_gen/gnbram.gnativebmg.native_blk_mem_gen/valid.cstr/ramloop[22].ram.r/prim_init.ram/DEVICE_8SERIES.NO_BMM_INFO.SP.SIMPLE_PRIM36.ram/ADDRARDADDR[9]
                                                              9.924         
u_fp_domain/u_CORTEXM3INTEGRATION/u_cortexm3ds_logic/T0nm17_reg/C
                               u_fp_domain/u_sram_top/u_dtcm/U0/inst_blk_mem_gen/gnbram.gnativebmg.native_blk_mem_gen/valid.cstr/ramloop[4].ram.r/prim_init.ram/DEVICE_8SERIES.NO_BMM_INFO.SP.SIMPLE_PRIM36.ram/ADDRARDADDR[3]
                                                              9.924         
u_fp_domain/u_CORTEXM3INTEGRATION/u_cortexm3ds_logic/T0nm17_reg/C
                               u_fp_domain/u_sram_top/u_dtcm/U0/inst_blk_mem_gen/gnbram.gnativebmg.native_blk_mem_gen/valid.cstr/ramloop[14].ram.r/prim_init.ram/DEVICE_8SERIES.NO_BMM_INFO.SP.SIMPLE_PRIM36.ram/ADDRARDADDR[6]
                                                              9.925         
u_fp_domain/u_CORTEXM3INTEGRATION/u_cortexm3ds_logic/T0nm17_reg/C
                               u_fp_domain/u_sram_top/u_itcm/U0/inst_blk_mem_gen/gnbram.gnativebmg.native_blk_mem_gen/valid.cstr/ramloop[30].ram.r/prim_init.ram/DEVICE_8SERIES.NO_BMM_INFO.SP.SIMPLE_PRIM36.ram/ENARDEN
                                                              9.927         
u_fp_domain/u_CORTEXM3INTEGRATION/u_cortexm3ds_logic/T0nm17_reg/C
                               u_fp_domain/u_CORTEXM3INTEGRATION/u_cortexm3ds_logic/Sc3107_reg/CE
                                                              9.927         
u_fp_domain/u_CORTEXM3INTEGRATION/u_cortexm3ds_logic/T0nm17_reg/C
                               u_fp_domain/u_sram_top/u_dtcm/U0/inst_blk_mem_gen/gnbram.gnativebmg.native_blk_mem_gen/valid.cstr/ramloop[22].ram.r/prim_init.ram/DEVICE_8SERIES.NO_BMM_INFO.SP.SIMPLE_PRIM36.ram/WEA[0]
                                                              9.931         
u_fp_domain/u_CORTEXM3INTEGRATION/u_cortexm3ds_logic/T0nm17_reg/C
                               u_fp_domain/u_sram_top/u_dtcm/U0/inst_blk_mem_gen/gnbram.gnativebmg.native_blk_mem_gen/valid.cstr/ramloop[4].ram.r/prim_init.ram/DEVICE_8SERIES.NO_BMM_INFO.SP.SIMPLE_PRIM36.ram/ADDRARDADDR[11]
                                                              9.931         
u_fp_domain/u_CORTEXM3INTEGRATION/u_cortexm3ds_logic/T0nm17_reg/C
                               u_fp_domain/u_CORTEXM3INTEGRATION/u_cortexm3ds_logic/Aw2nz6_reg_rep/D
                                                              9.931         
u_fp_domain/u_CORTEXM3INTEGRATION/u_cortexm3ds_logic/T0nm17_reg/C
                               u_fp_domain/u_sram_top/u_dtcm/U0/inst_blk_mem_gen/gnbram.gnativebmg.native_blk_mem_gen/valid.cstr/ramloop[5].ram.r/prim_init.ram/DEVICE_8SERIES.NO_BMM_INFO.SP.SIMPLE_PRIM36.ram/ADDRARDADDR[3]
                                                              9.932         
u_fp_domain/u_CORTEXM3INTEGRATION/u_cortexm3ds_logic/T0nm17_reg/C
                               u_fp_domain/u_sram_top/u_dtcm/U0/inst_blk_mem_gen/gnbram.gnativebmg.native_blk_mem_gen/valid.cstr/ramloop[31].ram.r/prim_init.ram/DEVICE_8SERIES.NO_BMM_INFO.SP.SIMPLE_PRIM36.ram/ADDRARDADDR[3]
                                                              9.933         
u_fp_domain/u_CORTEXM3INTEGRATION/u_cortexm3ds_logic/T0nm17_reg/C
                               u_fp_domain/u_CORTEXM3INTEGRATION/u_cortexm3ds_logic/Aw2nz6_reg_rep__0/D
                                                              9.938         
u_fp_domain/u_CORTEXM3INTEGRATION/u_cortexm3ds_logic/T0nm17_reg/C
                               u_fp_domain/u_CORTEXM3INTEGRATION/u_cortexm3ds_logic/Kc5nz6_reg/D
                                                              9.939         
u_fp_domain/u_CORTEXM3INTEGRATION/u_cortexm3ds_logic/T0nm17_reg/C
                               u_fp_domain/u_sram_top/u_dtcm/U0/inst_blk_mem_gen/gnbram.gnativebmg.native_blk_mem_gen/valid.cstr/ramloop[15].ram.r/prim_init.ram/DEVICE_8SERIES.NO_BMM_INFO.SP.SIMPLE_PRIM36.ram/ADDRARDADDR[14]
                                                              9.940         
u_fp_domain/u_CORTEXM3INTEGRATION/u_cortexm3ds_logic/T0nm17_reg/C
                               u_fp_domain/u_CORTEXM3INTEGRATION/u_cortexm3ds_logic/Xk4g07_reg/D
                                                              9.941         
u_fp_domain/u_CORTEXM3INTEGRATION/u_cortexm3ds_logic/T0nm17_reg/C
                               u_fp_domain/u_sram_top/u_dtcm/U0/inst_blk_mem_gen/gnbram.gnativebmg.native_blk_mem_gen/valid.cstr/ramloop[24].ram.r/prim_init.ram/DEVICE_8SERIES.NO_BMM_INFO.SP.SIMPLE_PRIM36.ram/ADDRARDADDR[5]
                                                              9.941         
u_fp_domain/u_CORTEXM3INTEGRATION/u_cortexm3ds_logic/T0nm17_reg/C
                               u_fp_domain/u_sram_top/u_dtcm/U0/inst_blk_mem_gen/gnbram.gnativebmg.native_blk_mem_gen/valid.cstr/ramloop[18].ram.r/prim_init.ram/DEVICE_8SERIES.NO_BMM_INFO.SP.SIMPLE_PRIM36.ram/ADDRARDADDR[6]
                                                              9.942         
u_fp_domain/u_CORTEXM3INTEGRATION/u_cortexm3ds_logic/T0nm17_reg/C
                               u_fp_domain/u_CORTEXM3INTEGRATION/u_cortexm3ds_logic/P29oz6_reg/D
                                                              9.944         
u_fp_domain/u_CORTEXM3INTEGRATION/u_cortexm3ds_logic/T0nm17_reg/C
                               u_fp_domain/u_sram_top/u_dtcm/U0/inst_blk_mem_gen/gnbram.gnativebmg.native_blk_mem_gen/valid.cstr/ramloop[18].ram.r/prim_init.ram/DEVICE_8SERIES.NO_BMM_INFO.SP.SIMPLE_PRIM36.ram/ADDRARDADDR[8]
                                                              9.944         
u_fp_domain/u_CORTEXM3INTEGRATION/u_cortexm3ds_logic/T0nm17_reg/C
                               u_fp_domain/u_sram_top/u_dtcm/U0/inst_blk_mem_gen/gnbram.gnativebmg.native_blk_mem_gen/valid.cstr/ramloop[31].ram.r/prim_init.ram/DEVICE_8SERIES.NO_BMM_INFO.SP.SIMPLE_PRIM36.ram/ADDRARDADDR[6]
                                                              9.947         
u_fp_domain/u_CORTEXM3INTEGRATION/u_cortexm3ds_logic/T0nm17_reg/C
                               u_fp_domain/u_sram_top/u_dtcm/U0/inst_blk_mem_gen/gnbram.gnativebmg.native_blk_mem_gen/valid.cstr/ramloop[14].ram.r/prim_init.ram/DEVICE_8SERIES.NO_BMM_INFO.SP.SIMPLE_PRIM36.ram/ADDRARDADDR[4]
                                                              9.949         
u_fp_domain/u_CORTEXM3INTEGRATION/u_cortexm3ds_logic/T0nm17_reg/C
                               u_fp_domain/u_CORTEXM3INTEGRATION/u_cortexm3ds_logic/Aw2nz6_reg/D
                                                              9.953         
u_fp_domain/u_CORTEXM3INTEGRATION/u_cortexm3ds_logic/T0nm17_reg/C
                               u_fp_domain/u_sram_top/u_itcm/U0/inst_blk_mem_gen/gnbram.gnativebmg.native_blk_mem_gen/valid.cstr/ramloop[15].ram.r/prim_init.ram/DEVICE_8SERIES.NO_BMM_INFO.SP.SIMPLE_PRIM36.ram/ENARDEN
                                                              9.954         
u_fp_domain/u_CORTEXM3INTEGRATION/u_cortexm3ds_logic/T0nm17_reg/C
                               u_fp_domain/u_sram_top/u_itcm/U0/inst_blk_mem_gen/gnbram.gnativebmg.native_blk_mem_gen/valid.cstr/ramloop[1].ram.r/prim_init.ram/DEVICE_8SERIES.NO_BMM_INFO.SP.SIMPLE_PRIM36.ram/ADDRARDADDR[12]
                                                              9.956         
u_fp_domain/u_CORTEXM3INTEGRATION/u_cortexm3ds_logic/T0nm17_reg/C
                               u_fp_domain/u_CORTEXM3INTEGRATION/u_cortexm3ds_logic/Tu7oz6_reg/D
                                                              9.957         
u_fp_domain/u_CORTEXM3INTEGRATION/u_cortexm3ds_logic/T0nm17_reg/C
                               u_fp_domain/u_CORTEXM3INTEGRATION/u_cortexm3ds_logic/Uy5g07_reg/D
                                                              9.959         
u_fp_domain/u_CORTEXM3INTEGRATION/u_cortexm3ds_logic/T0nm17_reg/C
                               u_fp_domain/u_sram_top/u_dtcm/U0/inst_blk_mem_gen/gnbram.gnativebmg.native_blk_mem_gen/valid.cstr/ramloop[4].ram.r/prim_init.ram/DEVICE_8SERIES.NO_BMM_INFO.SP.SIMPLE_PRIM36.ram/WEA[0]
                                                              9.966         
u_fp_domain/u_CORTEXM3INTEGRATION/u_cortexm3ds_logic/T0nm17_reg/C
                               u_fp_domain/u_sram_top/u_dtcm/U0/inst_blk_mem_gen/gnbram.gnativebmg.native_blk_mem_gen/valid.cstr/ramloop[24].ram.r/prim_init.ram/DEVICE_8SERIES.NO_BMM_INFO.SP.SIMPLE_PRIM36.ram/ADDRARDADDR[9]
                                                              9.966         
u_fp_domain/u_CORTEXM3INTEGRATION/u_cortexm3ds_logic/T0nm17_reg/C
                               u_fp_domain/u_sram_top/u_dtcm/U0/inst_blk_mem_gen/gnbram.gnativebmg.native_blk_mem_gen/valid.cstr/ramloop[27].ram.r/prim_init.ram/DEVICE_8SERIES.NO_BMM_INFO.SP.SIMPLE_PRIM36.ram/ADDRARDADDR[12]
                                                              9.968         
u_fp_domain/u_CORTEXM3INTEGRATION/u_cortexm3ds_logic/T0nm17_reg/C
                               u_fp_domain/u_sram_top/u_dtcm/U0/inst_blk_mem_gen/gnbram.gnativebmg.native_blk_mem_gen/valid.cstr/ramloop[1].ram.r/prim_init.ram/DEVICE_8SERIES.NO_BMM_INFO.SP.SIMPLE_PRIM36.ram/WEA[0]
                                                              9.968         
u_fp_domain/u_CORTEXM3INTEGRATION/u_cortexm3ds_logic/T0nm17_reg/C
                               u_fp_domain/u_sram_top/u_dtcm/U0/inst_blk_mem_gen/gnbram.gnativebmg.native_blk_mem_gen/valid.cstr/ramloop[0].ram.r/prim_init.ram/DEVICE_8SERIES.NO_BMM_INFO.SP.SIMPLE_PRIM36.ram/ADDRARDADDR[12]
                                                              9.972         
u_fp_domain/u_CORTEXM3INTEGRATION/u_cortexm3ds_logic/T0nm17_reg/C
                               u_fp_domain/u_CORTEXM3INTEGRATION/u_cortexm3ds_logic/G2uf07_reg/D
                                                              9.975         
u_fp_domain/u_CORTEXM3INTEGRATION/u_cortexm3ds_logic/T0nm17_reg/C
                               u_fp_domain/u_sram_top/u_dtcm/U0/inst_blk_mem_gen/gnbram.gnativebmg.native_blk_mem_gen/valid.cstr/ramloop[31].ram.r/prim_init.ram/DEVICE_8SERIES.NO_BMM_INFO.SP.SIMPLE_PRIM36.ram/ADDRARDADDR[5]
                                                              9.979         
u_fp_domain/u_CORTEXM3INTEGRATION/u_cortexm3ds_logic/T0nm17_reg/C
                               u_fp_domain/u_sram_top/u_dtcm/U0/inst_blk_mem_gen/gnbram.gnativebmg.native_blk_mem_gen/valid.cstr/ramloop[25].ram.r/prim_init.ram/DEVICE_8SERIES.NO_BMM_INFO.SP.SIMPLE_PRIM36.ram/ADDRARDADDR[14]
                                                              9.981         
u_fp_domain/u_CORTEXM3INTEGRATION/u_cortexm3ds_logic/T0nm17_reg/C
                               u_fp_domain/u_sram_top/u_dtcm/U0/inst_blk_mem_gen/gnbram.gnativebmg.native_blk_mem_gen/valid.cstr/ramloop[17].ram.r/prim_init.ram/DEVICE_8SERIES.NO_BMM_INFO.SP.SIMPLE_PRIM36.ram/WEA[0]
                                                              9.981         
u_fp_domain/u_CORTEXM3INTEGRATION/u_cortexm3ds_logic/T0nm17_reg/C
                               u_fp_domain/u_CORTEXM3INTEGRATION/u_cortexm3ds_logic/Vv5g07_reg/D
                                                              9.984         
u_fp_domain/u_CORTEXM3INTEGRATION/u_cortexm3ds_logic/T0nm17_reg/C
                               u_fp_domain/u_sram_top/u_itcm/U0/inst_blk_mem_gen/gnbram.gnativebmg.native_blk_mem_gen/valid.cstr/ramloop[7].ram.r/prim_init.ram/DEVICE_8SERIES.NO_BMM_INFO.SP.SIMPLE_PRIM36.ram/WEA[0]
                                                              9.984         
u_fp_domain/u_CORTEXM3INTEGRATION/u_cortexm3ds_logic/T0nm17_reg/C
                               u_fp_domain/u_sram_top/u_dtcm/U0/inst_blk_mem_gen/gnbram.gnativebmg.native_blk_mem_gen/valid.cstr/ramloop[5].ram.r/prim_init.ram/DEVICE_8SERIES.NO_BMM_INFO.SP.SIMPLE_PRIM36.ram/ADDRARDADDR[12]
                                                              9.984         
u_fp_domain/u_CORTEXM3INTEGRATION/u_cortexm3ds_logic/T0nm17_reg/C
                               u_fp_domain/u_sram_top/u_itcm/U0/inst_blk_mem_gen/gnbram.gnativebmg.native_blk_mem_gen/valid.cstr/ramloop[7].ram.r/prim_init.ram/DEVICE_8SERIES.NO_BMM_INFO.SP.SIMPLE_PRIM36.ram/ENARDEN
                                                              9.984         
u_fp_domain/u_CORTEXM3INTEGRATION/u_cortexm3ds_logic/T0nm17_reg/C
                               u_fp_domain/u_sram_top/u_dtcm/U0/inst_blk_mem_gen/gnbram.gnativebmg.native_blk_mem_gen/valid.cstr/ramloop[0].ram.r/prim_init.ram/DEVICE_8SERIES.NO_BMM_INFO.SP.SIMPLE_PRIM36.ram/ADDRARDADDR[8]
                                                              9.984         
u_fp_domain/u_CORTEXM3INTEGRATION/u_cortexm3ds_logic/T0nm17_reg/C
                               u_fp_domain/u_sram_top/u_dtcm/U0/inst_blk_mem_gen/gnbram.gnativebmg.native_blk_mem_gen/valid.cstr/ramloop[22].ram.r/prim_init.ram/DEVICE_8SERIES.NO_BMM_INFO.SP.SIMPLE_PRIM36.ram/ADDRARDADDR[14]
                                                              9.985         
u_fp_domain/u_CORTEXM3INTEGRATION/u_cortexm3ds_logic/T0nm17_reg/C
                               u_fp_domain/u_CORTEXM3INTEGRATION/u_cortexm3ds_logic/Pzhnz6_reg/D
                                                              9.986         
u_fp_domain/u_CORTEXM3INTEGRATION/u_cortexm3ds_logic/T0nm17_reg/C
                               u_fp_domain/u_sram_top/u_dtcm/U0/inst_blk_mem_gen/gnbram.gnativebmg.native_blk_mem_gen/valid.cstr/ramloop[4].ram.r/prim_init.ram/DEVICE_8SERIES.NO_BMM_INFO.SP.SIMPLE_PRIM36.ram/ADDRARDADDR[7]
                                                              9.986         
u_fp_domain/u_CORTEXM3INTEGRATION/u_cortexm3ds_logic/T0nm17_reg/C
                               u_fp_domain/u_sram_top/u_dtcm/U0/inst_blk_mem_gen/gnbram.gnativebmg.native_blk_mem_gen/valid.cstr/ramloop[0].ram.r/prim_init.ram/DEVICE_8SERIES.NO_BMM_INFO.SP.SIMPLE_PRIM36.ram/ADDRARDADDR[6]
                                                              9.987         
u_fp_domain/u_CORTEXM3INTEGRATION/u_cortexm3ds_logic/T0nm17_reg/C
                               u_fp_domain/u_CORTEXM3INTEGRATION/u_cortexm3ds_logic/S89oz6_reg/D
                                                              9.987         
u_fp_domain/u_CORTEXM3INTEGRATION/u_cortexm3ds_logic/T0nm17_reg/C
                               u_fp_domain/u_sram_top/u_dtcm/U0/inst_blk_mem_gen/gnbram.gnativebmg.native_blk_mem_gen/valid.cstr/ramloop[14].ram.r/prim_init.ram/DEVICE_8SERIES.NO_BMM_INFO.SP.SIMPLE_PRIM36.ram/ADDRARDADDR[7]
                                                              9.991         
u_fp_domain/u_CORTEXM3INTEGRATION/u_cortexm3ds_logic/T0nm17_reg/C
                               u_fp_domain/u_sram_top/u_itcm/U0/inst_blk_mem_gen/gnbram.gnativebmg.native_blk_mem_gen/valid.cstr/ramloop[1].ram.r/prim_init.ram/DEVICE_8SERIES.NO_BMM_INFO.SP.SIMPLE_PRIM36.ram/ADDRARDADDR[3]
                                                              9.993         
u_fp_domain/u_CORTEXM3INTEGRATION/u_cortexm3ds_logic/T0nm17_reg/C
                               u_fp_domain/u_CORTEXM3INTEGRATION/u_cortexm3ds_logic/S5inz6_reg/D
                                                              9.994         
u_fp_domain/u_CORTEXM3INTEGRATION/u_cortexm3ds_logic/T0nm17_reg/C
                               u_fp_domain/u_sram_top/u_dtcm/U0/inst_blk_mem_gen/gnbram.gnativebmg.native_blk_mem_gen/valid.cstr/ramloop[28].ram.r/prim_init.ram/DEVICE_8SERIES.NO_BMM_INFO.SP.SIMPLE_PRIM36.ram/ADDRARDADDR[10]
                                                              9.997         
u_fp_domain/u_CORTEXM3INTEGRATION/u_cortexm3ds_logic/T0nm17_reg/C
                               u_fp_domain/u_sram_top/u_dtcm/U0/inst_blk_mem_gen/gnbram.gnativebmg.native_blk_mem_gen/valid.cstr/ramloop[28].ram.r/prim_init.ram/DEVICE_8SERIES.NO_BMM_INFO.SP.SIMPLE_PRIM36.ram/ADDRARDADDR[7]
                                                              9.998         
u_fp_domain/u_CORTEXM3INTEGRATION/u_cortexm3ds_logic/T0nm17_reg/C
                               u_fp_domain/u_sram_top/u_dtcm/U0/inst_blk_mem_gen/gnbram.gnativebmg.native_blk_mem_gen/valid.cstr/ramloop[29].ram.r/prim_init.ram/DEVICE_8SERIES.NO_BMM_INFO.SP.SIMPLE_PRIM36.ram/ADDRARDADDR[6]
                                                              10.000        
u_fp_domain/u_CORTEXM3INTEGRATION/u_cortexm3ds_logic/T0nm17_reg/C
                               u_fp_domain/u_CORTEXM3INTEGRATION/u_cortexm3ds_logic/Xx2107_reg/CE
                                                              10.003        
u_fp_domain/u_CORTEXM3INTEGRATION/u_cortexm3ds_logic/T0nm17_reg/C
                               u_fp_domain/u_CORTEXM3INTEGRATION/u_cortexm3ds_logic/Vn4g07_reg/D
                                                              10.006        
u_fp_domain/u_CORTEXM3INTEGRATION/u_cortexm3ds_logic/T0nm17_reg/C
                               u_fp_domain/u_sram_top/u_itcm/U0/inst_blk_mem_gen/gnbram.gnativebmg.native_blk_mem_gen/valid.cstr/ramloop[13].ram.r/prim_init.ram/DEVICE_8SERIES.NO_BMM_INFO.SP.SIMPLE_PRIM36.ram/ENARDEN
                                                              10.006        
u_fp_domain/u_CORTEXM3INTEGRATION/u_cortexm3ds_logic/T0nm17_reg/C
                               u_fp_domain/u_sram_top/u_dtcm/U0/inst_blk_mem_gen/gnbram.gnativebmg.native_blk_mem_gen/valid.cstr/ramloop[18].ram.r/prim_init.ram/DEVICE_8SERIES.NO_BMM_INFO.SP.SIMPLE_PRIM36.ram/ADDRARDADDR[13]
                                                              10.006        
u_fp_domain/u_CORTEXM3INTEGRATION/u_cortexm3ds_logic/T0nm17_reg/C
                               u_fp_domain/u_sram_top/u_dtcm/U0/inst_blk_mem_gen/gnbram.gnativebmg.native_blk_mem_gen/valid.cstr/ramloop[26].ram.r/prim_init.ram/DEVICE_8SERIES.NO_BMM_INFO.SP.SIMPLE_PRIM36.ram/ADDRARDADDR[12]
                                                              10.007        
u_fp_domain/u_CORTEXM3INTEGRATION/u_cortexm3ds_logic/T0nm17_reg/C
                               u_fp_domain/u_CORTEXM3INTEGRATION/u_cortexm3ds_logic/Yxloz6_reg/D
                                                              10.008        
u_fp_domain/u_CORTEXM3INTEGRATION/u_cortexm3ds_logic/T0nm17_reg/C
                               u_fp_domain/u_CORTEXM3INTEGRATION/u_cortexm3ds_logic/Ra4g07_reg/D
                                                              10.015        
u_fp_domain/u_CORTEXM3INTEGRATION/u_cortexm3ds_logic/T0nm17_reg/C
                               u_fp_domain/u_sram_top/u_itcm/U0/inst_blk_mem_gen/gnbram.gnativebmg.native_blk_mem_gen/valid.cstr/ramloop[8].ram.r/prim_init.ram/DEVICE_8SERIES.NO_BMM_INFO.SP.SIMPLE_PRIM36.ram/ENARDEN
                                                              10.016        
u_fp_domain/u_CORTEXM3INTEGRATION/u_cortexm3ds_logic/T0nm17_reg/C
                               u_fp_domain/u_sram_top/u_dtcm/U0/inst_blk_mem_gen/gnbram.gnativebmg.native_blk_mem_gen/valid.cstr/ramloop[14].ram.r/prim_init.ram/DEVICE_8SERIES.NO_BMM_INFO.SP.SIMPLE_PRIM36.ram/ADDRARDADDR[13]
                                                              10.018        
u_fp_domain/u_CORTEXM3INTEGRATION/u_cortexm3ds_logic/T0nm17_reg/C
                               u_fp_domain/u_sram_top/u_dtcm/U0/inst_blk_mem_gen/gnbram.gnativebmg.native_blk_mem_gen/valid.cstr/ramloop[0].ram.r/prim_init.ram/DEVICE_8SERIES.NO_BMM_INFO.SP.SIMPLE_PRIM36.ram/ADDRARDADDR[9]
                                                              10.022        
u_fp_domain/u_CORTEXM3INTEGRATION/u_cortexm3ds_logic/T0nm17_reg/C
                               u_fp_domain/u_sram_top/u_dtcm/U0/inst_blk_mem_gen/gnbram.gnativebmg.native_blk_mem_gen/valid.cstr/ramloop[5].ram.r/prim_init.ram/DEVICE_8SERIES.NO_BMM_INFO.SP.SIMPLE_PRIM36.ram/ADDRARDADDR[4]
                                                              10.026        
u_fp_domain/u_CORTEXM3INTEGRATION/u_cortexm3ds_logic/T0nm17_reg/C
                               u_fp_domain/u_CORTEXM3INTEGRATION/u_cortexm3ds_logic/Iixzz6_reg/D
                                                              10.028        
u_fp_domain/u_CORTEXM3INTEGRATION/u_cortexm3ds_logic/T0nm17_reg/C
                               u_fp_domain/u_CORTEXM3INTEGRATION/u_cortexm3ds_logic/Sd0007_reg/D
                                                              10.033        
u_fp_domain/u_CORTEXM3INTEGRATION/u_cortexm3ds_logic/T0nm17_reg/C
                               u_fp_domain/u_sram_top/u_dtcm/U0/inst_blk_mem_gen/gnbram.gnativebmg.native_blk_mem_gen/valid.cstr/ramloop[29].ram.r/prim_init.ram/DEVICE_8SERIES.NO_BMM_INFO.SP.SIMPLE_PRIM36.ram/ADDRARDADDR[13]
                                                              10.037        
u_fp_domain/u_CORTEXM3INTEGRATION/u_cortexm3ds_logic/T0nm17_reg/C
                               u_fp_domain/u_sram_top/u_dtcm/U0/inst_blk_mem_gen/gnbram.gnativebmg.native_blk_mem_gen/valid.cstr/ramloop[18].ram.r/prim_init.ram/DEVICE_8SERIES.NO_BMM_INFO.SP.SIMPLE_PRIM36.ram/ADDRARDADDR[11]
                                                              10.039        
u_fp_domain/u_CORTEXM3INTEGRATION/u_cortexm3ds_logic/T0nm17_reg/C
                               u_fp_domain/u_sram_top/u_dtcm/U0/inst_blk_mem_gen/gnbram.gnativebmg.native_blk_mem_gen/valid.cstr/ramloop[22].ram.r/prim_init.ram/DEVICE_8SERIES.NO_BMM_INFO.SP.SIMPLE_PRIM36.ram/ADDRARDADDR[7]
                                                              10.045        
u_fp_domain/u_CORTEXM3INTEGRATION/u_cortexm3ds_logic/T0nm17_reg/C
                               u_fp_domain/u_sram_top/u_itcm/U0/inst_blk_mem_gen/gnbram.gnativebmg.native_blk_mem_gen/valid.cstr/ramloop[4].ram.r/prim_init.ram/DEVICE_8SERIES.NO_BMM_INFO.SP.SIMPLE_PRIM36.ram/WEA[0]
                                                              10.047        
u_fp_domain/u_CORTEXM3INTEGRATION/u_cortexm3ds_logic/T0nm17_reg/C
                               u_fp_domain/u_sram_top/u_dtcm/U0/inst_blk_mem_gen/gnbram.gnativebmg.native_blk_mem_gen/valid.cstr/ramloop[29].ram.r/prim_init.ram/DEVICE_8SERIES.NO_BMM_INFO.SP.SIMPLE_PRIM36.ram/ADDRARDADDR[9]
                                                              10.047        
u_fp_domain/u_CORTEXM3INTEGRATION/u_cortexm3ds_logic/T0nm17_reg/C
                               u_fp_domain/u_sram_top/u_dtcm/U0/inst_blk_mem_gen/gnbram.gnativebmg.native_blk_mem_gen/valid.cstr/ramloop[20].ram.r/prim_init.ram/DEVICE_8SERIES.NO_BMM_INFO.SP.SIMPLE_PRIM36.ram/WEA[0]
                                                              10.050        
u_fp_domain/u_CORTEXM3INTEGRATION/u_cortexm3ds_logic/T0nm17_reg/C
                               u_fp_domain/u_sram_top/u_dtcm/U0/inst_blk_mem_gen/gnbram.gnativebmg.native_blk_mem_gen/valid.cstr/ramloop[31].ram.r/prim_init.ram/DEVICE_8SERIES.NO_BMM_INFO.SP.SIMPLE_PRIM36.ram/ADDRARDADDR[11]
                                                              10.050        
u_fp_domain/u_CORTEXM3INTEGRATION/u_cortexm3ds_logic/T0nm17_reg/C
                               u_fp_domain/u_sram_top/u_dtcm/U0/inst_blk_mem_gen/gnbram.gnativebmg.native_blk_mem_gen/valid.cstr/ramloop[29].ram.r/prim_init.ram/DEVICE_8SERIES.NO_BMM_INFO.SP.SIMPLE_PRIM36.ram/ADDRARDADDR[14]
                                                              10.054        
u_fp_domain/u_CORTEXM3INTEGRATION/u_cortexm3ds_logic/T0nm17_reg/C
                               u_fp_domain/u_sram_top/u_dtcm/U0/inst_blk_mem_gen/gnbram.gnativebmg.native_blk_mem_gen/valid.cstr/ramloop[18].ram.r/prim_init.ram/DEVICE_8SERIES.NO_BMM_INFO.SP.SIMPLE_PRIM36.ram/ADDRARDADDR[10]
                                                              10.057        
u_fp_domain/u_CORTEXM3INTEGRATION/u_cortexm3ds_logic/T0nm17_reg/C
                               u_fp_domain/u_sram_top/u_dtcm/U0/inst_blk_mem_gen/gnbram.gnativebmg.native_blk_mem_gen/valid.cstr/ramloop[31].ram.r/prim_init.ram/DEVICE_8SERIES.NO_BMM_INFO.SP.SIMPLE_PRIM36.ram/ADDRARDADDR[7]
                                                              10.057        
u_fp_domain/u_CORTEXM3INTEGRATION/u_cortexm3ds_logic/T0nm17_reg/C
                               u_fp_domain/u_CORTEXM3INTEGRATION/u_cortexm3ds_logic/As2107_reg/D
                                                              10.061        
u_fp_domain/u_CORTEXM3INTEGRATION/u_cortexm3ds_logic/T0nm17_reg/C
                               u_fp_domain/u_sram_top/u_itcm/U0/inst_blk_mem_gen/gnbram.gnativebmg.native_blk_mem_gen/valid.cstr/ramloop[4].ram.r/prim_init.ram/DEVICE_8SERIES.NO_BMM_INFO.SP.SIMPLE_PRIM36.ram/ADDRARDADDR[3]
                                                              10.062        
u_fp_domain/u_CORTEXM3INTEGRATION/u_cortexm3ds_logic/T0nm17_reg/C
                               u_fp_domain/u_sram_top/u_dtcm/U0/inst_blk_mem_gen/gnbram.gnativebmg.native_blk_mem_gen/valid.cstr/ramloop[0].ram.r/prim_init.ram/DEVICE_8SERIES.NO_BMM_INFO.SP.SIMPLE_PRIM36.ram/ADDRARDADDR[3]
                                                              10.063        
u_fp_domain/u_CORTEXM3INTEGRATION/u_cortexm3ds_logic/T0nm17_reg/C
                               u_fp_domain/u_sram_top/u_dtcm/U0/inst_blk_mem_gen/gnbram.gnativebmg.native_blk_mem_gen/valid.cstr/ramloop[18].ram.r/prim_init.ram/DEVICE_8SERIES.NO_BMM_INFO.SP.SIMPLE_PRIM36.ram/ADDRARDADDR[3]
                                                              10.064        
u_fp_domain/u_CORTEXM3INTEGRATION/u_cortexm3ds_logic/T0nm17_reg/C
                               u_fp_domain/u_sram_top/u_dtcm/U0/inst_blk_mem_gen/gnbram.gnativebmg.native_blk_mem_gen/valid.cstr/ramloop[22].ram.r/prim_init.ram/DEVICE_8SERIES.NO_BMM_INFO.SP.SIMPLE_PRIM36.ram/ADDRARDADDR[6]
                                                              10.064        
u_fp_domain/u_CORTEXM3INTEGRATION/u_cortexm3ds_logic/T0nm17_reg/C
                               u_fp_domain/u_CORTEXM3INTEGRATION/u_cortexm3ds_logic/G5tnz6_reg/D
                                                              10.065        
u_fp_domain/u_CORTEXM3INTEGRATION/u_cortexm3ds_logic/T0nm17_reg/C
                               u_fp_domain/u_sram_top/u_dtcm/U0/inst_blk_mem_gen/gnbram.gnativebmg.native_blk_mem_gen/valid.cstr/ramloop[22].ram.r/prim_init.ram/DEVICE_8SERIES.NO_BMM_INFO.SP.SIMPLE_PRIM36.ram/ADDRARDADDR[8]
                                                              10.066        
u_fp_domain/u_CORTEXM3INTEGRATION/u_cortexm3ds_logic/T0nm17_reg/C
                               u_fp_domain/u_CORTEXM3INTEGRATION/u_cortexm3ds_logic/Yronz6_reg/D
                                                              10.066        
u_fp_domain/u_CORTEXM3INTEGRATION/u_cortexm3ds_logic/T0nm17_reg/C
                               u_fp_domain/u_sram_top/u_dtcm/U0/inst_blk_mem_gen/gnbram.gnativebmg.native_blk_mem_gen/valid.cstr/ramloop[29].ram.r/prim_init.ram/DEVICE_8SERIES.NO_BMM_INFO.SP.SIMPLE_PRIM36.ram/ADDRARDADDR[8]
                                                              10.068        
u_fp_domain/u_CORTEXM3INTEGRATION/u_cortexm3ds_logic/T0nm17_reg/C
                               u_fp_domain/u_sram_top/u_itcm/U0/inst_blk_mem_gen/gnbram.gnativebmg.native_blk_mem_gen/valid.cstr/ramloop[1].ram.r/prim_init.ram/DEVICE_8SERIES.NO_BMM_INFO.SP.SIMPLE_PRIM36.ram/ADDRARDADDR[9]
                                                              10.069        
u_fp_domain/u_CORTEXM3INTEGRATION/u_cortexm3ds_logic/T0nm17_reg/C
                               u_fp_domain/u_CORTEXM3INTEGRATION/u_cortexm3ds_logic/Ewsnz6_reg/D
                                                              10.071        
u_fp_domain/u_CORTEXM3INTEGRATION/u_cortexm3ds_logic/T0nm17_reg/C
                               u_fp_domain/u_sram_top/u_dtcm/U0/inst_blk_mem_gen/gnbram.gnativebmg.native_blk_mem_gen/valid.cstr/ramloop[8].ram.r/prim_init.ram/DEVICE_8SERIES.NO_BMM_INFO.SP.SIMPLE_PRIM36.ram/ADDRARDADDR[14]
                                                              10.071        
u_fp_domain/u_CORTEXM3INTEGRATION/u_cortexm3ds_logic/Fz6oz6_reg/C
                               u_fp_domain/u_CORTEXM3INTEGRATION/u_cortexm3ds_logic/Jvgzz6_reg/D
                                                              10.074        
u_fp_domain/u_CORTEXM3INTEGRATION/u_cortexm3ds_logic/T0nm17_reg/C
                               u_fp_domain/u_sram_top/u_itcm/U0/inst_blk_mem_gen/gnbram.gnativebmg.native_blk_mem_gen/valid.cstr/ramloop[17].ram.r/prim_init.ram/DEVICE_8SERIES.NO_BMM_INFO.SP.SIMPLE_PRIM36.ram/ENARDEN
                                                              10.077        
u_fp_domain/u_CORTEXM3INTEGRATION/u_cortexm3ds_logic/T0nm17_reg/C
                               u_fp_domain/u_sram_top/u_itcm/U0/inst_blk_mem_gen/gnbram.gnativebmg.native_blk_mem_gen/valid.cstr/ramloop[19].ram.r/prim_init.ram/DEVICE_8SERIES.NO_BMM_INFO.SP.SIMPLE_PRIM36.ram/ADDRARDADDR[6]
                                                              10.077        
u_fp_domain/u_CORTEXM3INTEGRATION/u_cortexm3ds_logic/T0nm17_reg/C
                               u_fp_domain/u_sram_top/u_itcm/U0/inst_blk_mem_gen/gnbram.gnativebmg.native_blk_mem_gen/valid.cstr/ramloop[2].ram.r/prim_init.ram/DEVICE_8SERIES.NO_BMM_INFO.SP.SIMPLE_PRIM36.ram/ENARDEN
                                                              10.080        
u_fp_domain/u_CORTEXM3INTEGRATION/u_cortexm3ds_logic/T0nm17_reg/C
                               u_fp_domain/u_sram_top/u_dtcm/U0/inst_blk_mem_gen/gnbram.gnativebmg.native_blk_mem_gen/valid.cstr/ramloop[4].ram.r/prim_init.ram/DEVICE_8SERIES.NO_BMM_INFO.SP.SIMPLE_PRIM36.ram/ADDRARDADDR[4]
                                                              10.080        
u_fp_domain/u_CORTEXM3INTEGRATION/u_cortexm3ds_logic/T0nm17_reg/C
                               u_fp_domain/u_sram_top/u_itcm/U0/inst_blk_mem_gen/gnbram.gnativebmg.native_blk_mem_gen/valid.cstr/ramloop[29].ram.r/prim_init.ram/DEVICE_8SERIES.NO_BMM_INFO.SP.SIMPLE_PRIM36.ram/ENARDEN
                                                              10.081        
u_fp_domain/u_CORTEXM3INTEGRATION/u_cortexm3ds_logic/T0nm17_reg/C
                               u_fp_domain/u_sram_top/u_dtcm/U0/inst_blk_mem_gen/gnbram.gnativebmg.native_blk_mem_gen/valid.cstr/ramloop[26].ram.r/prim_init.ram/DEVICE_8SERIES.NO_BMM_INFO.SP.SIMPLE_PRIM36.ram/WEA[0]
                                                              10.081        
u_fp_domain/u_CORTEXM3INTEGRATION/u_cortexm3ds_logic/T0nm17_reg/C
                               u_fp_domain/u_sram_top/u_itcm/U0/inst_blk_mem_gen/gnbram.gnativebmg.native_blk_mem_gen/valid.cstr/ramloop[5].ram.r/prim_init.ram/DEVICE_8SERIES.NO_BMM_INFO.SP.SIMPLE_PRIM36.ram/ENARDEN
                                                              10.083        
u_fp_domain/u_CORTEXM3INTEGRATION/u_cortexm3ds_logic/T0nm17_reg/C
                               u_fp_domain/u_sram_top/u_dtcm/U0/inst_blk_mem_gen/gnbram.gnativebmg.native_blk_mem_gen/valid.cstr/ramloop[0].ram.r/prim_init.ram/DEVICE_8SERIES.NO_BMM_INFO.SP.SIMPLE_PRIM36.ram/ADDRARDADDR[11]
                                                              10.083        
u_fp_domain/u_CORTEXM3INTEGRATION/u_cortexm3ds_logic/T0nm17_reg/C
                               u_fp_domain/u_CORTEXM3INTEGRATION/u_cortexm3ds_logic/Y6wzz6_reg/D
                                                              10.086        
u_fp_domain/u_CORTEXM3INTEGRATION/u_cortexm3ds_logic/T0nm17_reg/C
                               u_fp_domain/u_CORTEXM3INTEGRATION/u_cortexm3ds_logic/Xi4107_reg/D
                                                              10.087        
u_fp_domain/u_CORTEXM3INTEGRATION/u_cortexm3ds_logic/T0nm17_reg/C
                               u_fp_domain/u_sram_top/u_dtcm/U0/inst_blk_mem_gen/gnbram.gnativebmg.native_blk_mem_gen/valid.cstr/ramloop[0].ram.r/prim_init.ram/DEVICE_8SERIES.NO_BMM_INFO.SP.SIMPLE_PRIM36.ram/ADDRARDADDR[5]
                                                              10.090        
u_fp_domain/u_CORTEXM3INTEGRATION/u_cortexm3ds_logic/T0nm17_reg/C
                               u_fp_domain/u_sram_top/u_itcm/U0/inst_blk_mem_gen/gnbram.gnativebmg.native_blk_mem_gen/valid.cstr/ramloop[26].ram.r/prim_init.ram/DEVICE_8SERIES.NO_BMM_INFO.SP.SIMPLE_PRIM36.ram/ENARDEN
                                                              10.092        
u_fp_domain/u_CORTEXM3INTEGRATION/u_cortexm3ds_logic/T0nm17_reg/C
                               u_fp_domain/u_sram_top/u_itcm/U0/inst_blk_mem_gen/gnbram.gnativebmg.native_blk_mem_gen/valid.cstr/ramloop[6].ram.r/prim_init.ram/DEVICE_8SERIES.NO_BMM_INFO.SP.SIMPLE_PRIM36.ram/ENARDEN
                                                              10.093        
u_fp_domain/u_CORTEXM3INTEGRATION/u_cortexm3ds_logic/T0nm17_reg/C
                               u_fp_domain/u_CORTEXM3INTEGRATION/u_cortexm3ds_logic/Eq7107_reg/D
                                                              10.095        
u_fp_domain/u_CORTEXM3INTEGRATION/u_cortexm3ds_logic/T0nm17_reg/C
                               u_fp_domain/u_CORTEXM3INTEGRATION/u_cortexm3ds_logic/Yujoz6_reg/D
                                                              10.098        
u_fp_domain/u_CORTEXM3INTEGRATION/u_cortexm3ds_logic/T0nm17_reg/C
                               u_fp_domain/u_sram_top/u_dtcm/U0/inst_blk_mem_gen/gnbram.gnativebmg.native_blk_mem_gen/valid.cstr/ramloop[4].ram.r/prim_init.ram/DEVICE_8SERIES.NO_BMM_INFO.SP.SIMPLE_PRIM36.ram/ADDRARDADDR[10]
                                                              10.098        
u_fp_domain/u_CORTEXM3INTEGRATION/u_cortexm3ds_logic/T0nm17_reg/C
                               u_fp_domain/u_CORTEXM3INTEGRATION/u_cortexm3ds_logic/B4moz6_reg/D
                                                              10.098        
u_fp_domain/u_CORTEXM3INTEGRATION/u_cortexm3ds_logic/T0nm17_reg/C
                               u_fp_domain/u_CORTEXM3INTEGRATION/u_cortexm3ds_logic/Hu7m17_reg/D
                                                              10.103        
u_fp_domain/u_CORTEXM3INTEGRATION/u_cortexm3ds_logic/T0nm17_reg/C
                               u_fp_domain/u_sram_top/u_dtcm/U0/inst_blk_mem_gen/gnbram.gnativebmg.native_blk_mem_gen/valid.cstr/ramloop[20].ram.r/prim_init.ram/DEVICE_8SERIES.NO_BMM_INFO.SP.SIMPLE_PRIM36.ram/ADDRARDADDR[14]
                                                              10.104        
u_fp_domain/u_CORTEXM3INTEGRATION/u_cortexm3ds_logic/T0nm17_reg/C
                               u_fp_domain/u_sram_top/u_itcm/U0/inst_blk_mem_gen/gnbram.gnativebmg.native_blk_mem_gen/valid.cstr/ramloop[0].ram.r/prim_init.ram/DEVICE_8SERIES.NO_BMM_INFO.SP.SIMPLE_PRIM36.ram/ENARDEN
                                                              10.106        
u_fp_domain/u_CORTEXM3INTEGRATION/u_cortexm3ds_logic/T0nm17_reg/C
                               u_fp_domain/u_CORTEXM3INTEGRATION/u_cortexm3ds_logic/Tynoz6_reg/D
                                                              10.109        
u_fp_domain/u_CORTEXM3INTEGRATION/u_cortexm3ds_logic/T0nm17_reg/C
                               u_fp_domain/u_sram_top/u_itcm/U0/inst_blk_mem_gen/gnbram.gnativebmg.native_blk_mem_gen/valid.cstr/ramloop[1].ram.r/prim_init.ram/DEVICE_8SERIES.NO_BMM_INFO.SP.SIMPLE_PRIM36.ram/ADDRARDADDR[5]
                                                              10.110        
u_fp_domain/u_CORTEXM3INTEGRATION/u_cortexm3ds_logic/T0nm17_reg/C
                               u_fp_domain/u_CORTEXM3INTEGRATION/u_cortexm3ds_logic/Twxf07_reg/D
                                                              10.112        
u_fp_domain/u_CORTEXM3INTEGRATION/u_cortexm3ds_logic/T0nm17_reg/C
                               u_fp_domain/u_sram_top/u_dtcm/U0/inst_blk_mem_gen/gnbram.gnativebmg.native_blk_mem_gen/valid.cstr/ramloop[20].ram.r/prim_init.ram/DEVICE_8SERIES.NO_BMM_INFO.SP.SIMPLE_PRIM36.ram/ADDRARDADDR[5]
                                                              10.113        
u_fp_domain/u_CORTEXM3INTEGRATION/u_cortexm3ds_logic/T0nm17_reg/C
                               u_fp_domain/u_sram_top/u_dtcm/U0/inst_blk_mem_gen/gnbram.gnativebmg.native_blk_mem_gen/valid.cstr/ramloop[4].ram.r/prim_init.ram/DEVICE_8SERIES.NO_BMM_INFO.SP.SIMPLE_PRIM36.ram/ADDRARDADDR[13]
                                                              10.114        
u_fp_domain/u_CORTEXM3INTEGRATION/u_cortexm3ds_logic/T0nm17_reg/C
                               u_fp_domain/u_sram_top/u_dtcm/U0/inst_blk_mem_gen/gnbram.gnativebmg.native_blk_mem_gen/valid.cstr/ramloop[27].ram.r/prim_init.ram/DEVICE_8SERIES.NO_BMM_INFO.SP.SIMPLE_PRIM36.ram/ADDRARDADDR[14]
                                                              10.114        
u_fp_domain/u_CORTEXM3INTEGRATION/u_cortexm3ds_logic/T0nm17_reg/C
                               u_fp_domain/u_sram_top/u_itcm/U0/inst_blk_mem_gen/gnbram.gnativebmg.native_blk_mem_gen/valid.cstr/ramloop[10].ram.r/prim_init.ram/DEVICE_8SERIES.NO_BMM_INFO.SP.SIMPLE_PRIM36.ram/ENARDEN
                                                              10.115        
u_fp_domain/u_CORTEXM3INTEGRATION/u_cortexm3ds_logic/T0nm17_reg/C
                               u_fp_domain/u_sram_top/u_dtcm/U0/inst_blk_mem_gen/gnbram.gnativebmg.native_blk_mem_gen/valid.cstr/ramloop[0].ram.r/prim_init.ram/DEVICE_8SERIES.NO_BMM_INFO.SP.SIMPLE_PRIM36.ram/ADDRARDADDR[7]
                                                              10.116        
u_fp_domain/u_CORTEXM3INTEGRATION/u_cortexm3ds_logic/T0nm17_reg/C
                               u_fp_domain/u_sram_top/u_itcm/U0/inst_blk_mem_gen/gnbram.gnativebmg.native_blk_mem_gen/valid.cstr/ramloop[19].ram.r/prim_init.ram/DEVICE_8SERIES.NO_BMM_INFO.SP.SIMPLE_PRIM36.ram/ADDRARDADDR[12]
                                                              10.117        
u_fp_domain/u_CORTEXM3INTEGRATION/u_cortexm3ds_logic/T0nm17_reg/C
                               u_fp_domain/u_CORTEXM3INTEGRATION/u_cortexm3ds_logic/Fc4107_reg/D
                                                              10.117        
u_fp_domain/u_CORTEXM3INTEGRATION/u_cortexm3ds_logic/T0nm17_reg/C
                               u_fp_domain/u_CORTEXM3INTEGRATION/u_cortexm3ds_logic/Rg4107_reg/D
                                                              10.118        
u_fp_domain/u_CORTEXM3INTEGRATION/u_cortexm3ds_logic/T0nm17_reg/C
                               u_fp_domain/u_sram_top/u_dtcm/U0/inst_blk_mem_gen/gnbram.gnativebmg.native_blk_mem_gen/valid.cstr/ramloop[31].ram.r/prim_init.ram/DEVICE_8SERIES.NO_BMM_INFO.SP.SIMPLE_PRIM36.ram/ADDRARDADDR[10]
                                                              10.119        
u_fp_domain/u_CORTEXM3INTEGRATION/u_cortexm3ds_logic/T0nm17_reg/C
                               u_fp_domain/u_sram_top/u_itcm/U0/inst_blk_mem_gen/gnbram.gnativebmg.native_blk_mem_gen/valid.cstr/ramloop[19].ram.r/prim_init.ram/DEVICE_8SERIES.NO_BMM_INFO.SP.SIMPLE_PRIM36.ram/ADDRARDADDR[8]
                                                              10.121        
u_fp_domain/u_CORTEXM3INTEGRATION/u_cortexm3ds_logic/T0nm17_reg/C
                               u_fp_domain/u_CORTEXM3INTEGRATION/u_cortexm3ds_logic/Vr4107_reg/D
                                                              10.121        
u_fp_domain/u_CORTEXM3INTEGRATION/u_cortexm3ds_logic/T0nm17_reg/C
                               u_fp_domain/u_CORTEXM3INTEGRATION/u_cortexm3ds_logic/Qcgg07_reg/D
                                                              10.123        
u_fp_domain/u_CORTEXM3INTEGRATION/u_cortexm3ds_logic/T0nm17_reg/C
                               u_fp_domain/u_sram_top/u_itcm/U0/inst_blk_mem_gen/gnbram.gnativebmg.native_blk_mem_gen/valid.cstr/ramloop[3].ram.r/prim_init.ram/DEVICE_8SERIES.NO_BMM_INFO.SP.SIMPLE_PRIM36.ram/WEA[0]
                                                              10.124        
u_fp_domain/u_CORTEXM3INTEGRATION/u_cortexm3ds_logic/T0nm17_reg/C
                               u_fp_domain/u_CORTEXM3INTEGRATION/u_cortexm3ds_logic/Xlonz6_reg/D
                                                              10.124        
u_fp_domain/u_CORTEXM3INTEGRATION/u_cortexm3ds_logic/T0nm17_reg/C
                               u_fp_domain/u_CORTEXM3INTEGRATION/u_cortexm3ds_logic/Cavnz6_reg/D
                                                              10.126        
u_fp_domain/u_CORTEXM3INTEGRATION/u_cortexm3ds_logic/T0nm17_reg/C
                               u_fp_domain/u_sram_top/u_dtcm/U0/inst_blk_mem_gen/gnbram.gnativebmg.native_blk_mem_gen/valid.cstr/ramloop[22].ram.r/prim_init.ram/DEVICE_8SERIES.NO_BMM_INFO.SP.SIMPLE_PRIM36.ram/ADDRARDADDR[13]
                                                              10.128        
u_fp_domain/u_CORTEXM3INTEGRATION/u_cortexm3ds_logic/T0nm17_reg/C
                               u_fp_domain/u_sram_top/u_dtcm/U0/inst_blk_mem_gen/gnbram.gnativebmg.native_blk_mem_gen/valid.cstr/ramloop[29].ram.r/prim_init.ram/DEVICE_8SERIES.NO_BMM_INFO.SP.SIMPLE_PRIM36.ram/ADDRARDADDR[5]
                                                              10.128        
u_fp_domain/u_CORTEXM3INTEGRATION/u_cortexm3ds_logic/T0nm17_reg/C
                               u_fp_domain/u_sram_top/u_dtcm/U0/inst_blk_mem_gen/gnbram.gnativebmg.native_blk_mem_gen/valid.cstr/ramloop[24].ram.r/prim_init.ram/DEVICE_8SERIES.NO_BMM_INFO.SP.SIMPLE_PRIM36.ram/ADDRARDADDR[12]
                                                              10.129        
u_fp_domain/u_CORTEXM3INTEGRATION/u_cortexm3ds_logic/T0nm17_reg/C
                               u_fp_domain/u_sram_top/u_dtcm/U0/inst_blk_mem_gen/gnbram.gnativebmg.native_blk_mem_gen/valid.cstr/ramloop[24].ram.r/prim_init.ram/DEVICE_8SERIES.NO_BMM_INFO.SP.SIMPLE_PRIM36.ram/ADDRARDADDR[7]
                                                              10.129        
u_fp_domain/u_CORTEXM3INTEGRATION/u_cortexm3ds_logic/T0nm17_reg/C
                               u_fp_domain/u_CORTEXM3INTEGRATION/u_cortexm3ds_logic/Loxzz6_reg/D
                                                              10.132        
u_fp_domain/u_CORTEXM3INTEGRATION/u_cortexm3ds_logic/T0nm17_reg/C
                               u_fp_domain/u_CORTEXM3INTEGRATION/u_cortexm3ds_logic/Jj6oz6_reg/CE
                                                              10.132        
u_fp_domain/u_CORTEXM3INTEGRATION/u_cortexm3ds_logic/T0nm17_reg/C
                               u_fp_domain/u_sram_top/u_dtcm/U0/inst_blk_mem_gen/gnbram.gnativebmg.native_blk_mem_gen/valid.cstr/ramloop[31].ram.r/prim_init.ram/DEVICE_8SERIES.NO_BMM_INFO.SP.SIMPLE_PRIM36.ram/ADDRARDADDR[4]
                                                              10.133        
u_fp_domain/u_CORTEXM3INTEGRATION/u_cortexm3ds_logic/T0nm17_reg/C
                               u_fp_domain/u_CORTEXM3INTEGRATION/u_cortexm3ds_logic/N8loz6_reg/D
                                                              10.135        
u_fp_domain/u_CORTEXM3INTEGRATION/u_cortexm3ds_logic/T0nm17_reg/C
                               u_fp_domain/u_sram_top/u_dtcm/U0/inst_blk_mem_gen/gnbram.gnativebmg.native_blk_mem_gen/valid.cstr/ramloop[22].ram.r/prim_init.ram/DEVICE_8SERIES.NO_BMM_INFO.SP.SIMPLE_PRIM36.ram/ADDRARDADDR[12]
                                                              10.136        
u_fp_domain/u_CORTEXM3INTEGRATION/u_cortexm3ds_logic/T0nm17_reg/C
                               u_fp_domain/u_sram_top/u_itcm/U0/inst_blk_mem_gen/gnbram.gnativebmg.native_blk_mem_gen/valid.cstr/ramloop[1].ram.r/prim_init.ram/DEVICE_8SERIES.NO_BMM_INFO.SP.SIMPLE_PRIM36.ram/ADDRARDADDR[10]
                                                              10.136        
u_fp_domain/u_CORTEXM3INTEGRATION/u_cortexm3ds_logic/T0nm17_reg/C
                               u_fp_domain/u_sram_top/u_dtcm/U0/inst_blk_mem_gen/gnbram.gnativebmg.native_blk_mem_gen/valid.cstr/ramloop[21].ram.r/prim_init.ram/DEVICE_8SERIES.NO_BMM_INFO.SP.SIMPLE_PRIM36.ram/WEA[0]
                                                              10.136        
u_fp_domain/u_CORTEXM3INTEGRATION/u_cortexm3ds_logic/Jxpm17_reg/C
                               u_fp_domain/u_CORTEXM3INTEGRATION/u_cortexm3ds_logic/S1loz6_reg/D
                                                              10.137        
u_fp_domain/u_CORTEXM3INTEGRATION/u_cortexm3ds_logic/T0nm17_reg/C
                               u_fp_domain/u_sram_top/u_dtcm/U0/inst_blk_mem_gen/gnbram.gnativebmg.native_blk_mem_gen/valid.cstr/ramloop[16].ram.r/prim_init.ram/DEVICE_8SERIES.NO_BMM_INFO.SP.SIMPLE_PRIM36.ram/ADDRARDADDR[14]
                                                              10.138        
u_fp_domain/u_CORTEXM3INTEGRATION/u_cortexm3ds_logic/T0nm17_reg/C
                               u_fp_domain/u_CORTEXM3INTEGRATION/u_cortexm3ds_logic/Ckyzz6_reg/CE
                                                              10.138        
u_fp_domain/u_CORTEXM3INTEGRATION/u_cortexm3ds_logic/T0nm17_reg/C
                               u_fp_domain/u_CORTEXM3INTEGRATION/u_cortexm3ds_logic/Mm6oz6_reg/CE
                                                              10.138        
u_fp_domain/u_CORTEXM3INTEGRATION/u_cortexm3ds_logic/T0nm17_reg/C
                               u_fp_domain/u_sram_top/u_itcm/U0/inst_blk_mem_gen/gnbram.gnativebmg.native_blk_mem_gen/valid.cstr/ramloop[7].ram.r/prim_init.ram/DEVICE_8SERIES.NO_BMM_INFO.SP.SIMPLE_PRIM36.ram/ADDRARDADDR[12]
                                                              10.142        
u_fp_domain/u_CORTEXM3INTEGRATION/u_cortexm3ds_logic/T0nm17_reg/C
                               u_fp_domain/u_CORTEXM3INTEGRATION/u_cortexm3ds_logic/Cokoz6_reg/D
                                                              10.143        
u_fp_domain/u_CORTEXM3INTEGRATION/u_cortexm3ds_logic/T0nm17_reg/C
                               u_fp_domain/u_sram_top/u_dtcm/U0/inst_blk_mem_gen/gnbram.gnativebmg.native_blk_mem_gen/valid.cstr/ramloop[20].ram.r/prim_init.ram/DEVICE_8SERIES.NO_BMM_INFO.SP.SIMPLE_PRIM36.ram/ADDRARDADDR[9]
                                                              10.144        
u_fp_domain/u_CORTEXM3INTEGRATION/u_cortexm3ds_logic/T0nm17_reg/C
                               u_fp_domain/u_CORTEXM3INTEGRATION/u_cortexm3ds_logic/Bdwzz6_reg/D
                                                              10.144        
u_fp_domain/u_CORTEXM3INTEGRATION/u_cortexm3ds_logic/T0nm17_reg/C
                               u_fp_domain/u_sram_top/u_itcm/U0/inst_blk_mem_gen/gnbram.gnativebmg.native_blk_mem_gen/valid.cstr/ramloop[4].ram.r/prim_init.ram/DEVICE_8SERIES.NO_BMM_INFO.SP.SIMPLE_PRIM36.ram/ADDRARDADDR[12]
                                                              10.145        
u_fp_domain/u_CORTEXM3INTEGRATION/u_cortexm3ds_logic/T0nm17_reg/C
                               u_fp_domain/u_sram_top/u_dtcm/U0/inst_blk_mem_gen/gnbram.gnativebmg.native_blk_mem_gen/valid.cstr/ramloop[29].ram.r/prim_init.ram/DEVICE_8SERIES.NO_BMM_INFO.SP.SIMPLE_PRIM36.ram/ADDRARDADDR[3]
                                                              10.145        
u_fp_domain/u_CORTEXM3INTEGRATION/u_cortexm3ds_logic/T0nm17_reg/C
                               u_fp_domain/u_sram_top/u_itcm/U0/inst_blk_mem_gen/gnbram.gnativebmg.native_blk_mem_gen/valid.cstr/ramloop[19].ram.r/prim_init.ram/DEVICE_8SERIES.NO_BMM_INFO.SP.SIMPLE_PRIM36.ram/ADDRARDADDR[13]
                                                              10.147        
u_fp_domain/u_CORTEXM3INTEGRATION/u_cortexm3ds_logic/T0nm17_reg/C
                               u_fp_domain/u_sram_top/u_dtcm/U0/inst_blk_mem_gen/gnbram.gnativebmg.native_blk_mem_gen/valid.cstr/ramloop[17].ram.r/prim_init.ram/DEVICE_8SERIES.NO_BMM_INFO.SP.SIMPLE_PRIM36.ram/ADDRARDADDR[14]
                                                              10.148        
u_fp_domain/u_CORTEXM3INTEGRATION/u_cortexm3ds_logic/T0nm17_reg/C
                               u_fp_domain/u_sram_top/u_dtcm/U0/inst_blk_mem_gen/gnbram.gnativebmg.native_blk_mem_gen/valid.cstr/ramloop[18].ram.r/prim_init.ram/DEVICE_8SERIES.NO_BMM_INFO.SP.SIMPLE_PRIM36.ram/ADDRARDADDR[4]
                                                              10.151        
u_fp_domain/u_CORTEXM3INTEGRATION/u_cortexm3ds_logic/T0nm17_reg/C
                               u_fp_domain/u_sram_top/u_dtcm/U0/inst_blk_mem_gen/gnbram.gnativebmg.native_blk_mem_gen/valid.cstr/ramloop[24].ram.r/prim_init.ram/DEVICE_8SERIES.NO_BMM_INFO.SP.SIMPLE_PRIM36.ram/ADDRARDADDR[13]
                                                              10.153        
u_fp_domain/u_CORTEXM3INTEGRATION/u_cortexm3ds_logic/T0nm17_reg/C
                               u_fp_domain/u_sram_top/u_itcm/U0/inst_blk_mem_gen/gnbram.gnativebmg.native_blk_mem_gen/valid.cstr/ramloop[3].ram.r/prim_init.ram/DEVICE_8SERIES.NO_BMM_INFO.SP.SIMPLE_PRIM36.ram/ENARDEN
                                                              10.154        
u_fp_domain/u_CORTEXM3INTEGRATION/u_cortexm3ds_logic/T0nm17_reg/C
                               u_fp_domain/u_sram_top/u_itcm/U0/inst_blk_mem_gen/gnbram.gnativebmg.native_blk_mem_gen/valid.cstr/ramloop[9].ram.r/prim_init.ram/DEVICE_8SERIES.NO_BMM_INFO.SP.SIMPLE_PRIM36.ram/ENARDEN
                                                              10.154        
u_fp_domain/u_CORTEXM3INTEGRATION/u_cortexm3ds_logic/T0nm17_reg/C
                               u_fp_domain/u_sram_top/u_itcm/U0/inst_blk_mem_gen/gnbram.gnativebmg.native_blk_mem_gen/valid.cstr/ramloop[20].ram.r/prim_init.ram/DEVICE_8SERIES.NO_BMM_INFO.SP.SIMPLE_PRIM36.ram/ENARDEN
                                                              10.156        
u_fp_domain/u_CORTEXM3INTEGRATION/u_cortexm3ds_logic/T0nm17_reg/C
                               u_fp_domain/u_sram_top/u_dtcm/U0/inst_blk_mem_gen/gnbram.gnativebmg.native_blk_mem_gen/valid.cstr/ramloop[0].ram.r/prim_init.ram/DEVICE_8SERIES.NO_BMM_INFO.SP.SIMPLE_PRIM36.ram/WEA[0]
                                                              10.157        
u_fp_domain/u_CORTEXM3INTEGRATION/u_cortexm3ds_logic/T0nm17_reg/C
                               u_fp_domain/u_sram_top/u_dtcm/U0/inst_blk_mem_gen/gnbram.gnativebmg.native_blk_mem_gen/valid.cstr/ramloop[29].ram.r/prim_init.ram/DEVICE_8SERIES.NO_BMM_INFO.SP.SIMPLE_PRIM36.ram/ADDRARDADDR[10]
                                                              10.161        
u_fp_domain/u_CORTEXM3INTEGRATION/u_cortexm3ds_logic/T0nm17_reg/C
                               u_fp_domain/u_sram_top/u_itcm/U0/inst_blk_mem_gen/gnbram.gnativebmg.native_blk_mem_gen/valid.cstr/ramloop[3].ram.r/prim_init.ram/DEVICE_8SERIES.NO_BMM_INFO.SP.SIMPLE_PRIM36.ram/ADDRARDADDR[10]
                                                              10.163        
u_fp_domain/u_CORTEXM3INTEGRATION/u_cortexm3ds_logic/T0nm17_reg/C
                               u_fp_domain/u_sram_top/u_itcm/U0/inst_blk_mem_gen/gnbram.gnativebmg.native_blk_mem_gen/valid.cstr/ramloop[7].ram.r/prim_init.ram/DEVICE_8SERIES.NO_BMM_INFO.SP.SIMPLE_PRIM36.ram/ADDRARDADDR[3]
                                                              10.165        
u_fp_domain/u_CORTEXM3INTEGRATION/u_cortexm3ds_logic/T0nm17_reg/C
                               u_fp_domain/u_CORTEXM3INTEGRATION/u_cortexm3ds_logic/Rdlnz6_reg/D
                                                              10.165        
u_fp_domain/u_CORTEXM3INTEGRATION/u_cortexm3ds_logic/T0nm17_reg/C
                               u_fp_domain/u_CORTEXM3INTEGRATION/u_cortexm3ds_logic/Jn4107_reg/D
                                                              10.167        
u_fp_domain/u_CORTEXM3INTEGRATION/u_cortexm3ds_logic/T0nm17_reg/C
                               u_fp_domain/u_sram_top/u_dtcm/U0/inst_blk_mem_gen/gnbram.gnativebmg.native_blk_mem_gen/valid.cstr/ramloop[22].ram.r/prim_init.ram/DEVICE_8SERIES.NO_BMM_INFO.SP.SIMPLE_PRIM36.ram/ADDRARDADDR[10]
                                                              10.171        
u_fp_domain/u_CORTEXM3INTEGRATION/u_cortexm3ds_logic/T0nm17_reg/C
                               u_fp_domain/u_sram_top/u_itcm/U0/inst_blk_mem_gen/gnbram.gnativebmg.native_blk_mem_gen/valid.cstr/ramloop[1].ram.r/prim_init.ram/DEVICE_8SERIES.NO_BMM_INFO.SP.SIMPLE_PRIM36.ram/ADDRARDADDR[14]
                                                              10.171        
u_fp_domain/u_CORTEXM3INTEGRATION/u_cortexm3ds_logic/Jxpm17_reg/C
                               u_fp_domain/u_CORTEXM3INTEGRATION/u_cortexm3ds_logic/G6loz6_reg/D
                                                              10.180        
u_fp_domain/u_CORTEXM3INTEGRATION/u_cortexm3ds_logic/T0nm17_reg/C
                               u_fp_domain/u_sram_top/u_dtcm/U0/inst_blk_mem_gen/gnbram.gnativebmg.native_blk_mem_gen/valid.cstr/ramloop[20].ram.r/prim_init.ram/DEVICE_8SERIES.NO_BMM_INFO.SP.SIMPLE_PRIM36.ram/ADDRARDADDR[6]
                                                              10.183        
u_fp_domain/u_CORTEXM3INTEGRATION/u_cortexm3ds_logic/T0nm17_reg/C
                               u_fp_domain/u_sram_top/u_itcm/U0/inst_blk_mem_gen/gnbram.gnativebmg.native_blk_mem_gen/valid.cstr/ramloop[20].ram.r/prim_init.ram/DEVICE_8SERIES.NO_BMM_INFO.SP.SIMPLE_PRIM36.ram/ADDRARDADDR[6]
                                                              10.183        
u_fp_domain/u_CORTEXM3INTEGRATION/u_cortexm3ds_logic/T0nm17_reg/C
                               u_fp_domain/u_sram_top/u_dtcm/U0/inst_blk_mem_gen/gnbram.gnativebmg.native_blk_mem_gen/valid.cstr/ramloop[20].ram.r/prim_init.ram/DEVICE_8SERIES.NO_BMM_INFO.SP.SIMPLE_PRIM36.ram/ADDRARDADDR[8]
                                                              10.185        
u_fp_domain/u_CORTEXM3INTEGRATION/u_cortexm3ds_logic/T0nm17_reg/C
                               u_fp_domain/u_sram_top/u_itcm/U0/inst_blk_mem_gen/gnbram.gnativebmg.native_blk_mem_gen/valid.cstr/ramloop[4].ram.r/prim_init.ram/DEVICE_8SERIES.NO_BMM_INFO.SP.SIMPLE_PRIM36.ram/ADDRARDADDR[5]
                                                              10.186        
u_fp_domain/u_CORTEXM3INTEGRATION/u_cortexm3ds_logic/T0nm17_reg/C
                               u_fp_domain/u_sram_top/u_itcm/U0/inst_blk_mem_gen/gnbram.gnativebmg.native_blk_mem_gen/valid.cstr/ramloop[20].ram.r/prim_init.ram/DEVICE_8SERIES.NO_BMM_INFO.SP.SIMPLE_PRIM36.ram/ADDRARDADDR[4]
                                                              10.186        
u_fp_domain/u_CORTEXM3INTEGRATION/u_cortexm3ds_logic/T0nm17_reg/C
                               u_fp_domain/u_sram_top/u_dtcm/U0/inst_blk_mem_gen/gnbram.gnativebmg.native_blk_mem_gen/valid.cstr/ramloop[22].ram.r/prim_init.ram/DEVICE_8SERIES.NO_BMM_INFO.SP.SIMPLE_PRIM36.ram/ADDRARDADDR[3]
                                                              10.186        
u_fp_domain/u_CORTEXM3INTEGRATION/u_cortexm3ds_logic/T0nm17_reg/C
                               u_fp_domain/u_CORTEXM3INTEGRATION/u_cortexm3ds_logic/Gw1107_reg/D
                                                              10.188        
u_fp_domain/u_CORTEXM3INTEGRATION/u_cortexm3ds_logic/T0nm17_reg/C
                               u_fp_domain/u_sram_top/u_dtcm/U0/inst_blk_mem_gen/gnbram.gnativebmg.native_blk_mem_gen/valid.cstr/ramloop[30].ram.r/prim_init.ram/DEVICE_8SERIES.NO_BMM_INFO.SP.SIMPLE_PRIM36.ram/WEA[0]
                                                              10.191        
u_fp_domain/u_CORTEXM3INTEGRATION/u_cortexm3ds_logic/T0nm17_reg/C
                               u_fp_domain/u_CORTEXM3INTEGRATION/u_cortexm3ds_logic/Nuxf07_reg/D
                                                              10.191        
u_fp_domain/u_CORTEXM3INTEGRATION/u_cortexm3ds_logic/T0nm17_reg/C
                               u_fp_domain/u_sram_top/u_dtcm/U0/inst_blk_mem_gen/gnbram.gnativebmg.native_blk_mem_gen/valid.cstr/ramloop[4].ram.r/prim_init.ram/DEVICE_8SERIES.NO_BMM_INFO.SP.SIMPLE_PRIM36.ram/ADDRARDADDR[14]
                                                              10.192        
u_fp_domain/u_CORTEXM3INTEGRATION/u_cortexm3ds_logic/T0nm17_reg/C
                               u_fp_domain/u_CORTEXM3INTEGRATION/u_cortexm3ds_logic/H65nz6_reg/D
                                                              10.193        
u_fp_domain/u_CORTEXM3INTEGRATION/u_cortexm3ds_logic/T0nm17_reg/C
                               u_fp_domain/u_sram_top/u_dtcm/U0/inst_blk_mem_gen/gnbram.gnativebmg.native_blk_mem_gen/valid.cstr/ramloop[25].ram.r/prim_init.ram/DEVICE_8SERIES.NO_BMM_INFO.SP.SIMPLE_PRIM36.ram/ADDRARDADDR[5]
                                                              10.198        
u_fp_domain/u_CORTEXM3INTEGRATION/u_cortexm3ds_logic/T0nm17_reg/C
                               u_fp_domain/u_CORTEXM3INTEGRATION/u_cortexm3ds_logic/Vlkoz6_reg/D
                                                              10.199        
u_fp_domain/u_CORTEXM3INTEGRATION/u_cortexm3ds_logic/T0nm17_reg/C
                               u_fp_domain/u_CORTEXM3INTEGRATION/u_cortexm3ds_logic/Zyxf07_reg/D
                                                              10.199        
u_fp_domain/u_CORTEXM3INTEGRATION/u_cortexm3ds_logic/T0nm17_reg/C
                               u_fp_domain/u_sram_top/u_itcm/U0/inst_blk_mem_gen/gnbram.gnativebmg.native_blk_mem_gen/valid.cstr/ramloop[1].ram.r/prim_init.ram/DEVICE_8SERIES.NO_BMM_INFO.SP.SIMPLE_PRIM36.ram/ADDRARDADDR[6]
                                                              10.200        
u_fp_domain/u_CORTEXM3INTEGRATION/u_cortexm3ds_logic/T0nm17_reg/C
                               u_fp_domain/u_sram_top/u_itcm/U0/inst_blk_mem_gen/gnbram.gnativebmg.native_blk_mem_gen/valid.cstr/ramloop[19].ram.r/prim_init.ram/DEVICE_8SERIES.NO_BMM_INFO.SP.SIMPLE_PRIM36.ram/WEA[0]
                                                              10.203        
u_fp_domain/u_CORTEXM3INTEGRATION/u_cortexm3ds_logic/T0nm17_reg/C
                               u_fp_domain/u_sram_top/u_dtcm/U0/inst_blk_mem_gen/gnbram.gnativebmg.native_blk_mem_gen/valid.cstr/ramloop[22].ram.r/prim_init.ram/DEVICE_8SERIES.NO_BMM_INFO.SP.SIMPLE_PRIM36.ram/ADDRARDADDR[11]
                                                              10.203        
u_fp_domain/u_CORTEXM3INTEGRATION/u_cortexm3ds_logic/T0nm17_reg/C
                               u_fp_domain/u_sram_top/u_dtcm/U0/inst_blk_mem_gen/gnbram.gnativebmg.native_blk_mem_gen/valid.cstr/ramloop[26].ram.r/prim_init.ram/DEVICE_8SERIES.NO_BMM_INFO.SP.SIMPLE_PRIM36.ram/ADDRARDADDR[10]
                                                              10.206        
u_fp_domain/u_CORTEXM3INTEGRATION/u_cortexm3ds_logic/T0nm17_reg/C
                               u_fp_domain/u_sram_top/u_itcm/U0/inst_blk_mem_gen/gnbram.gnativebmg.native_blk_mem_gen/valid.cstr/ramloop[23].ram.r/prim_init.ram/DEVICE_8SERIES.NO_BMM_INFO.SP.SIMPLE_PRIM36.ram/ENARDEN
                                                              10.206        
u_fp_domain/u_CORTEXM3INTEGRATION/u_cortexm3ds_logic/T0nm17_reg/C
                               u_fp_domain/u_sram_top/u_dtcm/U0/inst_blk_mem_gen/gnbram.gnativebmg.native_blk_mem_gen/valid.cstr/ramloop[22].ram.r/prim_init.ram/DEVICE_8SERIES.NO_BMM_INFO.SP.SIMPLE_PRIM36.ram/ADDRARDADDR[4]
                                                              10.208        
u_fp_domain/u_CORTEXM3INTEGRATION/u_cortexm3ds_logic/T0nm17_reg/C
                               u_fp_domain/u_sram_top/u_dtcm/U0/inst_blk_mem_gen/gnbram.gnativebmg.native_blk_mem_gen/valid.cstr/ramloop[24].ram.r/prim_init.ram/DEVICE_8SERIES.NO_BMM_INFO.SP.SIMPLE_PRIM36.ram/ADDRARDADDR[6]
                                                              10.208        
u_fp_domain/u_CORTEXM3INTEGRATION/u_cortexm3ds_logic/T0nm17_reg/C
                               u_fp_domain/u_CORTEXM3INTEGRATION/u_cortexm3ds_logic/Kl7oz6_reg/D
                                                              10.209        
u_fp_domain/u_CORTEXM3INTEGRATION/u_cortexm3ds_logic/T0nm17_reg/C
                               u_fp_domain/u_CORTEXM3INTEGRATION/u_cortexm3ds_logic/Vzunz6_reg/D
                                                              10.212        
u_fp_domain/u_CORTEXM3INTEGRATION/u_cortexm3ds_logic/T0nm17_reg/C
                               u_fp_domain/u_sram_top/u_dtcm/U0/inst_blk_mem_gen/gnbram.gnativebmg.native_blk_mem_gen/valid.cstr/ramloop[24].ram.r/prim_init.ram/DEVICE_8SERIES.NO_BMM_INFO.SP.SIMPLE_PRIM36.ram/ADDRARDADDR[8]
                                                              10.215        
u_fp_domain/u_CORTEXM3INTEGRATION/u_cortexm3ds_logic/Jxpm17_reg/C
                               u_fp_domain/u_CORTEXM3INTEGRATION/u_cortexm3ds_logic/Xukoz6_reg/D
                                                              10.218        
u_fp_domain/u_CORTEXM3INTEGRATION/u_cortexm3ds_logic/T0nm17_reg/C
                               u_fp_domain/u_sram_top/u_itcm/U0/inst_blk_mem_gen/gnbram.gnativebmg.native_blk_mem_gen/valid.cstr/ramloop[4].ram.r/prim_init.ram/DEVICE_8SERIES.NO_BMM_INFO.SP.SIMPLE_PRIM36.ram/ADDRARDADDR[10]
                                                              10.218        
u_fp_domain/u_CORTEXM3INTEGRATION/u_cortexm3ds_logic/T0nm17_reg/C
                               u_fp_domain/u_sram_top/u_itcm/U0/inst_blk_mem_gen/gnbram.gnativebmg.native_blk_mem_gen/valid.cstr/ramloop[1].ram.r/prim_init.ram/DEVICE_8SERIES.NO_BMM_INFO.SP.SIMPLE_PRIM36.ram/ADDRARDADDR[13]
                                                              10.219        
u_fp_domain/u_CORTEXM3INTEGRATION/u_cortexm3ds_logic/T0nm17_reg/C
                               u_fp_domain/u_sram_top/u_dtcm/U0/inst_blk_mem_gen/gnbram.gnativebmg.native_blk_mem_gen/valid.cstr/ramloop[0].ram.r/prim_init.ram/DEVICE_8SERIES.NO_BMM_INFO.SP.SIMPLE_PRIM36.ram/ADDRARDADDR[4]
                                                              10.219        
u_fp_domain/u_CORTEXM3INTEGRATION/u_cortexm3ds_logic/T0nm17_reg/C
                               u_fp_domain/u_sram_top/u_dtcm/U0/inst_blk_mem_gen/gnbram.gnativebmg.native_blk_mem_gen/valid.cstr/ramloop[29].ram.r/prim_init.ram/DEVICE_8SERIES.NO_BMM_INFO.SP.SIMPLE_PRIM36.ram/ADDRARDADDR[11]
                                                              10.219        
u_fp_domain/u_CORTEXM3INTEGRATION/u_cortexm3ds_logic/T0nm17_reg/C
                               u_fp_domain/u_CORTEXM3INTEGRATION/u_cortexm3ds_logic/Fq9nz6_reg/D
                                                              10.220        
u_fp_domain/u_CORTEXM3INTEGRATION/u_cortexm3ds_logic/Jxpm17_reg/C
                               u_fp_domain/u_CORTEXM3INTEGRATION/u_cortexm3ds_logic/W06u07_reg/D
                                                              10.221        
u_fp_domain/u_CORTEXM3INTEGRATION/u_cortexm3ds_logic/T0nm17_reg/C
                               u_fp_domain/u_sram_top/u_dtcm/U0/inst_blk_mem_gen/gnbram.gnativebmg.native_blk_mem_gen/valid.cstr/ramloop[30].ram.r/prim_init.ram/DEVICE_8SERIES.NO_BMM_INFO.SP.SIMPLE_PRIM36.ram/ADDRARDADDR[12]
                                                              10.221        
u_fp_domain/u_CORTEXM3INTEGRATION/u_cortexm3ds_logic/T0nm17_reg/C
                               u_fp_domain/u_sram_top/u_dtcm/U0/inst_blk_mem_gen/gnbram.gnativebmg.native_blk_mem_gen/valid.cstr/ramloop[26].ram.r/prim_init.ram/DEVICE_8SERIES.NO_BMM_INFO.SP.SIMPLE_PRIM36.ram/ADDRARDADDR[8]
                                                              10.221        
u_fp_domain/u_CORTEXM3INTEGRATION/u_cortexm3ds_logic/T0nm17_reg/C
                               u_fp_domain/u_sram_top/u_dtcm/U0/inst_blk_mem_gen/gnbram.gnativebmg.native_blk_mem_gen/valid.cstr/ramloop[16].ram.r/prim_init.ram/DEVICE_8SERIES.NO_BMM_INFO.SP.SIMPLE_PRIM36.ram/ADDRARDADDR[8]
                                                              10.222        
u_fp_domain/u_CORTEXM3INTEGRATION/u_cortexm3ds_logic/T0nm17_reg/C
                               u_fp_domain/u_sram_top/u_itcm/U0/inst_blk_mem_gen/gnbram.gnativebmg.native_blk_mem_gen/valid.cstr/ramloop[20].ram.r/prim_init.ram/DEVICE_8SERIES.NO_BMM_INFO.SP.SIMPLE_PRIM36.ram/ADDRARDADDR[12]
                                                              10.223        
u_fp_domain/u_CORTEXM3INTEGRATION/u_cortexm3ds_logic/T0nm17_reg/C
                               u_fp_domain/u_sram_top/u_itcm/U0/inst_blk_mem_gen/gnbram.gnativebmg.native_blk_mem_gen/valid.cstr/ramloop[18].ram.r/prim_init.ram/DEVICE_8SERIES.NO_BMM_INFO.SP.SIMPLE_PRIM36.ram/ENARDEN
                                                              10.223        
u_fp_domain/u_CORTEXM3INTEGRATION/u_cortexm3ds_logic/T0nm17_reg/C
                               u_fp_domain/u_sram_top/u_itcm/U0/inst_blk_mem_gen/gnbram.gnativebmg.native_blk_mem_gen/valid.cstr/ramloop[11].ram.r/prim_init.ram/DEVICE_8SERIES.NO_BMM_INFO.SP.SIMPLE_PRIM36.ram/ENARDEN
                                                              10.224        
u_fp_domain/u_CORTEXM3INTEGRATION/u_cortexm3ds_logic/T0nm17_reg/C
                               u_fp_domain/u_sram_top/u_dtcm/U0/inst_blk_mem_gen/gnbram.gnativebmg.native_blk_mem_gen/valid.cstr/ramloop[20].ram.r/prim_init.ram/DEVICE_8SERIES.NO_BMM_INFO.SP.SIMPLE_PRIM36.ram/ADDRARDADDR[10]
                                                              10.224        
u_fp_domain/u_CORTEXM3INTEGRATION/u_cortexm3ds_logic/T0nm17_reg/C
                               u_fp_domain/u_sram_top/u_itcm/U0/inst_blk_mem_gen/gnbram.gnativebmg.native_blk_mem_gen/valid.cstr/ramloop[2].ram.r/prim_init.ram/DEVICE_8SERIES.NO_BMM_INFO.SP.SIMPLE_PRIM36.ram/WEA[0]
                                                              10.225        
u_fp_domain/u_CORTEXM3INTEGRATION/u_cortexm3ds_logic/T0nm17_reg/C
                               u_fp_domain/u_sram_top/u_dtcm/U0/inst_blk_mem_gen/gnbram.gnativebmg.native_blk_mem_gen/valid.cstr/ramloop[27].ram.r/prim_init.ram/DEVICE_8SERIES.NO_BMM_INFO.SP.SIMPLE_PRIM36.ram/ADDRARDADDR[5]
                                                              10.225        
u_fp_domain/u_CORTEXM3INTEGRATION/u_cortexm3ds_logic/Fz6oz6_reg/C
                               u_fp_domain/u_CORTEXM3INTEGRATION/u_cortexm3ds_logic/Msgzz6_reg/D
                                                              10.226        
u_fp_domain/u_CORTEXM3INTEGRATION/u_cortexm3ds_logic/T0nm17_reg/C
                               u_fp_domain/u_sram_top/u_itcm/U0/inst_blk_mem_gen/gnbram.gnativebmg.native_blk_mem_gen/valid.cstr/ramloop[4].ram.r/prim_init.ram/DEVICE_8SERIES.NO_BMM_INFO.SP.SIMPLE_PRIM36.ram/ADDRARDADDR[9]
                                                              10.226        
u_fp_domain/u_CORTEXM3INTEGRATION/u_cortexm3ds_logic/T0nm17_reg/C
                               u_fp_domain/u_sram_top/u_dtcm/U0/inst_blk_mem_gen/gnbram.gnativebmg.native_blk_mem_gen/valid.cstr/ramloop[25].ram.r/prim_init.ram/DEVICE_8SERIES.NO_BMM_INFO.SP.SIMPLE_PRIM36.ram/ADDRARDADDR[13]
                                                              10.226        
u_fp_domain/u_CORTEXM3INTEGRATION/u_cortexm3ds_logic/T0nm17_reg/C
                               u_fp_domain/u_sram_top/u_itcm/U0/inst_blk_mem_gen/gnbram.gnativebmg.native_blk_mem_gen/valid.cstr/ramloop[19].ram.r/prim_init.ram/DEVICE_8SERIES.NO_BMM_INFO.SP.SIMPLE_PRIM36.ram/ADDRARDADDR[7]
                                                              10.227        
u_fp_domain/u_CORTEXM3INTEGRATION/u_cortexm3ds_logic/T0nm17_reg/C
                               u_fp_domain/u_sram_top/u_dtcm/U0/inst_blk_mem_gen/gnbram.gnativebmg.native_blk_mem_gen/valid.cstr/ramloop[25].ram.r/prim_init.ram/DEVICE_8SERIES.NO_BMM_INFO.SP.SIMPLE_PRIM36.ram/ADDRARDADDR[9]
                                                              10.230        
u_fp_domain/u_CORTEXM3INTEGRATION/u_cortexm3ds_logic/T0nm17_reg/C
                               u_fp_domain/u_sram_top/u_dtcm/U0/inst_blk_mem_gen/gnbram.gnativebmg.native_blk_mem_gen/valid.cstr/ramloop[29].ram.r/prim_init.ram/DEVICE_8SERIES.NO_BMM_INFO.SP.SIMPLE_PRIM36.ram/ADDRARDADDR[7]
                                                              10.231        
u_fp_domain/u_CORTEXM3INTEGRATION/u_cortexm3ds_logic/T0nm17_reg/C
                               u_fp_domain/u_CORTEXM3INTEGRATION/u_cortexm3ds_logic/Ix0t07_reg/CE
                                                              10.231        
u_fp_domain/u_CORTEXM3INTEGRATION/u_cortexm3ds_logic/T0nm17_reg/C
                               u_fp_domain/u_CORTEXM3INTEGRATION/u_cortexm3ds_logic/Xa6g07_reg/CE
                                                              10.231        
u_fp_domain/u_CORTEXM3INTEGRATION/u_cortexm3ds_logic/T0nm17_reg/C
                               u_fp_domain/u_sram_top/u_dtcm/U0/inst_blk_mem_gen/gnbram.gnativebmg.native_blk_mem_gen/valid.cstr/ramloop[16].ram.r/prim_init.ram/DEVICE_8SERIES.NO_BMM_INFO.SP.SIMPLE_PRIM36.ram/ADDRARDADDR[6]
                                                              10.232        
u_fp_domain/u_CORTEXM3INTEGRATION/u_cortexm3ds_logic/T0nm17_reg/C
                               u_fp_domain/u_CORTEXM3INTEGRATION/u_cortexm3ds_logic/Bt5u07_reg/D
                                                              10.235        
u_fp_domain/u_CORTEXM3INTEGRATION/u_cortexm3ds_logic/T0nm17_reg/C
                               u_fp_domain/u_sram_top/u_itcm/U0/inst_blk_mem_gen/gnbram.gnativebmg.native_blk_mem_gen/valid.cstr/ramloop[19].ram.r/prim_init.ram/DEVICE_8SERIES.NO_BMM_INFO.SP.SIMPLE_PRIM36.ram/ADDRARDADDR[14]
                                                              10.235        
u_fp_domain/u_CORTEXM3INTEGRATION/u_cortexm3ds_logic/T0nm17_reg/C
                               u_fp_domain/u_sram_top/u_itcm/U0/inst_blk_mem_gen/gnbram.gnativebmg.native_blk_mem_gen/valid.cstr/ramloop[19].ram.r/prim_init.ram/DEVICE_8SERIES.NO_BMM_INFO.SP.SIMPLE_PRIM36.ram/ADDRARDADDR[9]
                                                              10.236        
u_fp_domain/u_CORTEXM3INTEGRATION/u_cortexm3ds_logic/T0nm17_reg/C
                               u_fp_domain/u_CORTEXM3INTEGRATION/u_cortexm3ds_logic/W46g07_reg/CE
                                                              10.236        
u_fp_domain/u_CORTEXM3INTEGRATION/u_cortexm3ds_logic/T0nm17_reg/C
                               u_fp_domain/u_CORTEXM3INTEGRATION/u_cortexm3ds_logic/Z94107_reg/D
                                                              10.237        
u_fp_domain/u_CORTEXM3INTEGRATION/u_cortexm3ds_logic/T0nm17_reg/C
                               u_fp_domain/u_sram_top/u_itcm/U0/inst_blk_mem_gen/gnbram.gnativebmg.native_blk_mem_gen/valid.cstr/ramloop[19].ram.r/prim_init.ram/DEVICE_8SERIES.NO_BMM_INFO.SP.SIMPLE_PRIM36.ram/ADDRARDADDR[11]
                                                              10.240        
u_fp_domain/u_CORTEXM3INTEGRATION/u_cortexm3ds_logic/T0nm17_reg/C
                               u_fp_domain/u_sram_top/u_dtcm/U0/inst_blk_mem_gen/gnbram.gnativebmg.native_blk_mem_gen/valid.cstr/ramloop[26].ram.r/prim_init.ram/DEVICE_8SERIES.NO_BMM_INFO.SP.SIMPLE_PRIM36.ram/ADDRARDADDR[6]
                                                              10.240        
u_fp_domain/u_CORTEXM3INTEGRATION/u_cortexm3ds_logic/T0nm17_reg/C
                               u_fp_domain/u_CORTEXM3INTEGRATION/u_cortexm3ds_logic/Bqxf07_reg/D
                                                              10.242        
u_fp_domain/u_CORTEXM3INTEGRATION/u_cortexm3ds_logic/T0nm17_reg/C
                               u_fp_domain/u_sram_top/u_dtcm/U0/inst_blk_mem_gen/gnbram.gnativebmg.native_blk_mem_gen/valid.cstr/ramloop[25].ram.r/prim_init.ram/DEVICE_8SERIES.NO_BMM_INFO.SP.SIMPLE_PRIM36.ram/ADDRARDADDR[6]
                                                              10.245        
u_fp_domain/u_CORTEXM3INTEGRATION/u_cortexm3ds_logic/T0nm17_reg/C
                               u_fp_domain/u_CORTEXM3INTEGRATION/u_cortexm3ds_logic/Hsxf07_reg/D
                                                              10.245        
u_fp_domain/u_CORTEXM3INTEGRATION/u_cortexm3ds_logic/T0nm17_reg/C
                               u_fp_domain/u_sram_top/u_itcm/U0/inst_blk_mem_gen/gnbram.gnativebmg.native_blk_mem_gen/valid.cstr/ramloop[31].ram.r/prim_init.ram/DEVICE_8SERIES.NO_BMM_INFO.SP.SIMPLE_PRIM36.ram/ENARDEN
                                                              10.246        
u_fp_domain/u_CORTEXM3INTEGRATION/u_cortexm3ds_logic/T0nm17_reg/C
                               u_fp_domain/u_sram_top/u_dtcm/U0/inst_blk_mem_gen/gnbram.gnativebmg.native_blk_mem_gen/valid.cstr/ramloop[20].ram.r/prim_init.ram/DEVICE_8SERIES.NO_BMM_INFO.SP.SIMPLE_PRIM36.ram/ADDRARDADDR[12]
                                                              10.247        
u_fp_domain/u_CORTEXM3INTEGRATION/u_cortexm3ds_logic/T0nm17_reg/C
                               u_fp_domain/u_sram_top/u_itcm/U0/inst_blk_mem_gen/gnbram.gnativebmg.native_blk_mem_gen/valid.cstr/ramloop[4].ram.r/prim_init.ram/DEVICE_8SERIES.NO_BMM_INFO.SP.SIMPLE_PRIM36.ram/ADDRARDADDR[14]
                                                              10.247        
u_fp_domain/u_CORTEXM3INTEGRATION/u_cortexm3ds_logic/T0nm17_reg/C
                               u_fp_domain/u_sram_top/u_dtcm/U0/inst_blk_mem_gen/gnbram.gnativebmg.native_blk_mem_gen/valid.cstr/ramloop[20].ram.r/prim_init.ram/DEVICE_8SERIES.NO_BMM_INFO.SP.SIMPLE_PRIM36.ram/ADDRARDADDR[13]
                                                              10.247        
u_fp_domain/u_CORTEXM3INTEGRATION/u_cortexm3ds_logic/T0nm17_reg/C
                               u_fp_domain/u_sram_top/u_dtcm/U0/inst_blk_mem_gen/gnbram.gnativebmg.native_blk_mem_gen/valid.cstr/ramloop[25].ram.r/prim_init.ram/DEVICE_8SERIES.NO_BMM_INFO.SP.SIMPLE_PRIM36.ram/ADDRARDADDR[8]
                                                              10.247        
u_fp_domain/u_CORTEXM3INTEGRATION/u_cortexm3ds_logic/T0nm17_reg/C
                               u_fp_domain/u_sram_top/u_itcm/U0/inst_blk_mem_gen/gnbram.gnativebmg.native_blk_mem_gen/valid.cstr/ramloop[19].ram.r/prim_init.ram/DEVICE_8SERIES.NO_BMM_INFO.SP.SIMPLE_PRIM36.ram/ADDRARDADDR[5]
                                                              10.248        
u_fp_domain/u_CORTEXM3INTEGRATION/u_cortexm3ds_logic/Fz6oz6_reg/C
                               u_fp_domain/u_CORTEXM3INTEGRATION/u_cortexm3ds_logic/Kksnz6_reg/D
                                                              10.249        
u_fp_domain/u_CORTEXM3INTEGRATION/u_cortexm3ds_logic/T0nm17_reg/C
                               u_fp_domain/u_sram_top/u_dtcm/U0/inst_blk_mem_gen/gnbram.gnativebmg.native_blk_mem_gen/valid.cstr/ramloop[17].ram.r/prim_init.ram/DEVICE_8SERIES.NO_BMM_INFO.SP.SIMPLE_PRIM36.ram/ADDRARDADDR[6]
                                                              10.253        
u_fp_domain/u_CORTEXM3INTEGRATION/u_cortexm3ds_logic/T0nm17_reg/C
                               u_fp_domain/u_CORTEXM3INTEGRATION/u_cortexm3ds_logic/T16g07_reg/CE
                                                              10.254        
u_fp_domain/u_CORTEXM3INTEGRATION/u_cortexm3ds_logic/T0nm17_reg/C
                               u_fp_domain/u_sram_top/u_dtcm/U0/inst_blk_mem_gen/gnbram.gnativebmg.native_blk_mem_gen/valid.cstr/ramloop[17].ram.r/prim_init.ram/DEVICE_8SERIES.NO_BMM_INFO.SP.SIMPLE_PRIM36.ram/ADDRARDADDR[8]
                                                              10.255        
u_fp_domain/u_CORTEXM3INTEGRATION/u_cortexm3ds_logic/T0nm17_reg/C
                               u_fp_domain/u_sram_top/u_itcm/U0/inst_blk_mem_gen/gnbram.gnativebmg.native_blk_mem_gen/valid.cstr/ramloop[20].ram.r/prim_init.ram/DEVICE_8SERIES.NO_BMM_INFO.SP.SIMPLE_PRIM36.ram/ADDRARDADDR[8]
                                                              10.256        
u_fp_domain/u_CORTEXM3INTEGRATION/u_cortexm3ds_logic/T0nm17_reg/C
                               u_fp_domain/u_sram_top/u_dtcm/U0/inst_blk_mem_gen/gnbram.gnativebmg.native_blk_mem_gen/valid.cstr/ramloop[16].ram.r/prim_init.ram/DEVICE_8SERIES.NO_BMM_INFO.SP.SIMPLE_PRIM36.ram/ADDRARDADDR[9]
                                                              10.259        
u_fp_domain/u_CORTEXM3INTEGRATION/u_cortexm3ds_logic/T0nm17_reg/C
                               u_fp_domain/u_CORTEXM3INTEGRATION/u_cortexm3ds_logic/H34107_reg/D
                                                              10.260        
u_fp_domain/u_CORTEXM3INTEGRATION/u_cortexm3ds_logic/T0nm17_reg/C
                               u_fp_domain/u_sram_top/u_itcm/U0/inst_blk_mem_gen/gnbram.gnativebmg.native_blk_mem_gen/valid.cstr/ramloop[3].ram.r/prim_init.ram/DEVICE_8SERIES.NO_BMM_INFO.SP.SIMPLE_PRIM36.ram/ADDRARDADDR[14]
                                                              10.261        
u_fp_domain/u_CORTEXM3INTEGRATION/u_cortexm3ds_logic/T0nm17_reg/C
                               u_fp_domain/u_sram_top/u_itcm/U0/inst_blk_mem_gen/gnbram.gnativebmg.native_blk_mem_gen/valid.cstr/ramloop[3].ram.r/prim_init.ram/DEVICE_8SERIES.NO_BMM_INFO.SP.SIMPLE_PRIM36.ram/ADDRARDADDR[3]
                                                              10.261        
u_fp_domain/u_CORTEXM3INTEGRATION/u_cortexm3ds_logic/T0nm17_reg/C
                               u_fp_domain/u_CORTEXM3INTEGRATION/u_cortexm3ds_logic/Qw3107_reg/D
                                                              10.261        
u_fp_domain/u_CORTEXM3INTEGRATION/u_cortexm3ds_logic/T0nm17_reg/C
                               u_fp_domain/u_sram_top/u_dtcm/U0/inst_blk_mem_gen/gnbram.gnativebmg.native_blk_mem_gen/valid.cstr/ramloop[20].ram.r/prim_init.ram/DEVICE_8SERIES.NO_BMM_INFO.SP.SIMPLE_PRIM36.ram/ADDRARDADDR[7]
                                                              10.262        
u_fp_domain/u_CORTEXM3INTEGRATION/u_cortexm3ds_logic/T0nm17_reg/C
                               u_fp_domain/u_sram_top/u_dtcm/U0/inst_blk_mem_gen/gnbram.gnativebmg.native_blk_mem_gen/valid.cstr/ramloop[0].ram.r/prim_init.ram/DEVICE_8SERIES.NO_BMM_INFO.SP.SIMPLE_PRIM36.ram/ADDRARDADDR[13]
                                                              10.263        
u_fp_domain/u_CORTEXM3INTEGRATION/u_cortexm3ds_logic/T0nm17_reg/C
                               u_fp_domain/u_sram_top/u_dtcm/U0/inst_blk_mem_gen/gnbram.gnativebmg.native_blk_mem_gen/valid.cstr/ramloop[16].ram.r/prim_init.ram/DEVICE_8SERIES.NO_BMM_INFO.SP.SIMPLE_PRIM36.ram/ADDRARDADDR[5]
                                                              10.268        
u_fp_domain/u_CORTEXM3INTEGRATION/u_cortexm3ds_logic/T0nm17_reg/C
                               u_fp_domain/u_CORTEXM3INTEGRATION/u_cortexm3ds_logic/Ii5u07_reg/D
                                                              10.269        
u_fp_domain/u_CORTEXM3INTEGRATION/u_cortexm3ds_logic/T0nm17_reg/C
                               u_fp_domain/u_sram_top/u_dtcm/U0/inst_blk_mem_gen/gnbram.gnativebmg.native_blk_mem_gen/valid.cstr/ramloop[24].ram.r/prim_init.ram/DEVICE_8SERIES.NO_BMM_INFO.SP.SIMPLE_PRIM36.ram/ADDRARDADDR[14]
                                                              10.269        
u_fp_domain/u_CORTEXM3INTEGRATION/u_cortexm3ds_logic/T0nm17_reg/C
                               u_fp_domain/u_sram_top/u_itcm/U0/inst_blk_mem_gen/gnbram.gnativebmg.native_blk_mem_gen/valid.cstr/ramloop[19].ram.r/prim_init.ram/DEVICE_8SERIES.NO_BMM_INFO.SP.SIMPLE_PRIM36.ram/ADDRARDADDR[10]
                                                              10.270        
u_fp_domain/u_CORTEXM3INTEGRATION/u_cortexm3ds_logic/T0nm17_reg/C
                               u_fp_domain/u_sram_top/u_itcm/U0/inst_blk_mem_gen/gnbram.gnativebmg.native_blk_mem_gen/valid.cstr/ramloop[19].ram.r/prim_init.ram/DEVICE_8SERIES.NO_BMM_INFO.SP.SIMPLE_PRIM36.ram/ADDRARDADDR[4]
                                                              10.272        
u_fp_domain/u_CORTEXM3INTEGRATION/u_cortexm3ds_logic/T0nm17_reg/C
                               u_fp_domain/u_sram_top/u_dtcm/U0/inst_blk_mem_gen/gnbram.gnativebmg.native_blk_mem_gen/valid.cstr/ramloop[26].ram.r/prim_init.ram/DEVICE_8SERIES.NO_BMM_INFO.SP.SIMPLE_PRIM36.ram/ADDRARDADDR[14]
                                                              10.273        
u_fp_domain/u_CORTEXM3INTEGRATION/u_cortexm3ds_logic/T0nm17_reg/C
                               u_fp_domain/u_CORTEXM3INTEGRATION/u_cortexm3ds_logic/Yn7107_reg/D
                                                              10.278        
u_fp_domain/u_CORTEXM3INTEGRATION/u_cortexm3ds_logic/Jxpm17_reg/C
                               u_fp_domain/u_CORTEXM3INTEGRATION/u_cortexm3ds_logic/Ifloz6_reg/D
                                                              10.279        
u_fp_domain/u_CORTEXM3INTEGRATION/u_cortexm3ds_logic/T0nm17_reg/C
                               u_fp_domain/u_sram_top/u_dtcm/U0/inst_blk_mem_gen/gnbram.gnativebmg.native_blk_mem_gen/valid.cstr/ramloop[21].ram.r/prim_init.ram/DEVICE_8SERIES.NO_BMM_INFO.SP.SIMPLE_PRIM36.ram/ADDRARDADDR[13]
                                                              10.280        
u_fp_domain/u_CORTEXM3INTEGRATION/u_cortexm3ds_logic/T0nm17_reg/C
                               u_fp_domain/u_sram_top/u_itcm/U0/inst_blk_mem_gen/gnbram.gnativebmg.native_blk_mem_gen/valid.cstr/ramloop[6].ram.r/prim_init.ram/DEVICE_8SERIES.NO_BMM_INFO.SP.SIMPLE_PRIM36.ram/ADDRARDADDR[12]
                                                              10.281        
u_fp_domain/u_CORTEXM3INTEGRATION/u_cortexm3ds_logic/T0nm17_reg/C
                               u_fp_domain/u_sram_top/u_itcm/U0/inst_blk_mem_gen/gnbram.gnativebmg.native_blk_mem_gen/valid.cstr/ramloop[7].ram.r/prim_init.ram/DEVICE_8SERIES.NO_BMM_INFO.SP.SIMPLE_PRIM36.ram/ADDRARDADDR[5]
                                                              10.282        
u_fp_domain/u_CORTEXM3INTEGRATION/u_cortexm3ds_logic/T0nm17_reg/C
                               u_fp_domain/u_sram_top/u_itcm/U0/inst_blk_mem_gen/gnbram.gnativebmg.native_blk_mem_gen/valid.cstr/ramloop[17].ram.r/prim_init.ram/DEVICE_8SERIES.NO_BMM_INFO.SP.SIMPLE_PRIM36.ram/ADDRARDADDR[8]
                                                              10.283        
u_fp_domain/u_CORTEXM3INTEGRATION/u_cortexm3ds_logic/T0nm17_reg/C
                               u_fp_domain/u_sram_top/u_dtcm/U0/inst_blk_mem_gen/gnbram.gnativebmg.native_blk_mem_gen/valid.cstr/ramloop[26].ram.r/prim_init.ram/DEVICE_8SERIES.NO_BMM_INFO.SP.SIMPLE_PRIM36.ram/ADDRARDADDR[9]
                                                              10.285        
u_fp_domain/u_CORTEXM3INTEGRATION/u_cortexm3ds_logic/T0nm17_reg/C
                               u_fp_domain/u_sram_top/u_dtcm/U0/inst_blk_mem_gen/gnbram.gnativebmg.native_blk_mem_gen/valid.cstr/ramloop[16].ram.r/prim_init.ram/DEVICE_8SERIES.NO_BMM_INFO.SP.SIMPLE_PRIM36.ram/WEA[0]
                                                              10.288        
u_fp_domain/u_CORTEXM3INTEGRATION/u_cortexm3ds_logic/T0nm17_reg/C
                               u_fp_domain/u_sram_top/u_itcm/U0/inst_blk_mem_gen/gnbram.gnativebmg.native_blk_mem_gen/valid.cstr/ramloop[21].ram.r/prim_init.ram/DEVICE_8SERIES.NO_BMM_INFO.SP.SIMPLE_PRIM36.ram/ADDRARDADDR[6]
                                                              10.288        
u_fp_domain/u_CORTEXM3INTEGRATION/u_cortexm3ds_logic/T0nm17_reg/C
                               u_fp_domain/u_CORTEXM3INTEGRATION/u_cortexm3ds_logic/Qskoz6_reg/D
                                                              10.289        
u_fp_domain/u_CORTEXM3INTEGRATION/u_cortexm3ds_logic/T0nm17_reg/C
                               u_fp_domain/u_sram_top/u_itcm/U0/inst_blk_mem_gen/gnbram.gnativebmg.native_blk_mem_gen/valid.cstr/ramloop[12].ram.r/prim_init.ram/DEVICE_8SERIES.NO_BMM_INFO.SP.SIMPLE_PRIM36.ram/ENARDEN
                                                              10.289        
u_fp_domain/u_CORTEXM3INTEGRATION/u_cortexm3ds_logic/T0nm17_reg/C
                               u_fp_domain/u_sram_top/u_itcm/U0/inst_blk_mem_gen/gnbram.gnativebmg.native_blk_mem_gen/valid.cstr/ramloop[28].ram.r/prim_init.ram/DEVICE_8SERIES.NO_BMM_INFO.SP.SIMPLE_PRIM36.ram/ENARDEN
                                                              10.290        
u_fp_domain/u_CORTEXM3INTEGRATION/u_cortexm3ds_logic/T0nm17_reg/C
                               u_fp_domain/u_sram_top/u_dtcm/U0/inst_blk_mem_gen/gnbram.gnativebmg.native_blk_mem_gen/valid.cstr/ramloop[24].ram.r/prim_init.ram/DEVICE_8SERIES.NO_BMM_INFO.SP.SIMPLE_PRIM36.ram/ADDRARDADDR[3]
                                                              10.290        
u_fp_domain/u_CORTEXM3INTEGRATION/u_cortexm3ds_logic/T0nm17_reg/C
                               u_fp_domain/u_sram_top/u_itcm/U0/inst_blk_mem_gen/gnbram.gnativebmg.native_blk_mem_gen/valid.cstr/ramloop[4].ram.r/prim_init.ram/DEVICE_8SERIES.NO_BMM_INFO.SP.SIMPLE_PRIM36.ram/ADDRARDADDR[6]
                                                              10.292        
u_fp_domain/u_CORTEXM3INTEGRATION/u_cortexm3ds_logic/T0nm17_reg/C
                               u_fp_domain/u_CORTEXM3INTEGRATION/u_cortexm3ds_logic/Ualoz6_reg/D
                                                              10.293        
u_fp_domain/u_CORTEXM3INTEGRATION/u_cortexm3ds_logic/T0nm17_reg/C
                               u_fp_domain/u_sram_top/u_itcm/U0/inst_blk_mem_gen/gnbram.gnativebmg.native_blk_mem_gen/valid.cstr/ramloop[3].ram.r/prim_init.ram/DEVICE_8SERIES.NO_BMM_INFO.SP.SIMPLE_PRIM36.ram/ADDRARDADDR[13]
                                                              10.293        
u_fp_domain/u_CORTEXM3INTEGRATION/u_cortexm3ds_logic/T0nm17_reg/C
                               u_fp_domain/u_CORTEXM3INTEGRATION/u_cortexm3ds_logic/Na5u07_reg/D
                                                              10.299        
u_fp_domain/u_CORTEXM3INTEGRATION/u_cortexm3ds_logic/T0nm17_reg/C
                               u_fp_domain/u_sram_top/u_dtcm/U0/inst_blk_mem_gen/gnbram.gnativebmg.native_blk_mem_gen/valid.cstr/ramloop[0].ram.r/prim_init.ram/DEVICE_8SERIES.NO_BMM_INFO.SP.SIMPLE_PRIM36.ram/ADDRARDADDR[10]
                                                              10.300        
u_fp_domain/u_CORTEXM3INTEGRATION/u_cortexm3ds_logic/T0nm17_reg/C
                               u_fp_domain/u_sram_top/u_dtcm/U0/inst_blk_mem_gen/gnbram.gnativebmg.native_blk_mem_gen/valid.cstr/ramloop[26].ram.r/prim_init.ram/DEVICE_8SERIES.NO_BMM_INFO.SP.SIMPLE_PRIM36.ram/ADDRARDADDR[3]
                                                              10.300        
u_fp_domain/u_CORTEXM3INTEGRATION/u_cortexm3ds_logic/T0nm17_reg/C
                               u_fp_domain/u_sram_top/u_dtcm/U0/inst_blk_mem_gen/gnbram.gnativebmg.native_blk_mem_gen/valid.cstr/ramloop[26].ram.r/prim_init.ram/DEVICE_8SERIES.NO_BMM_INFO.SP.SIMPLE_PRIM36.ram/ADDRARDADDR[5]
                                                              10.301        
u_fp_domain/u_CORTEXM3INTEGRATION/u_cortexm3ds_logic/T0nm17_reg/C
                               u_fp_domain/u_sram_top/u_itcm/U0/inst_blk_mem_gen/gnbram.gnativebmg.native_blk_mem_gen/valid.cstr/ramloop[1].ram.r/prim_init.ram/DEVICE_8SERIES.NO_BMM_INFO.SP.SIMPLE_PRIM36.ram/ADDRARDADDR[11]
                                                              10.302        
u_fp_domain/u_CORTEXM3INTEGRATION/u_cortexm3ds_logic/T0nm17_reg/C
                               u_fp_domain/u_sram_top/u_dtcm/U0/inst_blk_mem_gen/gnbram.gnativebmg.native_blk_mem_gen/valid.cstr/ramloop[20].ram.r/prim_init.ram/DEVICE_8SERIES.NO_BMM_INFO.SP.SIMPLE_PRIM36.ram/ADDRARDADDR[3]
                                                              10.305        
u_fp_domain/u_CORTEXM3INTEGRATION/u_cortexm3ds_logic/T0nm17_reg/C
                               u_fp_domain/u_sram_top/u_itcm/U0/inst_blk_mem_gen/gnbram.gnativebmg.native_blk_mem_gen/valid.cstr/ramloop[20].ram.r/prim_init.ram/DEVICE_8SERIES.NO_BMM_INFO.SP.SIMPLE_PRIM36.ram/ADDRARDADDR[9]
                                                              10.306        
u_fp_domain/u_CORTEXM3INTEGRATION/u_cortexm3ds_logic/T0nm17_reg/C
                               u_fp_domain/u_sram_top/u_itcm/U0/inst_blk_mem_gen/gnbram.gnativebmg.native_blk_mem_gen/valid.cstr/ramloop[3].ram.r/prim_init.ram/DEVICE_8SERIES.NO_BMM_INFO.SP.SIMPLE_PRIM36.ram/ADDRARDADDR[12]
                                                              10.306        
u_fp_domain/u_CORTEXM3INTEGRATION/u_cortexm3ds_logic/T0nm17_reg/C
                               u_fp_domain/u_sram_top/u_dtcm/U0/inst_blk_mem_gen/gnbram.gnativebmg.native_blk_mem_gen/valid.cstr/ramloop[29].ram.r/prim_init.ram/DEVICE_8SERIES.NO_BMM_INFO.SP.SIMPLE_PRIM36.ram/ADDRARDADDR[4]
                                                              10.307        
u_fp_domain/u_CORTEXM3INTEGRATION/u_cortexm3ds_logic/T0nm17_reg/C
                               u_fp_domain/u_sram_top/u_dtcm/U0/inst_blk_mem_gen/gnbram.gnativebmg.native_blk_mem_gen/valid.cstr/ramloop[27].ram.r/prim_init.ram/DEVICE_8SERIES.NO_BMM_INFO.SP.SIMPLE_PRIM36.ram/ADDRARDADDR[9]
                                                              10.308        
u_fp_domain/u_CORTEXM3INTEGRATION/u_cortexm3ds_logic/Jxpm17_reg/C
                               u_fp_domain/u_CORTEXM3INTEGRATION/u_cortexm3ds_logic/Bdloz6_reg/D
                                                              10.309        
u_fp_domain/u_CORTEXM3INTEGRATION/u_cortexm3ds_logic/T0nm17_reg/C
                               u_fp_domain/u_CORTEXM3INTEGRATION/u_cortexm3ds_logic/Bfkoz6_reg/D
                                                              10.311        
u_fp_domain/u_CORTEXM3INTEGRATION/u_cortexm3ds_logic/T0nm17_reg/C
                               u_fp_domain/u_sram_top/u_itcm/U0/inst_blk_mem_gen/gnbram.gnativebmg.native_blk_mem_gen/valid.cstr/ramloop[20].ram.r/prim_init.ram/DEVICE_8SERIES.NO_BMM_INFO.SP.SIMPLE_PRIM36.ram/ADDRARDADDR[7]
                                                              10.314        
u_fp_domain/u_CORTEXM3INTEGRATION/u_cortexm3ds_logic/T0nm17_reg/C
                               u_fp_domain/u_sram_top/u_itcm/U0/inst_blk_mem_gen/gnbram.gnativebmg.native_blk_mem_gen/valid.cstr/ramloop[7].ram.r/prim_init.ram/DEVICE_8SERIES.NO_BMM_INFO.SP.SIMPLE_PRIM36.ram/ADDRARDADDR[10]
                                                              10.318        
u_fp_domain/u_CORTEXM3INTEGRATION/u_cortexm3ds_logic/T0nm17_reg/C
                               u_fp_domain/u_CORTEXM3INTEGRATION/u_cortexm3ds_logic/Ojkoz6_reg/D
                                                              10.319        
u_fp_domain/u_CORTEXM3INTEGRATION/u_cortexm3ds_logic/T0nm17_reg/C
                               u_fp_domain/u_sram_top/u_itcm/U0/inst_blk_mem_gen/gnbram.gnativebmg.native_blk_mem_gen/valid.cstr/ramloop[4].ram.r/prim_init.ram/DEVICE_8SERIES.NO_BMM_INFO.SP.SIMPLE_PRIM36.ram/ADDRARDADDR[4]
                                                              10.319        
u_fp_domain/u_CORTEXM3INTEGRATION/u_cortexm3ds_logic/T0nm17_reg/C
                               u_fp_domain/u_sram_top/u_itcm/U0/inst_blk_mem_gen/gnbram.gnativebmg.native_blk_mem_gen/valid.cstr/ramloop[2].ram.r/prim_init.ram/DEVICE_8SERIES.NO_BMM_INFO.SP.SIMPLE_PRIM36.ram/ADDRARDADDR[4]
                                                              10.320        
u_fp_domain/u_CORTEXM3INTEGRATION/u_cortexm3ds_logic/T0nm17_reg/C
                               u_fp_domain/u_sram_top/u_itcm/U0/inst_blk_mem_gen/gnbram.gnativebmg.native_blk_mem_gen/valid.cstr/ramloop[5].ram.r/prim_init.ram/DEVICE_8SERIES.NO_BMM_INFO.SP.SIMPLE_PRIM36.ram/WEA[0]
                                                              10.321        
u_fp_domain/u_CORTEXM3INTEGRATION/u_cortexm3ds_logic/T0nm17_reg/C
                               u_fp_domain/u_sram_top/u_itcm/U0/inst_blk_mem_gen/gnbram.gnativebmg.native_blk_mem_gen/valid.cstr/ramloop[22].ram.r/prim_init.ram/DEVICE_8SERIES.NO_BMM_INFO.SP.SIMPLE_PRIM36.ram/ENARDEN
                                                              10.322        
u_fp_domain/u_CORTEXM3INTEGRATION/u_cortexm3ds_logic/T0nm17_reg/C
                               u_fp_domain/u_sram_top/u_dtcm/U0/inst_blk_mem_gen/gnbram.gnativebmg.native_blk_mem_gen/valid.cstr/ramloop[16].ram.r/prim_init.ram/DEVICE_8SERIES.NO_BMM_INFO.SP.SIMPLE_PRIM36.ram/ADDRARDADDR[10]
                                                              10.324        
u_fp_domain/u_CORTEXM3INTEGRATION/u_cortexm3ds_logic/T0nm17_reg/C
                               u_fp_domain/u_sram_top/u_dtcm/U0/inst_blk_mem_gen/gnbram.gnativebmg.native_blk_mem_gen/valid.cstr/ramloop[25].ram.r/prim_init.ram/DEVICE_8SERIES.NO_BMM_INFO.SP.SIMPLE_PRIM36.ram/ADDRARDADDR[12]
                                                              10.329        
u_fp_domain/u_CORTEXM3INTEGRATION/u_cortexm3ds_logic/T0nm17_reg/C
                               u_fp_domain/u_sram_top/u_itcm/U0/inst_blk_mem_gen/gnbram.gnativebmg.native_blk_mem_gen/valid.cstr/ramloop[7].ram.r/prim_init.ram/DEVICE_8SERIES.NO_BMM_INFO.SP.SIMPLE_PRIM36.ram/ADDRARDADDR[9]
                                                              10.333        
u_fp_domain/u_CORTEXM3INTEGRATION/u_cortexm3ds_logic/T0nm17_reg/C
                               u_fp_domain/u_sram_top/u_dtcm/U0/inst_blk_mem_gen/gnbram.gnativebmg.native_blk_mem_gen/valid.cstr/ramloop[21].ram.r/prim_init.ram/DEVICE_8SERIES.NO_BMM_INFO.SP.SIMPLE_PRIM36.ram/ADDRARDADDR[14]
                                                              10.333        
u_fp_domain/u_CORTEXM3INTEGRATION/u_cortexm3ds_logic/T0nm17_reg/C
                               u_fp_domain/u_sram_top/u_itcm/U0/inst_blk_mem_gen/gnbram.gnativebmg.native_blk_mem_gen/valid.cstr/ramloop[3].ram.r/prim_init.ram/DEVICE_8SERIES.NO_BMM_INFO.SP.SIMPLE_PRIM36.ram/ADDRARDADDR[9]
                                                              10.334        
u_fp_domain/u_CORTEXM3INTEGRATION/u_cortexm3ds_logic/T0nm17_reg/C
                               u_fp_domain/u_sram_top/u_itcm/U0/inst_blk_mem_gen/gnbram.gnativebmg.native_blk_mem_gen/valid.cstr/ramloop[1].ram.r/prim_init.ram/DEVICE_8SERIES.NO_BMM_INFO.SP.SIMPLE_PRIM36.ram/ADDRARDADDR[8]
                                                              10.336        
u_fp_domain/u_CORTEXM3INTEGRATION/u_cortexm3ds_logic/T0nm17_reg/C
                               u_fp_domain/u_CORTEXM3INTEGRATION/u_cortexm3ds_logic/Q6yzz6_reg/D
                                                              10.338        
u_fp_domain/u_CORTEXM3INTEGRATION/u_cortexm3ds_logic/T0nm17_reg/C
                               u_fp_domain/u_sram_top/u_itcm/U0/inst_blk_mem_gen/gnbram.gnativebmg.native_blk_mem_gen/valid.cstr/ramloop[20].ram.r/prim_init.ram/DEVICE_8SERIES.NO_BMM_INFO.SP.SIMPLE_PRIM36.ram/ADDRARDADDR[14]
                                                              10.339        
u_fp_domain/u_CORTEXM3INTEGRATION/u_cortexm3ds_logic/T0nm17_reg/C
                               u_fp_domain/u_CORTEXM3INTEGRATION/u_cortexm3ds_logic/Pp4107_reg/D
                                                              10.339        
u_fp_domain/u_CORTEXM3INTEGRATION/u_cortexm3ds_logic/T0nm17_reg/C
                               u_fp_domain/u_sram_top/u_dtcm/U0/inst_blk_mem_gen/gnbram.gnativebmg.native_blk_mem_gen/valid.cstr/ramloop[30].ram.r/prim_init.ram/DEVICE_8SERIES.NO_BMM_INFO.SP.SIMPLE_PRIM36.ram/ADDRARDADDR[13]
                                                              10.340        
u_fp_domain/u_CORTEXM3INTEGRATION/u_cortexm3ds_logic/T0nm17_reg/C
                               u_fp_domain/u_CORTEXM3INTEGRATION/u_cortexm3ds_logic/T50oz6_reg/D
                                                              10.343        
u_fp_domain/u_CORTEXM3INTEGRATION/u_cortexm3ds_logic/T0nm17_reg/C
                               u_fp_domain/u_sram_top/u_itcm/U0/inst_blk_mem_gen/gnbram.gnativebmg.native_blk_mem_gen/valid.cstr/ramloop[7].ram.r/prim_init.ram/DEVICE_8SERIES.NO_BMM_INFO.SP.SIMPLE_PRIM36.ram/ADDRARDADDR[14]
                                                              10.343        
u_fp_domain/u_CORTEXM3INTEGRATION/u_cortexm3ds_logic/T0nm17_reg/C
                               u_fp_domain/u_sram_top/u_itcm/U0/inst_blk_mem_gen/gnbram.gnativebmg.native_blk_mem_gen/valid.cstr/ramloop[5].ram.r/prim_init.ram/DEVICE_8SERIES.NO_BMM_INFO.SP.SIMPLE_PRIM36.ram/ADDRARDADDR[12]
                                                              10.344        
u_fp_domain/u_CORTEXM3INTEGRATION/u_cortexm3ds_logic/T0nm17_reg/C
                               u_fp_domain/u_sram_top/u_itcm/U0/inst_blk_mem_gen/gnbram.gnativebmg.native_blk_mem_gen/valid.cstr/ramloop[20].ram.r/prim_init.ram/DEVICE_8SERIES.NO_BMM_INFO.SP.SIMPLE_PRIM36.ram/ADDRARDADDR[11]
                                                              10.346        
u_fp_domain/u_CORTEXM3INTEGRATION/u_cortexm3ds_logic/T0nm17_reg/C
                               u_fp_domain/u_sram_top/u_dtcm/U0/inst_blk_mem_gen/gnbram.gnativebmg.native_blk_mem_gen/valid.cstr/ramloop[16].ram.r/prim_init.ram/DEVICE_8SERIES.NO_BMM_INFO.SP.SIMPLE_PRIM36.ram/ADDRARDADDR[7]
                                                              10.346        
u_fp_domain/u_CORTEXM3INTEGRATION/u_cortexm3ds_logic/T0nm17_reg/C
                               u_fp_domain/u_sram_top/u_dtcm/U0/inst_blk_mem_gen/gnbram.gnativebmg.native_blk_mem_gen/valid.cstr/ramloop[25].ram.r/prim_init.ram/DEVICE_8SERIES.NO_BMM_INFO.SP.SIMPLE_PRIM36.ram/ADDRARDADDR[10]
                                                              10.347        
u_fp_domain/u_CORTEXM3INTEGRATION/u_cortexm3ds_logic/T0nm17_reg/C
                               u_fp_domain/u_sram_top/u_itcm/U0/inst_blk_mem_gen/gnbram.gnativebmg.native_blk_mem_gen/valid.cstr/ramloop[17].ram.r/prim_init.ram/DEVICE_8SERIES.NO_BMM_INFO.SP.SIMPLE_PRIM36.ram/ADDRARDADDR[3]
                                                              10.347        
u_fp_domain/u_CORTEXM3INTEGRATION/u_cortexm3ds_logic/T0nm17_reg/C
                               u_fp_domain/u_sram_top/u_dtcm/U0/inst_blk_mem_gen/gnbram.gnativebmg.native_blk_mem_gen/valid.cstr/ramloop[23].ram.r/prim_init.ram/DEVICE_8SERIES.NO_BMM_INFO.SP.SIMPLE_PRIM36.ram/WEA[0]
                                                              10.352        
u_fp_domain/u_CORTEXM3INTEGRATION/u_cortexm3ds_logic/T0nm17_reg/C
                               u_fp_domain/u_sram_top/u_dtcm/U0/inst_blk_mem_gen/gnbram.gnativebmg.native_blk_mem_gen/valid.cstr/ramloop[24].ram.r/prim_init.ram/DEVICE_8SERIES.NO_BMM_INFO.SP.SIMPLE_PRIM36.ram/ADDRARDADDR[10]
                                                              10.354        
u_fp_domain/u_CORTEXM3INTEGRATION/u_cortexm3ds_logic/T0nm17_reg/C
                               u_fp_domain/u_sram_top/u_itcm/U0/inst_blk_mem_gen/gnbram.gnativebmg.native_blk_mem_gen/valid.cstr/ramloop[3].ram.r/prim_init.ram/DEVICE_8SERIES.NO_BMM_INFO.SP.SIMPLE_PRIM36.ram/ADDRARDADDR[8]
                                                              10.355        
u_fp_domain/u_CORTEXM3INTEGRATION/u_cortexm3ds_logic/T0nm17_reg/C
                               u_fp_domain/u_sram_top/u_itcm/U0/inst_blk_mem_gen/gnbram.gnativebmg.native_blk_mem_gen/valid.cstr/ramloop[1].ram.r/prim_init.ram/DEVICE_8SERIES.NO_BMM_INFO.SP.SIMPLE_PRIM36.ram/ADDRARDADDR[4]
                                                              10.356        
u_fp_domain/u_CORTEXM3INTEGRATION/u_cortexm3ds_logic/T0nm17_reg/C
                               u_fp_domain/u_sram_top/u_itcm/U0/inst_blk_mem_gen/gnbram.gnativebmg.native_blk_mem_gen/valid.cstr/ramloop[20].ram.r/prim_init.ram/DEVICE_8SERIES.NO_BMM_INFO.SP.SIMPLE_PRIM36.ram/ADDRARDADDR[13]
                                                              10.357        
u_fp_domain/u_CORTEXM3INTEGRATION/u_cortexm3ds_logic/T0nm17_reg/C
                               u_fp_domain/u_sram_top/u_itcm/U0/inst_blk_mem_gen/gnbram.gnativebmg.native_blk_mem_gen/valid.cstr/ramloop[3].ram.r/prim_init.ram/DEVICE_8SERIES.NO_BMM_INFO.SP.SIMPLE_PRIM36.ram/ADDRARDADDR[5]
                                                              10.357        
u_fp_domain/u_CORTEXM3INTEGRATION/u_cortexm3ds_logic/T0nm17_reg/C
                               u_fp_domain/u_CORTEXM3INTEGRATION/u_cortexm3ds_logic/Z76g07_reg/D
                                                              10.357        
u_fp_domain/u_CORTEXM3INTEGRATION/u_cortexm3ds_logic/T0nm17_reg/C
                               u_fp_domain/u_sram_top/u_itcm/U0/inst_blk_mem_gen/gnbram.gnativebmg.native_blk_mem_gen/valid.cstr/ramloop[27].ram.r/prim_init.ram/DEVICE_8SERIES.NO_BMM_INFO.SP.SIMPLE_PRIM36.ram/ENARDEN
                                                              10.360        
u_fp_domain/u_CORTEXM3INTEGRATION/u_cortexm3ds_logic/T0nm17_reg/C
                               u_fp_domain/u_sram_top/u_dtcm/U0/inst_blk_mem_gen/gnbram.gnativebmg.native_blk_mem_gen/valid.cstr/ramloop[26].ram.r/prim_init.ram/DEVICE_8SERIES.NO_BMM_INFO.SP.SIMPLE_PRIM36.ram/ADDRARDADDR[7]
                                                              10.361        
u_fp_domain/u_CORTEXM3INTEGRATION/u_cortexm3ds_logic/T0nm17_reg/C
                               u_fp_domain/u_sram_top/u_itcm/U0/inst_blk_mem_gen/gnbram.gnativebmg.native_blk_mem_gen/valid.cstr/ramloop[20].ram.r/prim_init.ram/DEVICE_8SERIES.NO_BMM_INFO.SP.SIMPLE_PRIM36.ram/ADDRARDADDR[5]
                                                              10.362        
u_fp_domain/u_CORTEXM3INTEGRATION/u_cortexm3ds_logic/T0nm17_reg/C
                               u_fp_domain/u_sram_top/u_itcm/U0/inst_blk_mem_gen/gnbram.gnativebmg.native_blk_mem_gen/valid.cstr/ramloop[16].ram.r/prim_init.ram/DEVICE_8SERIES.NO_BMM_INFO.SP.SIMPLE_PRIM36.ram/ENARDEN
                                                              10.363        
u_fp_domain/u_CORTEXM3INTEGRATION/u_cortexm3ds_logic/T0nm17_reg/C
                               u_fp_domain/u_sram_top/u_dtcm/U0/inst_blk_mem_gen/gnbram.gnativebmg.native_blk_mem_gen/valid.cstr/ramloop[20].ram.r/prim_init.ram/DEVICE_8SERIES.NO_BMM_INFO.SP.SIMPLE_PRIM36.ram/ADDRARDADDR[4]
                                                              10.363        
u_fp_domain/u_CORTEXM3INTEGRATION/u_cortexm3ds_logic/Jxpm17_reg/C
                               u_fp_domain/u_CORTEXM3INTEGRATION/u_cortexm3ds_logic/Phloz6_reg/D
                                                              10.364        
u_fp_domain/u_CORTEXM3INTEGRATION/u_cortexm3ds_logic/T0nm17_reg/C
                               u_fp_domain/u_sram_top/u_dtcm/U0/inst_blk_mem_gen/gnbram.gnativebmg.native_blk_mem_gen/valid.cstr/ramloop[0].ram.r/prim_init.ram/DEVICE_8SERIES.NO_BMM_INFO.SP.SIMPLE_PRIM36.ram/ADDRARDADDR[14]
                                                              10.364        
u_fp_domain/u_CORTEXM3INTEGRATION/u_cortexm3ds_logic/T0nm17_reg/C
                               u_fp_domain/u_sram_top/u_itcm/U0/inst_blk_mem_gen/gnbram.gnativebmg.native_blk_mem_gen/valid.cstr/ramloop[0].ram.r/prim_init.ram/DEVICE_8SERIES.NO_BMM_INFO.SP.SIMPLE_PRIM36.ram/ADDRARDADDR[12]
                                                              10.367        
u_fp_domain/u_CORTEXM3INTEGRATION/u_cortexm3ds_logic/T0nm17_reg/C
                               u_fp_domain/u_sram_top/u_itcm/U0/inst_blk_mem_gen/gnbram.gnativebmg.native_blk_mem_gen/valid.cstr/ramloop[8].ram.r/prim_init.ram/DEVICE_8SERIES.NO_BMM_INFO.SP.SIMPLE_PRIM36.ram/ADDRARDADDR[12]
                                                              10.367        
u_fp_domain/u_CORTEXM3INTEGRATION/u_cortexm3ds_logic/T0nm17_reg/C
                               u_fp_domain/u_sram_top/u_dtcm/U0/inst_blk_mem_gen/gnbram.gnativebmg.native_blk_mem_gen/valid.cstr/ramloop[30].ram.r/prim_init.ram/DEVICE_8SERIES.NO_BMM_INFO.SP.SIMPLE_PRIM36.ram/ADDRARDADDR[6]
                                                              10.367        
u_fp_domain/u_CORTEXM3INTEGRATION/u_cortexm3ds_logic/T0nm17_reg/C
                               u_fp_domain/u_sram_top/u_itcm/U0/inst_blk_mem_gen/gnbram.gnativebmg.native_blk_mem_gen/valid.cstr/ramloop[2].ram.r/prim_init.ram/DEVICE_8SERIES.NO_BMM_INFO.SP.SIMPLE_PRIM36.ram/ADDRARDADDR[3]
                                                              10.367        
u_fp_domain/u_CORTEXM3INTEGRATION/u_cortexm3ds_logic/T0nm17_reg/C
                               u_fp_domain/u_sram_top/u_itcm/U0/inst_blk_mem_gen/gnbram.gnativebmg.native_blk_mem_gen/valid.cstr/ramloop[3].ram.r/prim_init.ram/DEVICE_8SERIES.NO_BMM_INFO.SP.SIMPLE_PRIM36.ram/ADDRARDADDR[4]
                                                              10.368        
u_fp_domain/u_CORTEXM3INTEGRATION/u_cortexm3ds_logic/T0nm17_reg/C
                               u_fp_domain/u_sram_top/u_dtcm/U0/inst_blk_mem_gen/gnbram.gnativebmg.native_blk_mem_gen/valid.cstr/ramloop[27].ram.r/prim_init.ram/DEVICE_8SERIES.NO_BMM_INFO.SP.SIMPLE_PRIM36.ram/ADDRARDADDR[13]
                                                              10.369        
u_fp_domain/u_CORTEXM3INTEGRATION/u_cortexm3ds_logic/T0nm17_reg/C
                               u_fp_domain/u_sram_top/u_dtcm/U0/inst_blk_mem_gen/gnbram.gnativebmg.native_blk_mem_gen/valid.cstr/ramloop[30].ram.r/prim_init.ram/DEVICE_8SERIES.NO_BMM_INFO.SP.SIMPLE_PRIM36.ram/ADDRARDADDR[8]
                                                              10.369        
u_fp_domain/u_CORTEXM3INTEGRATION/u_cortexm3ds_logic/T0nm17_reg/C
                               u_fp_domain/u_sram_top/u_dtcm/U0/inst_blk_mem_gen/gnbram.gnativebmg.native_blk_mem_gen/valid.cstr/ramloop[17].ram.r/prim_init.ram/DEVICE_8SERIES.NO_BMM_INFO.SP.SIMPLE_PRIM36.ram/ADDRARDADDR[3]
                                                              10.371        
u_fp_domain/u_CORTEXM3INTEGRATION/u_cortexm3ds_logic/T0nm17_reg/C
                               u_fp_domain/u_sram_top/u_itcm/U0/inst_blk_mem_gen/gnbram.gnativebmg.native_blk_mem_gen/valid.cstr/ramloop[20].ram.r/prim_init.ram/DEVICE_8SERIES.NO_BMM_INFO.SP.SIMPLE_PRIM36.ram/WEA[0]
                                                              10.372        
u_fp_domain/u_CORTEXM3INTEGRATION/u_cortexm3ds_logic/T0nm17_reg/C
                               u_fp_domain/u_sram_top/u_itcm/U0/inst_blk_mem_gen/gnbram.gnativebmg.native_blk_mem_gen/valid.cstr/ramloop[20].ram.r/prim_init.ram/DEVICE_8SERIES.NO_BMM_INFO.SP.SIMPLE_PRIM36.ram/ADDRARDADDR[10]
                                                              10.373        
u_fp_domain/u_CORTEXM3INTEGRATION/u_cortexm3ds_logic/T0nm17_reg/C
                               u_fp_domain/u_sram_top/u_itcm/U0/inst_blk_mem_gen/gnbram.gnativebmg.native_blk_mem_gen/valid.cstr/ramloop[24].ram.r/prim_init.ram/DEVICE_8SERIES.NO_BMM_INFO.SP.SIMPLE_PRIM36.ram/ENARDEN
                                                              10.374        
u_fp_domain/u_CORTEXM3INTEGRATION/u_cortexm3ds_logic/T0nm17_reg/C
                               u_fp_domain/u_sram_top/u_dtcm/U0/inst_blk_mem_gen/gnbram.gnativebmg.native_blk_mem_gen/valid.cstr/ramloop[16].ram.r/prim_init.ram/DEVICE_8SERIES.NO_BMM_INFO.SP.SIMPLE_PRIM36.ram/ADDRARDADDR[12]
                                                              10.375        
u_fp_domain/u_CORTEXM3INTEGRATION/u_cortexm3ds_logic/T0nm17_reg/C
                               u_fp_domain/u_sram_top/u_dtcm/U0/inst_blk_mem_gen/gnbram.gnativebmg.native_blk_mem_gen/valid.cstr/ramloop[25].ram.r/prim_init.ram/DEVICE_8SERIES.NO_BMM_INFO.SP.SIMPLE_PRIM36.ram/ADDRARDADDR[11]
                                                              10.376        
u_fp_domain/u_CORTEXM3INTEGRATION/u_cortexm3ds_logic/T0nm17_reg/C
                               u_fp_domain/u_sram_top/u_dtcm/U0/inst_blk_mem_gen/gnbram.gnativebmg.native_blk_mem_gen/valid.cstr/ramloop[20].ram.r/prim_init.ram/DEVICE_8SERIES.NO_BMM_INFO.SP.SIMPLE_PRIM36.ram/ADDRARDADDR[11]
                                                              10.377        
u_fp_domain/u_CORTEXM3INTEGRATION/u_cortexm3ds_logic/T0nm17_reg/C
                               u_fp_domain/u_sram_top/u_itcm/U0/inst_blk_mem_gen/gnbram.gnativebmg.native_blk_mem_gen/valid.cstr/ramloop[4].ram.r/prim_init.ram/DEVICE_8SERIES.NO_BMM_INFO.SP.SIMPLE_PRIM36.ram/ADDRARDADDR[11]
                                                              10.378        
u_fp_domain/u_CORTEXM3INTEGRATION/u_cortexm3ds_logic/T0nm17_reg/C
                               u_fp_domain/u_sram_top/u_dtcm/U0/inst_blk_mem_gen/gnbram.gnativebmg.native_blk_mem_gen/valid.cstr/ramloop[21].ram.r/prim_init.ram/DEVICE_8SERIES.NO_BMM_INFO.SP.SIMPLE_PRIM36.ram/ADDRARDADDR[9]
                                                              10.378        
u_fp_domain/u_CORTEXM3INTEGRATION/u_cortexm3ds_logic/T0nm17_reg/C
                               u_fp_domain/u_sram_top/u_itcm/U0/inst_blk_mem_gen/gnbram.gnativebmg.native_blk_mem_gen/valid.cstr/ramloop[6].ram.r/prim_init.ram/DEVICE_8SERIES.NO_BMM_INFO.SP.SIMPLE_PRIM36.ram/WEA[0]
                                                              10.379        
u_fp_domain/u_CORTEXM3INTEGRATION/u_cortexm3ds_logic/T0nm17_reg/C
                               u_fp_domain/u_sram_top/u_itcm/U0/inst_blk_mem_gen/gnbram.gnativebmg.native_blk_mem_gen/valid.cstr/ramloop[19].ram.r/prim_init.ram/DEVICE_8SERIES.NO_BMM_INFO.SP.SIMPLE_PRIM36.ram/ADDRARDADDR[3]
                                                              10.379        
u_fp_domain/u_CORTEXM3INTEGRATION/u_cortexm3ds_logic/T0nm17_reg/C
                               u_fp_domain/u_sram_top/u_itcm/U0/inst_blk_mem_gen/gnbram.gnativebmg.native_blk_mem_gen/valid.cstr/ramloop[6].ram.r/prim_init.ram/DEVICE_8SERIES.NO_BMM_INFO.SP.SIMPLE_PRIM36.ram/ADDRARDADDR[3]
                                                              10.379        
u_fp_domain/u_CORTEXM3INTEGRATION/u_cortexm3ds_logic/T0nm17_reg/C
                               u_fp_domain/u_sram_top/u_dtcm/U0/inst_blk_mem_gen/gnbram.gnativebmg.native_blk_mem_gen/valid.cstr/ramloop[17].ram.r/prim_init.ram/DEVICE_8SERIES.NO_BMM_INFO.SP.SIMPLE_PRIM36.ram/ADDRARDADDR[5]
                                                              10.380        
u_fp_domain/u_CORTEXM3INTEGRATION/u_cortexm3ds_logic/T0nm17_reg/C
                               u_fp_domain/u_CORTEXM3INTEGRATION/u_cortexm3ds_logic/A63nz6_reg/CE
                                                              10.381        
u_fp_domain/u_CORTEXM3INTEGRATION/u_cortexm3ds_logic/T0nm17_reg/C
                               u_fp_domain/u_CORTEXM3INTEGRATION/u_cortexm3ds_logic/Z3loz6_reg/D
                                                              10.386        
u_fp_domain/u_CORTEXM3INTEGRATION/u_cortexm3ds_logic/T0nm17_reg/C
                               u_fp_domain/u_sram_top/u_itcm/U0/inst_blk_mem_gen/gnbram.gnativebmg.native_blk_mem_gen/valid.cstr/ramloop[21].ram.r/prim_init.ram/DEVICE_8SERIES.NO_BMM_INFO.SP.SIMPLE_PRIM36.ram/ADDRARDADDR[12]
                                                              10.387        
u_fp_domain/u_CORTEXM3INTEGRATION/u_cortexm3ds_logic/T0nm17_reg/C
                               u_fp_domain/u_sram_top/u_itcm/U0/inst_blk_mem_gen/gnbram.gnativebmg.native_blk_mem_gen/valid.cstr/ramloop[2].ram.r/prim_init.ram/DEVICE_8SERIES.NO_BMM_INFO.SP.SIMPLE_PRIM36.ram/ADDRARDADDR[10]
                                                              10.387        
u_fp_domain/u_CORTEXM3INTEGRATION/u_cortexm3ds_logic/T0nm17_reg/C
                               u_fp_domain/u_CORTEXM3INTEGRATION/u_cortexm3ds_logic/Ikwzz6_reg/D
                                                              10.388        
u_fp_domain/u_CORTEXM3INTEGRATION/u_cortexm3ds_logic/T0nm17_reg/C
                               u_fp_domain/u_CORTEXM3INTEGRATION/u_cortexm3ds_logic/Exkoz6_reg/D
                                                              10.389        
u_fp_domain/u_CORTEXM3INTEGRATION/u_cortexm3ds_logic/T0nm17_reg/C
                               u_fp_domain/u_sram_top/u_itcm/U0/inst_blk_mem_gen/gnbram.gnativebmg.native_blk_mem_gen/valid.cstr/ramloop[21].ram.r/prim_init.ram/DEVICE_8SERIES.NO_BMM_INFO.SP.SIMPLE_PRIM36.ram/ADDRARDADDR[8]
                                                              10.390        
u_fp_domain/u_CORTEXM3INTEGRATION/u_cortexm3ds_logic/T0nm17_reg/C
                               u_fp_domain/u_sram_top/u_dtcm/U0/inst_blk_mem_gen/gnbram.gnativebmg.native_blk_mem_gen/valid.cstr/ramloop[17].ram.r/prim_init.ram/DEVICE_8SERIES.NO_BMM_INFO.SP.SIMPLE_PRIM36.ram/ADDRARDADDR[13]
                                                              10.390        
u_fp_domain/u_CORTEXM3INTEGRATION/u_cortexm3ds_logic/T0nm17_reg/C
                               u_fp_domain/u_sram_top/u_itcm/U0/inst_blk_mem_gen/gnbram.gnativebmg.native_blk_mem_gen/valid.cstr/ramloop[17].ram.r/prim_init.ram/DEVICE_8SERIES.NO_BMM_INFO.SP.SIMPLE_PRIM36.ram/ADDRARDADDR[7]
                                                              10.393        
u_fp_domain/u_CORTEXM3INTEGRATION/u_cortexm3ds_logic/T0nm17_reg/C
                               u_fp_domain/u_CORTEXM3INTEGRATION/u_cortexm3ds_logic/Dh7107_reg/D
                                                              10.397        
u_fp_domain/u_CORTEXM3INTEGRATION/u_cortexm3ds_logic/T0nm17_reg/C
                               u_fp_domain/u_sram_top/u_itcm/U0/inst_blk_mem_gen/gnbram.gnativebmg.native_blk_mem_gen/valid.cstr/ramloop[2].ram.r/prim_init.ram/DEVICE_8SERIES.NO_BMM_INFO.SP.SIMPLE_PRIM36.ram/ADDRARDADDR[13]
                                                              10.397        
u_fp_domain/u_CORTEXM3INTEGRATION/u_cortexm3ds_logic/T0nm17_reg/C
                               u_fp_domain/u_sram_top/u_itcm/U0/inst_blk_mem_gen/gnbram.gnativebmg.native_blk_mem_gen/valid.cstr/ramloop[7].ram.r/prim_init.ram/DEVICE_8SERIES.NO_BMM_INFO.SP.SIMPLE_PRIM36.ram/ADDRARDADDR[6]
                                                              10.397        
u_fp_domain/u_CORTEXM3INTEGRATION/u_cortexm3ds_logic/T0nm17_reg/C
                               u_fp_domain/u_sram_top/u_dtcm/U0/inst_blk_mem_gen/gnbram.gnativebmg.native_blk_mem_gen/valid.cstr/ramloop[27].ram.r/prim_init.ram/DEVICE_8SERIES.NO_BMM_INFO.SP.SIMPLE_PRIM36.ram/ADDRARDADDR[6]
                                                              10.400        
u_fp_domain/u_CORTEXM3INTEGRATION/u_cortexm3ds_logic/T0nm17_reg/C
                               u_fp_domain/u_CORTEXM3INTEGRATION/u_cortexm3ds_logic/Ny2nz6_reg/D
                                                              10.401        
u_fp_domain/u_CORTEXM3INTEGRATION/u_cortexm3ds_logic/T0nm17_reg/C
                               u_fp_domain/u_sram_top/u_itcm/U0/inst_blk_mem_gen/gnbram.gnativebmg.native_blk_mem_gen/valid.cstr/ramloop[17].ram.r/prim_init.ram/DEVICE_8SERIES.NO_BMM_INFO.SP.SIMPLE_PRIM36.ram/ADDRARDADDR[9]
                                                              10.402        
u_fp_domain/u_CORTEXM3INTEGRATION/u_cortexm3ds_logic/T0nm17_reg/C
                               u_fp_domain/u_sram_top/u_dtcm/U0/inst_blk_mem_gen/gnbram.gnativebmg.native_blk_mem_gen/valid.cstr/ramloop[27].ram.r/prim_init.ram/DEVICE_8SERIES.NO_BMM_INFO.SP.SIMPLE_PRIM36.ram/ADDRARDADDR[8]
                                                              10.402        
u_fp_domain/u_CORTEXM3INTEGRATION/u_cortexm3ds_logic/T0nm17_reg/C
                               u_fp_domain/u_sram_top/u_itcm/U0/inst_blk_mem_gen/gnbram.gnativebmg.native_blk_mem_gen/valid.cstr/ramloop[6].ram.r/prim_init.ram/DEVICE_8SERIES.NO_BMM_INFO.SP.SIMPLE_PRIM36.ram/ADDRARDADDR[5]
                                                              10.403        
u_fp_domain/u_CORTEXM3INTEGRATION/u_cortexm3ds_logic/T0nm17_reg/C
                               u_fp_domain/u_sram_top/u_dtcm/U0/inst_blk_mem_gen/gnbram.gnativebmg.native_blk_mem_gen/valid.cstr/ramloop[21].ram.r/prim_init.ram/DEVICE_8SERIES.NO_BMM_INFO.SP.SIMPLE_PRIM36.ram/ADDRARDADDR[6]
                                                              10.404        
u_fp_domain/u_CORTEXM3INTEGRATION/u_cortexm3ds_logic/T0nm17_reg/C
                               u_fp_domain/u_sram_top/u_dtcm/U0/inst_blk_mem_gen/gnbram.gnativebmg.native_blk_mem_gen/valid.cstr/ramloop[21].ram.r/prim_init.ram/DEVICE_8SERIES.NO_BMM_INFO.SP.SIMPLE_PRIM36.ram/ADDRARDADDR[8]
                                                              10.406        
u_fp_domain/u_CORTEXM3INTEGRATION/u_cortexm3ds_logic/T0nm17_reg/C
                               u_fp_domain/u_CORTEXM3INTEGRATION/u_cortexm3ds_logic/Zs6g07_reg/D
                                                              10.407        
u_fp_domain/u_CORTEXM3INTEGRATION/u_cortexm3ds_logic/T0nm17_reg/C
                               u_fp_domain/u_sram_top/u_itcm/U0/inst_blk_mem_gen/gnbram.gnativebmg.native_blk_mem_gen/valid.cstr/ramloop[2].ram.r/prim_init.ram/DEVICE_8SERIES.NO_BMM_INFO.SP.SIMPLE_PRIM36.ram/ADDRARDADDR[12]
                                                              10.408        
u_fp_domain/u_CORTEXM3INTEGRATION/u_cortexm3ds_logic/T0nm17_reg/C
                               u_fp_domain/u_sram_top/u_itcm/U0/inst_blk_mem_gen/gnbram.gnativebmg.native_blk_mem_gen/valid.cstr/ramloop[18].ram.r/prim_init.ram/DEVICE_8SERIES.NO_BMM_INFO.SP.SIMPLE_PRIM36.ram/ADDRARDADDR[8]
                                                              10.412        
u_fp_domain/u_CORTEXM3INTEGRATION/u_cortexm3ds_logic/T0nm17_reg/C
                               u_fp_domain/u_sram_top/u_itcm/U0/inst_blk_mem_gen/gnbram.gnativebmg.native_blk_mem_gen/valid.cstr/ramloop[6].ram.r/prim_init.ram/DEVICE_8SERIES.NO_BMM_INFO.SP.SIMPLE_PRIM36.ram/ADDRARDADDR[10]
                                                              10.412        
u_fp_domain/u_CORTEXM3INTEGRATION/u_cortexm3ds_logic/T0nm17_reg/C
                               u_fp_domain/u_CORTEXM3INTEGRATION/u_cortexm3ds_logic/Jwwf07_reg/D
                                                              10.413        
u_fp_domain/u_CORTEXM3INTEGRATION/u_cortexm3ds_logic/T0nm17_reg/C
                               u_fp_domain/u_sram_top/u_dtcm/U0/inst_blk_mem_gen/gnbram.gnativebmg.native_blk_mem_gen/valid.cstr/ramloop[30].ram.r/prim_init.ram/DEVICE_8SERIES.NO_BMM_INFO.SP.SIMPLE_PRIM36.ram/ADDRARDADDR[5]
                                                              10.414        
u_fp_domain/u_CORTEXM3INTEGRATION/u_cortexm3ds_logic/T0nm17_reg/C
                               u_fp_domain/u_CORTEXM3INTEGRATION/u_cortexm3ds_logic/Vckoz6_reg/D
                                                              10.417        
u_fp_domain/u_CORTEXM3INTEGRATION/u_cortexm3ds_logic/T0nm17_reg/C
                               u_fp_domain/u_sram_top/u_itcm/U0/inst_blk_mem_gen/gnbram.gnativebmg.native_blk_mem_gen/valid.cstr/ramloop[0].ram.r/prim_init.ram/DEVICE_8SERIES.NO_BMM_INFO.SP.SIMPLE_PRIM36.ram/WEA[0]
                                                              10.418        
u_fp_domain/u_CORTEXM3INTEGRATION/u_cortexm3ds_logic/T0nm17_reg/C
                               u_fp_domain/u_sram_top/u_dtcm/U0/inst_blk_mem_gen/gnbram.gnativebmg.native_blk_mem_gen/valid.cstr/ramloop[24].ram.r/prim_init.ram/DEVICE_8SERIES.NO_BMM_INFO.SP.SIMPLE_PRIM36.ram/ADDRARDADDR[11]
                                                              10.418        
u_fp_domain/u_CORTEXM3INTEGRATION/u_cortexm3ds_logic/T0nm17_reg/C
                               u_fp_domain/u_sram_top/u_dtcm/U0/inst_blk_mem_gen/gnbram.gnativebmg.native_blk_mem_gen/valid.cstr/ramloop[30].ram.r/prim_init.ram/DEVICE_8SERIES.NO_BMM_INFO.SP.SIMPLE_PRIM36.ram/ADDRARDADDR[10]
                                                              10.419        
u_fp_domain/u_CORTEXM3INTEGRATION/u_cortexm3ds_logic/T0nm17_reg/C
                               u_fp_domain/u_sram_top/u_itcm/U0/inst_blk_mem_gen/gnbram.gnativebmg.native_blk_mem_gen/valid.cstr/ramloop[4].ram.r/prim_init.ram/DEVICE_8SERIES.NO_BMM_INFO.SP.SIMPLE_PRIM36.ram/ADDRARDADDR[8]
                                                              10.421        
u_fp_domain/u_CORTEXM3INTEGRATION/u_cortexm3ds_logic/T0nm17_reg/C
                               u_fp_domain/u_sram_top/u_dtcm/U0/inst_blk_mem_gen/gnbram.gnativebmg.native_blk_mem_gen/valid.cstr/ramloop[26].ram.r/prim_init.ram/DEVICE_8SERIES.NO_BMM_INFO.SP.SIMPLE_PRIM36.ram/ADDRARDADDR[11]
                                                              10.422        
u_fp_domain/u_CORTEXM3INTEGRATION/u_cortexm3ds_logic/T0nm17_reg/C
                               u_fp_domain/u_sram_top/u_dtcm/U0/inst_blk_mem_gen/gnbram.gnativebmg.native_blk_mem_gen/valid.cstr/ramloop[16].ram.r/prim_init.ram/DEVICE_8SERIES.NO_BMM_INFO.SP.SIMPLE_PRIM36.ram/ADDRARDADDR[3]
                                                              10.423        
u_fp_domain/u_CORTEXM3INTEGRATION/u_cortexm3ds_logic/T0nm17_reg/C
                               u_fp_domain/u_sram_top/u_itcm/U0/inst_blk_mem_gen/gnbram.gnativebmg.native_blk_mem_gen/valid.cstr/ramloop[5].ram.r/prim_init.ram/DEVICE_8SERIES.NO_BMM_INFO.SP.SIMPLE_PRIM36.ram/ADDRARDADDR[4]
                                                              10.423        
u_fp_domain/u_CORTEXM3INTEGRATION/u_cortexm3ds_logic/T0nm17_reg/C
                               u_fp_domain/u_CORTEXM3INTEGRATION/u_cortexm3ds_logic/Ltwf07_reg/D
                                                              10.424        
u_fp_domain/u_CORTEXM3INTEGRATION/u_cortexm3ds_logic/T0nm17_reg/C
                               u_fp_domain/u_sram_top/u_itcm/U0/inst_blk_mem_gen/gnbram.gnativebmg.native_blk_mem_gen/valid.cstr/ramloop[10].ram.r/prim_init.ram/DEVICE_8SERIES.NO_BMM_INFO.SP.SIMPLE_PRIM36.ram/WEA[0]
                                                              10.425        
u_fp_domain/u_CORTEXM3INTEGRATION/u_cortexm3ds_logic/T0nm17_reg/C
                               u_fp_domain/u_sram_top/u_dtcm/U0/inst_blk_mem_gen/gnbram.gnativebmg.native_blk_mem_gen/valid.cstr/ramloop[30].ram.r/prim_init.ram/DEVICE_8SERIES.NO_BMM_INFO.SP.SIMPLE_PRIM36.ram/ADDRARDADDR[9]
                                                              10.425        
u_fp_domain/u_CORTEXM3INTEGRATION/u_cortexm3ds_logic/T0nm17_reg/C
                               u_fp_domain/u_CORTEXM3INTEGRATION/u_cortexm3ds_logic/Lzkoz6_reg/D
                                                              10.426        
u_fp_domain/u_CORTEXM3INTEGRATION/u_cortexm3ds_logic/T0nm17_reg/C
                               u_fp_domain/u_sram_top/u_itcm/U0/inst_blk_mem_gen/gnbram.gnativebmg.native_blk_mem_gen/valid.cstr/ramloop[4].ram.r/prim_init.ram/DEVICE_8SERIES.NO_BMM_INFO.SP.SIMPLE_PRIM36.ram/ADDRARDADDR[7]
                                                              10.426        
u_fp_domain/u_CORTEXM3INTEGRATION/u_cortexm3ds_logic/T0nm17_reg/C
                               u_fp_domain/u_sram_top/u_dtcm/U0/inst_blk_mem_gen/gnbram.gnativebmg.native_blk_mem_gen/valid.cstr/ramloop[25].ram.r/prim_init.ram/DEVICE_8SERIES.NO_BMM_INFO.SP.SIMPLE_PRIM36.ram/ADDRARDADDR[4]
                                                              10.426        
u_fp_domain/u_CORTEXM3INTEGRATION/u_cortexm3ds_logic/T0nm17_reg/C
                               u_fp_domain/u_CORTEXM3INTEGRATION/u_cortexm3ds_logic/N54107_reg/D
                                                              10.426        
u_fp_domain/u_CORTEXM3INTEGRATION/u_cortexm3ds_logic/T0nm17_reg/C
                               u_fp_domain/u_CORTEXM3INTEGRATION/u_cortexm3ds_logic/Wy3107_reg/D
                                                              10.426        
u_fp_domain/u_CORTEXM3INTEGRATION/u_cortexm3ds_logic/T0nm17_reg/C
                               u_fp_domain/u_sram_top/u_itcm/U0/inst_blk_mem_gen/gnbram.gnativebmg.native_blk_mem_gen/valid.cstr/ramloop[17].ram.r/prim_init.ram/DEVICE_8SERIES.NO_BMM_INFO.SP.SIMPLE_PRIM36.ram/ADDRARDADDR[10]
                                                              10.427        
u_fp_domain/u_CORTEXM3INTEGRATION/u_cortexm3ds_logic/T0nm17_reg/C
                               u_fp_domain/u_sram_top/u_dtcm/U0/inst_blk_mem_gen/gnbram.gnativebmg.native_blk_mem_gen/valid.cstr/ramloop[27].ram.r/prim_init.ram/DEVICE_8SERIES.NO_BMM_INFO.SP.SIMPLE_PRIM36.ram/ADDRARDADDR[3]
                                                              10.428        
u_fp_domain/u_CORTEXM3INTEGRATION/u_cortexm3ds_logic/T0nm17_reg/C
                               u_fp_domain/u_CORTEXM3INTEGRATION/u_cortexm3ds_logic/Ig6oz6_reg/D
                                                              10.429        
u_fp_domain/u_CORTEXM3INTEGRATION/u_cortexm3ds_logic/T0nm17_reg/C
                               u_fp_domain/u_sram_top/u_itcm/U0/inst_blk_mem_gen/gnbram.gnativebmg.native_blk_mem_gen/valid.cstr/ramloop[2].ram.r/prim_init.ram/DEVICE_8SERIES.NO_BMM_INFO.SP.SIMPLE_PRIM36.ram/ADDRARDADDR[9]
                                                              10.432        
u_fp_domain/u_CORTEXM3INTEGRATION/u_cortexm3ds_logic/T0nm17_reg/C
                               u_fp_domain/u_CORTEXM3INTEGRATION/u_cortexm3ds_logic/Jqkoz6_reg/D
                                                              10.433        
u_fp_domain/u_CORTEXM3INTEGRATION/u_cortexm3ds_logic/T0nm17_reg/C
                               u_fp_domain/u_sram_top/u_dtcm/U0/inst_blk_mem_gen/gnbram.gnativebmg.native_blk_mem_gen/valid.cstr/ramloop[30].ram.r/prim_init.ram/DEVICE_8SERIES.NO_BMM_INFO.SP.SIMPLE_PRIM36.ram/ADDRARDADDR[14]
                                                              10.436        
u_fp_domain/u_CORTEXM3INTEGRATION/u_cortexm3ds_logic/T0nm17_reg/C
                               u_fp_domain/u_sram_top/u_itcm/U0/inst_blk_mem_gen/gnbram.gnativebmg.native_blk_mem_gen/valid.cstr/ramloop[2].ram.r/prim_init.ram/DEVICE_8SERIES.NO_BMM_INFO.SP.SIMPLE_PRIM36.ram/ADDRARDADDR[8]
                                                              10.438        
u_fp_domain/u_CORTEXM3INTEGRATION/u_cortexm3ds_logic/T0nm17_reg/C
                               u_fp_domain/u_sram_top/u_dtcm/U0/inst_blk_mem_gen/gnbram.gnativebmg.native_blk_mem_gen/valid.cstr/ramloop[30].ram.r/prim_init.ram/DEVICE_8SERIES.NO_BMM_INFO.SP.SIMPLE_PRIM36.ram/ADDRARDADDR[3]
                                                              10.440        
u_fp_domain/u_CORTEXM3INTEGRATION/u_cortexm3ds_logic/T0nm17_reg/C
                               u_fp_domain/u_CORTEXM3INTEGRATION/u_cortexm3ds_logic/N33nz6_reg/CE
                                                              10.442        
u_fp_domain/u_CORTEXM3INTEGRATION/u_cortexm3ds_logic/T0nm17_reg/C
                               u_fp_domain/u_CORTEXM3INTEGRATION/u_cortexm3ds_logic/Davm17_reg/D
                                                              10.444        
u_fp_domain/u_CORTEXM3INTEGRATION/u_cortexm3ds_logic/T0nm17_reg/C
                               u_fp_domain/u_sram_top/u_dtcm/U0/inst_blk_mem_gen/gnbram.gnativebmg.native_blk_mem_gen/valid.cstr/ramloop[27].ram.r/prim_init.ram/DEVICE_8SERIES.NO_BMM_INFO.SP.SIMPLE_PRIM36.ram/ADDRARDADDR[10]
                                                              10.446        
u_fp_domain/u_CORTEXM3INTEGRATION/u_cortexm3ds_logic/T0nm17_reg/C
                               u_fp_domain/u_sram_top/u_itcm/U0/inst_blk_mem_gen/gnbram.gnativebmg.native_blk_mem_gen/valid.cstr/ramloop[17].ram.r/prim_init.ram/DEVICE_8SERIES.NO_BMM_INFO.SP.SIMPLE_PRIM36.ram/ADDRARDADDR[4]
                                                              10.446        
u_fp_domain/u_CORTEXM3INTEGRATION/u_cortexm3ds_logic/T0nm17_reg/C
                               u_fp_domain/u_sram_top/u_dtcm/U0/inst_blk_mem_gen/gnbram.gnativebmg.native_blk_mem_gen/valid.cstr/ramloop[24].ram.r/prim_init.ram/DEVICE_8SERIES.NO_BMM_INFO.SP.SIMPLE_PRIM36.ram/ADDRARDADDR[4]
                                                              10.446        
u_fp_domain/u_CORTEXM3INTEGRATION/u_cortexm3ds_logic/T0nm17_reg/C
                               u_fp_domain/u_sram_top/u_itcm/U0/inst_blk_mem_gen/gnbram.gnativebmg.native_blk_mem_gen/valid.cstr/ramloop[25].ram.r/prim_init.ram/DEVICE_8SERIES.NO_BMM_INFO.SP.SIMPLE_PRIM36.ram/ENARDEN
                                                              10.448        
u_fp_domain/u_CORTEXM3INTEGRATION/u_cortexm3ds_logic/T0nm17_reg/C
                               u_fp_domain/u_sram_top/u_itcm/U0/inst_blk_mem_gen/gnbram.gnativebmg.native_blk_mem_gen/valid.cstr/ramloop[17].ram.r/prim_init.ram/DEVICE_8SERIES.NO_BMM_INFO.SP.SIMPLE_PRIM36.ram/ADDRARDADDR[13]
                                                              10.449        
u_fp_domain/u_CORTEXM3INTEGRATION/u_cortexm3ds_logic/T0nm17_reg/C
                               u_fp_domain/u_sram_top/u_dtcm/U0/inst_blk_mem_gen/gnbram.gnativebmg.native_blk_mem_gen/valid.cstr/ramloop[23].ram.r/prim_init.ram/DEVICE_8SERIES.NO_BMM_INFO.SP.SIMPLE_PRIM36.ram/ADDRARDADDR[13]
                                                              10.450        
u_fp_domain/u_CORTEXM3INTEGRATION/u_cortexm3ds_logic/T0nm17_reg/C
                               u_fp_domain/u_sram_top/u_dtcm/U0/inst_blk_mem_gen/gnbram.gnativebmg.native_blk_mem_gen/valid.cstr/ramloop[26].ram.r/prim_init.ram/DEVICE_8SERIES.NO_BMM_INFO.SP.SIMPLE_PRIM36.ram/ADDRARDADDR[4]
                                                              10.450        
u_fp_domain/u_CORTEXM3INTEGRATION/u_cortexm3ds_logic/T0nm17_reg/C
                               u_fp_domain/u_CORTEXM3INTEGRATION/u_cortexm3ds_logic/Hd6oz6_reg/D
                                                              10.451        
u_fp_domain/u_CORTEXM3INTEGRATION/u_cortexm3ds_logic/T0nm17_reg/C
                               u_fp_domain/u_sram_top/u_dtcm/U0/inst_blk_mem_gen/gnbram.gnativebmg.native_blk_mem_gen/valid.cstr/ramloop[23].ram.r/prim_init.ram/DEVICE_8SERIES.NO_BMM_INFO.SP.SIMPLE_PRIM36.ram/ADDRARDADDR[12]
                                                              10.454        
u_fp_domain/u_CORTEXM3INTEGRATION/u_cortexm3ds_logic/T0nm17_reg/C
                               u_fp_domain/u_sram_top/u_dtcm/U0/inst_blk_mem_gen/gnbram.gnativebmg.native_blk_mem_gen/valid.cstr/ramloop[21].ram.r/prim_init.ram/DEVICE_8SERIES.NO_BMM_INFO.SP.SIMPLE_PRIM36.ram/ADDRARDADDR[7]
                                                              10.457        
u_fp_domain/u_CORTEXM3INTEGRATION/u_cortexm3ds_logic/T0nm17_reg/C
                               u_fp_domain/u_CORTEXM3INTEGRATION/u_cortexm3ds_logic/Pakoz6_reg/D
                                                              10.458        
u_fp_domain/u_CORTEXM3INTEGRATION/u_cortexm3ds_logic/T0nm17_reg/C
                               u_fp_domain/u_sram_top/u_itcm/U0/inst_blk_mem_gen/gnbram.gnativebmg.native_blk_mem_gen/valid.cstr/ramloop[21].ram.r/prim_init.ram/DEVICE_8SERIES.NO_BMM_INFO.SP.SIMPLE_PRIM36.ram/WEA[0]
                                                              10.458        
u_fp_domain/u_CORTEXM3INTEGRATION/u_cortexm3ds_logic/T0nm17_reg/C
                               u_fp_domain/u_sram_top/u_dtcm/U0/inst_blk_mem_gen/gnbram.gnativebmg.native_blk_mem_gen/valid.cstr/ramloop[17].ram.r/prim_init.ram/DEVICE_8SERIES.NO_BMM_INFO.SP.SIMPLE_PRIM36.ram/ADDRARDADDR[10]
                                                              10.458        
u_fp_domain/u_CORTEXM3INTEGRATION/u_cortexm3ds_logic/T0nm17_reg/C
                               u_fp_domain/u_CORTEXM3INTEGRATION/u_cortexm3ds_logic/Otwzz6_reg/D
                                                              10.458        
u_fp_domain/u_CORTEXM3INTEGRATION/u_cortexm3ds_logic/Fz6oz6_reg/C
                               u_fp_domain/u_CORTEXM3INTEGRATION/u_cortexm3ds_logic/Pzknz6_reg/D
                                                              10.459        
u_fp_domain/u_CORTEXM3INTEGRATION/u_cortexm3ds_logic/T0nm17_reg/C
                               u_fp_domain/u_sram_top/u_itcm/U0/inst_blk_mem_gen/gnbram.gnativebmg.native_blk_mem_gen/valid.cstr/ramloop[21].ram.r/prim_init.ram/DEVICE_8SERIES.NO_BMM_INFO.SP.SIMPLE_PRIM36.ram/ADDRARDADDR[13]
                                                              10.459        
u_fp_domain/u_CORTEXM3INTEGRATION/u_cortexm3ds_logic/T0nm17_reg/C
                               u_fp_domain/u_sram_top/u_dtcm/U0/inst_blk_mem_gen/gnbram.gnativebmg.native_blk_mem_gen/valid.cstr/ramloop[16].ram.r/prim_init.ram/DEVICE_8SERIES.NO_BMM_INFO.SP.SIMPLE_PRIM36.ram/ADDRARDADDR[11]
                                                              10.460        
u_fp_domain/u_CORTEXM3INTEGRATION/u_cortexm3ds_logic/T0nm17_reg/C
                               u_fp_domain/u_sram_top/u_itcm/U0/inst_blk_mem_gen/gnbram.gnativebmg.native_blk_mem_gen/valid.cstr/ramloop[2].ram.r/prim_init.ram/DEVICE_8SERIES.NO_BMM_INFO.SP.SIMPLE_PRIM36.ram/ADDRARDADDR[5]
                                                              10.463        
u_fp_domain/u_CORTEXM3INTEGRATION/u_cortexm3ds_logic/T0nm17_reg/C
                               u_fp_domain/u_sram_top/u_itcm/U0/inst_blk_mem_gen/gnbram.gnativebmg.native_blk_mem_gen/valid.cstr/ramloop[6].ram.r/prim_init.ram/DEVICE_8SERIES.NO_BMM_INFO.SP.SIMPLE_PRIM36.ram/ADDRARDADDR[14]
                                                              10.464        
u_fp_domain/u_CORTEXM3INTEGRATION/u_cortexm3ds_logic/T0nm17_reg/C
                               u_fp_domain/u_sram_top/u_itcm/U0/inst_blk_mem_gen/gnbram.gnativebmg.native_blk_mem_gen/valid.cstr/ramloop[5].ram.r/prim_init.ram/DEVICE_8SERIES.NO_BMM_INFO.SP.SIMPLE_PRIM36.ram/ADDRARDADDR[11]
                                                              10.465        
u_fp_domain/u_CORTEXM3INTEGRATION/u_cortexm3ds_logic/T0nm17_reg/C
                               u_fp_domain/u_sram_top/u_dtcm/U0/inst_blk_mem_gen/gnbram.gnativebmg.native_blk_mem_gen/valid.cstr/ramloop[16].ram.r/prim_init.ram/DEVICE_8SERIES.NO_BMM_INFO.SP.SIMPLE_PRIM36.ram/ADDRARDADDR[13]
                                                              10.466        
u_fp_domain/u_CORTEXM3INTEGRATION/u_cortexm3ds_logic/T0nm17_reg/C
                               u_fp_domain/u_sram_top/u_itcm/U0/inst_blk_mem_gen/gnbram.gnativebmg.native_blk_mem_gen/valid.cstr/ramloop[21].ram.r/prim_init.ram/DEVICE_8SERIES.NO_BMM_INFO.SP.SIMPLE_PRIM36.ram/ADDRARDADDR[7]
                                                              10.467        
u_fp_domain/u_CORTEXM3INTEGRATION/u_cortexm3ds_logic/T0nm17_reg/C
                               u_fp_domain/u_CORTEXM3INTEGRATION/u_cortexm3ds_logic/Tc4g07_reg/D
                                                              10.470        
u_fp_domain/u_CORTEXM3INTEGRATION/u_cortexm3ds_logic/T0nm17_reg/C
                               u_fp_domain/u_sram_top/u_itcm/U0/inst_blk_mem_gen/gnbram.gnativebmg.native_blk_mem_gen/valid.cstr/ramloop[1].ram.r/prim_init.ram/DEVICE_8SERIES.NO_BMM_INFO.SP.SIMPLE_PRIM36.ram/ADDRARDADDR[7]
                                                              10.471        
u_fp_domain/u_CORTEXM3INTEGRATION/u_cortexm3ds_logic/T0nm17_reg/C
                               u_fp_domain/u_sram_top/u_itcm/U0/inst_blk_mem_gen/gnbram.gnativebmg.native_blk_mem_gen/valid.cstr/ramloop[21].ram.r/prim_init.ram/DEVICE_8SERIES.NO_BMM_INFO.SP.SIMPLE_PRIM36.ram/ADDRARDADDR[11]
                                                              10.472        
u_fp_domain/u_CORTEXM3INTEGRATION/u_cortexm3ds_logic/T0nm17_reg/C
                               u_fp_domain/u_sram_top/u_itcm/U0/inst_blk_mem_gen/gnbram.gnativebmg.native_blk_mem_gen/valid.cstr/ramloop[7].ram.r/prim_init.ram/DEVICE_8SERIES.NO_BMM_INFO.SP.SIMPLE_PRIM36.ram/ADDRARDADDR[11]
                                                              10.474        
u_fp_domain/u_CORTEXM3INTEGRATION/u_cortexm3ds_logic/T0nm17_reg/C
                               u_fp_domain/u_sram_top/u_itcm/U0/inst_blk_mem_gen/gnbram.gnativebmg.native_blk_mem_gen/valid.cstr/ramloop[21].ram.r/prim_init.ram/DEVICE_8SERIES.NO_BMM_INFO.SP.SIMPLE_PRIM36.ram/ADDRARDADDR[5]
                                                              10.475        
u_fp_domain/u_CORTEXM3INTEGRATION/u_cortexm3ds_logic/T0nm17_reg/C
                               u_fp_domain/u_CORTEXM3INTEGRATION/u_cortexm3ds_logic/Jnwzz6_reg/D
                                                              10.477        
u_fp_domain/u_CORTEXM3INTEGRATION/u_cortexm3ds_logic/T0nm17_reg/C
                               u_fp_domain/u_CORTEXM3INTEGRATION/u_cortexm3ds_logic/X3koz6_reg/D
                                                              10.478        
u_fp_domain/u_CORTEXM3INTEGRATION/u_cortexm3ds_logic/T0nm17_reg/C
                               u_fp_domain/u_CORTEXM3INTEGRATION/u_cortexm3ds_logic/V4vm17_reg/D
                                                              10.478        
u_fp_domain/u_CORTEXM3INTEGRATION/u_cortexm3ds_logic/T0nm17_reg/C
                               u_fp_domain/u_sram_top/u_dtcm/U0/inst_blk_mem_gen/gnbram.gnativebmg.native_blk_mem_gen/valid.cstr/ramloop[16].ram.r/prim_init.ram/DEVICE_8SERIES.NO_BMM_INFO.SP.SIMPLE_PRIM36.ram/ADDRARDADDR[4]
                                                              10.478        
u_fp_domain/u_CORTEXM3INTEGRATION/u_cortexm3ds_logic/T0nm17_reg/C
                               u_fp_domain/u_sram_top/u_itcm/U0/inst_blk_mem_gen/gnbram.gnativebmg.native_blk_mem_gen/valid.cstr/ramloop[18].ram.r/prim_init.ram/DEVICE_8SERIES.NO_BMM_INFO.SP.SIMPLE_PRIM36.ram/ADDRARDADDR[10]
                                                              10.479        
u_fp_domain/u_CORTEXM3INTEGRATION/u_cortexm3ds_logic/T0nm17_reg/C
                               u_fp_domain/u_CORTEXM3INTEGRATION/u_cortexm3ds_logic/Kj7107_reg/D
                                                              10.480        
u_fp_domain/u_CORTEXM3INTEGRATION/u_cortexm3ds_logic/T0nm17_reg/C
                               u_fp_domain/u_CORTEXM3INTEGRATION/u_cortexm3ds_logic/M7vm17_reg/D
                                                              10.480        
u_fp_domain/u_CORTEXM3INTEGRATION/u_cortexm3ds_logic/T0nm17_reg/C
                               u_fp_domain/u_sram_top/u_itcm/U0/inst_blk_mem_gen/gnbram.gnativebmg.native_blk_mem_gen/valid.cstr/ramloop[5].ram.r/prim_init.ram/DEVICE_8SERIES.NO_BMM_INFO.SP.SIMPLE_PRIM36.ram/ADDRARDADDR[3]
                                                              10.480        
u_fp_domain/u_CORTEXM3INTEGRATION/u_cortexm3ds_logic/T0nm17_reg/C
                               u_fp_domain/u_sram_top/u_itcm/U0/inst_blk_mem_gen/gnbram.gnativebmg.native_blk_mem_gen/valid.cstr/ramloop[17].ram.r/prim_init.ram/DEVICE_8SERIES.NO_BMM_INFO.SP.SIMPLE_PRIM36.ram/ADDRARDADDR[5]
                                                              10.481        
u_fp_domain/u_CORTEXM3INTEGRATION/u_cortexm3ds_logic/T0nm17_reg/C
                               u_fp_domain/u_CORTEXM3INTEGRATION/u_cortexm3ds_logic/Nzum17_reg/D
                                                              10.482        
u_fp_domain/u_CORTEXM3INTEGRATION/u_cortexm3ds_logic/T0nm17_reg/C
                               u_fp_domain/u_CORTEXM3INTEGRATION/u_cortexm3ds_logic/Ucvm17_reg/D
                                                              10.482        
u_fp_domain/u_CORTEXM3INTEGRATION/u_cortexm3ds_logic/T0nm17_reg/C
                               u_fp_domain/u_CORTEXM3INTEGRATION/u_cortexm3ds_logic/N83nz6_reg/CE
                                                              10.482        
u_fp_domain/u_CORTEXM3INTEGRATION/u_cortexm3ds_logic/T0nm17_reg/C
                               u_fp_domain/u_CORTEXM3INTEGRATION/u_cortexm3ds_logic/Hzwf07_reg/D
                                                              10.483        
u_fp_domain/u_CORTEXM3INTEGRATION/u_cortexm3ds_logic/T0nm17_reg/C
                               u_fp_domain/u_sram_top/u_itcm/U0/inst_blk_mem_gen/gnbram.gnativebmg.native_blk_mem_gen/valid.cstr/ramloop[21].ram.r/prim_init.ram/DEVICE_8SERIES.NO_BMM_INFO.SP.SIMPLE_PRIM36.ram/ADDRARDADDR[9]
                                                              10.484        
u_fp_domain/u_CORTEXM3INTEGRATION/u_cortexm3ds_logic/T0nm17_reg/C
                               u_fp_domain/u_sram_top/u_itcm/U0/inst_blk_mem_gen/gnbram.gnativebmg.native_blk_mem_gen/valid.cstr/ramloop[5].ram.r/prim_init.ram/DEVICE_8SERIES.NO_BMM_INFO.SP.SIMPLE_PRIM36.ram/ADDRARDADDR[13]
                                                              10.484        
u_fp_domain/u_CORTEXM3INTEGRATION/u_cortexm3ds_logic/T0nm17_reg/C
                               u_fp_domain/u_sram_top/u_dtcm/U0/inst_blk_mem_gen/gnbram.gnativebmg.native_blk_mem_gen/valid.cstr/ramloop[21].ram.r/prim_init.ram/DEVICE_8SERIES.NO_BMM_INFO.SP.SIMPLE_PRIM36.ram/ADDRARDADDR[12]
                                                              10.485        
u_fp_domain/u_CORTEXM3INTEGRATION/u_cortexm3ds_logic/T0nm17_reg/C
                               u_fp_domain/u_sram_top/u_itcm/U0/inst_blk_mem_gen/gnbram.gnativebmg.native_blk_mem_gen/valid.cstr/ramloop[20].ram.r/prim_init.ram/DEVICE_8SERIES.NO_BMM_INFO.SP.SIMPLE_PRIM36.ram/ADDRARDADDR[3]
                                                              10.485        
u_fp_domain/u_CORTEXM3INTEGRATION/u_cortexm3ds_logic/T0nm17_reg/C
                               u_fp_domain/u_sram_top/u_itcm/U0/inst_blk_mem_gen/gnbram.gnativebmg.native_blk_mem_gen/valid.cstr/ramloop[17].ram.r/prim_init.ram/DEVICE_8SERIES.NO_BMM_INFO.SP.SIMPLE_PRIM36.ram/ADDRARDADDR[12]
                                                              10.490        
u_fp_domain/u_CORTEXM3INTEGRATION/u_cortexm3ds_logic/T0nm17_reg/C
                               u_fp_domain/u_sram_top/u_dtcm/U0/inst_blk_mem_gen/gnbram.gnativebmg.native_blk_mem_gen/valid.cstr/ramloop[19].ram.r/prim_init.ram/DEVICE_8SERIES.NO_BMM_INFO.SP.SIMPLE_PRIM36.ram/WEA[0]
                                                              10.490        
u_fp_domain/u_CORTEXM3INTEGRATION/u_cortexm3ds_logic/T0nm17_reg/C
                               u_fp_domain/u_CORTEXM3INTEGRATION/u_cortexm3ds_logic/Dl4107_reg/D
                                                              10.491        
u_fp_domain/u_CORTEXM3INTEGRATION/u_cortexm3ds_logic/T0nm17_reg/C
                               u_fp_domain/u_sram_top/u_itcm/U0/inst_blk_mem_gen/gnbram.gnativebmg.native_blk_mem_gen/valid.cstr/ramloop[12].ram.r/prim_init.ram/DEVICE_8SERIES.NO_BMM_INFO.SP.SIMPLE_PRIM36.ram/ADDRARDADDR[12]
                                                              10.494        
u_fp_domain/u_CORTEXM3INTEGRATION/u_cortexm3ds_logic/T0nm17_reg/C
                               u_fp_domain/u_sram_top/u_itcm/U0/inst_blk_mem_gen/gnbram.gnativebmg.native_blk_mem_gen/valid.cstr/ramloop[5].ram.r/prim_init.ram/DEVICE_8SERIES.NO_BMM_INFO.SP.SIMPLE_PRIM36.ram/ADDRARDADDR[10]
                                                              10.494        
u_fp_domain/u_CORTEXM3INTEGRATION/u_cortexm3ds_logic/T0nm17_reg/C
                               u_fp_domain/u_sram_top/u_itcm/U0/inst_blk_mem_gen/gnbram.gnativebmg.native_blk_mem_gen/valid.cstr/ramloop[7].ram.r/prim_init.ram/DEVICE_8SERIES.NO_BMM_INFO.SP.SIMPLE_PRIM36.ram/ADDRARDADDR[13]
                                                              10.496        
u_fp_domain/u_CORTEXM3INTEGRATION/u_cortexm3ds_logic/T0nm17_reg/C
                               u_fp_domain/u_CORTEXM3INTEGRATION/u_cortexm3ds_logic/Fuum17_reg/D
                                                              10.498        
u_fp_domain/u_CORTEXM3INTEGRATION/u_cortexm3ds_logic/T0nm17_reg/C
                               u_fp_domain/u_sram_top/u_itcm/U0/inst_blk_mem_gen/gnbram.gnativebmg.native_blk_mem_gen/valid.cstr/ramloop[8].ram.r/prim_init.ram/DEVICE_8SERIES.NO_BMM_INFO.SP.SIMPLE_PRIM36.ram/ADDRARDADDR[3]
                                                              10.498        
u_fp_domain/u_CORTEXM3INTEGRATION/u_cortexm3ds_logic/T0nm17_reg/C
                               u_fp_domain/u_sram_top/u_dtcm/U0/inst_blk_mem_gen/gnbram.gnativebmg.native_blk_mem_gen/valid.cstr/ramloop[17].ram.r/prim_init.ram/DEVICE_8SERIES.NO_BMM_INFO.SP.SIMPLE_PRIM36.ram/ADDRARDADDR[9]
                                                              10.499        
u_fp_domain/u_CORTEXM3INTEGRATION/u_cortexm3ds_logic/T0nm17_reg/C
                               u_fp_domain/u_CORTEXM3INTEGRATION/u_cortexm3ds_logic/Ag8u07_reg/CE
                                                              10.501        
u_fp_domain/u_CORTEXM3INTEGRATION/u_cortexm3ds_logic/T0nm17_reg/C
                               u_fp_domain/u_CORTEXM3INTEGRATION/u_cortexm3ds_logic/Ap8u07_reg/CE
                                                              10.501        
u_fp_domain/u_CORTEXM3INTEGRATION/u_cortexm3ds_logic/T0nm17_reg/C
                               u_fp_domain/u_CORTEXM3INTEGRATION/u_cortexm3ds_logic/Nk8u07_reg/CE
                                                              10.501        
u_fp_domain/u_CORTEXM3INTEGRATION/u_cortexm3ds_logic/T0nm17_reg/C
                               u_fp_domain/u_CORTEXM3INTEGRATION/u_cortexm3ds_logic/Pb8u07_reg/CE
                                                              10.501        
u_fp_domain/u_CORTEXM3INTEGRATION/u_cortexm3ds_logic/T0nm17_reg/C
                               u_fp_domain/u_sram_top/u_itcm/U0/inst_blk_mem_gen/gnbram.gnativebmg.native_blk_mem_gen/valid.cstr/ramloop[17].ram.r/prim_init.ram/DEVICE_8SERIES.NO_BMM_INFO.SP.SIMPLE_PRIM36.ram/ADDRARDADDR[11]
                                                              10.501        
u_fp_domain/u_CORTEXM3INTEGRATION/u_cortexm3ds_logic/T0nm17_reg/C
                               u_fp_domain/u_sram_top/u_itcm/U0/inst_blk_mem_gen/gnbram.gnativebmg.native_blk_mem_gen/valid.cstr/ramloop[18].ram.r/prim_init.ram/DEVICE_8SERIES.NO_BMM_INFO.SP.SIMPLE_PRIM36.ram/ADDRARDADDR[6]
                                                              10.501        
u_fp_domain/u_CORTEXM3INTEGRATION/u_cortexm3ds_logic/T0nm17_reg/C
                               u_fp_domain/u_CORTEXM3INTEGRATION/u_cortexm3ds_logic/Ny2nz6_reg_rep/D
                                                              10.502        
u_fp_domain/u_CORTEXM3INTEGRATION/u_cortexm3ds_logic/T0nm17_reg/C
                               u_fp_domain/u_sram_top/u_itcm/U0/inst_blk_mem_gen/gnbram.gnativebmg.native_blk_mem_gen/valid.cstr/ramloop[18].ram.r/prim_init.ram/DEVICE_8SERIES.NO_BMM_INFO.SP.SIMPLE_PRIM36.ram/WEA[0]
                                                              10.503        
u_fp_domain/u_CORTEXM3INTEGRATION/u_cortexm3ds_logic/T0nm17_reg/C
                               u_fp_domain/u_CORTEXM3INTEGRATION/u_cortexm3ds_logic/Ayau07_reg/CE
                                                              10.507        
u_fp_domain/u_CORTEXM3INTEGRATION/u_cortexm3ds_logic/T0nm17_reg/C
                               u_fp_domain/u_CORTEXM3INTEGRATION/u_cortexm3ds_logic/N2bu07_reg/CE
                                                              10.507        
u_fp_domain/u_CORTEXM3INTEGRATION/u_cortexm3ds_logic/T0nm17_reg/C
                               u_fp_domain/u_CORTEXM3INTEGRATION/u_cortexm3ds_logic/Ntau07_reg/CE
                                                              10.507        
u_fp_domain/u_CORTEXM3INTEGRATION/u_cortexm3ds_logic/T0nm17_reg/C
                               u_fp_domain/u_CORTEXM3INTEGRATION/u_cortexm3ds_logic/A79u07_reg/CE
                                                              10.508        
u_fp_domain/u_CORTEXM3INTEGRATION/u_cortexm3ds_logic/T0nm17_reg/C
                               u_fp_domain/u_CORTEXM3INTEGRATION/u_cortexm3ds_logic/Ay8u07_reg/CE
                                                              10.508        
u_fp_domain/u_CORTEXM3INTEGRATION/u_cortexm3ds_logic/T0nm17_reg/C
                               u_fp_domain/u_CORTEXM3INTEGRATION/u_cortexm3ds_logic/N29u07_reg/CE
                                                              10.508        
u_fp_domain/u_CORTEXM3INTEGRATION/u_cortexm3ds_logic/T0nm17_reg/C
                               u_fp_domain/u_CORTEXM3INTEGRATION/u_cortexm3ds_logic/Nt8u07_reg/CE
                                                              10.508        
u_fp_domain/u_CORTEXM3INTEGRATION/u_cortexm3ds_logic/T0nm17_reg/C
                               u_fp_domain/u_sram_top/u_dtcm/U0/inst_blk_mem_gen/gnbram.gnativebmg.native_blk_mem_gen/valid.cstr/ramloop[23].ram.r/prim_init.ram/DEVICE_8SERIES.NO_BMM_INFO.SP.SIMPLE_PRIM36.ram/ADDRARDADDR[8]
                                                              10.508        
u_fp_domain/u_CORTEXM3INTEGRATION/u_cortexm3ds_logic/T0nm17_reg/C
                               u_fp_domain/u_CORTEXM3INTEGRATION/u_cortexm3ds_logic/Ngxf07_reg/D
                                                              10.508        
u_fp_domain/u_CORTEXM3INTEGRATION/u_cortexm3ds_logic/T0nm17_reg/C
                               u_fp_domain/u_CORTEXM3INTEGRATION/u_cortexm3ds_logic/Ny2nz6_reg_rep/CE
                                                              10.509        
u_fp_domain/u_CORTEXM3INTEGRATION/u_cortexm3ds_logic/T0nm17_reg/C
                               u_fp_domain/u_CORTEXM3INTEGRATION/u_cortexm3ds_logic/R1koz6_reg/D
                                                              10.510        
u_fp_domain/u_CORTEXM3INTEGRATION/u_cortexm3ds_logic/T0nm17_reg/C
                               u_fp_domain/u_sram_top/u_itcm/U0/inst_blk_mem_gen/gnbram.gnativebmg.native_blk_mem_gen/valid.cstr/ramloop[6].ram.r/prim_init.ram/DEVICE_8SERIES.NO_BMM_INFO.SP.SIMPLE_PRIM36.ram/ADDRARDADDR[9]
                                                              10.510        
u_fp_domain/u_CORTEXM3INTEGRATION/u_cortexm3ds_logic/T0nm17_reg/C
                               u_fp_domain/u_sram_top/u_dtcm/U0/inst_blk_mem_gen/gnbram.gnativebmg.native_blk_mem_gen/valid.cstr/ramloop[23].ram.r/prim_init.ram/DEVICE_8SERIES.NO_BMM_INFO.SP.SIMPLE_PRIM36.ram/ADDRARDADDR[6]
                                                              10.511        
u_fp_domain/u_CORTEXM3INTEGRATION/u_cortexm3ds_logic/T0nm17_reg/C
                               u_fp_domain/u_CORTEXM3INTEGRATION/u_cortexm3ds_logic/Xoum17_reg/D
                                                              10.512        
u_fp_domain/u_CORTEXM3INTEGRATION/u_cortexm3ds_logic/T0nm17_reg/C
                               u_fp_domain/u_sram_top/u_itcm/U0/inst_blk_mem_gen/gnbram.gnativebmg.native_blk_mem_gen/valid.cstr/ramloop[8].ram.r/prim_init.ram/DEVICE_8SERIES.NO_BMM_INFO.SP.SIMPLE_PRIM36.ram/ADDRARDADDR[5]
                                                              10.513        
u_fp_domain/u_CORTEXM3INTEGRATION/u_cortexm3ds_logic/T0nm17_reg/C
                               u_fp_domain/u_CORTEXM3INTEGRATION/u_cortexm3ds_logic/Ju0t07_reg/D
                                                              10.513        
u_fp_domain/u_CORTEXM3INTEGRATION/u_cortexm3ds_logic/T0nm17_reg/C
                               u_fp_domain/u_CORTEXM3INTEGRATION/u_cortexm3ds_logic/Ny2nz6_reg/CE
                                                              10.514        
u_fp_domain/u_CORTEXM3INTEGRATION/u_cortexm3ds_logic/T0nm17_reg/C
                               u_fp_domain/u_sram_top/u_itcm/U0/inst_blk_mem_gen/gnbram.gnativebmg.native_blk_mem_gen/valid.cstr/ramloop[3].ram.r/prim_init.ram/DEVICE_8SERIES.NO_BMM_INFO.SP.SIMPLE_PRIM36.ram/ADDRARDADDR[7]
                                                              10.515        
u_fp_domain/u_CORTEXM3INTEGRATION/u_cortexm3ds_logic/T0nm17_reg/C
                               u_fp_domain/u_CORTEXM3INTEGRATION/u_cortexm3ds_logic/Kr0t07_reg/D
                                                              10.515        
u_fp_domain/u_CORTEXM3INTEGRATION/u_cortexm3ds_logic/T0nm17_reg/C
                               u_fp_domain/u_sram_top/u_itcm/U0/inst_blk_mem_gen/gnbram.gnativebmg.native_blk_mem_gen/valid.cstr/ramloop[6].ram.r/prim_init.ram/DEVICE_8SERIES.NO_BMM_INFO.SP.SIMPLE_PRIM36.ram/ADDRARDADDR[6]
                                                              10.517        
u_fp_domain/u_CORTEXM3INTEGRATION/u_cortexm3ds_logic/T0nm17_reg/C
                               u_fp_domain/u_CORTEXM3INTEGRATION/u_cortexm3ds_logic/No7oz6_reg/D
                                                              10.517        
u_fp_domain/u_CORTEXM3INTEGRATION/u_cortexm3ds_logic/T0nm17_reg/C
                               u_fp_domain/u_CORTEXM3INTEGRATION/u_cortexm3ds_logic/Hhkoz6_reg/D
                                                              10.519        
u_fp_domain/u_CORTEXM3INTEGRATION/u_cortexm3ds_logic/T0nm17_reg/C
                               u_fp_domain/u_sram_top/u_itcm/U0/inst_blk_mem_gen/gnbram.gnativebmg.native_blk_mem_gen/valid.cstr/ramloop[28].ram.r/prim_init.ram/DEVICE_8SERIES.NO_BMM_INFO.SP.SIMPLE_PRIM36.ram/ADDRARDADDR[12]
                                                              10.519        
u_fp_domain/u_CORTEXM3INTEGRATION/u_cortexm3ds_logic/T0nm17_reg/C
                               u_fp_domain/u_sram_top/u_dtcm/U0/inst_blk_mem_gen/gnbram.gnativebmg.native_blk_mem_gen/valid.cstr/ramloop[21].ram.r/prim_init.ram/DEVICE_8SERIES.NO_BMM_INFO.SP.SIMPLE_PRIM36.ram/ADDRARDADDR[10]
                                                              10.519        
u_fp_domain/u_CORTEXM3INTEGRATION/u_cortexm3ds_logic/T0nm17_reg/C
                               u_fp_domain/u_sram_top/u_itcm/U0/inst_blk_mem_gen/gnbram.gnativebmg.native_blk_mem_gen/valid.cstr/ramloop[7].ram.r/prim_init.ram/DEVICE_8SERIES.NO_BMM_INFO.SP.SIMPLE_PRIM36.ram/ADDRARDADDR[4]
                                                              10.519        
u_fp_domain/u_CORTEXM3INTEGRATION/u_cortexm3ds_logic/T0nm17_reg/C
                               u_fp_domain/u_CORTEXM3INTEGRATION/u_cortexm3ds_logic/Wwum17_reg/D
                                                              10.521        
u_fp_domain/u_CORTEXM3INTEGRATION/u_cortexm3ds_logic/T0nm17_reg/C
                               u_fp_domain/u_sram_top/u_itcm/U0/inst_blk_mem_gen/gnbram.gnativebmg.native_blk_mem_gen/valid.cstr/ramloop[7].ram.r/prim_init.ram/DEVICE_8SERIES.NO_BMM_INFO.SP.SIMPLE_PRIM36.ram/ADDRARDADDR[8]
                                                              10.521        
u_fp_domain/u_CORTEXM3INTEGRATION/u_cortexm3ds_logic/T0nm17_reg/C
                               u_fp_domain/u_sram_top/u_itcm/U0/inst_blk_mem_gen/gnbram.gnativebmg.native_blk_mem_gen/valid.cstr/ramloop[28].ram.r/prim_init.ram/DEVICE_8SERIES.NO_BMM_INFO.SP.SIMPLE_PRIM36.ram/WEA[0]
                                                              10.522        
u_fp_domain/u_CORTEXM3INTEGRATION/u_cortexm3ds_logic/T0nm17_reg/C
                               u_fp_domain/u_sram_top/u_itcm/U0/inst_blk_mem_gen/gnbram.gnativebmg.native_blk_mem_gen/valid.cstr/ramloop[18].ram.r/prim_init.ram/DEVICE_8SERIES.NO_BMM_INFO.SP.SIMPLE_PRIM36.ram/ADDRARDADDR[7]
                                                              10.522        
u_fp_domain/u_CORTEXM3INTEGRATION/u_cortexm3ds_logic/T0nm17_reg/C
                               u_fp_domain/u_CORTEXM3INTEGRATION/u_cortexm3ds_logic/Agau07_reg/CE
                                                              10.522        
u_fp_domain/u_CORTEXM3INTEGRATION/u_cortexm3ds_logic/T0nm17_reg/C
                               u_fp_domain/u_CORTEXM3INTEGRATION/u_cortexm3ds_logic/Apau07_reg/CE
                                                              10.522        
u_fp_domain/u_CORTEXM3INTEGRATION/u_cortexm3ds_logic/T0nm17_reg/C
                               u_fp_domain/u_CORTEXM3INTEGRATION/u_cortexm3ds_logic/Nbau07_reg/CE
                                                              10.522        
u_fp_domain/u_CORTEXM3INTEGRATION/u_cortexm3ds_logic/T0nm17_reg/C
                               u_fp_domain/u_CORTEXM3INTEGRATION/u_cortexm3ds_logic/Nkau07_reg/CE
                                                              10.522        
u_fp_domain/u_CORTEXM3INTEGRATION/u_cortexm3ds_logic/T0nm17_reg/C
                               u_fp_domain/u_sram_top/u_dtcm/U0/inst_blk_mem_gen/gnbram.gnativebmg.native_blk_mem_gen/valid.cstr/ramloop[21].ram.r/prim_init.ram/DEVICE_8SERIES.NO_BMM_INFO.SP.SIMPLE_PRIM36.ram/ADDRARDADDR[5]
                                                              10.524        
u_fp_domain/u_CORTEXM3INTEGRATION/u_cortexm3ds_logic/T0nm17_reg/C
                               u_fp_domain/u_CORTEXM3INTEGRATION/u_cortexm3ds_logic/E2vm17_reg/D
                                                              10.525        
u_fp_domain/u_CORTEXM3INTEGRATION/u_cortexm3ds_logic/T0nm17_reg/C
                               u_fp_domain/u_sram_top/u_itcm/U0/inst_blk_mem_gen/gnbram.gnativebmg.native_blk_mem_gen/valid.cstr/ramloop[17].ram.r/prim_init.ram/DEVICE_8SERIES.NO_BMM_INFO.SP.SIMPLE_PRIM36.ram/ADDRARDADDR[14]
                                                              10.530        
u_fp_domain/u_CORTEXM3INTEGRATION/u_cortexm3ds_logic/T0nm17_reg/C
                               u_fp_domain/u_sram_top/u_itcm/U0/inst_blk_mem_gen/gnbram.gnativebmg.native_blk_mem_gen/valid.cstr/ramloop[18].ram.r/prim_init.ram/DEVICE_8SERIES.NO_BMM_INFO.SP.SIMPLE_PRIM36.ram/ADDRARDADDR[9]
                                                              10.531        
u_fp_domain/u_CORTEXM3INTEGRATION/u_cortexm3ds_logic/T0nm17_reg/C
                               u_fp_domain/u_sram_top/u_dtcm/U0/inst_blk_mem_gen/gnbram.gnativebmg.native_blk_mem_gen/valid.cstr/ramloop[26].ram.r/prim_init.ram/DEVICE_8SERIES.NO_BMM_INFO.SP.SIMPLE_PRIM36.ram/ADDRARDADDR[13]
                                                              10.532        
u_fp_domain/u_CORTEXM3INTEGRATION/u_cortexm3ds_logic/T0nm17_reg/C
                               u_fp_domain/u_sram_top/u_dtcm/U0/inst_blk_mem_gen/gnbram.gnativebmg.native_blk_mem_gen/valid.cstr/ramloop[21].ram.r/prim_init.ram/DEVICE_8SERIES.NO_BMM_INFO.SP.SIMPLE_PRIM36.ram/ADDRARDADDR[3]
                                                              10.533        
u_fp_domain/u_CORTEXM3INTEGRATION/u_cortexm3ds_logic/T0nm17_reg/C
                               u_fp_domain/u_CORTEXM3INTEGRATION/u_cortexm3ds_logic/Aw2nz6_reg_rep/CE
                                                              10.533        
u_fp_domain/u_CORTEXM3INTEGRATION/u_cortexm3ds_logic/T0nm17_reg/C
                               u_fp_domain/u_CORTEXM3INTEGRATION/u_cortexm3ds_logic/Aw2nz6_reg_rep__0/CE
                                                              10.533        
u_fp_domain/u_CORTEXM3INTEGRATION/u_cortexm3ds_logic/T0nm17_reg/C
                               u_fp_domain/u_sram_top/u_dtcm/U0/inst_blk_mem_gen/gnbram.gnativebmg.native_blk_mem_gen/valid.cstr/ramloop[30].ram.r/prim_init.ram/DEVICE_8SERIES.NO_BMM_INFO.SP.SIMPLE_PRIM36.ram/ADDRARDADDR[11]
                                                              10.537        
u_fp_domain/u_CORTEXM3INTEGRATION/u_cortexm3ds_logic/T0nm17_reg/C
                               u_fp_domain/u_sram_top/u_dtcm/U0/inst_blk_mem_gen/gnbram.gnativebmg.native_blk_mem_gen/valid.cstr/ramloop[23].ram.r/prim_init.ram/DEVICE_8SERIES.NO_BMM_INFO.SP.SIMPLE_PRIM36.ram/ADDRARDADDR[5]
                                                              10.538        
u_fp_domain/u_CORTEXM3INTEGRATION/u_cortexm3ds_logic/T0nm17_reg/C
                               u_fp_domain/u_CORTEXM3INTEGRATION/u_cortexm3ds_logic/D6koz6_reg/D
                                                              10.540        
u_fp_domain/u_CORTEXM3INTEGRATION/u_cortexm3ds_logic/T0nm17_reg/C
                               u_fp_domain/u_sram_top/u_itcm/U0/inst_blk_mem_gen/gnbram.gnativebmg.native_blk_mem_gen/valid.cstr/ramloop[3].ram.r/prim_init.ram/DEVICE_8SERIES.NO_BMM_INFO.SP.SIMPLE_PRIM36.ram/ADDRARDADDR[11]
                                                              10.541        
u_fp_domain/u_CORTEXM3INTEGRATION/u_cortexm3ds_logic/T0nm17_reg/C
                               u_fp_domain/u_sram_top/u_dtcm/U0/inst_blk_mem_gen/gnbram.gnativebmg.native_blk_mem_gen/valid.cstr/ramloop[27].ram.r/prim_init.ram/DEVICE_8SERIES.NO_BMM_INFO.SP.SIMPLE_PRIM36.ram/ADDRARDADDR[7]
                                                              10.541        
u_fp_domain/u_CORTEXM3INTEGRATION/u_cortexm3ds_logic/T0nm17_reg/C
                               u_fp_domain/u_sram_top/u_itcm/U0/inst_blk_mem_gen/gnbram.gnativebmg.native_blk_mem_gen/valid.cstr/ramloop[5].ram.r/prim_init.ram/DEVICE_8SERIES.NO_BMM_INFO.SP.SIMPLE_PRIM36.ram/ADDRARDADDR[6]
                                                              10.541        
u_fp_domain/u_CORTEXM3INTEGRATION/u_cortexm3ds_logic/T0nm17_reg/C
                               u_fp_domain/u_CORTEXM3INTEGRATION/u_cortexm3ds_logic/Z8um17_reg/D
                                                              10.541        
u_fp_domain/u_CORTEXM3INTEGRATION/u_cortexm3ds_logic/T0nm17_reg/C
                               u_fp_domain/u_sram_top/u_dtcm/U0/inst_blk_mem_gen/gnbram.gnativebmg.native_blk_mem_gen/valid.cstr/ramloop[23].ram.r/prim_init.ram/DEVICE_8SERIES.NO_BMM_INFO.SP.SIMPLE_PRIM36.ram/ADDRARDADDR[9]
                                                              10.543        
u_fp_domain/u_CORTEXM3INTEGRATION/u_cortexm3ds_logic/T0nm17_reg/C
                               u_fp_domain/u_CORTEXM3INTEGRATION/u_cortexm3ds_logic/Aw2nz6_reg/CE
                                                              10.545        
u_fp_domain/u_CORTEXM3INTEGRATION/u_cortexm3ds_logic/T0nm17_reg/C
                               u_fp_domain/u_CORTEXM3INTEGRATION/u_cortexm3ds_logic/Pjum17_reg/D
                                                              10.546        
u_fp_domain/u_CORTEXM3INTEGRATION/u_cortexm3ds_logic/T0nm17_reg/C
                               u_fp_domain/u_sram_top/u_dtcm/U0/inst_blk_mem_gen/gnbram.gnativebmg.native_blk_mem_gen/valid.cstr/ramloop[17].ram.r/prim_init.ram/DEVICE_8SERIES.NO_BMM_INFO.SP.SIMPLE_PRIM36.ram/ADDRARDADDR[12]
                                                              10.546        
u_fp_domain/u_CORTEXM3INTEGRATION/u_cortexm3ds_logic/T0nm17_reg/C
                               u_fp_domain/u_CORTEXM3INTEGRATION/u_cortexm3ds_logic/J8koz6_reg/D
                                                              10.547        
u_fp_domain/u_CORTEXM3INTEGRATION/u_cortexm3ds_logic/T0nm17_reg/C
                               u_fp_domain/u_sram_top/u_itcm/U0/inst_blk_mem_gen/gnbram.gnativebmg.native_blk_mem_gen/valid.cstr/ramloop[16].ram.r/prim_init.ram/DEVICE_8SERIES.NO_BMM_INFO.SP.SIMPLE_PRIM36.ram/ADDRARDADDR[8]
                                                              10.547        
u_fp_domain/u_CORTEXM3INTEGRATION/u_cortexm3ds_logic/T0nm17_reg/C
                               u_fp_domain/u_CORTEXM3INTEGRATION/u_cortexm3ds_logic/Rx7oz6_reg/D
                                                              10.547        
u_fp_domain/u_CORTEXM3INTEGRATION/u_cortexm3ds_logic/T0nm17_reg/C
                               u_fp_domain/u_CORTEXM3INTEGRATION/u_cortexm3ds_logic/Gmum17_reg/D
                                                              10.548        
u_fp_domain/u_CORTEXM3INTEGRATION/u_cortexm3ds_logic/T0nm17_reg/C
                               u_fp_domain/u_CORTEXM3INTEGRATION/u_cortexm3ds_logic/Heum17_reg/D
                                                              10.550        
u_fp_domain/u_CORTEXM3INTEGRATION/u_cortexm3ds_logic/T0nm17_reg/C
                               u_fp_domain/u_CORTEXM3INTEGRATION/u_cortexm3ds_logic/Orum17_reg/D
                                                              10.550        
u_fp_domain/u_CORTEXM3INTEGRATION/u_cortexm3ds_logic/T0nm17_reg/C
                               u_fp_domain/u_sram_top/u_itcm/U0/inst_blk_mem_gen/gnbram.gnativebmg.native_blk_mem_gen/valid.cstr/ramloop[29].ram.r/prim_init.ram/DEVICE_8SERIES.NO_BMM_INFO.SP.SIMPLE_PRIM36.ram/ADDRARDADDR[7]
                                                              10.550        
u_fp_domain/u_CORTEXM3INTEGRATION/u_cortexm3ds_logic/T0nm17_reg/C
                               u_fp_domain/u_sram_top/u_itcm/U0/inst_blk_mem_gen/gnbram.gnativebmg.native_blk_mem_gen/valid.cstr/ramloop[30].ram.r/prim_init.ram/DEVICE_8SERIES.NO_BMM_INFO.SP.SIMPLE_PRIM36.ram/WEA[0]
                                                              10.552        
u_fp_domain/u_CORTEXM3INTEGRATION/u_cortexm3ds_logic/T0nm17_reg/C
                               u_fp_domain/u_sram_top/u_itcm/U0/inst_blk_mem_gen/gnbram.gnativebmg.native_blk_mem_gen/valid.cstr/ramloop[21].ram.r/prim_init.ram/DEVICE_8SERIES.NO_BMM_INFO.SP.SIMPLE_PRIM36.ram/ADDRARDADDR[14]
                                                              10.552        
u_fp_domain/u_CORTEXM3INTEGRATION/u_cortexm3ds_logic/T0nm17_reg/C
                               u_fp_domain/u_CORTEXM3INTEGRATION/u_cortexm3ds_logic/R3um17_reg/D
                                                              10.555        
u_fp_domain/u_CORTEXM3INTEGRATION/u_cortexm3ds_logic/T0nm17_reg/C
                               u_fp_domain/u_CORTEXM3INTEGRATION/u_cortexm3ds_logic/Ecxzz6_reg/D
                                                              10.556        
u_fp_domain/u_CORTEXM3INTEGRATION/u_cortexm3ds_logic/T0nm17_reg/C
                               u_fp_domain/u_sram_top/u_itcm/U0/inst_blk_mem_gen/gnbram.gnativebmg.native_blk_mem_gen/valid.cstr/ramloop[18].ram.r/prim_init.ram/DEVICE_8SERIES.NO_BMM_INFO.SP.SIMPLE_PRIM36.ram/ADDRARDADDR[13]
                                                              10.557        
u_fp_domain/u_CORTEXM3INTEGRATION/u_cortexm3ds_logic/T0nm17_reg/C
                               u_fp_domain/u_sram_top/u_itcm/U0/inst_blk_mem_gen/gnbram.gnativebmg.native_blk_mem_gen/valid.cstr/ramloop[18].ram.r/prim_init.ram/DEVICE_8SERIES.NO_BMM_INFO.SP.SIMPLE_PRIM36.ram/ADDRARDADDR[3]
                                                              10.558        
u_fp_domain/u_CORTEXM3INTEGRATION/u_cortexm3ds_logic/T0nm17_reg/C
                               u_fp_domain/u_CORTEXM3INTEGRATION/u_cortexm3ds_logic/Tsea17_reg/D
                                                              10.559        
u_fp_domain/u_CORTEXM3INTEGRATION/u_cortexm3ds_logic/T0nm17_reg/C
                               u_fp_domain/u_sram_top/u_itcm/U0/inst_blk_mem_gen/gnbram.gnativebmg.native_blk_mem_gen/valid.cstr/ramloop[17].ram.r/prim_init.ram/DEVICE_8SERIES.NO_BMM_INFO.SP.SIMPLE_PRIM36.ram/ADDRARDADDR[6]
                                                              10.561        
u_fp_domain/u_CORTEXM3INTEGRATION/u_cortexm3ds_logic/T0nm17_reg/C
                               u_fp_domain/u_CORTEXM3INTEGRATION/u_cortexm3ds_logic/O59oz6_reg/D
                                                              10.561        
u_fp_domain/u_CORTEXM3INTEGRATION/u_cortexm3ds_logic/T0nm17_reg/C
                               u_fp_domain/u_CORTEXM3INTEGRATION/u_cortexm3ds_logic/Pp6oz6_reg/D
                                                              10.561        
u_fp_domain/u_CORTEXM3INTEGRATION/u_cortexm3ds_logic/T0nm17_reg/C
                               u_fp_domain/u_sram_top/u_itcm/U0/inst_blk_mem_gen/gnbram.gnativebmg.native_blk_mem_gen/valid.cstr/ramloop[14].ram.r/prim_init.ram/DEVICE_8SERIES.NO_BMM_INFO.SP.SIMPLE_PRIM36.ram/ADDRARDADDR[5]
                                                              10.562        
u_fp_domain/u_CORTEXM3INTEGRATION/u_cortexm3ds_logic/T0nm17_reg/C
                               u_fp_domain/u_sram_top/u_itcm/U0/inst_blk_mem_gen/gnbram.gnativebmg.native_blk_mem_gen/valid.cstr/ramloop[28].ram.r/prim_init.ram/DEVICE_8SERIES.NO_BMM_INFO.SP.SIMPLE_PRIM36.ram/ADDRARDADDR[6]
                                                              10.562        
u_fp_domain/u_CORTEXM3INTEGRATION/u_cortexm3ds_logic/T0nm17_reg/C
                               u_fp_domain/u_sram_top/u_itcm/U0/inst_blk_mem_gen/gnbram.gnativebmg.native_blk_mem_gen/valid.cstr/ramloop[18].ram.r/prim_init.ram/DEVICE_8SERIES.NO_BMM_INFO.SP.SIMPLE_PRIM36.ram/ADDRARDADDR[12]
                                                              10.563        
u_fp_domain/u_CORTEXM3INTEGRATION/u_cortexm3ds_logic/T0nm17_reg/C
                               u_fp_domain/u_sram_top/u_itcm/U0/inst_blk_mem_gen/gnbram.gnativebmg.native_blk_mem_gen/valid.cstr/ramloop[16].ram.r/prim_init.ram/DEVICE_8SERIES.NO_BMM_INFO.SP.SIMPLE_PRIM36.ram/ADDRARDADDR[12]
                                                              10.564        
u_fp_domain/u_CORTEXM3INTEGRATION/u_cortexm3ds_logic/T0nm17_reg/C
                               u_fp_domain/u_sram_top/u_itcm/U0/inst_blk_mem_gen/gnbram.gnativebmg.native_blk_mem_gen/valid.cstr/ramloop[17].ram.r/prim_init.ram/DEVICE_8SERIES.NO_BMM_INFO.SP.SIMPLE_PRIM36.ram/WEA[0]
                                                              10.565        
u_fp_domain/u_CORTEXM3INTEGRATION/u_cortexm3ds_logic/T0nm17_reg/C
                               u_fp_domain/u_sram_top/u_itcm/U0/inst_blk_mem_gen/gnbram.gnativebmg.native_blk_mem_gen/valid.cstr/ramloop[9].ram.r/prim_init.ram/DEVICE_8SERIES.NO_BMM_INFO.SP.SIMPLE_PRIM36.ram/ADDRARDADDR[12]
                                                              10.566        
u_fp_domain/u_CORTEXM3INTEGRATION/u_cortexm3ds_logic/T0nm17_reg/C
                               u_fp_domain/u_sram_top/u_dtcm/U0/inst_blk_mem_gen/gnbram.gnativebmg.native_blk_mem_gen/valid.cstr/ramloop[25].ram.r/prim_init.ram/DEVICE_8SERIES.NO_BMM_INFO.SP.SIMPLE_PRIM36.ram/ADDRARDADDR[3]
                                                              10.569        
u_fp_domain/u_CORTEXM3INTEGRATION/u_cortexm3ds_logic/T0nm17_reg/C
                               u_fp_domain/u_sram_top/u_dtcm/U0/inst_blk_mem_gen/gnbram.gnativebmg.native_blk_mem_gen/valid.cstr/ramloop[27].ram.r/prim_init.ram/DEVICE_8SERIES.NO_BMM_INFO.SP.SIMPLE_PRIM36.ram/ADDRARDADDR[11]
                                                              10.570        
u_fp_domain/u_CORTEXM3INTEGRATION/u_cortexm3ds_logic/T0nm17_reg/C
                               u_fp_domain/u_CORTEXM3INTEGRATION/u_cortexm3ds_logic/A7au07_reg/CE
                                                              10.571        
u_fp_domain/u_CORTEXM3INTEGRATION/u_cortexm3ds_logic/T0nm17_reg/C
                               u_fp_domain/u_CORTEXM3INTEGRATION/u_cortexm3ds_logic/Ay9u07_reg/CE
                                                              10.571        
u_fp_domain/u_CORTEXM3INTEGRATION/u_cortexm3ds_logic/T0nm17_reg/C
                               u_fp_domain/u_CORTEXM3INTEGRATION/u_cortexm3ds_logic/N2au07_reg/CE
                                                              10.571        
u_fp_domain/u_CORTEXM3INTEGRATION/u_cortexm3ds_logic/T0nm17_reg/C
                               u_fp_domain/u_CORTEXM3INTEGRATION/u_cortexm3ds_logic/Nt9u07_reg/CE
                                                              10.571        
u_fp_domain/u_CORTEXM3INTEGRATION/u_cortexm3ds_logic/T0nm17_reg/C
                               u_fp_domain/u_sram_top/u_itcm/U0/inst_blk_mem_gen/gnbram.gnativebmg.native_blk_mem_gen/valid.cstr/ramloop[0].ram.r/prim_init.ram/DEVICE_8SERIES.NO_BMM_INFO.SP.SIMPLE_PRIM36.ram/ADDRARDADDR[4]
                                                              10.572        
u_fp_domain/u_CORTEXM3INTEGRATION/u_cortexm3ds_logic/T0nm17_reg/C
                               u_fp_domain/u_sram_top/u_itcm/U0/inst_blk_mem_gen/gnbram.gnativebmg.native_blk_mem_gen/valid.cstr/ramloop[8].ram.r/prim_init.ram/DEVICE_8SERIES.NO_BMM_INFO.SP.SIMPLE_PRIM36.ram/ADDRARDADDR[14]
                                                              10.574        
u_fp_domain/u_CORTEXM3INTEGRATION/u_cortexm3ds_logic/T0nm17_reg/C
                               u_fp_domain/u_sram_top/u_itcm/U0/inst_blk_mem_gen/gnbram.gnativebmg.native_blk_mem_gen/valid.cstr/ramloop[18].ram.r/prim_init.ram/DEVICE_8SERIES.NO_BMM_INFO.SP.SIMPLE_PRIM36.ram/ADDRARDADDR[4]
                                                              10.575        
u_fp_domain/u_CORTEXM3INTEGRATION/u_cortexm3ds_logic/T0nm17_reg/C
                               u_fp_domain/u_sram_top/u_dtcm/U0/inst_blk_mem_gen/gnbram.gnativebmg.native_blk_mem_gen/valid.cstr/ramloop[17].ram.r/prim_init.ram/DEVICE_8SERIES.NO_BMM_INFO.SP.SIMPLE_PRIM36.ram/ADDRARDADDR[11]
                                                              10.575        
u_fp_domain/u_CORTEXM3INTEGRATION/u_cortexm3ds_logic/T0nm17_reg/C
                               u_fp_domain/u_sram_top/u_itcm/U0/inst_blk_mem_gen/gnbram.gnativebmg.native_blk_mem_gen/valid.cstr/ramloop[5].ram.r/prim_init.ram/DEVICE_8SERIES.NO_BMM_INFO.SP.SIMPLE_PRIM36.ram/ADDRARDADDR[5]
                                                              10.576        
u_fp_domain/u_CORTEXM3INTEGRATION/u_cortexm3ds_logic/T0nm17_reg/C
                               u_fp_domain/u_sram_top/u_dtcm/U0/inst_blk_mem_gen/gnbram.gnativebmg.native_blk_mem_gen/valid.cstr/ramloop[30].ram.r/prim_init.ram/DEVICE_8SERIES.NO_BMM_INFO.SP.SIMPLE_PRIM36.ram/ADDRARDADDR[7]
                                                              10.578        
u_fp_domain/u_CORTEXM3INTEGRATION/u_cortexm3ds_logic/T0nm17_reg/C
                               u_fp_domain/u_sram_top/u_dtcm/U0/inst_blk_mem_gen/gnbram.gnativebmg.native_blk_mem_gen/valid.cstr/ramloop[27].ram.r/prim_init.ram/DEVICE_8SERIES.NO_BMM_INFO.SP.SIMPLE_PRIM36.ram/ADDRARDADDR[4]
                                                              10.578        
u_fp_domain/u_CORTEXM3INTEGRATION/u_cortexm3ds_logic/T0nm17_reg/C
                               u_fp_domain/u_sram_top/u_dtcm/U0/inst_blk_mem_gen/gnbram.gnativebmg.native_blk_mem_gen/valid.cstr/ramloop[23].ram.r/prim_init.ram/DEVICE_8SERIES.NO_BMM_INFO.SP.SIMPLE_PRIM36.ram/ADDRARDADDR[3]
                                                              10.579        
u_fp_domain/u_CORTEXM3INTEGRATION/u_cortexm3ds_logic/T0nm17_reg/C
                               u_fp_domain/u_sram_top/u_itcm/U0/inst_blk_mem_gen/gnbram.gnativebmg.native_blk_mem_gen/valid.cstr/ramloop[21].ram.r/prim_init.ram/DEVICE_8SERIES.NO_BMM_INFO.SP.SIMPLE_PRIM36.ram/ADDRARDADDR[10]
                                                              10.582        
u_fp_domain/u_CORTEXM3INTEGRATION/u_cortexm3ds_logic/T0nm17_reg/C
                               u_fp_domain/u_CORTEXM3INTEGRATION/u_cortexm3ds_logic/Tcmoz6_reg/D
                                                              10.583        
u_fp_domain/u_CORTEXM3INTEGRATION/u_cortexm3ds_logic/T0nm17_reg/C
                               u_fp_domain/u_sram_top/u_itcm/U0/inst_blk_mem_gen/gnbram.gnativebmg.native_blk_mem_gen/valid.cstr/ramloop[18].ram.r/prim_init.ram/DEVICE_8SERIES.NO_BMM_INFO.SP.SIMPLE_PRIM36.ram/ADDRARDADDR[5]
                                                              10.583        
u_fp_domain/u_CORTEXM3INTEGRATION/u_cortexm3ds_logic/T0nm17_reg/C
                               u_fp_domain/u_sram_top/u_itcm/U0/inst_blk_mem_gen/gnbram.gnativebmg.native_blk_mem_gen/valid.cstr/ramloop[0].ram.r/prim_init.ram/DEVICE_8SERIES.NO_BMM_INFO.SP.SIMPLE_PRIM36.ram/ADDRARDADDR[3]
                                                              10.587        
u_fp_domain/u_CORTEXM3INTEGRATION/u_cortexm3ds_logic/T0nm17_reg/C
                               u_fp_domain/u_CORTEXM3INTEGRATION/u_cortexm3ds_logic/Qbum17_reg/D
                                                              10.589        
u_fp_domain/u_CORTEXM3INTEGRATION/u_cortexm3ds_logic/T0nm17_reg/C
                               u_fp_domain/u_CORTEXM3INTEGRATION/u_cortexm3ds_logic/Jytm17_reg/D
                                                              10.589        
u_fp_domain/u_CORTEXM3INTEGRATION/u_cortexm3ds_logic/T0nm17_reg/C
                               u_fp_domain/u_CORTEXM3INTEGRATION/u_cortexm3ds_logic/A1um17_reg/D
                                                              10.591        
u_fp_domain/u_CORTEXM3INTEGRATION/u_cortexm3ds_logic/T0nm17_reg/C
                               u_fp_domain/u_sram_top/u_dtcm/U0/inst_blk_mem_gen/gnbram.gnativebmg.native_blk_mem_gen/valid.cstr/ramloop[19].ram.r/prim_init.ram/DEVICE_8SERIES.NO_BMM_INFO.SP.SIMPLE_PRIM36.ram/ADDRARDADDR[12]
                                                              10.592        
u_fp_domain/u_CORTEXM3INTEGRATION/u_cortexm3ds_logic/T0nm17_reg/C
                               u_fp_domain/u_CORTEXM3INTEGRATION/u_cortexm3ds_logic/Ygum17_reg/D
                                                              10.593        
u_fp_domain/u_CORTEXM3INTEGRATION/u_cortexm3ds_logic/T0nm17_reg/C
                               u_fp_domain/u_CORTEXM3INTEGRATION/u_cortexm3ds_logic/Bttm17_reg/D
                                                              10.593        
u_fp_domain/u_CORTEXM3INTEGRATION/u_cortexm3ds_logic/T0nm17_reg/C
                               u_fp_domain/u_CORTEXM3INTEGRATION/u_cortexm3ds_logic/I6um17_reg/D
                                                              10.593        
u_fp_domain/u_CORTEXM3INTEGRATION/u_cortexm3ds_logic/T0nm17_reg/C
                               u_fp_domain/u_sram_top/u_itcm/U0/inst_blk_mem_gen/gnbram.gnativebmg.native_blk_mem_gen/valid.cstr/ramloop[0].ram.r/prim_init.ram/DEVICE_8SERIES.NO_BMM_INFO.SP.SIMPLE_PRIM36.ram/ADDRARDADDR[13]
                                                              10.594        
u_fp_domain/u_CORTEXM3INTEGRATION/u_cortexm3ds_logic/T0nm17_reg/C
                               u_fp_domain/u_sram_top/u_itcm/U0/inst_blk_mem_gen/gnbram.gnativebmg.native_blk_mem_gen/valid.cstr/ramloop[8].ram.r/prim_init.ram/DEVICE_8SERIES.NO_BMM_INFO.SP.SIMPLE_PRIM36.ram/ADDRARDADDR[10]
                                                              10.595        
u_fp_domain/u_CORTEXM3INTEGRATION/u_cortexm3ds_logic/T0nm17_reg/C
                               u_fp_domain/u_sram_top/u_itcm/U0/inst_blk_mem_gen/gnbram.gnativebmg.native_blk_mem_gen/valid.cstr/ramloop[6].ram.r/prim_init.ram/DEVICE_8SERIES.NO_BMM_INFO.SP.SIMPLE_PRIM36.ram/ADDRARDADDR[11]
                                                              10.595        
u_fp_domain/u_CORTEXM3INTEGRATION/u_cortexm3ds_logic/T0nm17_reg/C
                               u_fp_domain/u_sram_top/u_dtcm/U0/inst_blk_mem_gen/gnbram.gnativebmg.native_blk_mem_gen/valid.cstr/ramloop[30].ram.r/prim_init.ram/DEVICE_8SERIES.NO_BMM_INFO.SP.SIMPLE_PRIM36.ram/ADDRARDADDR[4]
                                                              10.596        
u_fp_domain/u_CORTEXM3INTEGRATION/u_cortexm3ds_logic/T0nm17_reg/C
                               u_fp_domain/u_sram_top/u_itcm/U0/inst_blk_mem_gen/gnbram.gnativebmg.native_blk_mem_gen/valid.cstr/ramloop[21].ram.r/prim_init.ram/DEVICE_8SERIES.NO_BMM_INFO.SP.SIMPLE_PRIM36.ram/ADDRARDADDR[3]
                                                              10.598        
u_fp_domain/u_CORTEXM3INTEGRATION/u_cortexm3ds_logic/T0nm17_reg/C
                               u_fp_domain/u_sram_top/u_dtcm/U0/inst_blk_mem_gen/gnbram.gnativebmg.native_blk_mem_gen/valid.cstr/ramloop[17].ram.r/prim_init.ram/DEVICE_8SERIES.NO_BMM_INFO.SP.SIMPLE_PRIM36.ram/ADDRARDADDR[4]
                                                              10.598        
u_fp_domain/u_CORTEXM3INTEGRATION/u_cortexm3ds_logic/T0nm17_reg/C
                               u_fp_domain/u_CORTEXM3INTEGRATION/u_cortexm3ds_logic/Kmhzz6_reg/D
                                                              10.602        
u_fpga_platform/u_lsi/clk_cnt_reg[1]/C
                               u_fpga_platform/u_lsi/outclk1_reg/D
                                                              11.859        
u_fpga_platform/u_lsi/clk_cnt_reg[1]/C
                               u_fpga_platform/u_lsi/clk_cnt_reg[3]/D
                                                              11.860        
u_fpga_platform/u_lsi/clk_cnt_reg[1]/C
                               u_fpga_platform/u_lsi/clk_cnt_reg[2]/D
                                                              11.881        
u_fpga_platform/u_lsi/clk_cnt_reg[1]/C
                               u_fpga_platform/u_lsi/clk_cnt_reg[1]/D
                                                              11.882        
u_fpga_platform/u_lsi/clk_cnt_reg[0]/C
                               u_fpga_platform/u_lsi/clk_cnt_reg[0]/D
                                                              12.158        
u_fp_domain/u_CORTEXM3INTEGRATION/u_cortexm3ds_logic/Ik2nz6_reg/C
                               u_fp_domain/u_CORTEXM3INTEGRATION/u_cortexm3ds_logic/E58m17_reg/CLR
                                                              18.278        
u_fp_domain/u_CORTEXM3INTEGRATION/u_cortexm3ds_logic/Ik2nz6_reg/C
                               u_fp_domain/u_CORTEXM3INTEGRATION/u_cortexm3ds_logic/G08m17_reg/PRE
                                                              18.278        
u_fp_domain/u_CORTEXM3INTEGRATION/u_cortexm3ds_logic/Ik2nz6_reg/C
                               u_fp_domain/u_CORTEXM3INTEGRATION/u_cortexm3ds_logic/N28m17_reg/CLR
                                                              18.278        
u_fp_domain/u_CORTEXM3INTEGRATION/u_cortexm3ds_logic/Ik2nz6_reg/C
                               u_fp_domain/u_CORTEXM3INTEGRATION/u_cortexm3ds_logic/Dfya17_reg/CLR
                                                              18.286        
u_fp_domain/u_CORTEXM3INTEGRATION/u_cortexm3ds_logic/Ik2nz6_reg/C
                               u_fp_domain/u_CORTEXM3INTEGRATION/u_cortexm3ds_logic/Lcya17_reg/CLR
                                                              18.286        
u_fp_domain/u_CORTEXM3INTEGRATION/u_cortexm3ds_logic/Ik2nz6_reg/C
                               u_fp_domain/u_CORTEXM3INTEGRATION/u_cortexm3ds_logic/Gk8m17_reg/PRE
                                                              18.348        
u_fp_domain/u_CORTEXM3INTEGRATION/u_cortexm3ds_logic/Ik2nz6_reg/C
                               u_fp_domain/u_CORTEXM3INTEGRATION/u_cortexm3ds_logic/Ph8m17_reg/CLR
                                                              18.348        
u_fp_domain/u_CORTEXM3INTEGRATION/u_cortexm3ds_logic/Ik2nz6_reg/C
                               u_fp_domain/u_CORTEXM3INTEGRATION/u_cortexm3ds_logic/Ye8m17_reg/CLR
                                                              18.348        
u_fp_domain/u_CORTEXM3INTEGRATION/u_cortexm3ds_logic/Ik2nz6_reg/C
                               u_fp_domain/u_CORTEXM3INTEGRATION/u_cortexm3ds_logic/Knxa17_reg/CLR
                                                              18.361        
u_fp_domain/u_CORTEXM3INTEGRATION/u_cortexm3ds_logic/Ik2nz6_reg/C
                               u_fp_domain/u_CORTEXM3INTEGRATION/u_cortexm3ds_logic/Qxxa17_reg/CLR
                                                              18.361        
u_fp_domain/u_CORTEXM3INTEGRATION/u_cortexm3ds_logic/Ik2nz6_reg/C
                               u_fp_domain/u_CORTEXM3INTEGRATION/u_cortexm3ds_logic/Skxa17_reg/CLR
                                                              18.361        
u_fp_domain/u_CORTEXM3INTEGRATION/u_cortexm3ds_logic/Ik2nz6_reg/C
                               u_fp_domain/u_CORTEXM3INTEGRATION/u_cortexm3ds_logic/Yuxa17_reg/CLR
                                                              18.361        
u_fp_domain/u_CORTEXM3INTEGRATION/u_cortexm3ds_logic/Ik2nz6_reg/C
                               u_fp_domain/u_CORTEXM3INTEGRATION/u_cortexm3ds_logic/Zc8m17_reg/CLR
                                                              18.369        
u_fp_domain/u_CORTEXM3INTEGRATION/u_cortexm3ds_logic/Ik2nz6_reg/C
                               u_fp_domain/u_CORTEXM3INTEGRATION/u_cortexm3ds_logic/Yw8m17_reg/PRE
                                                              18.438        
u_fp_domain/u_CORTEXM3INTEGRATION/u_cortexm3ds_logic/Ik2nz6_reg/C
                               u_fp_domain/u_CORTEXM3INTEGRATION/u_cortexm3ds_logic/Dnznz6_reg/PRE
                                                              18.447        
u_fp_domain/u_CORTEXM3INTEGRATION/u_cortexm3ds_logic/Ik2nz6_reg/C
                               u_fp_domain/u_CORTEXM3INTEGRATION/u_cortexm3ds_logic/Mm9m17_reg/CLR
                                                              18.447        
u_fp_domain/u_CORTEXM3INTEGRATION/u_cortexm3ds_logic/Ik2nz6_reg/C
                               u_fp_domain/u_CORTEXM3INTEGRATION/u_cortexm3ds_logic/Vj9m17_reg/CLR
                                                              18.447        
u_fp_domain/u_CORTEXM3INTEGRATION/u_cortexm3ds_logic/Ik2nz6_reg/C
                               u_fp_domain/u_CORTEXM3INTEGRATION/u_cortexm3ds_logic/Cp8m17_reg/PRE
                                                              18.455        
u_fp_domain/u_CORTEXM3INTEGRATION/u_cortexm3ds_logic/Ik2nz6_reg/C
                               u_fp_domain/u_CORTEXM3INTEGRATION/u_cortexm3ds_logic/Zu8m17_reg/CLR
                                                              18.455        
u_fp_domain/u_CORTEXM3INTEGRATION/u_cortexm3ds_logic/Ik2nz6_reg/C
                               u_fp_domain/u_CORTEXM3INTEGRATION/u_cortexm3ds_logic/Pe9m17_reg/CLR
                                                              18.605        
u_fp_domain/u_CORTEXM3INTEGRATION/u_cortexm3ds_logic/Ik2nz6_reg/C
                               u_fp_domain/u_CORTEXM3INTEGRATION/u_cortexm3ds_logic/R99m17_reg/PRE
                                                              18.605        
u_fp_domain/u_CORTEXM3INTEGRATION/u_cortexm3ds_logic/Ik2nz6_reg/C
                               u_fp_domain/u_CORTEXM3INTEGRATION/u_cortexm3ds_logic/Yb9m17_reg/CLR
                                                              18.605        
u_fp_domain/u_CORTEXM3INTEGRATION/u_cortexm3ds_logic/Ik2nz6_reg/C
                               u_fp_domain/u_CORTEXM3INTEGRATION/u_cortexm3ds_logic/Aiznz6_reg/CLR
                                                              19.021        
u_fp_domain/u_CORTEXM3INTEGRATION/u_cortexm3ds_logic/Ik2nz6_reg/C
                               u_fp_domain/u_CORTEXM3INTEGRATION/u_cortexm3ds_logic/Ifznz6_reg/CLR
                                                              19.021        
u_fp_domain/u_apb2_async/u_ahb_to_apb_async_syn_1/sync_reg_2_reg/C
                               u_fp_domain/u_apb2_async/u_ahb_to_apb_async_p/s_trans_valid_reg_reg/D
                                                              19.168        
u_fp_domain/u_apb2_async/u_ahb_to_apb_async_syn_1/sync_reg_2_reg/C
                               u_fp_domain/u_apb2_async/u_ahb_to_apb_async_p/reg_s_ack_p_reg/D
                                                              19.169        
u_fp_domain/u_apb2_async/u_ahb_to_apb_async_syn_1/sync_reg_2_reg/C
                               u_fp_domain/u_apb2_async/u_ahb_to_apb_async_p/FSM_onehot_curr_state_reg[0]/D
                                                              19.188        
u_fp_domain/u_apb2_async/u_ahb_to_apb_async_syn_1/sync_reg_2_reg/C
                               u_fp_domain/u_apb2_async/u_ahb_to_apb_async_p/FSM_onehot_curr_state_reg[1]/D
                                                              19.189        
u_fp_domain/u_CORTEXM3INTEGRATION/u_cortexm3ds_logic/Ik2nz6_reg/C
                               u_fp_domain/u_CORTEXM3INTEGRATION/u_cortexm3ds_logic/Fz8m17_reg/CLR
                                                              19.235        
u_fp_domain/u_CORTEXM3INTEGRATION/u_cortexm3ds_logic/Ik2nz6_reg/C
                               u_fp_domain/u_CORTEXM3INTEGRATION/u_cortexm3ds_logic/W19m17_reg/CLR
                                                              19.235        
u_fp_domain/u_apb2_async/u_ahb_to_apb_async_syn_1/sync_reg_2_reg/C
                               u_fp_domain/u_apb2_async/u_ahb_to_apb_async_p/last_s_req_p_reg/D
                                                              19.310        
u_fp_domain/u_apb2_async/u_ahb_to_apb_async_p/s_trans_valid_reg_reg/C
                               u_fp_domain/u_apb2_async/u_ahb_to_apb_async_p/FSM_onehot_curr_state_reg[2]/D
                                                              19.445        
u_fp_domain/u_CORTEXM3INTEGRATION/u_cortexm3ds_logic/Ik2nz6_reg/C
                               u_fp_domain/u_CORTEXM3INTEGRATION/u_cortexm3ds_logic/Pspg07_reg/CLR
                                                              19.508        
u_fp_domain/u_CORTEXM3INTEGRATION/u_cortexm3ds_logic/Ik2nz6_reg/C
                               u_fp_domain/u_CORTEXM3INTEGRATION/u_cortexm3ds_logic/Supg07_reg/CLR
                                                              19.508        
u_fp_domain/u_CORTEXM3INTEGRATION/u_cortexm3ds_logic/Ik2nz6_reg/C
                               u_fp_domain/u_CORTEXM3INTEGRATION/u_cortexm3ds_logic/Xwpg07_reg/CLR
                                                              19.508        
u_fp_domain/u_CORTEXM3INTEGRATION/u_cortexm3ds_logic/Ik2nz6_reg/C
                               u_fp_domain/u_CORTEXM3INTEGRATION/u_cortexm3ds_logic/Gqynz6_reg/CLR
                                                              19.555        
u_fp_domain/u_CORTEXM3INTEGRATION/u_cortexm3ds_logic/Ik2nz6_reg/C
                               u_fp_domain/u_CORTEXM3INTEGRATION/u_cortexm3ds_logic/Gsynz6_reg/CLR
                                                              19.555        
u_fp_domain/u_CORTEXM3INTEGRATION/u_cortexm3ds_logic/Ik2nz6_reg/C
                               u_fp_domain/u_CORTEXM3INTEGRATION/u_cortexm3ds_logic/Gyynz6_reg/PRE
                                                              19.555        
u_fp_domain/u_apb2_async/u_ahb_to_apb_async_syn_1/sync_reg_1_reg/C
                               u_fp_domain/u_apb2_async/u_ahb_to_apb_async_syn_1/sync_reg_2_reg/D
                                                              19.556        
u_fp_domain/u_CORTEXM3INTEGRATION/u_cortexm3ds_logic/Ik2nz6_reg/C
                               u_fp_domain/u_CORTEXM3INTEGRATION/u_cortexm3ds_logic/G0znz6_reg/CLR
                                                              19.560        
u_fp_domain/u_CORTEXM3INTEGRATION/u_cortexm3ds_logic/Ik2nz6_reg/C
                               u_fp_domain/u_CORTEXM3INTEGRATION/u_cortexm3ds_logic/Guynz6_reg/CLR
                                                              19.560        
u_fp_domain/u_CORTEXM3INTEGRATION/u_cortexm3ds_logic/Ik2nz6_reg/C
                               u_fp_domain/u_CORTEXM3INTEGRATION/u_cortexm3ds_logic/Gwynz6_reg/CLR
                                                              19.560        
u_fp_domain/u_CORTEXM3INTEGRATION/u_cortexm3ds_logic/Ik2nz6_reg/C
                               u_fp_domain/u_CORTEXM3INTEGRATION/u_cortexm3ds_logic/J5znz6_reg/CLR
                                                              19.560        
u_fp_domain/u_CORTEXM3INTEGRATION/u_cortexm3ds_logic/Ik2nz6_reg/C
                               u_fp_domain/u_CORTEXM3INTEGRATION/u_cortexm3ds_logic/C1qg07_reg/CLR
                                                              19.568        
u_fp_domain/u_CORTEXM3INTEGRATION/u_cortexm3ds_logic/Ik2nz6_reg/C
                               u_fp_domain/u_CORTEXM3INTEGRATION/u_cortexm3ds_logic/J5qg07_reg/CLR
                                                              19.568        
u_fp_domain/u_CORTEXM3INTEGRATION/u_cortexm3ds_logic/Ik2nz6_reg/C
                               u_fp_domain/u_CORTEXM3INTEGRATION/u_cortexm3ds_logic/At8m17_reg/CLR
                                                              19.568        
u_fp_domain/u_CORTEXM3INTEGRATION/u_cortexm3ds_logic/Ik2nz6_reg/C
                               u_fp_domain/u_CORTEXM3INTEGRATION/u_cortexm3ds_logic/Br8m17_reg/CLR
                                                              19.568        
u_fp_domain/u_CORTEXM3INTEGRATION/u_cortexm3ds_logic/Ik2nz6_reg/C
                               u_fp_domain/u_CORTEXM3INTEGRATION/u_cortexm3ds_logic/G3qg07_reg/CLR
                                                              19.592        
u_fp_domain/u_CORTEXM3INTEGRATION/u_cortexm3ds_logic/Ik2nz6_reg/C
                               u_fp_domain/u_CORTEXM3INTEGRATION/u_cortexm3ds_logic/W7ioz6_reg/CLR
                                                              19.708        
u_fp_domain/u_CORTEXM3INTEGRATION/u_cortexm3ds_logic/Ik2nz6_reg/C
                               u_fp_domain/u_CORTEXM3INTEGRATION/u_cortexm3ds_logic/Z14h07_reg/CLR
                                                              19.711        
u_fp_domain/u_CORTEXM3INTEGRATION/u_cortexm3ds_logic/Ik2nz6_reg/C
                               u_fp_domain/u_CORTEXM3INTEGRATION/u_cortexm3ds_logic/Kmknz6_reg/CLR
                                                              19.713        
u_fp_domain/u_CORTEXM3INTEGRATION/u_cortexm3ds_logic/Ik2nz6_reg/C
                               u_fp_domain/u_CORTEXM3INTEGRATION/u_cortexm3ds_logic/Xllg07_reg/CLR
                                                              19.713        
u_fp_domain/u_CORTEXM3INTEGRATION/u_cortexm3ds_logic/Ik2nz6_reg/C
                               u_fp_domain/u_CORTEXM3INTEGRATION/u_cortexm3ds_logic/Bwt917_reg/CLR
                                                              19.851        
u_fp_domain/u_CORTEXM3INTEGRATION/u_cortexm3ds_logic/Ik2nz6_reg/C
                               u_fp_domain/u_CORTEXM3INTEGRATION/u_cortexm3ds_logic/Ktu917_reg/CLR
                                                              19.851        
u_fp_domain/u_CORTEXM3INTEGRATION/u_cortexm3ds_logic/Ik2nz6_reg/C
                               u_fp_domain/u_CORTEXM3INTEGRATION/u_cortexm3ds_logic/Qtt917_reg/CLR
                                                              19.851        
u_fp_domain/u_CORTEXM3INTEGRATION/u_cortexm3ds_logic/Ik2nz6_reg/C
                               u_fp_domain/u_CORTEXM3INTEGRATION/u_cortexm3ds_logic/Yvu917_reg/CLR
                                                              19.851        
u_fp_domain/u_CORTEXM3INTEGRATION/u_cortexm3ds_logic/Ik2nz6_reg/C
                               u_fp_domain/u_CORTEXM3INTEGRATION/u_cortexm3ds_logic/Azpg07_reg/CLR
                                                              19.868        
u_fp_domain/u_CORTEXM3INTEGRATION/u_cortexm3ds_logic/Ik2nz6_reg/C
                               u_fp_domain/u_CORTEXM3INTEGRATION/u_cortexm3ds_logic/N7qg07_reg/CLR
                                                              19.868        
u_fp_domain/u_CORTEXM3INTEGRATION/u_cortexm3ds_logic/Ik2nz6_reg/C
                               u_fp_domain/u_CORTEXM3INTEGRATION/u_cortexm3ds_logic/Gw4h07_reg/CLR
                                                              19.879        
u_fp_domain/u_CORTEXM3INTEGRATION/u_cortexm3ds_logic/Ik2nz6_reg/C
                               u_fp_domain/u_CORTEXM3INTEGRATION/u_cortexm3ds_logic/Gg8a17_reg/CLR
                                                              19.981        
u_fp_domain/u_CORTEXM3INTEGRATION/u_cortexm3ds_logic/Ik2nz6_reg/C
                               u_fp_domain/u_CORTEXM3INTEGRATION/u_cortexm3ds_logic/Ie8a17_reg/CLR
                                                              19.981        
u_fp_domain/u_CORTEXM3INTEGRATION/u_cortexm3ds_logic/Ik2nz6_reg/C
                               u_fp_domain/u_CORTEXM3INTEGRATION/u_cortexm3ds_logic/Kc8a17_reg/CLR
                                                              19.986        
u_fp_domain/u_CORTEXM3INTEGRATION/u_cortexm3ds_logic/Ik2nz6_reg/C
                               u_fp_domain/u_CORTEXM3INTEGRATION/u_cortexm3ds_logic/O88a17_reg/CLR
                                                              19.986        
u_fp_domain/u_CORTEXM3INTEGRATION/u_cortexm3ds_logic/Ik2nz6_reg/C
                               u_fp_domain/u_CORTEXM3INTEGRATION/u_cortexm3ds_logic/Ma8a17_reg/CLR
                                                              19.989        
u_fp_domain/u_CORTEXM3INTEGRATION/u_cortexm3ds_logic/Ik2nz6_reg/C
                               u_fp_domain/u_CORTEXM3INTEGRATION/u_cortexm3ds_logic/Myu917_reg/CLR
                                                              19.997        
u_fp_domain/u_CORTEXM3INTEGRATION/u_cortexm3ds_logic/Ik2nz6_reg/C
                               u_fp_domain/u_CORTEXM3INTEGRATION/u_cortexm3ds_logic/Vkt917_reg/CLR
                                                              19.997        
u_fp_domain/u_CORTEXM3INTEGRATION/u_cortexm3ds_logic/Ik2nz6_reg/C
                               u_fp_domain/u_CORTEXM3INTEGRATION/u_cortexm3ds_logic/Er2t07_reg/CLR
                                                              20.021        
u_fp_domain/u_CORTEXM3INTEGRATION/u_cortexm3ds_logic/Ik2nz6_reg/C
                               u_fp_domain/u_CORTEXM3INTEGRATION/u_cortexm3ds_logic/Hl4nz6_reg/CLR
                                                              20.057        
u_fp_domain/u_CORTEXM3INTEGRATION/u_cortexm3ds_logic/Ik2nz6_reg/C
                               u_fp_domain/u_CORTEXM3INTEGRATION/u_cortexm3ds_logic/Hwvs07_reg/CLR
                                                              20.057        
u_fp_domain/u_CORTEXM3INTEGRATION/u_cortexm3ds_logic/Ik2nz6_reg/C
                               u_fp_domain/u_CORTEXM3INTEGRATION/u_cortexm3ds_logic/Ikm917_reg/CLR
                                                              20.062        
u_fp_domain/u_CORTEXM3INTEGRATION/u_cortexm3ds_logic/Ik2nz6_reg/C
                               u_fp_domain/u_CORTEXM3INTEGRATION/u_cortexm3ds_logic/Pd4nz6_reg/CLR
                                                              20.065        
u_fp_domain/u_CORTEXM3INTEGRATION/u_cortexm3ds_logic/Ik2nz6_reg/C
                               u_fp_domain/u_CORTEXM3INTEGRATION/u_cortexm3ds_logic/Iowa17_reg/CLR
                                                              20.130        
u_fp_domain/u_CORTEXM3INTEGRATION/u_cortexm3ds_logic/Ik2nz6_reg/C
                               u_fp_domain/u_CORTEXM3INTEGRATION/u_cortexm3ds_logic/Kmwa17_reg/CLR
                                                              20.135        
u_fp_domain/u_CORTEXM3INTEGRATION/u_cortexm3ds_logic/Ik2nz6_reg/C
                               u_fp_domain/u_CORTEXM3INTEGRATION/u_cortexm3ds_logic/Hmtnz6_reg/CLR
                                                              20.144        
u_fp_domain/u_CORTEXM3INTEGRATION/u_cortexm3ds_logic/Ik2nz6_reg/C
                               u_fp_domain/u_CORTEXM3INTEGRATION/u_cortexm3ds_logic/Daknz6_reg/CLR
                                                              20.155        
u_fp_domain/u_CORTEXM3INTEGRATION/u_cortexm3ds_logic/Ik2nz6_reg/C
                               u_fp_domain/u_CORTEXM3INTEGRATION/u_cortexm3ds_logic/Jf4nz6_reg/CLR
                                                              20.155        
u_fp_domain/u_CORTEXM3INTEGRATION/u_cortexm3ds_logic/Ik2nz6_reg/C
                               u_fp_domain/u_CORTEXM3INTEGRATION/u_cortexm3ds_logic/Jh4nz6_reg/CLR
                                                              20.155        
u_fp_domain/u_CORTEXM3INTEGRATION/u_cortexm3ds_logic/Ik2nz6_reg/C
                               u_fp_domain/u_CORTEXM3INTEGRATION/u_cortexm3ds_logic/Xplm17_reg/CLR
                                                              20.155        
u_fp_domain/u_CORTEXM3INTEGRATION/u_cortexm3ds_logic/Ik2nz6_reg/C
                               u_fp_domain/u_CORTEXM3INTEGRATION/u_cortexm3ds_logic/L7ss07_reg/CLR
                                                              20.171        
u_fp_domain/u_CORTEXM3INTEGRATION/u_cortexm3ds_logic/Ik2nz6_reg/C
                               u_fp_domain/u_CORTEXM3INTEGRATION/u_cortexm3ds_logic/Tess07_reg/CLR
                                                              20.171        
u_fp_domain/u_CORTEXM3INTEGRATION/u_cortexm3ds_logic/Ik2nz6_reg/C
                               u_fp_domain/u_CORTEXM3INTEGRATION/u_cortexm3ds_logic/V5mt07_reg/CLR
                                                              20.171        
u_fp_domain/u_CORTEXM3INTEGRATION/u_cortexm3ds_logic/Ik2nz6_reg/C
                               u_fp_domain/u_CORTEXM3INTEGRATION/u_cortexm3ds_logic/Chynz6_reg/CLR
                                                              20.188        
u_fp_domain/u_CORTEXM3INTEGRATION/u_cortexm3ds_logic/Ik2nz6_reg/C
                               u_fp_domain/u_CORTEXM3INTEGRATION/u_cortexm3ds_logic/Gfynz6_reg/CLR
                                                              20.188        
u_fp_domain/u_CORTEXM3INTEGRATION/u_cortexm3ds_logic/Ik2nz6_reg/C
                               u_fp_domain/u_CORTEXM3INTEGRATION/u_cortexm3ds_logic/Ilws07_reg/CLR
                                                              20.193        
u_fp_domain/u_CORTEXM3INTEGRATION/u_cortexm3ds_logic/Ik2nz6_reg/C
                               u_fp_domain/u_CORTEXM3INTEGRATION/u_cortexm3ds_logic/Ncws07_reg/CLR
                                                              20.193        
u_fp_domain/u_CORTEXM3INTEGRATION/u_cortexm3ds_logic/Ik2nz6_reg/C
                               u_fp_domain/u_CORTEXM3INTEGRATION/u_cortexm3ds_logic/Uqgu07_reg/CLR
                                                              20.193        
u_fp_domain/u_CORTEXM3INTEGRATION/u_cortexm3ds_logic/Ik2nz6_reg/C
                               u_fp_domain/u_CORTEXM3INTEGRATION/u_cortexm3ds_logic/Cjx917_reg/PRE
                                                              20.245        
u_fp_domain/u_CORTEXM3INTEGRATION/u_cortexm3ds_logic/Ik2nz6_reg/C
                               u_fp_domain/u_CORTEXM3INTEGRATION/u_cortexm3ds_logic/A2mt07_reg/CLR
                                                              20.246        
u_fp_domain/u_CORTEXM3INTEGRATION/u_cortexm3ds_logic/Ik2nz6_reg/C
                               u_fp_domain/u_CORTEXM3INTEGRATION/u_cortexm3ds_logic/Dhx917_reg/PRE
                                                              20.253        
u_fp_domain/u_CORTEXM3INTEGRATION/u_cortexm3ds_logic/Ik2nz6_reg/C
                               u_fp_domain/u_CORTEXM3INTEGRATION/u_cortexm3ds_logic/Hd6oz6_reg/CLR
                                                              20.273        
u_fp_domain/u_CORTEXM3INTEGRATION/u_cortexm3ds_logic/Ik2nz6_reg/C
                               u_fp_domain/u_CORTEXM3INTEGRATION/u_cortexm3ds_logic/Ig6oz6_reg/CLR
                                                              20.273        
u_fp_domain/u_CORTEXM3INTEGRATION/u_cortexm3ds_logic/Ik2nz6_reg/C
                               u_fp_domain/u_CORTEXM3INTEGRATION/u_cortexm3ds_logic/Ikwzz6_reg/CLR
                                                              20.273        
u_fp_domain/u_CORTEXM3INTEGRATION/u_cortexm3ds_logic/Ik2nz6_reg/C
                               u_fp_domain/u_CORTEXM3INTEGRATION/u_cortexm3ds_logic/Ckyzz6_reg/CLR
                                                              20.278        
u_fp_domain/u_CORTEXM3INTEGRATION/u_cortexm3ds_logic/Ik2nz6_reg/C
                               u_fp_domain/u_CORTEXM3INTEGRATION/u_cortexm3ds_logic/Jj6oz6_reg/CLR
                                                              20.278        
u_fp_domain/u_CORTEXM3INTEGRATION/u_cortexm3ds_logic/Ik2nz6_reg/C
                               u_fp_domain/u_CORTEXM3INTEGRATION/u_cortexm3ds_logic/Mm6oz6_reg/CLR
                                                              20.278        
u_fp_domain/u_CORTEXM3INTEGRATION/u_cortexm3ds_logic/Ik2nz6_reg/C
                               u_fp_domain/u_CORTEXM3INTEGRATION/u_cortexm3ds_logic/B9xzz6_reg/CLR
                                                              20.281        
u_fp_domain/u_CORTEXM3INTEGRATION/u_cortexm3ds_logic/Ik2nz6_reg/C
                               u_fp_domain/u_CORTEXM3INTEGRATION/u_cortexm3ds_logic/Lo0t07_reg/CLR
                                                              20.284        
u_fp_domain/u_CORTEXM3INTEGRATION/u_cortexm3ds_logic/Ik2nz6_reg/C
                               u_fp_domain/u_CORTEXM3INTEGRATION/u_cortexm3ds_logic/Nryzz6_reg/CLR
                                                              20.284        
u_fp_domain/u_CORTEXM3INTEGRATION/u_cortexm3ds_logic/Ik2nz6_reg/C
                               u_fp_domain/u_CORTEXM3INTEGRATION/u_cortexm3ds_logic/Arioz6_reg/CLR
                                                              20.288        
u_fp_domain/u_CORTEXM3INTEGRATION/u_cortexm3ds_logic/Ik2nz6_reg/C
                               u_fp_domain/u_CORTEXM3INTEGRATION/u_cortexm3ds_logic/Tpinz6_reg/CLR
                                                              20.288        
u_fp_domain/u_CORTEXM3INTEGRATION/u_cortexm3ds_logic/Ik2nz6_reg/C
                               u_fp_domain/u_CORTEXM3INTEGRATION/u_cortexm3ds_logic/Aw2nz6_reg/CLR
                                                              20.288        
u_fp_domain/u_CORTEXM3INTEGRATION/u_cortexm3ds_logic/Ik2nz6_reg/C
                               u_fp_domain/u_CORTEXM3INTEGRATION/u_cortexm3ds_logic/Hf7oz6_reg/CLR
                                                              20.288        
u_fp_domain/u_CORTEXM3INTEGRATION/u_cortexm3ds_logic/Ik2nz6_reg/C
                               u_fp_domain/u_CORTEXM3INTEGRATION/u_cortexm3ds_logic/S1ooz6_reg/CLR
                                                              20.288        
u_fp_domain/u_CORTEXM3INTEGRATION/u_cortexm3ds_logic/Ik2nz6_reg/C
                               u_fp_domain/u_CORTEXM3INTEGRATION/u_cortexm3ds_logic/Tevnz6_reg/CLR
                                                              20.288        
u_fp_domain/u_CORTEXM3INTEGRATION/u_cortexm3ds_logic/Ik2nz6_reg/C
                               u_fp_domain/u_CORTEXM3INTEGRATION/u_cortexm3ds_logic/Yrhnz6_reg/CLR
                                                              20.288        
u_fp_domain/u_CORTEXM3INTEGRATION/u_cortexm3ds_logic/Ik2nz6_reg/C
                               u_fp_domain/u_CORTEXM3INTEGRATION/u_cortexm3ds_logic/U63107_reg/CLR
                                                              20.289        
u_fp_domain/u_CORTEXM3INTEGRATION/u_cortexm3ds_logic/Ik2nz6_reg/C
                               u_fp_domain/u_CORTEXM3INTEGRATION/u_cortexm3ds_logic/V33107_reg/CLR
                                                              20.289        
u_fp_domain/u_CORTEXM3INTEGRATION/u_cortexm3ds_logic/Ik2nz6_reg/C
                               u_fp_domain/u_CORTEXM3INTEGRATION/u_cortexm3ds_logic/W03107_reg/CLR
                                                              20.289        
u_fp_domain/u_CORTEXM3INTEGRATION/u_cortexm3ds_logic/Ik2nz6_reg/C
                               u_fp_domain/u_CORTEXM3INTEGRATION/u_cortexm3ds_logic/Yu2107_reg/CLR
                                                              20.289        
u_fp_domain/u_CORTEXM3INTEGRATION/u_cortexm3ds_logic/Ik2nz6_reg/C
                               u_fp_domain/u_CORTEXM3INTEGRATION/u_cortexm3ds_logic/Ecxzz6_reg/CLR
                                                              20.289        
u_fp_domain/u_CORTEXM3INTEGRATION/u_cortexm3ds_logic/Ik2nz6_reg/C
                               u_fp_domain/u_CORTEXM3INTEGRATION/u_cortexm3ds_logic/Gfxzz6_reg/CLR
                                                              20.289        
u_fp_domain/u_CORTEXM3INTEGRATION/u_cortexm3ds_logic/Ik2nz6_reg/C
                               u_fp_domain/u_CORTEXM3INTEGRATION/u_cortexm3ds_logic/Mqwzz6_reg/CLR
                                                              20.289        
u_fp_domain/u_CORTEXM3INTEGRATION/u_cortexm3ds_logic/Ik2nz6_reg/C
                               u_fp_domain/u_CORTEXM3INTEGRATION/u_cortexm3ds_logic/Rwwzz6_reg/CLR
                                                              20.289        
u_fp_domain/u_CORTEXM3INTEGRATION/u_cortexm3ds_logic/Ik2nz6_reg/C
                               u_fp_domain/u_CORTEXM3INTEGRATION/u_cortexm3ds_logic/My4nz6_reg/CLR
                                                              20.290        
u_fp_domain/u_CORTEXM3INTEGRATION/u_cortexm3ds_logic/Ik2nz6_reg/C
                               u_fp_domain/u_CORTEXM3INTEGRATION/u_cortexm3ds_logic/No7oz6_reg/CLR
                                                              20.290        
u_fp_domain/u_CORTEXM3INTEGRATION/u_cortexm3ds_logic/Ik2nz6_reg/C
                               u_fp_domain/u_CORTEXM3INTEGRATION/u_cortexm3ds_logic/W2xzz6_reg/CLR
                                                              20.290        
u_fp_domain/u_CORTEXM3INTEGRATION/u_cortexm3ds_logic/Ik2nz6_reg/C
                               u_fp_domain/u_CORTEXM3INTEGRATION/u_cortexm3ds_logic/Tdpa17_reg/CLR
                                                              20.292        
u_fp_domain/u_CORTEXM3INTEGRATION/u_cortexm3ds_logic/Ik2nz6_reg/C
                               u_fp_domain/u_CORTEXM3INTEGRATION/u_cortexm3ds_logic/D2xf07_reg/CLR
                                                              20.293        
u_fp_domain/u_CORTEXM3INTEGRATION/u_cortexm3ds_logic/Ik2nz6_reg/C
                               u_fp_domain/u_CORTEXM3INTEGRATION/u_cortexm3ds_logic/L55107_reg/CLR
                                                              20.293        
u_fp_domain/u_CORTEXM3INTEGRATION/u_cortexm3ds_logic/Ik2nz6_reg/C
                               u_fp_domain/u_CORTEXM3INTEGRATION/u_cortexm3ds_logic/Aw2nz6_reg_rep/CLR
                                                              20.293        
u_fp_domain/u_CORTEXM3INTEGRATION/u_cortexm3ds_logic/Ik2nz6_reg/C
                               u_fp_domain/u_CORTEXM3INTEGRATION/u_cortexm3ds_logic/Aw2nz6_reg_rep__0/CLR
                                                              20.293        
u_fp_domain/u_CORTEXM3INTEGRATION/u_cortexm3ds_logic/Ik2nz6_reg/C
                               u_fp_domain/u_CORTEXM3INTEGRATION/u_cortexm3ds_logic/Kvinz6_reg/CLR
                                                              20.293        
u_fp_domain/u_CORTEXM3INTEGRATION/u_cortexm3ds_logic/Ik2nz6_reg/C
                               u_fp_domain/u_CORTEXM3INTEGRATION/u_cortexm3ds_logic/V0ha17_reg/CLR
                                                              20.293        
u_fp_domain/u_CORTEXM3INTEGRATION/u_cortexm3ds_logic/Ik2nz6_reg/C
                               u_fp_domain/u_CORTEXM3INTEGRATION/u_cortexm3ds_logic/Vqknz6_reg/CLR
                                                              20.293        
u_fp_domain/u_CORTEXM3INTEGRATION/u_cortexm3ds_logic/Ik2nz6_reg/C
                               u_fp_domain/u_CORTEXM3INTEGRATION/u_cortexm3ds_logic/Y3ys07_reg/CLR
                                                              20.293        
u_fp_domain/u_CORTEXM3INTEGRATION/u_cortexm3ds_logic/Ik2nz6_reg/C
                               u_fp_domain/u_CORTEXM3INTEGRATION/u_cortexm3ds_logic/Pepnz6_reg/CLR
                                                              20.294        
u_fp_domain/u_CORTEXM3INTEGRATION/u_cortexm3ds_logic/Ik2nz6_reg/C
                               u_fp_domain/u_CORTEXM3INTEGRATION/u_cortexm3ds_logic/Rq8nz6_reg/CLR
                                                              20.294        
u_fp_domain/u_CORTEXM3INTEGRATION/u_cortexm3ds_logic/Ik2nz6_reg/C
                               u_fp_domain/u_CORTEXM3INTEGRATION/u_cortexm3ds_logic/Cnmnz6_reg/CLR
                                                              20.294        
u_fp_domain/u_CORTEXM3INTEGRATION/u_cortexm3ds_logic/Ik2nz6_reg/C
                               u_fp_domain/u_CORTEXM3INTEGRATION/u_cortexm3ds_logic/Dhgzz6_reg/CLR
                                                              20.294        
u_fp_domain/u_CORTEXM3INTEGRATION/u_cortexm3ds_logic/Ik2nz6_reg/C
                               u_fp_domain/u_CORTEXM3INTEGRATION/u_cortexm3ds_logic/Eg1oz6_reg/PRE
                                                              20.294        
u_fp_domain/u_CORTEXM3INTEGRATION/u_cortexm3ds_logic/Ik2nz6_reg/C
                               u_fp_domain/u_CORTEXM3INTEGRATION/u_cortexm3ds_logic/Jvgzz6_reg/CLR
                                                              20.294        
u_fp_domain/u_CORTEXM3INTEGRATION/u_cortexm3ds_logic/Ik2nz6_reg/C
                               u_fp_domain/u_CORTEXM3INTEGRATION/u_cortexm3ds_logic/Md1oz6_reg/CLR
                                                              20.294        
u_fp_domain/u_CORTEXM3INTEGRATION/u_cortexm3ds_logic/Ik2nz6_reg/C
                               u_fp_domain/u_CORTEXM3INTEGRATION/u_cortexm3ds_logic/Vd9oz6_reg/CLR
                                                              20.294        
u_fp_domain/u_CORTEXM3INTEGRATION/u_cortexm3ds_logic/Ik2nz6_reg/C
                               u_fp_domain/u_CORTEXM3INTEGRATION/u_cortexm3ds_logic/Wyboz6_reg/CLR
                                                              20.294        
u_fp_domain/u_CORTEXM3INTEGRATION/u_cortexm3ds_logic/Ik2nz6_reg/C
                               u_fp_domain/u_CORTEXM3INTEGRATION/u_cortexm3ds_logic/Ccvnz6_reg/CLR
                                                              20.294        
u_fp_domain/u_CORTEXM3INTEGRATION/u_cortexm3ds_logic/Ik2nz6_reg/C
                               u_fp_domain/u_CORTEXM3INTEGRATION/u_cortexm3ds_logic/Jnwzz6_reg/CLR
                                                              20.294        
u_fp_domain/u_CORTEXM3INTEGRATION/u_cortexm3ds_logic/Ik2nz6_reg/C
                               u_fp_domain/u_CORTEXM3INTEGRATION/u_cortexm3ds_logic/Li7oz6_reg/CLR
                                                              20.294        
u_fp_domain/u_CORTEXM3INTEGRATION/u_cortexm3ds_logic/Ik2nz6_reg/C
                               u_fp_domain/u_CORTEXM3INTEGRATION/u_cortexm3ds_logic/O9gu07_reg/CLR
                                                              20.294        
u_fp_domain/u_CORTEXM3INTEGRATION/u_cortexm3ds_logic/Ik2nz6_reg/C
                               u_fp_domain/u_CORTEXM3INTEGRATION/u_cortexm3ds_logic/Otwzz6_reg/CLR
                                                              20.294        
u_fp_domain/u_CORTEXM3INTEGRATION/u_cortexm3ds_logic/Ik2nz6_reg/C
                               u_fp_domain/u_CORTEXM3INTEGRATION/u_cortexm3ds_logic/Y5xzz6_reg/CLR
                                                              20.294        
u_fp_domain/u_CORTEXM3INTEGRATION/u_cortexm3ds_logic/Ik2nz6_reg/C
                               u_fp_domain/u_CORTEXM3INTEGRATION/u_cortexm3ds_logic/B06oz6_reg/CLR
                                                              20.295        
u_fp_domain/u_CORTEXM3INTEGRATION/u_cortexm3ds_logic/Ik2nz6_reg/C
                               u_fp_domain/u_CORTEXM3INTEGRATION/u_cortexm3ds_logic/Ce5oz6_reg/CLR
                                                              20.295        
u_fp_domain/u_CORTEXM3INTEGRATION/u_cortexm3ds_logic/Ik2nz6_reg/C
                               u_fp_domain/u_CORTEXM3INTEGRATION/u_cortexm3ds_logic/Ds4oz6_reg/CLR
                                                              20.295        
u_fp_domain/u_CORTEXM3INTEGRATION/u_cortexm3ds_logic/Ik2nz6_reg/C
                               u_fp_domain/u_CORTEXM3INTEGRATION/u_cortexm3ds_logic/Fcsnz6_reg/CLR
                                                              20.295        
u_fp_domain/u_CORTEXM3INTEGRATION/u_cortexm3ds_logic/Ik2nz6_reg/C
                               u_fp_domain/u_CORTEXM3INTEGRATION/u_cortexm3ds_logic/Hphnz6_reg/CLR
                                                              20.295        
u_fp_domain/u_CORTEXM3INTEGRATION/u_cortexm3ds_logic/Ik2nz6_reg/C
                               u_fp_domain/u_CORTEXM3INTEGRATION/u_cortexm3ds_logic/O9boz6_reg/CLR
                                                              20.295        
u_fp_domain/u_CORTEXM3INTEGRATION/u_cortexm3ds_logic/Ik2nz6_reg/C
                               u_fp_domain/u_CORTEXM3INTEGRATION/u_cortexm3ds_logic/Ongg07_reg/PRE
                                                              20.295        
u_fp_domain/u_CORTEXM3INTEGRATION/u_cortexm3ds_logic/Ik2nz6_reg/C
                               u_fp_domain/u_CORTEXM3INTEGRATION/u_cortexm3ds_logic/Rfboz6_reg/CLR
                                                              20.295        
u_fp_domain/u_CORTEXM3INTEGRATION/u_cortexm3ds_logic/Ik2nz6_reg/C
                               u_fp_domain/u_CORTEXM3INTEGRATION/u_cortexm3ds_logic/Yrjoz6_reg/CLR
                                                              20.295        
u_fp_domain/u_CORTEXM3INTEGRATION/u_cortexm3ds_logic/Ik2nz6_reg/C
                               u_fp_domain/u_CORTEXM3INTEGRATION/u_cortexm3ds_logic/Kl7oz6_reg/CLR
                                                              20.295        
u_fp_domain/u_CORTEXM3INTEGRATION/u_cortexm3ds_logic/Ik2nz6_reg/C
                               u_fp_domain/u_CORTEXM3INTEGRATION/u_cortexm3ds_logic/Rdlnz6_reg/CLR
                                                              20.295        
u_fp_domain/u_CORTEXM3INTEGRATION/u_cortexm3ds_logic/Ik2nz6_reg/C
                               u_fp_domain/u_CORTEXM3INTEGRATION/u_cortexm3ds_logic/Tzwzz6_reg/CLR
                                                              20.295        
u_fp_domain/u_CORTEXM3INTEGRATION/u_cortexm3ds_logic/Ik2nz6_reg/C
                               u_fp_domain/u_CORTEXM3INTEGRATION/u_cortexm3ds_logic/E5zf07_reg/CLR
                                                              20.296        
u_fp_domain/u_CORTEXM3INTEGRATION/u_cortexm3ds_logic/Ik2nz6_reg/C
                               u_fp_domain/u_CORTEXM3INTEGRATION/u_cortexm3ds_logic/Jk5oz6_reg/CLR
                                                              20.296        
u_fp_domain/u_CORTEXM3INTEGRATION/u_cortexm3ds_logic/Ik2nz6_reg/C
                               u_fp_domain/u_CORTEXM3INTEGRATION/u_cortexm3ds_logic/Objnz6_reg/CLR
                                                              20.296        
u_fp_domain/u_CORTEXM3INTEGRATION/u_cortexm3ds_logic/Ik2nz6_reg/C
                               u_fp_domain/u_CORTEXM3INTEGRATION/u_cortexm3ds_logic/S5jnz6_reg/CLR
                                                              20.296        
u_fp_domain/u_CORTEXM3INTEGRATION/u_cortexm3ds_logic/Ik2nz6_reg/C
                               u_fp_domain/u_CORTEXM3INTEGRATION/u_cortexm3ds_logic/Sh3107_reg/CLR
                                                              20.296        
u_fp_domain/u_CORTEXM3INTEGRATION/u_cortexm3ds_logic/Ik2nz6_reg/C
                               u_fp_domain/u_CORTEXM3INTEGRATION/u_cortexm3ds_logic/Tvyf07_reg/CLR
                                                              20.296        
u_fp_domain/u_CORTEXM3INTEGRATION/u_cortexm3ds_logic/Ik2nz6_reg/C
                               u_fp_domain/u_CORTEXM3INTEGRATION/u_cortexm3ds_logic/Ak4oz6_reg/CLR
                                                              20.297        
u_fp_domain/u_CORTEXM3INTEGRATION/u_cortexm3ds_logic/Ik2nz6_reg/C
                               u_fp_domain/u_CORTEXM3INTEGRATION/u_cortexm3ds_logic/Cgjoz6_reg/CLR
                                                              20.297        
u_fp_domain/u_CORTEXM3INTEGRATION/u_cortexm3ds_logic/Ik2nz6_reg/C
                               u_fp_domain/u_CORTEXM3INTEGRATION/u_cortexm3ds_logic/Ec0oz6_reg/CLR
                                                              20.297        
u_fp_domain/u_CORTEXM3INTEGRATION/u_cortexm3ds_logic/Ik2nz6_reg/C
                               u_fp_domain/u_CORTEXM3INTEGRATION/u_cortexm3ds_logic/Ge0oz6_reg/CLR
                                                              20.297        
u_fp_domain/u_CORTEXM3INTEGRATION/u_cortexm3ds_logic/Ik2nz6_reg/C
                               u_fp_domain/u_CORTEXM3INTEGRATION/u_cortexm3ds_logic/Kmhzz6_reg/CLR
                                                              20.297        
u_fp_domain/u_CORTEXM3INTEGRATION/u_cortexm3ds_logic/Ik2nz6_reg/C
                               u_fp_domain/u_CORTEXM3INTEGRATION/u_cortexm3ds_logic/Mi5nz6_reg/CLR
                                                              20.297        
u_fp_domain/u_CORTEXM3INTEGRATION/u_cortexm3ds_logic/Ik2nz6_reg/C
                               u_fp_domain/u_CORTEXM3INTEGRATION/u_cortexm3ds_logic/Ngxf07_reg/CLR
                                                              20.297        
u_fp_domain/u_CORTEXM3INTEGRATION/u_cortexm3ds_logic/Ik2nz6_reg/C
                               u_fp_domain/u_CORTEXM3INTEGRATION/u_cortexm3ds_logic/T38oz6_reg/CLR
                                                              20.297        
u_fp_domain/u_CORTEXM3INTEGRATION/u_cortexm3ds_logic/Ik2nz6_reg/C
                               u_fp_domain/u_CORTEXM3INTEGRATION/u_cortexm3ds_logic/Thzf07_reg/CLR
                                                              20.297        
u_fp_domain/u_CORTEXM3INTEGRATION/u_cortexm3ds_logic/Ik2nz6_reg/C
                               u_fp_domain/u_CORTEXM3INTEGRATION/u_cortexm3ds_logic/U27107_reg/CLR
                                                              20.297        
u_fp_domain/u_CORTEXM3INTEGRATION/u_cortexm3ds_logic/Ik2nz6_reg/C
                               u_fp_domain/u_CORTEXM3INTEGRATION/u_cortexm3ds_logic/Yh4oz6_reg/CLR
                                                              20.297        
u_fp_domain/u_CORTEXM3INTEGRATION/u_cortexm3ds_logic/Ik2nz6_reg/C
                               u_fp_domain/u_CORTEXM3INTEGRATION/u_cortexm3ds_logic/Dk0t07_reg/CLR
                                                              20.298        
u_fp_domain/u_CORTEXM3INTEGRATION/u_cortexm3ds_logic/Ik2nz6_reg/C
                               u_fp_domain/u_CORTEXM3INTEGRATION/u_cortexm3ds_logic/M61oz6_reg/CLR
                                                              20.298        
u_fp_domain/u_CORTEXM3INTEGRATION/u_cortexm3ds_logic/Ik2nz6_reg/C
                               u_fp_domain/u_CORTEXM3INTEGRATION/u_cortexm3ds_logic/Ra1oz6_reg/CLR
                                                              20.298        
u_fp_domain/u_CORTEXM3INTEGRATION/u_cortexm3ds_logic/Ik2nz6_reg/C
                               u_fp_domain/u_CORTEXM3INTEGRATION/u_cortexm3ds_logic/Sc3107_reg/CLR
                                                              20.298        
u_fp_domain/u_CORTEXM3INTEGRATION/u_cortexm3ds_logic/Ik2nz6_reg/C
                               u_fp_domain/u_CORTEXM3INTEGRATION/u_cortexm3ds_logic/T93107_reg/CLR
                                                              20.298        
u_fp_domain/u_CORTEXM3INTEGRATION/u_cortexm3ds_logic/Ik2nz6_reg/C
                               u_fp_domain/u_CORTEXM3INTEGRATION/u_cortexm3ds_logic/Unxf07_reg/CLR
                                                              20.298        
u_fp_domain/u_CORTEXM3INTEGRATION/u_cortexm3ds_logic/Ik2nz6_reg/C
                               u_fp_domain/u_CORTEXM3INTEGRATION/u_cortexm3ds_logic/We7107_reg/CLR
                                                              20.298        
u_fp_domain/u_CORTEXM3INTEGRATION/u_cortexm3ds_logic/Ik2nz6_reg/C
                               u_fp_domain/u_CORTEXM3INTEGRATION/u_cortexm3ds_logic/Cpxnz6_reg/CLR
                                                              20.298        
u_fp_domain/u_CORTEXM3INTEGRATION/u_cortexm3ds_logic/Ik2nz6_reg/C
                               u_fp_domain/u_CORTEXM3INTEGRATION/u_cortexm3ds_logic/D5xf07_reg/CLR
                                                              20.298        
u_fp_domain/u_CORTEXM3INTEGRATION/u_cortexm3ds_logic/Ik2nz6_reg/C
                               u_fp_domain/u_CORTEXM3INTEGRATION/u_cortexm3ds_logic/Kb5g07_reg/CLR
                                                              20.298        
u_fp_domain/u_CORTEXM3INTEGRATION/u_cortexm3ds_logic/Ik2nz6_reg/C
                               u_fp_domain/u_CORTEXM3INTEGRATION/u_cortexm3ds_logic/T57107_reg/CLR
                                                              20.298        
u_fp_domain/u_CORTEXM3INTEGRATION/u_cortexm3ds_logic/Ik2nz6_reg/C
                               u_fp_domain/u_CORTEXM3INTEGRATION/u_cortexm3ds_logic/Th8nz6_reg/CLR
                                                              20.298        
u_fp_domain/u_CORTEXM3INTEGRATION/u_cortexm3ds_logic/Ik2nz6_reg/C
                               u_fp_domain/u_CORTEXM3INTEGRATION/u_cortexm3ds_logic/Uaxf07_reg/CLR
                                                              20.298        
u_fp_domain/u_CORTEXM3INTEGRATION/u_cortexm3ds_logic/Ik2nz6_reg/C
                               u_fp_domain/u_CORTEXM3INTEGRATION/u_cortexm3ds_logic/Xvyzz6_reg/CLR
                                                              20.298        
u_fp_domain/u_CORTEXM3INTEGRATION/u_cortexm3ds_logic/Ik2nz6_reg/C
                               u_fp_domain/u_CORTEXM3INTEGRATION/u_cortexm3ds_logic/Du6107_reg/CLR
                                                              20.299        
u_fp_domain/u_CORTEXM3INTEGRATION/u_cortexm3ds_logic/Ik2nz6_reg/C
                               u_fp_domain/u_CORTEXM3INTEGRATION/u_cortexm3ds_logic/N33nz6_reg/CLR
                                                              20.299        
u_fp_domain/u_CORTEXM3INTEGRATION/u_cortexm3ds_logic/Ik2nz6_reg/C
                               u_fp_domain/u_CORTEXM3INTEGRATION/u_cortexm3ds_logic/Wf5107_reg/CLR
                                                              20.299        
u_fp_domain/u_CORTEXM3INTEGRATION/u_cortexm3ds_logic/Ik2nz6_reg/C
                               u_fp_domain/u_CORTEXM3INTEGRATION/u_cortexm3ds_logic/D4hzz6_reg/CLR
                                                              20.299        
u_fp_domain/u_CORTEXM3INTEGRATION/u_cortexm3ds_logic/Ik2nz6_reg/C
                               u_fp_domain/u_CORTEXM3INTEGRATION/u_cortexm3ds_logic/Zpmnz6_reg/CLR
                                                              20.299        
u_fp_domain/u_CORTEXM3INTEGRATION/u_cortexm3ds_logic/Ik2nz6_reg/C
                               u_fp_domain/u_CORTEXM3INTEGRATION/u_cortexm3ds_logic/Rr6oz6_reg/CLR
                                                              20.300        
u_fp_domain/u_CORTEXM3INTEGRATION/u_cortexm3ds_logic/Ik2nz6_reg/C
                               u_fp_domain/u_CORTEXM3INTEGRATION/u_cortexm3ds_logic/B6vf07_reg/CLR
                                                              20.301        
u_fp_domain/u_CORTEXM3INTEGRATION/u_cortexm3ds_logic/Ik2nz6_reg/C
                               u_fp_domain/u_CORTEXM3INTEGRATION/u_cortexm3ds_logic/Ba0oz6_reg/CLR
                                                              20.301        
u_fp_domain/u_CORTEXM3INTEGRATION/u_cortexm3ds_logic/Ik2nz6_reg/C
                               u_fp_domain/u_CORTEXM3INTEGRATION/u_cortexm3ds_logic/Eztf07_reg/CLR
                                                              20.301        
u_fp_domain/u_CORTEXM3INTEGRATION/u_cortexm3ds_logic/Ik2nz6_reg/C
                               u_fp_domain/u_CORTEXM3INTEGRATION/u_cortexm3ds_logic/F8joz6_reg/CLR
                                                              20.301        
u_fp_domain/u_CORTEXM3INTEGRATION/u_cortexm3ds_logic/Ik2nz6_reg/C
                               u_fp_domain/u_CORTEXM3INTEGRATION/u_cortexm3ds_logic/Fo3107_reg/CLR
                                                              20.301        
u_fp_domain/u_CORTEXM3INTEGRATION/u_cortexm3ds_logic/Ik2nz6_reg/C
                               u_fp_domain/u_CORTEXM3INTEGRATION/u_cortexm3ds_logic/Gm0t07_reg/CLR
                                                              20.301        
u_fp_domain/u_CORTEXM3INTEGRATION/u_cortexm3ds_logic/Ik2nz6_reg/C
                               u_fp_domain/u_CORTEXM3INTEGRATION/u_cortexm3ds_logic/Ju0t07_reg/CLR
                                                              20.301        
u_fp_domain/u_CORTEXM3INTEGRATION/u_cortexm3ds_logic/Ik2nz6_reg/C
                               u_fp_domain/u_CORTEXM3INTEGRATION/u_cortexm3ds_logic/Kr0t07_reg/CLR
                                                              20.301        
u_fp_domain/u_CORTEXM3INTEGRATION/u_cortexm3ds_logic/Ik2nz6_reg/C
                               u_fp_domain/u_CORTEXM3INTEGRATION/u_cortexm3ds_logic/M55g07_reg/CLR
                                                              20.301        
u_fp_domain/u_CORTEXM3INTEGRATION/u_cortexm3ds_logic/Ik2nz6_reg/C
                               u_fp_domain/u_CORTEXM3INTEGRATION/u_cortexm3ds_logic/O81oz6_reg/CLR
                                                              20.301        
u_fp_domain/u_CORTEXM3INTEGRATION/u_cortexm3ds_logic/Ik2nz6_reg/C
                               u_fp_domain/u_CORTEXM3INTEGRATION/u_cortexm3ds_logic/Qiboz6_reg/CLR
                                                              20.301        
u_fp_domain/u_CORTEXM3INTEGRATION/u_cortexm3ds_logic/Ik2nz6_reg/C
                               u_fp_domain/u_CORTEXM3INTEGRATION/u_cortexm3ds_logic/Rl7107_reg/CLR
                                                              20.301        
u_fp_domain/u_CORTEXM3INTEGRATION/u_cortexm3ds_logic/Ik2nz6_reg/C
                               u_fp_domain/u_CORTEXM3INTEGRATION/u_cortexm3ds_logic/X78oz6_reg/CLR
                                                              20.301        
u_fp_domain/u_CORTEXM3INTEGRATION/u_cortexm3ds_logic/Ik2nz6_reg/C
                               u_fp_domain/u_CORTEXM3INTEGRATION/u_cortexm3ds_logic/Ym5g07_reg/CLR
                                                              20.301        
u_fp_domain/u_CORTEXM3INTEGRATION/u_cortexm3ds_logic/Ik2nz6_reg/C
                               u_fp_domain/u_CORTEXM3INTEGRATION/u_cortexm3ds_logic/A13nz6_reg/CLR
                                                              20.302        
u_fp_domain/u_CORTEXM3INTEGRATION/u_cortexm3ds_logic/Ik2nz6_reg/C
                               u_fp_domain/u_CORTEXM3INTEGRATION/u_cortexm3ds_logic/A13nz6_reg_rep/CLR
                                                              20.302        
u_fp_domain/u_CORTEXM3INTEGRATION/u_cortexm3ds_logic/Ik2nz6_reg/C
                               u_fp_domain/u_CORTEXM3INTEGRATION/u_cortexm3ds_logic/Bygzz6_reg/CLR
                                                              20.302        
u_fp_domain/u_CORTEXM3INTEGRATION/u_cortexm3ds_logic/Ik2nz6_reg/C
                               u_fp_domain/u_CORTEXM3INTEGRATION/u_cortexm3ds_logic/D1hzz6_reg/CLR
                                                              20.302        
u_fp_domain/u_CORTEXM3INTEGRATION/u_cortexm3ds_logic/Ik2nz6_reg/C
                               u_fp_domain/u_CORTEXM3INTEGRATION/u_cortexm3ds_logic/Etsnz6_reg/CLR
                                                              20.302        
u_fp_domain/u_CORTEXM3INTEGRATION/u_cortexm3ds_logic/Ik2nz6_reg/C
                               u_fp_domain/u_CORTEXM3INTEGRATION/u_cortexm3ds_logic/Ky4oz6_reg/CLR
                                                              20.302        
u_fp_domain/u_CORTEXM3INTEGRATION/u_cortexm3ds_logic/Ik2nz6_reg/C
                               u_fp_domain/u_CORTEXM3INTEGRATION/u_cortexm3ds_logic/N83nz6_reg/CLR
                                                              20.302        
u_fp_domain/u_CORTEXM3INTEGRATION/u_cortexm3ds_logic/Ik2nz6_reg/C
                               u_fp_domain/u_CORTEXM3INTEGRATION/u_cortexm3ds_logic/Ny2nz6_reg/CLR
                                                              20.302        
u_fp_domain/u_CORTEXM3INTEGRATION/u_cortexm3ds_logic/Ik2nz6_reg/C
                               u_fp_domain/u_CORTEXM3INTEGRATION/u_cortexm3ds_logic/Ny2nz6_reg_rep/CLR
                                                              20.302        
u_fp_domain/u_CORTEXM3INTEGRATION/u_cortexm3ds_logic/Ik2nz6_reg/C
                               u_fp_domain/u_CORTEXM3INTEGRATION/u_cortexm3ds_logic/Phm917_reg/CLR
                                                              20.302        
u_fp_domain/u_CORTEXM3INTEGRATION/u_cortexm3ds_logic/Ik2nz6_reg/C
                               u_fp_domain/u_CORTEXM3INTEGRATION/u_cortexm3ds_logic/Xyyf07_reg/CLR
                                                              20.302        
u_fp_domain/u_CORTEXM3INTEGRATION/u_cortexm3ds_logic/Ik2nz6_reg/C
                               u_fp_domain/u_CORTEXM3INTEGRATION/u_cortexm3ds_logic/Cj0007_reg/CLR
                                                              20.303        
u_fp_domain/u_CORTEXM3INTEGRATION/u_cortexm3ds_logic/Ik2nz6_reg/C
                               u_fp_domain/u_CORTEXM3INTEGRATION/u_cortexm3ds_logic/K1nzz6_reg/CLR
                                                              20.303        
u_fp_domain/u_CORTEXM3INTEGRATION/u_cortexm3ds_logic/Ik2nz6_reg/C
                               u_fp_domain/u_CORTEXM3INTEGRATION/u_cortexm3ds_logic/Osjzz6_reg/CLR
                                                              20.303        
u_fp_domain/u_CORTEXM3INTEGRATION/u_cortexm3ds_logic/Ik2nz6_reg/C
                               u_fp_domain/u_CORTEXM3INTEGRATION/u_cortexm3ds_logic/Fnyzz6_reg/CLR
                                                              20.304        
u_fp_domain/u_CORTEXM3INTEGRATION/u_cortexm3ds_logic/Ik2nz6_reg/C
                               u_fp_domain/u_CORTEXM3INTEGRATION/u_cortexm3ds_logic/Rg0007_reg/CLR
                                                              20.304        
u_fp_domain/u_CORTEXM3INTEGRATION/u_cortexm3ds_logic/Ik2nz6_reg/C
                               u_fp_domain/u_CORTEXM3INTEGRATION/u_cortexm3ds_logic/Yronz6_reg/CLR
                                                              20.304        
u_fp_domain/u_CORTEXM3INTEGRATION/u_cortexm3ds_logic/Ik2nz6_reg/C
                               u_fp_domain/u_CORTEXM3INTEGRATION/u_cortexm3ds_logic/Gwtf07_reg/CLR
                                                              20.305        
u_fp_domain/u_CORTEXM3INTEGRATION/u_cortexm3ds_logic/Ik2nz6_reg/C
                               u_fp_domain/u_CORTEXM3INTEGRATION/u_cortexm3ds_logic/Ipyzz6_reg/CLR
                                                              20.305        
u_fp_domain/u_CORTEXM3INTEGRATION/u_cortexm3ds_logic/Ik2nz6_reg/C
                               u_fp_domain/u_CORTEXM3INTEGRATION/u_cortexm3ds_logic/Jq0007_reg/CLR
                                                              20.305        
u_fp_domain/u_CORTEXM3INTEGRATION/u_cortexm3ds_logic/Ik2nz6_reg/C
                               u_fp_domain/u_CORTEXM3INTEGRATION/u_cortexm3ds_logic/Lu7107_reg/CLR
                                                              20.305        
u_fp_domain/u_CORTEXM3INTEGRATION/u_cortexm3ds_logic/Ik2nz6_reg/C
                               u_fp_domain/u_CORTEXM3INTEGRATION/u_cortexm3ds_logic/Nl0007_reg/CLR
                                                              20.305        
u_fp_domain/u_CORTEXM3INTEGRATION/u_cortexm3ds_logic/Ik2nz6_reg/C
                               u_fp_domain/u_CORTEXM3INTEGRATION/u_cortexm3ds_logic/Q6yzz6_reg/CLR
                                                              20.305        
u_fp_domain/u_CORTEXM3INTEGRATION/u_cortexm3ds_logic/Ik2nz6_reg/C
                               u_fp_domain/u_CORTEXM3INTEGRATION/u_cortexm3ds_logic/T70oz6_reg/CLR
                                                              20.305        
u_fp_domain/u_CORTEXM3INTEGRATION/u_cortexm3ds_logic/Ik2nz6_reg/C
                               u_fp_domain/u_CORTEXM3INTEGRATION/u_cortexm3ds_logic/Xjuf07_reg/CLR
                                                              20.305        
u_fp_domain/u_CORTEXM3INTEGRATION/u_cortexm3ds_logic/Ik2nz6_reg/C
                               u_fp_domain/u_CORTEXM3INTEGRATION/u_cortexm3ds_logic/Xx2107_reg/CLR
                                                              20.305        
u_fp_domain/u_CORTEXM3INTEGRATION/u_cortexm3ds_logic/Ik2nz6_reg/C
                               u_fp_domain/u_CORTEXM3INTEGRATION/u_cortexm3ds_logic/Yc5107_reg/CLR
                                                              20.305        
u_fp_domain/u_CORTEXM3INTEGRATION/u_cortexm3ds_logic/Ik2nz6_reg/C
                               u_fp_domain/u_CORTEXM3INTEGRATION/u_cortexm3ds_logic/Bu4107_reg/CLR
                                                              20.306        
u_fp_domain/u_CORTEXM3INTEGRATION/u_cortexm3ds_logic/Ik2nz6_reg/C
                               u_fp_domain/u_CORTEXM3INTEGRATION/u_cortexm3ds_logic/Dninz6_reg/CLR
                                                              20.306        
u_fp_domain/u_CORTEXM3INTEGRATION/u_cortexm3ds_logic/Ik2nz6_reg/C
                               u_fp_domain/u_CORTEXM3INTEGRATION/u_cortexm3ds_logic/G2zs07_reg/CLR
                                                              20.306        
u_fp_domain/u_CORTEXM3INTEGRATION/u_cortexm3ds_logic/Ik2nz6_reg/C
                               u_fp_domain/u_CORTEXM3INTEGRATION/u_cortexm3ds_logic/I85107_reg/CLR
                                                              20.306        
u_fp_domain/u_CORTEXM3INTEGRATION/u_cortexm3ds_logic/Ik2nz6_reg/C
                               u_fp_domain/u_CORTEXM3INTEGRATION/u_cortexm3ds_logic/N25g07_reg/CLR
                                                              20.306        
u_fp_domain/u_CORTEXM3INTEGRATION/u_cortexm3ds_logic/Ik2nz6_reg/C
                               u_fp_domain/u_CORTEXM3INTEGRATION/u_cortexm3ds_logic/V87107_reg/CLR
                                                              20.306        
u_fp_domain/u_CORTEXM3INTEGRATION/u_cortexm3ds_logic/Ik2nz6_reg/C
                               u_fp_domain/u_CORTEXM3INTEGRATION/u_cortexm3ds_logic/Vayzz6_reg/CLR
                                                              20.306        
u_fp_domain/u_CORTEXM3INTEGRATION/u_cortexm3ds_logic/Ik2nz6_reg/C
                               u_fp_domain/u_CORTEXM3INTEGRATION/u_cortexm3ds_logic/Xz4107_reg/CLR
                                                              20.306        
u_fp_domain/u_CORTEXM3INTEGRATION/u_cortexm3ds_logic/Ik2nz6_reg/C
                               u_fp_domain/u_CORTEXM3INTEGRATION/u_cortexm3ds_logic/Z6moz6_reg/CLR
                                                              20.306        
u_fp_domain/u_CORTEXM3INTEGRATION/u_cortexm3ds_logic/Ik2nz6_reg/C
                               u_fp_domain/u_CORTEXM3INTEGRATION/u_cortexm3ds_logic/Tynoz6_reg/CLR
                                                              20.307        
u_fp_domain/u_CORTEXM3INTEGRATION/u_cortexm3ds_logic/Ik2nz6_reg/C
                               u_fp_domain/u_CORTEXM3INTEGRATION/u_cortexm3ds_logic/Bdwzz6_reg/CLR
                                                              20.307        
u_fp_domain/u_CORTEXM3INTEGRATION/u_cortexm3ds_logic/Ik2nz6_reg/C
                               u_fp_domain/u_CORTEXM3INTEGRATION/u_cortexm3ds_logic/Krxzz6_reg/CLR
                                                              20.307        
u_fp_domain/u_CORTEXM3INTEGRATION/u_cortexm3ds_logic/Ik2nz6_reg/C
                               u_fp_domain/u_CORTEXM3INTEGRATION/u_cortexm3ds_logic/Ng9oz6_reg/CLR
                                                              20.307        
u_fp_domain/u_CORTEXM3INTEGRATION/u_cortexm3ds_logic/Ik2nz6_reg/C
                               u_fp_domain/u_CORTEXM3INTEGRATION/u_cortexm3ds_logic/Y6wzz6_reg/CLR
                                                              20.307        
u_fp_domain/u_CORTEXM3INTEGRATION/u_cortexm3ds_logic/Ik2nz6_reg/C
                               u_fp_domain/u_CORTEXM3INTEGRATION/u_cortexm3ds_logic/A8xf07_reg/CLR
                                                              20.308        
u_fp_domain/u_CORTEXM3INTEGRATION/u_cortexm3ds_logic/Ik2nz6_reg/C
                               u_fp_domain/u_CORTEXM3INTEGRATION/u_cortexm3ds_logic/B4moz6_reg/CLR
                                                              20.308        
u_fp_domain/u_CORTEXM3INTEGRATION/u_cortexm3ds_logic/Ik2nz6_reg/C
                               u_fp_domain/u_CORTEXM3INTEGRATION/u_cortexm3ds_logic/H65nz6_reg/CLR
                                                              20.308        
u_fp_domain/u_CORTEXM3INTEGRATION/u_cortexm3ds_logic/Ik2nz6_reg/C
                               u_fp_domain/u_CORTEXM3INTEGRATION/u_cortexm3ds_logic/Kc5nz6_reg/CLR
                                                              20.308        
u_fp_domain/u_CORTEXM3INTEGRATION/u_cortexm3ds_logic/Ik2nz6_reg/C
                               u_fp_domain/u_CORTEXM3INTEGRATION/u_cortexm3ds_logic/Nbonz6_reg/CLR
                                                              20.308        
u_fp_domain/u_CORTEXM3INTEGRATION/u_cortexm3ds_logic/Ik2nz6_reg/C
                               u_fp_domain/u_CORTEXM3INTEGRATION/u_cortexm3ds_logic/Pp6oz6_reg/CLR
                                                              20.308        
u_fp_domain/u_CORTEXM3INTEGRATION/u_cortexm3ds_logic/Ik2nz6_reg/C
                               u_fp_domain/u_CORTEXM3INTEGRATION/u_cortexm3ds_logic/Pxpa17_reg/CLR
                                                              20.308        
u_fp_domain/u_CORTEXM3INTEGRATION/u_cortexm3ds_logic/Ik2nz6_reg/C
                               u_fp_domain/u_CORTEXM3INTEGRATION/u_cortexm3ds_logic/Ssnoz6_reg/CLR
                                                              20.308        
u_fp_domain/u_CORTEXM3INTEGRATION/u_cortexm3ds_logic/Ik2nz6_reg/C
                               u_fp_domain/u_CORTEXM3INTEGRATION/u_cortexm3ds_logic/V58oz6_reg/CLR
                                                              20.308        
u_fp_domain/u_CORTEXM3INTEGRATION/u_cortexm3ds_logic/Ik2nz6_reg/C
                               u_fp_domain/u_CORTEXM3INTEGRATION/u_cortexm3ds_logic/X7aoz6_reg/CLR
                                                              20.308        
u_fp_domain/u_CORTEXM3INTEGRATION/u_cortexm3ds_logic/Ik2nz6_reg/C
                               u_fp_domain/u_CORTEXM3INTEGRATION/u_cortexm3ds_logic/Yxloz6_reg/CLR
                                                              20.308        
u_fp_domain/u_CORTEXM3INTEGRATION/u_cortexm3ds_logic/Ik2nz6_reg/C
                               u_fp_domain/u_CORTEXM3INTEGRATION/u_cortexm3ds_logic/N2yzz6_reg/CLR
                                                              20.309        
u_fp_domain/u_CORTEXM3INTEGRATION/u_cortexm3ds_logic/Ik2nz6_reg/C
                               u_fp_domain/u_CORTEXM3INTEGRATION/u_cortexm3ds_logic/Ui5107_reg/CLR
                                                              20.309        
u_fp_domain/u_CORTEXM3INTEGRATION/u_cortexm3ds_logic/Ik2nz6_reg/C
                               u_fp_domain/u_CORTEXM3INTEGRATION/u_cortexm3ds_logic/Ej4b17_reg/CLR
                                                              20.310        
u_fp_domain/u_CORTEXM3INTEGRATION/u_cortexm3ds_logic/Ik2nz6_reg/C
                               u_fp_domain/u_CORTEXM3INTEGRATION/u_cortexm3ds_logic/Ihea17_reg/CLR
                                                              20.310        
u_fp_domain/u_CORTEXM3INTEGRATION/u_cortexm3ds_logic/Ik2nz6_reg/C
                               u_fp_domain/u_CORTEXM3INTEGRATION/u_cortexm3ds_logic/Jdhzz6_reg/CLR
                                                              20.310        
u_fp_domain/u_CORTEXM3INTEGRATION/u_cortexm3ds_logic/Ik2nz6_reg/C
                               u_fp_domain/u_CORTEXM3INTEGRATION/u_cortexm3ds_logic/Pzhnz6_reg/CLR
                                                              20.310        
u_fp_domain/u_CORTEXM3INTEGRATION/u_cortexm3ds_logic/Ik2nz6_reg/C
                               u_fp_domain/u_CORTEXM3INTEGRATION/u_cortexm3ds_logic/Ceonz6_reg/CLR
                                                              20.310        
u_fp_domain/u_CORTEXM3INTEGRATION/u_cortexm3ds_logic/Ik2nz6_reg/C
                               u_fp_domain/u_CORTEXM3INTEGRATION/u_cortexm3ds_logic/Fvjzz6_reg/CLR
                                                              20.310        
u_fp_domain/u_CORTEXM3INTEGRATION/u_cortexm3ds_logic/Ik2nz6_reg/C
                               u_fp_domain/u_CORTEXM3INTEGRATION/u_cortexm3ds_logic/Ks7107_reg/CLR
                                                              20.310        
u_fp_domain/u_CORTEXM3INTEGRATION/u_cortexm3ds_logic/Ik2nz6_reg/C
                               u_fp_domain/u_CORTEXM3INTEGRATION/u_cortexm3ds_logic/Ra4g07_reg/CLR
                                                              20.310        
u_fp_domain/u_CORTEXM3INTEGRATION/u_cortexm3ds_logic/Ik2nz6_reg/C
                               u_fp_domain/u_CORTEXM3INTEGRATION/u_cortexm3ds_logic/Xpjzz6_reg/CLR
                                                              20.310        
u_fp_domain/u_CORTEXM3INTEGRATION/u_cortexm3ds_logic/Ik2nz6_reg/C
                               u_fp_domain/u_CORTEXM3INTEGRATION/u_cortexm3ds_logic/Tu7oz6_reg/CLR
                                                              20.311        
u_fp_domain/u_CORTEXM3INTEGRATION/u_cortexm3ds_logic/Ik2nz6_reg/C
                               u_fp_domain/u_CORTEXM3INTEGRATION/u_cortexm3ds_logic/U08oz6_reg/CLR
                                                              20.311        
u_fp_domain/u_CORTEXM3INTEGRATION/u_cortexm3ds_logic/Ik2nz6_reg/C
                               u_fp_domain/u_CORTEXM3INTEGRATION/u_cortexm3ds_logic/Wdmzz6_reg/CLR
                                                              20.311        
u_fp_domain/u_CORTEXM3INTEGRATION/u_cortexm3ds_logic/Ik2nz6_reg/C
                               u_fp_domain/u_CORTEXM3INTEGRATION/u_cortexm3ds_logic/Wpgzz6_reg/CLR
                                                              20.311        
u_fp_domain/u_CORTEXM3INTEGRATION/u_cortexm3ds_logic/Ik2nz6_reg/C
                               u_fp_domain/u_CORTEXM3INTEGRATION/u_cortexm3ds_logic/Hr8oz6_reg/CLR
                                                              20.311        
u_fp_domain/u_CORTEXM3INTEGRATION/u_cortexm3ds_logic/Ik2nz6_reg/C
                               u_fp_domain/u_CORTEXM3INTEGRATION/u_cortexm3ds_logic/Prhzz6_reg/CLR
                                                              20.311        
u_fp_domain/u_CORTEXM3INTEGRATION/u_cortexm3ds_logic/Ik2nz6_reg/C
                               u_fp_domain/u_CORTEXM3INTEGRATION/u_cortexm3ds_logic/Sgonz6_reg/CLR
                                                              20.311        
u_fp_domain/u_CORTEXM3INTEGRATION/u_cortexm3ds_logic/Ik2nz6_reg/C
                               u_fp_domain/u_CORTEXM3INTEGRATION/u_cortexm3ds_logic/Cngzz6_reg/CLR
                                                              20.312        
u_fp_domain/u_CORTEXM3INTEGRATION/u_cortexm3ds_logic/Ik2nz6_reg/C
                               u_fp_domain/u_CORTEXM3INTEGRATION/u_cortexm3ds_logic/N5joz6_reg/CLR
                                                              20.312        
u_fp_domain/u_CORTEXM3INTEGRATION/u_cortexm3ds_logic/Ik2nz6_reg/C
                               u_fp_domain/u_CORTEXM3INTEGRATION/u_cortexm3ds_logic/Veioz6_reg/CLR
                                                              20.312        
u_fp_domain/u_CORTEXM3INTEGRATION/u_cortexm3ds_logic/Ik2nz6_reg/C
                               u_fp_domain/u_CORTEXM3INTEGRATION/u_cortexm3ds_logic/Yn0007_reg/CLR
                                                              20.312        
u_fp_domain/u_CORTEXM3INTEGRATION/u_cortexm3ds_logic/Ik2nz6_reg/C
                               u_fp_domain/u_CORTEXM3INTEGRATION/u_cortexm3ds_logic/Bx6107_reg/CLR
                                                              20.312        
u_fp_domain/u_CORTEXM3INTEGRATION/u_cortexm3ds_logic/Ik2nz6_reg/C
                               u_fp_domain/u_CORTEXM3INTEGRATION/u_cortexm3ds_logic/Vz6107_reg/CLR
                                                              20.312        
u_fp_domain/u_CORTEXM3INTEGRATION/u_cortexm3ds_logic/Ik2nz6_reg/C
                               u_fp_domain/u_CORTEXM3INTEGRATION/u_cortexm3ds_logic/As2107_reg/CLR
                                                              20.313        
u_fp_domain/u_CORTEXM3INTEGRATION/u_cortexm3ds_logic/Ik2nz6_reg/C
                               u_fp_domain/u_CORTEXM3INTEGRATION/u_cortexm3ds_logic/Dm4oz6_reg/CLR
                                                              20.313        
u_fp_domain/u_CORTEXM3INTEGRATION/u_cortexm3ds_logic/Ik2nz6_reg/C
                               u_fp_domain/u_CORTEXM3INTEGRATION/u_cortexm3ds_logic/Gw1107_reg/CLR
                                                              20.313        
u_fp_domain/u_CORTEXM3INTEGRATION/u_cortexm3ds_logic/Ik2nz6_reg/C
                               u_fp_domain/u_CORTEXM3INTEGRATION/u_cortexm3ds_logic/Hzwf07_reg/CLR
                                                              20.313        
u_fp_domain/u_CORTEXM3INTEGRATION/u_cortexm3ds_logic/Ik2nz6_reg/C
                               u_fp_domain/u_CORTEXM3INTEGRATION/u_cortexm3ds_logic/Iixzz6_reg/CLR
                                                              20.313        
u_fp_domain/u_CORTEXM3INTEGRATION/u_cortexm3ds_logic/Ik2nz6_reg/C
                               u_fp_domain/u_CORTEXM3INTEGRATION/u_cortexm3ds_logic/Jwwf07_reg/CLR
                                                              20.313        
u_fp_domain/u_CORTEXM3INTEGRATION/u_cortexm3ds_logic/Ik2nz6_reg/C
                               u_fp_domain/u_CORTEXM3INTEGRATION/u_cortexm3ds_logic/Ltwf07_reg/CLR
                                                              20.313        
u_fp_domain/u_CORTEXM3INTEGRATION/u_cortexm3ds_logic/Ik2nz6_reg/C
                               u_fp_domain/u_CORTEXM3INTEGRATION/u_cortexm3ds_logic/V62107_reg/CLR
                                                              20.313        
u_fp_domain/u_CORTEXM3INTEGRATION/u_cortexm3ds_logic/Ik2nz6_reg/C
                               u_fp_domain/u_CORTEXM3INTEGRATION/u_cortexm3ds_logic/Aa8oz6_reg/CLR
                                                              20.313        
u_fp_domain/u_CORTEXM3INTEGRATION/u_cortexm3ds_logic/Ik2nz6_reg/C
                               u_fp_domain/u_CORTEXM3INTEGRATION/u_cortexm3ds_logic/Ptyzz6_reg/CLR
                                                              20.313        
u_fp_domain/u_CORTEXM3INTEGRATION/u_cortexm3ds_logic/Ik2nz6_reg/C
                               u_fp_domain/u_CORTEXM3INTEGRATION/u_cortexm3ds_logic/Xb7107_reg/CLR
                                                              20.313        
u_fp_domain/u_CORTEXM3INTEGRATION/u_cortexm3ds_logic/Ik2nz6_reg/C
                               u_fp_domain/u_CORTEXM3INTEGRATION/u_cortexm3ds_logic/Xlonz6_reg/CLR
                                                              20.313        
u_fp_domain/u_CORTEXM3INTEGRATION/u_cortexm3ds_logic/Ik2nz6_reg/C
                               u_fp_domain/u_CORTEXM3INTEGRATION/u_cortexm3ds_logic/Bqus07_reg/PRE
                                                              20.315        
u_fp_domain/u_CORTEXM3INTEGRATION/u_cortexm3ds_logic/Ik2nz6_reg/C
                               u_fp_domain/u_CORTEXM3INTEGRATION/u_cortexm3ds_logic/Wsmnz6_reg/CLR
                                                              20.315        
u_fp_domain/u_CORTEXM3INTEGRATION/u_cortexm3ds_logic/Ik2nz6_reg/C
                               u_fp_domain/u_CORTEXM3INTEGRATION/u_cortexm3ds_logic/Xvmnz6_reg/CLR
                                                              20.315        
u_fp_domain/u_CORTEXM3INTEGRATION/u_cortexm3ds_logic/Ik2nz6_reg/C
                               u_fp_domain/u_CORTEXM3INTEGRATION/u_cortexm3ds_logic/M0yzz6_reg/CLR
                                                              20.315        
u_fp_domain/u_CORTEXM3INTEGRATION/u_cortexm3ds_logic/Ik2nz6_reg/C
                               u_fp_domain/u_CORTEXM3INTEGRATION/u_cortexm3ds_logic/O4yzz6_reg/CLR
                                                              20.315        
u_fp_domain/u_CORTEXM3INTEGRATION/u_cortexm3ds_logic/Ik2nz6_reg/C
                               u_fp_domain/u_CORTEXM3INTEGRATION/u_cortexm3ds_logic/P29oz6_reg/CLR
                                                              20.317        
u_fp_domain/u_CORTEXM3INTEGRATION/u_cortexm3ds_logic/Ik2nz6_reg/C
                               u_fp_domain/u_CORTEXM3INTEGRATION/u_cortexm3ds_logic/S89oz6_reg/CLR
                                                              20.317        
u_fp_domain/u_CORTEXM3INTEGRATION/u_cortexm3ds_logic/Ik2nz6_reg/C
                               u_fp_domain/u_CORTEXM3INTEGRATION/u_cortexm3ds_logic/Rt3107_reg/CLR
                                                              20.317        
u_fp_domain/u_CORTEXM3INTEGRATION/u_cortexm3ds_logic/Ik2nz6_reg/C
                               u_fp_domain/u_CORTEXM3INTEGRATION/u_cortexm3ds_logic/Xkioz6_reg/CLR
                                                              20.317        
u_fp_domain/u_CORTEXM3INTEGRATION/u_cortexm3ds_logic/Ik2nz6_reg/C
                               u_fp_domain/u_CORTEXM3INTEGRATION/u_cortexm3ds_logic/Gylzz6_reg/CLR
                                                              20.318        
u_fp_domain/u_CORTEXM3INTEGRATION/u_cortexm3ds_logic/Ik2nz6_reg/C
                               u_fp_domain/u_CORTEXM3INTEGRATION/u_cortexm3ds_logic/Loxzz6_reg/CLR
                                                              20.318        
u_fp_domain/u_CORTEXM3INTEGRATION/u_cortexm3ds_logic/Ik2nz6_reg/C
                               u_fp_domain/u_CORTEXM3INTEGRATION/u_cortexm3ds_logic/S5inz6_reg/CLR
                                                              20.318        
u_fp_domain/u_CORTEXM3INTEGRATION/u_cortexm3ds_logic/Ik2nz6_reg/C
                               u_fp_domain/u_CORTEXM3INTEGRATION/u_cortexm3ds_logic/Svlzz6_reg/CLR
                                                              20.318        
u_fp_domain/u_CORTEXM3INTEGRATION/u_cortexm3ds_logic/Ik2nz6_reg/C
                               u_fp_domain/u_CORTEXM3INTEGRATION/u_cortexm3ds_logic/Mjhzz6_reg/CLR
                                                              20.318        
u_fp_domain/u_CORTEXM3INTEGRATION/u_cortexm3ds_logic/Ik2nz6_reg/C
                               u_fp_domain/u_CORTEXM3INTEGRATION/u_cortexm3ds_logic/Xhioz6_reg/CLR
                                                              20.319        
u_fp_domain/u_CORTEXM3INTEGRATION/u_cortexm3ds_logic/Ik2nz6_reg/C
                               u_fp_domain/u_CORTEXM3INTEGRATION/u_cortexm3ds_logic/Yymnz6_reg/CLR
                                                              20.319        
u_fp_domain/u_CORTEXM3INTEGRATION/u_cortexm3ds_logic/Ik2nz6_reg/C
                               u_fp_domain/u_CORTEXM3INTEGRATION/u_cortexm3ds_logic/Ewsnz6_reg/CLR
                                                              20.322        
u_fp_domain/u_CORTEXM3INTEGRATION/u_cortexm3ds_logic/Ik2nz6_reg/C
                               u_fp_domain/u_CORTEXM3INTEGRATION/u_cortexm3ds_logic/H2tnz6_reg/CLR
                                                              20.322        
u_fp_domain/u_CORTEXM3INTEGRATION/u_cortexm3ds_logic/Ik2nz6_reg/C
                               u_fp_domain/u_CORTEXM3INTEGRATION/u_cortexm3ds_logic/P2gzz6_reg/CLR
                                                              20.322        
u_fp_domain/u_CORTEXM3INTEGRATION/u_cortexm3ds_logic/Ik2nz6_reg/C
                               u_fp_domain/u_CORTEXM3INTEGRATION/u_cortexm3ds_logic/Wvlm17_reg/CLR
                                                              20.323        
u_fp_domain/u_CORTEXM3INTEGRATION/u_cortexm3ds_logic/Ik2nz6_reg/C
                               u_fp_domain/u_CORTEXM3INTEGRATION/u_cortexm3ds_logic/Xylm17_reg/CLR
                                                              20.323        
u_fp_domain/u_CORTEXM3INTEGRATION/u_cortexm3ds_logic/Ik2nz6_reg/C
                               u_fp_domain/u_CORTEXM3INTEGRATION/u_cortexm3ds_logic/Y1mm17_reg/CLR
                                                              20.323        
u_fp_domain/u_CORTEXM3INTEGRATION/u_cortexm3ds_logic/Ik2nz6_reg/C
                               u_fp_domain/u_CORTEXM3INTEGRATION/u_cortexm3ds_logic/Hbmzz6_reg/CLR
                                                              20.325        
u_fp_domain/u_CORTEXM3INTEGRATION/u_cortexm3ds_logic/Ik2nz6_reg/C
                               u_fp_domain/u_CORTEXM3INTEGRATION/u_cortexm3ds_logic/Oc7nz6_reg/CLR
                                                              20.325        
u_fp_domain/u_CORTEXM3INTEGRATION/u_cortexm3ds_logic/Ik2nz6_reg/C
                               u_fp_domain/u_CORTEXM3INTEGRATION/u_cortexm3ds_logic/S0mzz6_reg/CLR
                                                              20.325        
u_fp_domain/u_CORTEXM3INTEGRATION/u_cortexm3ds_logic/Ik2nz6_reg/C
                               u_fp_domain/u_CORTEXM3INTEGRATION/u_cortexm3ds_logic/E36oz6_reg/CLR
                                                              20.326        
u_fp_domain/u_CORTEXM3INTEGRATION/u_cortexm3ds_logic/Ik2nz6_reg/C
                               u_fp_domain/u_CORTEXM3INTEGRATION/u_cortexm3ds_logic/Sd0007_reg/CLR
                                                              20.326        
u_fp_domain/u_CORTEXM3INTEGRATION/u_cortexm3ds_logic/Ik2nz6_reg/C
                               u_fp_domain/u_CORTEXM3INTEGRATION/u_cortexm3ds_logic/A63nz6_reg/CLR
                                                              20.328        
u_fp_domain/u_CORTEXM3INTEGRATION/u_cortexm3ds_logic/Ik2nz6_reg/C
                               u_fp_domain/u_CORTEXM3INTEGRATION/u_cortexm3ds_logic/Peuf07_reg/CLR
                                                              20.328        
u_fp_domain/u_CORTEXM3INTEGRATION/u_cortexm3ds_logic/Ik2nz6_reg/C
                               u_fp_domain/u_CORTEXM3INTEGRATION/u_cortexm3ds_logic/Umuf07_reg/CLR
                                                              20.328        
u_fp_domain/u_CORTEXM3INTEGRATION/u_cortexm3ds_logic/Ik2nz6_reg/C
                               u_fp_domain/u_CORTEXM3INTEGRATION/u_cortexm3ds_logic/Zuuf07_reg/CLR
                                                              20.328        
u_fp_domain/u_CORTEXM3INTEGRATION/u_cortexm3ds_logic/Ik2nz6_reg/C
                               u_fp_domain/u_CORTEXM3INTEGRATION/u_cortexm3ds_logic/L85g07_reg/CLR
                                                              20.329        
u_fp_domain/u_CORTEXM3INTEGRATION/u_cortexm3ds_logic/Ik2nz6_reg/C
                               u_fp_domain/u_CORTEXM3INTEGRATION/u_cortexm3ds_logic/Ix0t07_reg/CLR
                                                              20.332        
u_fp_domain/u_CORTEXM3INTEGRATION/u_cortexm3ds_logic/Ik2nz6_reg/C
                               u_fp_domain/u_CORTEXM3INTEGRATION/u_cortexm3ds_logic/Kxuf07_reg/CLR
                                                              20.332        
u_fp_domain/u_CORTEXM3INTEGRATION/u_cortexm3ds_logic/Ik2nz6_reg/C
                               u_fp_domain/u_CORTEXM3INTEGRATION/u_cortexm3ds_logic/Xa6g07_reg/CLR
                                                              20.332        
u_fp_domain/u_CORTEXM3INTEGRATION/u_cortexm3ds_logic/Ik2nz6_reg/C
                               u_fp_domain/u_CORTEXM3INTEGRATION/u_cortexm3ds_logic/Yg6g07_reg/CLR
                                                              20.333        
u_fp_domain/u_CORTEXM3INTEGRATION/u_cortexm3ds_logic/Ik2nz6_reg/C
                               u_fp_domain/u_CORTEXM3INTEGRATION/u_cortexm3ds_logic/Fpuf07_reg/CLR
                                                              20.333        
u_fp_domain/u_CORTEXM3INTEGRATION/u_cortexm3ds_logic/Ik2nz6_reg/C
                               u_fp_domain/u_CORTEXM3INTEGRATION/u_cortexm3ds_logic/M31t07_reg/CLR
                                                              20.333        
u_fp_domain/u_CORTEXM3INTEGRATION/u_cortexm3ds_logic/Ik2nz6_reg/C
                               u_fp_domain/u_CORTEXM3INTEGRATION/u_cortexm3ds_logic/Mbuf07_reg/CLR
                                                              20.333        
u_fp_domain/u_CORTEXM3INTEGRATION/u_cortexm3ds_logic/Ik2nz6_reg/C
                               u_fp_domain/u_CORTEXM3INTEGRATION/u_cortexm3ds_logic/Wixf07_reg/CLR
                                                              20.333        
u_fp_domain/u_CORTEXM3INTEGRATION/u_cortexm3ds_logic/Ik2nz6_reg/C
                               u_fp_domain/u_CORTEXM3INTEGRATION/u_cortexm3ds_logic/Sh0t07_reg/CLR
                                                              20.334        
u_fp_domain/u_CORTEXM3INTEGRATION/u_cortexm3ds_logic/Ik2nz6_reg/C
                               u_fp_domain/u_CORTEXM3INTEGRATION/u_cortexm3ds_logic/U25107_reg/CLR
                                                              20.335        
u_fp_domain/u_CORTEXM3INTEGRATION/u_cortexm3ds_logic/Ik2nz6_reg/C
                               u_fp_domain/u_CORTEXM3INTEGRATION/u_cortexm3ds_logic/Ie5g07_reg/CLR
                                                              20.335        
u_fp_domain/u_CORTEXM3INTEGRATION/u_cortexm3ds_logic/Ik2nz6_reg/C
                               u_fp_domain/u_CORTEXM3INTEGRATION/u_cortexm3ds_logic/W46g07_reg/CLR
                                                              20.335        
u_fp_domain/u_CORTEXM3INTEGRATION/u_cortexm3ds_logic/Ik2nz6_reg/C
                               u_fp_domain/u_CORTEXM3INTEGRATION/u_cortexm3ds_logic/Oz4g07_reg/CLR
                                                              20.336        
u_fp_domain/u_CORTEXM3INTEGRATION/u_cortexm3ds_logic/Ik2nz6_reg/C
                               u_fp_domain/u_CORTEXM3INTEGRATION/u_cortexm3ds_logic/Ae6g07_reg/CLR
                                                              20.336        
u_fp_domain/u_CORTEXM3INTEGRATION/u_cortexm3ds_logic/Ik2nz6_reg/C
                               u_fp_domain/u_CORTEXM3INTEGRATION/u_cortexm3ds_logic/Ahuf07_reg/CLR
                                                              20.336        
u_fp_domain/u_CORTEXM3INTEGRATION/u_cortexm3ds_logic/Ik2nz6_reg/C
                               u_fp_domain/u_CORTEXM3INTEGRATION/u_cortexm3ds_logic/G5uf07_reg/CLR
                                                              20.336        
u_fp_domain/u_CORTEXM3INTEGRATION/u_cortexm3ds_logic/Ik2nz6_reg/C
                               u_fp_domain/u_CORTEXM3INTEGRATION/u_cortexm3ds_logic/J8uf07_reg/CLR
                                                              20.336        
u_fp_domain/u_CORTEXM3INTEGRATION/u_cortexm3ds_logic/Ik2nz6_reg/C
                               u_fp_domain/u_CORTEXM3INTEGRATION/u_cortexm3ds_logic/Jf5nz6_reg/CLR
                                                              20.336        
u_fp_domain/u_CORTEXM3INTEGRATION/u_cortexm3ds_logic/Ik2nz6_reg/C
                               u_fp_domain/u_CORTEXM3INTEGRATION/u_cortexm3ds_logic/Tq4g07_reg/CLR
                                                              20.336        
u_fp_domain/u_CORTEXM3INTEGRATION/u_cortexm3ds_logic/Ik2nz6_reg/C
                               u_fp_domain/u_CORTEXM3INTEGRATION/u_cortexm3ds_logic/Z76g07_reg/CLR
                                                              20.336        
u_fp_domain/u_CORTEXM3INTEGRATION/u_cortexm3ds_logic/Ik2nz6_reg/C
                               u_fp_domain/u_CORTEXM3INTEGRATION/u_cortexm3ds_logic/Pw4g07_reg/CLR
                                                              20.337        
u_fp_domain/u_CORTEXM3INTEGRATION/u_cortexm3ds_logic/Ik2nz6_reg/C
                               u_fp_domain/u_CORTEXM3INTEGRATION/u_cortexm3ds_logic/Bxta17_reg/CLR
                                                              20.340        
u_fp_domain/u_CORTEXM3INTEGRATION/u_cortexm3ds_logic/Ik2nz6_reg/C
                               u_fp_domain/u_CORTEXM3INTEGRATION/u_cortexm3ds_logic/Plnnz6_reg/CLR
                                                              20.340        
u_fp_domain/u_CORTEXM3INTEGRATION/u_cortexm3ds_logic/Ik2nz6_reg/C
                               u_fp_domain/u_CORTEXM3INTEGRATION/u_cortexm3ds_logic/Sjnnz6_reg/CLR
                                                              20.340        
u_fp_domain/u_CORTEXM3INTEGRATION/u_cortexm3ds_logic/Ik2nz6_reg/C
                               u_fp_domain/u_CORTEXM3INTEGRATION/u_cortexm3ds_logic/T16g07_reg/CLR
                                                              20.340        
u_fp_domain/u_CORTEXM3INTEGRATION/u_cortexm3ds_logic/Ik2nz6_reg/C
                               u_fp_domain/u_CORTEXM3INTEGRATION/u_cortexm3ds_logic/Rt4g07_reg/CLR
                                                              20.342        
u_fp_domain/u_CORTEXM3INTEGRATION/u_cortexm3ds_logic/Ik2nz6_reg/C
                               u_fp_domain/u_CORTEXM3INTEGRATION/u_cortexm3ds_logic/Oz5nz6_reg/CLR
                                                              20.345        
u_fp_domain/u_CORTEXM3INTEGRATION/u_cortexm3ds_logic/Ik2nz6_reg/C
                               u_fp_domain/u_CORTEXM3INTEGRATION/u_cortexm3ds_logic/S0qnz6_reg/CLR
                                                              20.345        
u_fp_domain/u_CORTEXM3INTEGRATION/u_cortexm3ds_logic/Ik2nz6_reg/C
                               u_fp_domain/u_CORTEXM3INTEGRATION/u_cortexm3ds_logic/K0oh07_reg/CLR
                                                              20.361        
u_fp_domain/u_CORTEXM3INTEGRATION/u_cortexm3ds_logic/Ik2nz6_reg/C
                               u_fp_domain/u_CORTEXM3INTEGRATION/u_cortexm3ds_logic/Rnc917_reg/CLR
                                                              20.361        
u_fp_domain/u_CORTEXM3INTEGRATION/u_cortexm3ds_logic/Ik2nz6_reg/C
                               u_fp_domain/u_CORTEXM3INTEGRATION/u_cortexm3ds_logic/Ntus07_reg/CLR
                                                              20.364        
u_fp_domain/u_CORTEXM3INTEGRATION/u_cortexm3ds_logic/Ik2nz6_reg/C
                               u_fp_domain/u_CORTEXM3INTEGRATION/u_cortexm3ds_logic/Prus07_reg/CLR
                                                              20.364        
u_fp_domain/u_CORTEXM3INTEGRATION/u_cortexm3ds_logic/Ik2nz6_reg/C
                               u_fp_domain/u_CORTEXM3INTEGRATION/u_cortexm3ds_logic/I06107_reg/PRE
                                                              20.369        
u_fp_domain/u_CORTEXM3INTEGRATION/u_cortexm3ds_logic/Ik2nz6_reg/C
                               u_fp_domain/u_CORTEXM3INTEGRATION/u_cortexm3ds_logic/Ry5107_reg/PRE
                                                              20.369        
u_fp_domain/u_CORTEXM3INTEGRATION/u_cortexm3ds_logic/Ik2nz6_reg/C
                               u_fp_domain/u_CORTEXM3INTEGRATION/u_cortexm3ds_logic/Yo5107_reg/PRE
                                                              20.369        
u_fp_domain/u_CORTEXM3INTEGRATION/u_cortexm3ds_logic/Ik2nz6_reg/C
                               u_fp_domain/u_CORTEXM3INTEGRATION/u_cortexm3ds_logic/Z16107_reg/PRE
                                                              20.369        
u_fp_domain/u_CORTEXM3INTEGRATION/u_cortexm3ds_logic/Ik2nz6_reg/C
                               u_fp_domain/u_CORTEXM3INTEGRATION/u_cortexm3ds_logic/Bstnz6_reg/CLR
                                                              20.382        
u_fp_domain/u_CORTEXM3INTEGRATION/u_cortexm3ds_logic/Ik2nz6_reg/C
                               u_fp_domain/u_CORTEXM3INTEGRATION/u_cortexm3ds_logic/Go2nz6_reg/CLR
                                                              20.382        
u_fp_domain/u_CORTEXM3INTEGRATION/u_cortexm3ds_logic/Ik2nz6_reg/C
                               u_fp_domain/u_CORTEXM3INTEGRATION/u_cortexm3ds_logic/Pn2nz6_reg/CLR
                                                              20.382        
u_fp_domain/u_CORTEXM3INTEGRATION/u_cortexm3ds_logic/Ik2nz6_reg/C
                               u_fp_domain/u_CORTEXM3INTEGRATION/u_cortexm3ds_logic/V01oz6_reg/CLR
                                                              20.382        
u_fp_domain/u_CORTEXM3INTEGRATION/u_cortexm3ds_logic/Ik2nz6_reg/C
                               u_fp_domain/u_CORTEXM3INTEGRATION/u_cortexm3ds_logic/X20b17_reg/CLR
                                                              20.382        
u_fp_domain/u_CORTEXM3INTEGRATION/u_cortexm3ds_logic/Ik2nz6_reg/C
                               u_fp_domain/u_CORTEXM3INTEGRATION/u_cortexm3ds_logic/Fnqh07_reg/CLR
                                                              20.389        
u_fp_domain/u_CORTEXM3INTEGRATION/u_cortexm3ds_logic/Ik2nz6_reg/C
                               u_fp_domain/u_CORTEXM3INTEGRATION/u_cortexm3ds_logic/G0aoz6_reg/CLR
                                                              20.389        
u_fp_domain/u_CORTEXM3INTEGRATION/u_cortexm3ds_logic/Ik2nz6_reg/C
                               u_fp_domain/u_CORTEXM3INTEGRATION/u_cortexm3ds_logic/Gy9oz6_reg/CLR
                                                              20.389        
u_fp_domain/u_CORTEXM3INTEGRATION/u_cortexm3ds_logic/Ik2nz6_reg/C
                               u_fp_domain/u_CORTEXM3INTEGRATION/u_cortexm3ds_logic/Blx917_reg/PRE
                                                              20.393        
u_fp_domain/u_CORTEXM3INTEGRATION/u_cortexm3ds_logic/Ik2nz6_reg/C
                               u_fp_domain/u_CORTEXM3INTEGRATION/u_cortexm3ds_logic/Efx917_reg/PRE
                                                              20.393        
u_fp_domain/u_CORTEXM3INTEGRATION/u_cortexm3ds_logic/Ik2nz6_reg/C
                               u_fp_domain/u_CORTEXM3INTEGRATION/u_cortexm3ds_logic/Yiynz6_reg/PRE
                                                              20.393        
u_fp_domain/u_CORTEXM3INTEGRATION/u_cortexm3ds_logic/Ik2nz6_reg/C
                               u_fp_domain/u_CORTEXM3INTEGRATION/u_cortexm3ds_logic/G2aoz6_reg/CLR
                                                              20.394        
u_fp_domain/u_CORTEXM3INTEGRATION/u_cortexm3ds_logic/Ik2nz6_reg/C
                               u_fp_domain/u_CORTEXM3INTEGRATION/u_cortexm3ds_logic/Anx917_reg/PRE
                                                              20.398        
u_fp_domain/u_CORTEXM3INTEGRATION/u_cortexm3ds_logic/Ik2nz6_reg/C
                               u_fp_domain/u_CORTEXM3INTEGRATION/u_cortexm3ds_logic/Gdu917_reg/CLR
                                                              20.400        
u_fp_domain/u_CORTEXM3INTEGRATION/u_cortexm3ds_logic/Ik2nz6_reg/C
                               u_fp_domain/u_CORTEXM3INTEGRATION/u_cortexm3ds_logic/Jiu917_reg/CLR
                                                              20.400        
u_fp_domain/u_CORTEXM3INTEGRATION/u_cortexm3ds_logic/Ik2nz6_reg/C
                               u_fp_domain/u_CORTEXM3INTEGRATION/u_cortexm3ds_logic/N5u917_reg/CLR
                                                              20.400        
u_fp_domain/u_CORTEXM3INTEGRATION/u_cortexm3ds_logic/Ik2nz6_reg/C
                               u_fp_domain/u_CORTEXM3INTEGRATION/u_cortexm3ds_logic/Qau917_reg/CLR
                                                              20.400        
u_fp_domain/u_CORTEXM3INTEGRATION/u_cortexm3ds_logic/Ik2nz6_reg/C
                               u_fp_domain/u_CORTEXM3INTEGRATION/u_cortexm3ds_logic/X2u917_reg/CLR
                                                              20.400        
u_fp_domain/u_CORTEXM3INTEGRATION/u_cortexm3ds_logic/Ik2nz6_reg/C
                               u_fp_domain/u_CORTEXM3INTEGRATION/u_cortexm3ds_logic/Zku917_reg/CLR
                                                              20.400        
u_fp_domain/u_CORTEXM3INTEGRATION/u_cortexm3ds_logic/Ik2nz6_reg/C
                               u_fp_domain/u_CORTEXM3INTEGRATION/u_cortexm3ds_logic/Pbx917_reg/CLR
                                                              20.419        
u_fp_domain/u_CORTEXM3INTEGRATION/u_cortexm3ds_logic/Ik2nz6_reg/C
                               u_fp_domain/u_CORTEXM3INTEGRATION/u_cortexm3ds_logic/Yyta17_reg/CLR
                                                              20.419        
u_fp_domain/u_CORTEXM3INTEGRATION/u_cortexm3ds_logic/Ik2nz6_reg/C
                               u_fp_domain/u_CORTEXM3INTEGRATION/u_cortexm3ds_logic/Mkwa17_reg/CLR
                                                              20.419        
u_fp_domain/u_CORTEXM3INTEGRATION/u_cortexm3ds_logic/Ik2nz6_reg/C
                               u_fp_domain/u_CORTEXM3INTEGRATION/u_cortexm3ds_logic/Oiwa17_reg/CLR
                                                              20.419        
u_fp_domain/u_CORTEXM3INTEGRATION/u_cortexm3ds_logic/Ik2nz6_reg/C
                               u_fp_domain/u_CORTEXM3INTEGRATION/u_cortexm3ds_logic/Bxdt07_reg/CLR
                                                              20.421        
u_fp_domain/u_CORTEXM3INTEGRATION/u_cortexm3ds_logic/Ik2nz6_reg/C
                               u_fp_domain/u_CORTEXM3INTEGRATION/u_cortexm3ds_logic/E0wt07_reg/CLR
                                                              20.421        
u_fp_domain/u_CORTEXM3INTEGRATION/u_cortexm3ds_logic/Ik2nz6_reg/C
                               u_fp_domain/u_CORTEXM3INTEGRATION/u_cortexm3ds_logic/G7nt07_reg/CLR
                                                              20.421        
u_fp_domain/u_CORTEXM3INTEGRATION/u_cortexm3ds_logic/Ik2nz6_reg/C
                               u_fp_domain/u_CORTEXM3INTEGRATION/u_cortexm3ds_logic/H90u07_reg/CLR
                                                              20.421        
u_fp_domain/u_CORTEXM3INTEGRATION/u_cortexm3ds_logic/Ik2nz6_reg/C
                               u_fp_domain/u_CORTEXM3INTEGRATION/u_cortexm3ds_logic/In9t07_reg/CLR
                                                              20.421        
u_fp_domain/u_CORTEXM3INTEGRATION/u_cortexm3ds_logic/Ik2nz6_reg/C
                               u_fp_domain/u_CORTEXM3INTEGRATION/u_cortexm3ds_logic/Jk0u07_reg/CLR
                                                              20.421        
u_fp_domain/u_CORTEXM3INTEGRATION/u_cortexm3ds_logic/Ik2nz6_reg/C
                               u_fp_domain/u_CORTEXM3INTEGRATION/u_cortexm3ds_logic/P50u07_reg/CLR
                                                              20.421        
u_fp_domain/u_CORTEXM3INTEGRATION/u_cortexm3ds_logic/Ik2nz6_reg/C
                               u_fp_domain/u_CORTEXM3INTEGRATION/u_cortexm3ds_logic/Wzmt07_reg/CLR
                                                              20.421        
u_fp_domain/u_CORTEXM3INTEGRATION/u_cortexm3ds_logic/Ik2nz6_reg/C
                               u_fp_domain/u_CORTEXM3INTEGRATION/u_cortexm3ds_logic/X95t07_reg/CLR
                                                              20.421        
u_fp_domain/u_CORTEXM3INTEGRATION/u_cortexm3ds_logic/Ik2nz6_reg/C
                               u_fp_domain/u_CORTEXM3INTEGRATION/u_cortexm3ds_logic/Yant07_reg/CLR
                                                              20.421        
u_fp_domain/u_CORTEXM3INTEGRATION/u_cortexm3ds_logic/Ik2nz6_reg/C
                               u_fp_domain/u_CORTEXM3INTEGRATION/u_cortexm3ds_logic/Zc0u07_reg/CLR
                                                              20.421        
u_fp_domain/u_CORTEXM3INTEGRATION/u_cortexm3ds_logic/Ik2nz6_reg/C
                               u_fp_domain/u_CORTEXM3INTEGRATION/u_cortexm3ds_logic/Crzt07_reg/CLR
                                                              20.422        
u_fp_domain/u_CORTEXM3INTEGRATION/u_cortexm3ds_logic/Ik2nz6_reg/C
                               u_fp_domain/u_CORTEXM3INTEGRATION/u_cortexm3ds_logic/Dmdt07_reg/CLR
                                                              20.422        
u_fp_domain/u_CORTEXM3INTEGRATION/u_cortexm3ds_logic/Ik2nz6_reg/C
                               u_fp_domain/u_CORTEXM3INTEGRATION/u_cortexm3ds_logic/Ebdt07_reg/CLR
                                                              20.422        
u_fp_domain/u_CORTEXM3INTEGRATION/u_cortexm3ds_logic/Ik2nz6_reg/C
                               u_fp_domain/u_CORTEXM3INTEGRATION/u_cortexm3ds_logic/Gpvt07_reg/CLR
                                                              20.422        
u_fp_domain/u_CORTEXM3INTEGRATION/u_cortexm3ds_logic/Ik2nz6_reg/C
                               u_fp_domain/u_CORTEXM3INTEGRATION/u_cortexm3ds_logic/Gsht07_reg/CLR
                                                              20.422        
u_fp_domain/u_CORTEXM3INTEGRATION/u_cortexm3ds_logic/Ik2nz6_reg/C
                               u_fp_domain/u_CORTEXM3INTEGRATION/u_cortexm3ds_logic/Hv4t07_reg/CLR
                                                              20.422        
u_fp_domain/u_CORTEXM3INTEGRATION/u_cortexm3ds_logic/Ik2nz6_reg/C
                               u_fp_domain/u_CORTEXM3INTEGRATION/u_cortexm3ds_logic/Ilmt07_reg/CLR
                                                              20.422        
u_fp_domain/u_CORTEXM3INTEGRATION/u_cortexm3ds_logic/Ik2nz6_reg/C
                               u_fp_domain/u_CORTEXM3INTEGRATION/u_cortexm3ds_logic/Midt07_reg/CLR
                                                              20.422        
u_fp_domain/u_CORTEXM3INTEGRATION/u_cortexm3ds_logic/Ik2nz6_reg/C
                               u_fp_domain/u_CORTEXM3INTEGRATION/u_cortexm3ds_logic/Ozht07_reg/CLR
                                                              20.422        
u_fp_domain/u_CORTEXM3INTEGRATION/u_cortexm3ds_logic/Ik2nz6_reg/C
                               u_fp_domain/u_CORTEXM3INTEGRATION/u_cortexm3ds_logic/Qsmt07_reg/CLR
                                                              20.422        
u_fp_domain/u_CORTEXM3INTEGRATION/u_cortexm3ds_logic/Ik2nz6_reg/C
                               u_fp_domain/u_CORTEXM3INTEGRATION/u_cortexm3ds_logic/Rhmt07_reg/CLR
                                                              20.422        
u_fp_domain/u_CORTEXM3INTEGRATION/u_cortexm3ds_logic/Ik2nz6_reg/C
                               u_fp_domain/u_CORTEXM3INTEGRATION/u_cortexm3ds_logic/Vedt07_reg/CLR
                                                              20.422        
u_fp_domain/u_CORTEXM3INTEGRATION/u_cortexm3ds_logic/Ik2nz6_reg/C
                               u_fp_domain/u_CORTEXM3INTEGRATION/u_cortexm3ds_logic/Xvht07_reg/CLR
                                                              20.422        
u_fp_domain/u_CORTEXM3INTEGRATION/u_cortexm3ds_logic/Ik2nz6_reg/C
                               u_fp_domain/u_CORTEXM3INTEGRATION/u_cortexm3ds_logic/Zomt07_reg/CLR
                                                              20.422        
u_fp_domain/u_CORTEXM3INTEGRATION/u_cortexm3ds_logic/Ik2nz6_reg/C
                               u_fp_domain/u_CORTEXM3INTEGRATION/u_cortexm3ds_logic/Waws07_reg/CLR
                                                              20.424        
u_fp_domain/u_CORTEXM3INTEGRATION/u_cortexm3ds_logic/Ik2nz6_reg/C
                               u_fp_domain/u_CORTEXM3INTEGRATION/u_cortexm3ds_logic/Gc9t07_reg/CLR
                                                              20.426        
u_fp_domain/u_CORTEXM3INTEGRATION/u_cortexm3ds_logic/Ik2nz6_reg/C
                               u_fp_domain/u_CORTEXM3INTEGRATION/u_cortexm3ds_logic/Mwvt07_reg/CLR
                                                              20.426        
u_fp_domain/u_CORTEXM3INTEGRATION/u_cortexm3ds_logic/Ik2nz6_reg/C
                               u_fp_domain/u_CORTEXM3INTEGRATION/u_cortexm3ds_logic/W3wt07_reg/CLR
                                                              20.426        
u_fp_domain/u_CORTEXM3INTEGRATION/u_cortexm3ds_logic/Ik2nz6_reg/C
                               u_fp_domain/u_CORTEXM3INTEGRATION/u_cortexm3ds_logic/O3nt07_reg/CLR
                                                              20.426        
u_fp_domain/u_CORTEXM3INTEGRATION/u_cortexm3ds_logic/Ik2nz6_reg/C
                               u_fp_domain/u_CORTEXM3INTEGRATION/u_cortexm3ds_logic/Rmk917_reg/CLR
                                                              20.426        
u_fp_domain/u_CORTEXM3INTEGRATION/u_cortexm3ds_logic/Ik2nz6_reg/C
                               u_fp_domain/u_CORTEXM3INTEGRATION/u_cortexm3ds_logic/Trta17_reg/CLR
                                                              20.427        
u_fp_domain/u_CORTEXM3INTEGRATION/u_cortexm3ds_logic/Ik2nz6_reg/C
                               u_fp_domain/u_CORTEXM3INTEGRATION/u_cortexm3ds_logic/Wgwa17_reg/CLR
                                                              20.427        
u_fp_domain/u_CORTEXM3INTEGRATION/u_cortexm3ds_logic/Ik2nz6_reg/C
                               u_fp_domain/u_CORTEXM3INTEGRATION/u_cortexm3ds_logic/B20u07_reg/CLR
                                                              20.427        
u_fp_domain/u_CORTEXM3INTEGRATION/u_cortexm3ds_logic/Ik2nz6_reg/C
                               u_fp_domain/u_CORTEXM3INTEGRATION/u_cortexm3ds_logic/Kyzt07_reg/CLR
                                                              20.427        
u_fp_domain/u_CORTEXM3INTEGRATION/u_cortexm3ds_logic/Ik2nz6_reg/C
                               u_fp_domain/u_CORTEXM3INTEGRATION/u_cortexm3ds_logic/Tuzt07_reg/CLR
                                                              20.427        
u_fp_domain/u_CORTEXM3INTEGRATION/u_cortexm3ds_logic/Ik2nz6_reg/C
                               u_fp_domain/u_CORTEXM3INTEGRATION/u_cortexm3ds_logic/Yhvt07_reg/CLR
                                                              20.427        
u_fp_domain/u_CORTEXM3INTEGRATION/u_cortexm3ds_logic/Ik2nz6_reg/C
                               u_fp_domain/u_CORTEXM3INTEGRATION/u_cortexm3ds_logic/E17a17_reg/CLR
                                                              20.428        
u_fp_domain/u_CORTEXM3INTEGRATION/u_cortexm3ds_logic/Ik2nz6_reg/C
                               u_fp_domain/u_CORTEXM3INTEGRATION/u_cortexm3ds_logic/Y7vnz6_reg/CLR
                                                              20.428        
u_fp_domain/u_CORTEXM3INTEGRATION/u_cortexm3ds_logic/Ik2nz6_reg/C
                               u_fp_domain/u_CORTEXM3INTEGRATION/u_cortexm3ds_logic/Rg0u07_reg/CLR
                                                              20.429        
u_fp_domain/u_CORTEXM3INTEGRATION/u_cortexm3ds_logic/Ik2nz6_reg/C
                               u_fp_domain/u_CORTEXM3INTEGRATION/u_cortexm3ds_logic/Rpdt07_reg/CLR
                                                              20.429        
u_fp_domain/u_CORTEXM3INTEGRATION/u_cortexm3ds_logic/Ik2nz6_reg/C
                               u_fp_domain/u_CORTEXM3INTEGRATION/u_cortexm3ds_logic/Egrt07_reg/CLR
                                                              20.429        
u_fp_domain/u_CORTEXM3INTEGRATION/u_cortexm3ds_logic/Ik2nz6_reg/C
                               u_fp_domain/u_CORTEXM3INTEGRATION/u_cortexm3ds_logic/Jtdt07_reg/CLR
                                                              20.429        
u_fp_domain/u_CORTEXM3INTEGRATION/u_cortexm3ds_logic/Ik2nz6_reg/C
                               u_fp_domain/u_CORTEXM3INTEGRATION/u_cortexm3ds_logic/Onrt07_reg/CLR
                                                              20.429        
u_fp_domain/u_CORTEXM3INTEGRATION/u_cortexm3ds_logic/Ik2nz6_reg/C
                               u_fp_domain/u_CORTEXM3INTEGRATION/u_cortexm3ds_logic/Qj9t07_reg/CLR
                                                              20.429        
u_fp_domain/u_CORTEXM3INTEGRATION/u_cortexm3ds_logic/Ik2nz6_reg/C
                               u_fp_domain/u_CORTEXM3INTEGRATION/u_cortexm3ds_logic/T0et07_reg/CLR
                                                              20.429        
u_fp_domain/u_CORTEXM3INTEGRATION/u_cortexm3ds_logic/Ik2nz6_reg/C
                               u_fp_domain/u_CORTEXM3INTEGRATION/u_cortexm3ds_logic/Etnh07_reg/CLR
                                                              20.430        
u_fp_domain/u_CORTEXM3INTEGRATION/u_cortexm3ds_logic/Ik2nz6_reg/C
                               u_fp_domain/u_CORTEXM3INTEGRATION/u_cortexm3ds_logic/B59t07_reg/CLR
                                                              20.430        
u_fp_domain/u_CORTEXM3INTEGRATION/u_cortexm3ds_logic/Ik2nz6_reg/C
                               u_fp_domain/u_CORTEXM3INTEGRATION/u_cortexm3ds_logic/Ik4t07_reg/CLR
                                                              20.430        
u_fp_domain/u_CORTEXM3INTEGRATION/u_cortexm3ds_logic/Ik2nz6_reg/C
                               u_fp_domain/u_CORTEXM3INTEGRATION/u_cortexm3ds_logic/K19t07_reg/CLR
                                                              20.430        
u_fp_domain/u_CORTEXM3INTEGRATION/u_cortexm3ds_logic/Ik2nz6_reg/C
                               u_fp_domain/u_CORTEXM3INTEGRATION/u_cortexm3ds_logic/Qr4t07_reg/CLR
                                                              20.430        
u_fp_domain/u_CORTEXM3INTEGRATION/u_cortexm3ds_logic/Ik2nz6_reg/C
                               u_fp_domain/u_CORTEXM3INTEGRATION/u_cortexm3ds_logic/S89t07_reg/CLR
                                                              20.430        
u_fp_domain/u_CORTEXM3INTEGRATION/u_cortexm3ds_logic/Ik2nz6_reg/C
                               u_fp_domain/u_CORTEXM3INTEGRATION/u_cortexm3ds_logic/T62g07_reg/CLR
                                                              20.430        
u_fp_domain/u_CORTEXM3INTEGRATION/u_cortexm3ds_logic/Ik2nz6_reg/C
                               u_fp_domain/u_CORTEXM3INTEGRATION/u_cortexm3ds_logic/Tx8t07_reg/CLR
                                                              20.430        
u_fp_domain/u_CORTEXM3INTEGRATION/u_cortexm3ds_logic/Ik2nz6_reg/C
                               u_fp_domain/u_CORTEXM3INTEGRATION/u_cortexm3ds_logic/Zn4t07_reg/CLR
                                                              20.430        
u_fp_domain/u_CORTEXM3INTEGRATION/u_cortexm3ds_logic/Ik2nz6_reg/C
                               u_fp_domain/u_CORTEXM3INTEGRATION/u_cortexm3ds_logic/En5107_reg/CLR
                                                              20.433        
u_fp_domain/u_CORTEXM3INTEGRATION/u_cortexm3ds_logic/Ik2nz6_reg/C
                               u_fp_domain/u_CORTEXM3INTEGRATION/u_cortexm3ds_logic/Kl5107_reg/CLR
                                                              20.433        
u_fp_domain/u_CORTEXM3INTEGRATION/u_cortexm3ds_logic/Ik2nz6_reg/C
                               u_fp_domain/u_CORTEXM3INTEGRATION/u_cortexm3ds_logic/Oq5107_reg/CLR
                                                              20.433        
u_fp_domain/u_CORTEXM3INTEGRATION/u_cortexm3ds_logic/Ik2nz6_reg/C
                               u_fp_domain/u_CORTEXM3INTEGRATION/u_cortexm3ds_logic/T7nnz6_reg/CLR
                                                              20.433        
u_fp_domain/u_CORTEXM3INTEGRATION/u_cortexm3ds_logic/Ik2nz6_reg/C
                               u_fp_domain/u_CORTEXM3INTEGRATION/u_cortexm3ds_logic/M37b17_reg/CLR
                                                              20.433        
u_fp_domain/u_CORTEXM3INTEGRATION/u_cortexm3ds_logic/Ik2nz6_reg/C
                               u_fp_domain/u_CORTEXM3INTEGRATION/u_cortexm3ds_logic/Atqnz6_reg/CLR
                                                              20.434        
u_fp_domain/u_CORTEXM3INTEGRATION/u_cortexm3ds_logic/Ik2nz6_reg/C
                               u_fp_domain/u_CORTEXM3INTEGRATION/u_cortexm3ds_logic/Ewmt07_reg/CLR
                                                              20.434        
u_fp_domain/u_CORTEXM3INTEGRATION/u_cortexm3ds_logic/Ik2nz6_reg/C
                               u_fp_domain/u_CORTEXM3INTEGRATION/u_cortexm3ds_logic/Pynh07_reg/CLR
                                                              20.435        
u_fp_domain/u_CORTEXM3INTEGRATION/u_cortexm3ds_logic/Ik2nz6_reg/C
                               u_fp_domain/u_CORTEXM3INTEGRATION/u_cortexm3ds_logic/Asag07_reg/CLR
                                                              20.435        
u_fp_domain/u_CORTEXM3INTEGRATION/u_cortexm3ds_logic/Ik2nz6_reg/C
                               u_fp_domain/u_CORTEXM3INTEGRATION/u_cortexm3ds_logic/M3cg07_reg/CLR
                                                              20.435        
u_fp_domain/u_CORTEXM3INTEGRATION/u_cortexm3ds_logic/Ik2nz6_reg/C
                               u_fp_domain/u_CORTEXM3INTEGRATION/u_cortexm3ds_logic/Lml917_reg/CLR
                                                              20.435        
u_fp_domain/u_CORTEXM3INTEGRATION/u_cortexm3ds_logic/Ik2nz6_reg/C
                               u_fp_domain/u_CORTEXM3INTEGRATION/u_cortexm3ds_logic/Paag07_reg/CLR
                                                              20.435        
u_fp_domain/u_CORTEXM3INTEGRATION/u_cortexm3ds_logic/Ik2nz6_reg/C
                               u_fp_domain/u_CORTEXM3INTEGRATION/u_cortexm3ds_logic/Q0bg07_reg/CLR
                                                              20.435        
u_fp_domain/u_CORTEXM3INTEGRATION/u_cortexm3ds_logic/Ik2nz6_reg/C
                               u_fp_domain/u_CORTEXM3INTEGRATION/u_cortexm3ds_logic/R5cg07_reg/CLR
                                                              20.435        
u_fp_domain/u_CORTEXM3INTEGRATION/u_cortexm3ds_logic/Ik2nz6_reg/C
                               u_fp_domain/u_CORTEXM3INTEGRATION/u_cortexm3ds_logic/Vpag07_reg/CLR
                                                              20.435        
u_fp_domain/u_CORTEXM3INTEGRATION/u_cortexm3ds_logic/Ik2nz6_reg/C
                               u_fp_domain/u_CORTEXM3INTEGRATION/u_cortexm3ds_logic/Z6bg07_reg/CLR
                                                              20.435        
u_fp_domain/u_CORTEXM3INTEGRATION/u_cortexm3ds_logic/Ik2nz6_reg/C
                               u_fp_domain/u_CORTEXM3INTEGRATION/u_cortexm3ds_logic/Bafg07_reg/CLR
                                                              20.436        
u_fp_domain/u_CORTEXM3INTEGRATION/u_cortexm3ds_logic/Ik2nz6_reg/C
                               u_fp_domain/u_CORTEXM3INTEGRATION/u_cortexm3ds_logic/Dgyg07_reg/CLR
                                                              20.436        
u_fp_domain/u_CORTEXM3INTEGRATION/u_cortexm3ds_logic/Ik2nz6_reg/C
                               u_fp_domain/u_CORTEXM3INTEGRATION/u_cortexm3ds_logic/Hiyg07_reg/CLR
                                                              20.436        
u_fp_domain/u_CORTEXM3INTEGRATION/u_cortexm3ds_logic/Ik2nz6_reg/C
                               u_fp_domain/u_CORTEXM3INTEGRATION/u_cortexm3ds_logic/M3fg07_reg/CLR
                                                              20.436        
u_fp_domain/u_CORTEXM3INTEGRATION/u_cortexm3ds_logic/Ik2nz6_reg/C
                               u_fp_domain/u_CORTEXM3INTEGRATION/u_cortexm3ds_logic/Nb0h07_reg/CLR
                                                              20.436        
u_fp_domain/u_CORTEXM3INTEGRATION/u_cortexm3ds_logic/Ik2nz6_reg/C
                               u_fp_domain/u_CORTEXM3INTEGRATION/u_cortexm3ds_logic/Pij917_reg/CLR
                                                              20.436        
u_fp_domain/u_CORTEXM3INTEGRATION/u_cortexm3ds_logic/Ik2nz6_reg/C
                               u_fp_domain/u_CORTEXM3INTEGRATION/u_cortexm3ds_logic/Qrunz6_reg/CLR
                                                              20.436        
u_fp_domain/u_CORTEXM3INTEGRATION/u_cortexm3ds_logic/Ik2nz6_reg/C
                               u_fp_domain/u_CORTEXM3INTEGRATION/u_cortexm3ds_logic/Th0h07_reg/CLR
                                                              20.436        
u_fp_domain/u_CORTEXM3INTEGRATION/u_cortexm3ds_logic/Ik2nz6_reg/C
                               u_fp_domain/u_CORTEXM3INTEGRATION/u_cortexm3ds_logic/U5vnz6_reg/CLR
                                                              20.436        
u_fp_domain/u_CORTEXM3INTEGRATION/u_cortexm3ds_logic/Ik2nz6_reg/C
                               u_fp_domain/u_CORTEXM3INTEGRATION/u_cortexm3ds_logic/W7fg07_reg/CLR
                                                              20.436        
u_fp_domain/u_CORTEXM3INTEGRATION/u_cortexm3ds_logic/Ik2nz6_reg/C
                               u_fp_domain/u_CORTEXM3INTEGRATION/u_cortexm3ds_logic/Wfzg07_reg/CLR
                                                              20.436        
u_fp_domain/u_CORTEXM3INTEGRATION/u_cortexm3ds_logic/Ik2nz6_reg/C
                               u_fp_domain/u_CORTEXM3INTEGRATION/u_cortexm3ds_logic/Y5kg07_reg/CLR
                                                              20.436        
u_fp_domain/u_CORTEXM3INTEGRATION/u_cortexm3ds_logic/Ik2nz6_reg/C
                               u_fp_domain/u_CORTEXM3INTEGRATION/u_cortexm3ds_logic/Ar9t07_reg/CLR
                                                              20.437        
u_fp_domain/u_CORTEXM3INTEGRATION/u_cortexm3ds_logic/Ik2nz6_reg/C
                               u_fp_domain/u_CORTEXM3INTEGRATION/u_cortexm3ds_logic/F65t07_reg/CLR
                                                              20.437        
u_fp_domain/u_CORTEXM3INTEGRATION/u_cortexm3ds_logic/Ik2nz6_reg/C
                               u_fp_domain/u_CORTEXM3INTEGRATION/u_cortexm3ds_logic/N25t07_reg/CLR
                                                              20.437        
u_fp_domain/u_CORTEXM3INTEGRATION/u_cortexm3ds_logic/Ik2nz6_reg/C
                               u_fp_domain/u_CORTEXM3INTEGRATION/u_cortexm3ds_logic/Nfk917_reg/CLR
                                                              20.437        
u_fp_domain/u_CORTEXM3INTEGRATION/u_cortexm3ds_logic/Ik2nz6_reg/C
                               u_fp_domain/u_CORTEXM3INTEGRATION/u_cortexm3ds_logic/O7wt07_reg/CLR
                                                              20.437        
u_fp_domain/u_CORTEXM3INTEGRATION/u_cortexm3ds_logic/Ik2nz6_reg/C
                               u_fp_domain/u_CORTEXM3INTEGRATION/u_cortexm3ds_logic/Usvt07_reg/CLR
                                                              20.437        
u_fp_domain/u_CORTEXM3INTEGRATION/u_cortexm3ds_logic/Ik2nz6_reg/C
                               u_fp_domain/u_CORTEXM3INTEGRATION/u_cortexm3ds_logic/Vtk917_reg/CLR
                                                              20.437        
u_fp_domain/u_CORTEXM3INTEGRATION/u_cortexm3ds_logic/Ik2nz6_reg/C
                               u_fp_domain/u_CORTEXM3INTEGRATION/u_cortexm3ds_logic/Vy4t07_reg/CLR
                                                              20.437        
u_fp_domain/u_CORTEXM3INTEGRATION/u_cortexm3ds_logic/Ik2nz6_reg/C
                               u_fp_domain/u_CORTEXM3INTEGRATION/u_cortexm3ds_logic/A0ys07_reg/CLR
                                                              20.438        
u_fp_domain/u_CORTEXM3INTEGRATION/u_cortexm3ds_logic/Ik2nz6_reg/C
                               u_fp_domain/u_CORTEXM3INTEGRATION/u_cortexm3ds_logic/Fqxs07_reg/CLR
                                                              20.438        
u_fp_domain/u_CORTEXM3INTEGRATION/u_cortexm3ds_logic/Ik2nz6_reg/C
                               u_fp_domain/u_CORTEXM3INTEGRATION/u_cortexm3ds_logic/Hmxs07_reg/CLR
                                                              20.438        
u_fp_domain/u_CORTEXM3INTEGRATION/u_cortexm3ds_logic/Ik2nz6_reg/C
                               u_fp_domain/u_CORTEXM3INTEGRATION/u_cortexm3ds_logic/B13g07_reg/CLR
                                                              20.438        
u_fp_domain/u_CORTEXM3INTEGRATION/u_cortexm3ds_logic/Ik2nz6_reg/C
                               u_fp_domain/u_CORTEXM3INTEGRATION/u_cortexm3ds_logic/Fn3g07_reg/CLR
                                                              20.438        
u_fp_domain/u_CORTEXM3INTEGRATION/u_cortexm3ds_logic/Ik2nz6_reg/C
                               u_fp_domain/u_CORTEXM3INTEGRATION/u_cortexm3ds_logic/J93g07_reg/CLR
                                                              20.438        
u_fp_domain/u_CORTEXM3INTEGRATION/u_cortexm3ds_logic/Ik2nz6_reg/C
                               u_fp_domain/u_CORTEXM3INTEGRATION/u_cortexm3ds_logic/Nv3g07_reg/CLR
                                                              20.438        
u_fp_domain/u_CORTEXM3INTEGRATION/u_cortexm3ds_logic/Ik2nz6_reg/C
                               u_fp_domain/u_CORTEXM3INTEGRATION/u_cortexm3ds_logic/P63g07_reg/CLR
                                                              20.438        
u_fp_domain/u_CORTEXM3INTEGRATION/u_cortexm3ds_logic/Ik2nz6_reg/C
                               u_fp_domain/u_CORTEXM3INTEGRATION/u_cortexm3ds_logic/Ts3g07_reg/CLR
                                                              20.438        
u_fp_domain/u_CORTEXM3INTEGRATION/u_cortexm3ds_logic/Ik2nz6_reg/C
                               u_fp_domain/u_CORTEXM3INTEGRATION/u_cortexm3ds_logic/V33g07_reg/CLR
                                                              20.438        
u_fp_domain/u_CORTEXM3INTEGRATION/u_cortexm3ds_logic/Ik2nz6_reg/C
                               u_fp_domain/u_CORTEXM3INTEGRATION/u_cortexm3ds_logic/Y8rt07_reg/CLR
                                                              20.438        
u_fp_domain/u_CORTEXM3INTEGRATION/u_cortexm3ds_logic/Ik2nz6_reg/C
                               u_fp_domain/u_CORTEXM3INTEGRATION/u_cortexm3ds_logic/Zp3g07_reg/CLR
                                                              20.438        
u_fp_domain/u_CORTEXM3INTEGRATION/u_cortexm3ds_logic/Ik2nz6_reg/C
                               u_fp_domain/u_CORTEXM3INTEGRATION/u_cortexm3ds_logic/Zxqt07_reg/CLR
                                                              20.438        
u_fp_domain/u_CORTEXM3INTEGRATION/u_cortexm3ds_logic/Ik2nz6_reg/C
                               u_fp_domain/u_CORTEXM3INTEGRATION/u_cortexm3ds_logic/D8l917_reg/CLR
                                                              20.440        
u_fp_domain/u_CORTEXM3INTEGRATION/u_cortexm3ds_logic/Ik2nz6_reg/C
                               u_fp_domain/u_CORTEXM3INTEGRATION/u_cortexm3ds_logic/Dobg07_reg/CLR
                                                              20.440        
u_fp_domain/u_CORTEXM3INTEGRATION/u_cortexm3ds_logic/Ik2nz6_reg/C
                               u_fp_domain/u_CORTEXM3INTEGRATION/u_cortexm3ds_logic/Hfl917_reg/CLR
                                                              20.440        
u_fp_domain/u_CORTEXM3INTEGRATION/u_cortexm3ds_logic/Ik2nz6_reg/C
                               u_fp_domain/u_CORTEXM3INTEGRATION/u_cortexm3ds_logic/Nyag07_reg/CLR
                                                              20.440        
u_fp_domain/u_CORTEXM3INTEGRATION/u_cortexm3ds_logic/Ik2nz6_reg/C
                               u_fp_domain/u_CORTEXM3INTEGRATION/u_cortexm3ds_logic/Qnag07_reg/CLR
                                                              20.440        
u_fp_domain/u_CORTEXM3INTEGRATION/u_cortexm3ds_logic/Ik2nz6_reg/C
                               u_fp_domain/u_CORTEXM3INTEGRATION/u_cortexm3ds_logic/Rbvg07_reg/CLR
                                                              20.440        
u_fp_domain/u_CORTEXM3INTEGRATION/u_cortexm3ds_logic/Ik2nz6_reg/C
                               u_fp_domain/u_CORTEXM3INTEGRATION/u_cortexm3ds_logic/Slug07_reg/CLR
                                                              20.440        
u_fp_domain/u_CORTEXM3INTEGRATION/u_cortexm3ds_logic/Ik2nz6_reg/C
                               u_fp_domain/u_CORTEXM3INTEGRATION/u_cortexm3ds_logic/Dm7g07_reg/CLR
                                                              20.441        
u_fp_domain/u_CORTEXM3INTEGRATION/u_cortexm3ds_logic/Ik2nz6_reg/C
                               u_fp_domain/u_CORTEXM3INTEGRATION/u_cortexm3ds_logic/Go7g07_reg/CLR
                                                              20.441        
u_fp_domain/u_CORTEXM3INTEGRATION/u_cortexm3ds_logic/Ik2nz6_reg/C
                               u_fp_domain/u_CORTEXM3INTEGRATION/u_cortexm3ds_logic/Yt5107_reg/PRE
                                                              20.441        
u_fp_domain/u_CORTEXM3INTEGRATION/u_cortexm3ds_logic/Ik2nz6_reg/C
                               u_fp_domain/u_CORTEXM3INTEGRATION/u_cortexm3ds_logic/Kgdg07_reg/CLR
                                                              20.441        
u_fp_domain/u_CORTEXM3INTEGRATION/u_cortexm3ds_logic/Ik2nz6_reg/C
                               u_fp_domain/u_CORTEXM3INTEGRATION/u_cortexm3ds_logic/Kvpa17_reg/CLR
                                                              20.441        
u_fp_domain/u_CORTEXM3INTEGRATION/u_cortexm3ds_logic/Ik2nz6_reg/C
                               u_fp_domain/u_CORTEXM3INTEGRATION/u_cortexm3ds_logic/Tdzg07_reg/CLR
                                                              20.441        
u_fp_domain/u_CORTEXM3INTEGRATION/u_cortexm3ds_logic/Ik2nz6_reg/C
                               u_fp_domain/u_CORTEXM3INTEGRATION/u_cortexm3ds_logic/U5eg07_reg/CLR
                                                              20.441        
u_fp_domain/u_CORTEXM3INTEGRATION/u_cortexm3ds_logic/Ik2nz6_reg/C
                               u_fp_domain/u_CORTEXM3INTEGRATION/u_cortexm3ds_logic/Vs5a17_reg/CLR
                                                              20.441        
u_fp_domain/u_CORTEXM3INTEGRATION/u_cortexm3ds_logic/Ik2nz6_reg/C
                               u_fp_domain/u_CORTEXM3INTEGRATION/u_cortexm3ds_logic/Xkn917_reg/CLR
                                                              20.441        
u_fp_domain/u_CORTEXM3INTEGRATION/u_cortexm3ds_logic/Ik2nz6_reg/C
                               u_fp_domain/u_CORTEXM3INTEGRATION/u_cortexm3ds_logic/Xweg07_reg/CLR
                                                              20.441        
u_fp_domain/u_CORTEXM3INTEGRATION/u_cortexm3ds_logic/Ik2nz6_reg/C
                               u_fp_domain/u_CORTEXM3INTEGRATION/u_cortexm3ds_logic/Enfg07_reg/CLR
                                                              20.441        
u_fp_domain/u_CORTEXM3INTEGRATION/u_cortexm3ds_logic/Ik2nz6_reg/C
                               u_fp_domain/u_CORTEXM3INTEGRATION/u_cortexm3ds_logic/Uvfg07_reg/CLR
                                                              20.441        
u_fp_domain/u_CORTEXM3INTEGRATION/u_cortexm3ds_logic/Ik2nz6_reg/C
                               u_fp_domain/u_CORTEXM3INTEGRATION/u_cortexm3ds_logic/Aacg07_reg/CLR
                                                              20.442        
u_fp_domain/u_CORTEXM3INTEGRATION/u_cortexm3ds_logic/Ik2nz6_reg/C
                               u_fp_domain/u_CORTEXM3INTEGRATION/u_cortexm3ds_logic/Chaoz6_reg/CLR
                                                              20.442        
u_fp_domain/u_CORTEXM3INTEGRATION/u_cortexm3ds_logic/Ik2nz6_reg/C
                               u_fp_domain/u_CORTEXM3INTEGRATION/u_cortexm3ds_logic/Cqug07_reg/CLR
                                                              20.442        
u_fp_domain/u_CORTEXM3INTEGRATION/u_cortexm3ds_logic/Ik2nz6_reg/C
                               u_fp_domain/u_CORTEXM3INTEGRATION/u_cortexm3ds_logic/Dfug07_reg/CLR
                                                              20.442        
u_fp_domain/u_CORTEXM3INTEGRATION/u_cortexm3ds_logic/Ik2nz6_reg/C
                               u_fp_domain/u_CORTEXM3INTEGRATION/u_cortexm3ds_logic/Fuag07_reg/CLR
                                                              20.442        
u_fp_domain/u_CORTEXM3INTEGRATION/u_cortexm3ds_logic/Ik2nz6_reg/C
                               u_fp_domain/u_CORTEXM3INTEGRATION/u_cortexm3ds_logic/Gjag07_reg/CLR
                                                              20.442        
u_fp_domain/u_CORTEXM3INTEGRATION/u_cortexm3ds_logic/Ik2nz6_reg/C
                               u_fp_domain/u_CORTEXM3INTEGRATION/u_cortexm3ds_logic/Grrt07_reg/CLR
                                                              20.442        
u_fp_domain/u_CORTEXM3INTEGRATION/u_cortexm3ds_logic/Ik2nz6_reg/C
                               u_fp_domain/u_CORTEXM3INTEGRATION/u_cortexm3ds_logic/H1cg07_reg/CLR
                                                              20.442        
u_fp_domain/u_CORTEXM3INTEGRATION/u_cortexm3ds_logic/Ik2nz6_reg/C
                               u_fp_domain/u_CORTEXM3INTEGRATION/u_cortexm3ds_logic/Idbg07_reg/CLR
                                                              20.442        
u_fp_domain/u_CORTEXM3INTEGRATION/u_cortexm3ds_logic/Ik2nz6_reg/C
                               u_fp_domain/u_CORTEXM3INTEGRATION/u_cortexm3ds_logic/J3n917_reg/CLR
                                                              20.442        
u_fp_domain/u_CORTEXM3INTEGRATION/u_cortexm3ds_logic/Ik2nz6_reg/C
                               u_fp_domain/u_CORTEXM3INTEGRATION/u_cortexm3ds_logic/J8k917_reg/CLR
                                                              20.442        
u_fp_domain/u_CORTEXM3INTEGRATION/u_cortexm3ds_logic/Ik2nz6_reg/C
                               u_fp_domain/u_CORTEXM3INTEGRATION/u_cortexm3ds_logic/L4et07_reg/CLR
                                                              20.442        
u_fp_domain/u_CORTEXM3INTEGRATION/u_cortexm3ds_logic/Ik2nz6_reg/C
                               u_fp_domain/u_CORTEXM3INTEGRATION/u_cortexm3ds_logic/Lfbg07_reg/CLR
                                                              20.442        
u_fp_domain/u_CORTEXM3INTEGRATION/u_cortexm3ds_logic/Ik2nz6_reg/C
                               u_fp_domain/u_CORTEXM3INTEGRATION/u_cortexm3ds_logic/Mait07_reg/CLR
                                                              20.442        
u_fp_domain/u_CORTEXM3INTEGRATION/u_cortexm3ds_logic/Ik2nz6_reg/C
                               u_fp_domain/u_CORTEXM3INTEGRATION/u_cortexm3ds_logic/Mgcg07_reg/CLR
                                                              20.442        
u_fp_domain/u_CORTEXM3INTEGRATION/u_cortexm3ds_logic/Ik2nz6_reg/C
                               u_fp_domain/u_CORTEXM3INTEGRATION/u_cortexm3ds_logic/N9vg07_reg/CLR
                                                              20.442        
u_fp_domain/u_CORTEXM3INTEGRATION/u_cortexm3ds_logic/Ik2nz6_reg/C
                               u_fp_domain/u_CORTEXM3INTEGRATION/u_cortexm3ds_logic/Ne4a17_reg/CLR
                                                              20.442        
u_fp_domain/u_CORTEXM3INTEGRATION/u_cortexm3ds_logic/Ik2nz6_reg/C
                               u_fp_domain/u_CORTEXM3INTEGRATION/u_cortexm3ds_logic/Nsbg07_reg/CLR
                                                              20.442        
u_fp_domain/u_CORTEXM3INTEGRATION/u_cortexm3ds_logic/Ik2nz6_reg/C
                               u_fp_domain/u_CORTEXM3INTEGRATION/u_cortexm3ds_logic/O5n917_reg/CLR
                                                              20.442        
u_fp_domain/u_CORTEXM3INTEGRATION/u_cortexm3ds_logic/Ik2nz6_reg/C
                               u_fp_domain/u_CORTEXM3INTEGRATION/u_cortexm3ds_logic/O8ug07_reg/CLR
                                                              20.442        
u_fp_domain/u_CORTEXM3INTEGRATION/u_cortexm3ds_logic/Ik2nz6_reg/C
                               u_fp_domain/u_CORTEXM3INTEGRATION/u_cortexm3ds_logic/Pd5t07_reg/CLR
                                                              20.442        
u_fp_domain/u_CORTEXM3INTEGRATION/u_cortexm3ds_logic/Ik2nz6_reg/C
                               u_fp_domain/u_CORTEXM3INTEGRATION/u_cortexm3ds_logic/Phbg07_reg/CLR
                                                              20.442        
u_fp_domain/u_CORTEXM3INTEGRATION/u_cortexm3ds_logic/Ik2nz6_reg/C
                               u_fp_domain/u_CORTEXM3INTEGRATION/u_cortexm3ds_logic/R4lg07_reg/CLR
                                                              20.442        
u_fp_domain/u_CORTEXM3INTEGRATION/u_cortexm3ds_logic/Ik2nz6_reg/C
                               u_fp_domain/u_CORTEXM3INTEGRATION/u_cortexm3ds_logic/Subg07_reg/CLR
                                                              20.442        
u_fp_domain/u_CORTEXM3INTEGRATION/u_cortexm3ds_logic/Ik2nz6_reg/C
                               u_fp_domain/u_CORTEXM3INTEGRATION/u_cortexm3ds_logic/Viqnz6_reg/CLR
                                                              20.442        
u_fp_domain/u_CORTEXM3INTEGRATION/u_cortexm3ds_logic/Ik2nz6_reg/C
                               u_fp_domain/u_CORTEXM3INTEGRATION/u_cortexm3ds_logic/Vqh917_reg/CLR
                                                              20.442        
u_fp_domain/u_CORTEXM3INTEGRATION/u_cortexm3ds_logic/Ik2nz6_reg/C
                               u_fp_domain/u_CORTEXM3INTEGRATION/u_cortexm3ds_logic/Wjrt07_reg/CLR
                                                              20.442        
u_fp_domain/u_CORTEXM3INTEGRATION/u_cortexm3ds_logic/Ik2nz6_reg/C
                               u_fp_domain/u_CORTEXM3INTEGRATION/u_cortexm3ds_logic/Xnug07_reg/CLR
                                                              20.442        
u_fp_domain/u_CORTEXM3INTEGRATION/u_cortexm3ds_logic/Ik2nz6_reg/C
                               u_fp_domain/u_CORTEXM3INTEGRATION/u_cortexm3ds_logic/Xwbg07_reg/CLR
                                                              20.442        
u_fp_domain/u_CORTEXM3INTEGRATION/u_cortexm3ds_logic/Ik2nz6_reg/C
                               u_fp_domain/u_CORTEXM3INTEGRATION/u_cortexm3ds_logic/Ylbg07_reg/CLR
                                                              20.442        
u_fp_domain/u_CORTEXM3INTEGRATION/u_cortexm3ds_logic/Ik2nz6_reg/C
                               u_fp_domain/u_CORTEXM3INTEGRATION/u_cortexm3ds_logic/Ynqnz6_reg/CLR
                                                              20.442        
u_fp_domain/u_CORTEXM3INTEGRATION/u_cortexm3ds_logic/Ik2nz6_reg/C
                               u_fp_domain/u_CORTEXM3INTEGRATION/u_cortexm3ds_logic/Z0l917_reg/CLR
                                                              20.442        
u_fp_domain/u_CORTEXM3INTEGRATION/u_cortexm3ds_logic/Ik2nz6_reg/C
                               u_fp_domain/u_CORTEXM3INTEGRATION/u_cortexm3ds_logic/Hedg07_reg/CLR
                                                              20.443        
u_fp_domain/u_CORTEXM3INTEGRATION/u_cortexm3ds_logic/Ik2nz6_reg/C
                               u_fp_domain/u_CORTEXM3INTEGRATION/u_cortexm3ds_logic/Jl2a17_reg/CLR
                                                              20.443        
u_fp_domain/u_CORTEXM3INTEGRATION/u_cortexm3ds_logic/Ik2nz6_reg/C
                               u_fp_domain/u_CORTEXM3INTEGRATION/u_cortexm3ds_logic/Ki2a17_reg/CLR
                                                              20.443        
u_fp_domain/u_CORTEXM3INTEGRATION/u_cortexm3ds_logic/Ik2nz6_reg/C
                               u_fp_domain/u_CORTEXM3INTEGRATION/u_cortexm3ds_logic/Wodg07_reg/CLR
                                                              20.443        
u_fp_domain/u_CORTEXM3INTEGRATION/u_cortexm3ds_logic/Ik2nz6_reg/C
                               u_fp_domain/u_CORTEXM3INTEGRATION/u_cortexm3ds_logic/Zhzg07_reg/CLR
                                                              20.443        
u_fp_domain/u_CORTEXM3INTEGRATION/u_cortexm3ds_logic/Ik2nz6_reg/C
                               u_fp_domain/u_CORTEXM3INTEGRATION/u_cortexm3ds_logic/B14g07_reg/CLR
                                                              20.443        
u_fp_domain/u_CORTEXM3INTEGRATION/u_cortexm3ds_logic/Ik2nz6_reg/C
                               u_fp_domain/u_CORTEXM3INTEGRATION/u_cortexm3ds_logic/Ctdg07_reg/CLR
                                                              20.443        
u_fp_domain/u_CORTEXM3INTEGRATION/u_cortexm3ds_logic/Ik2nz6_reg/C
                               u_fp_domain/u_CORTEXM3INTEGRATION/u_cortexm3ds_logic/D5sg07_reg/CLR
                                                              20.443        
u_fp_domain/u_CORTEXM3INTEGRATION/u_cortexm3ds_logic/Ik2nz6_reg/C
                               u_fp_domain/u_CORTEXM3INTEGRATION/u_cortexm3ds_logic/Dc3g07_reg/CLR
                                                              20.443        
u_fp_domain/u_CORTEXM3INTEGRATION/u_cortexm3ds_logic/Ik2nz6_reg/C
                               u_fp_domain/u_CORTEXM3INTEGRATION/u_cortexm3ds_logic/Hy3g07_reg/CLR
                                                              20.443        
u_fp_domain/u_CORTEXM3INTEGRATION/u_cortexm3ds_logic/Ik2nz6_reg/C
                               u_fp_domain/u_CORTEXM3INTEGRATION/u_cortexm3ds_logic/I7sg07_reg/CLR
                                                              20.443        
u_fp_domain/u_CORTEXM3INTEGRATION/u_cortexm3ds_logic/Ik2nz6_reg/C
                               u_fp_domain/u_CORTEXM3INTEGRATION/u_cortexm3ds_logic/J4k917_reg/CLR
                                                              20.443        
u_fp_domain/u_CORTEXM3INTEGRATION/u_cortexm3ds_logic/Ik2nz6_reg/C
                               u_fp_domain/u_CORTEXM3INTEGRATION/u_cortexm3ds_logic/L02a17_reg/CLR
                                                              20.443        
u_fp_domain/u_CORTEXM3INTEGRATION/u_cortexm3ds_logic/Ik2nz6_reg/C
                               u_fp_domain/u_CORTEXM3INTEGRATION/u_cortexm3ds_logic/Lk3g07_reg/CLR
                                                              20.443        
u_fp_domain/u_CORTEXM3INTEGRATION/u_cortexm3ds_logic/Ik2nz6_reg/C
                               u_fp_domain/u_CORTEXM3INTEGRATION/u_cortexm3ds_logic/N9sg07_reg/CLR
                                                              20.443        
u_fp_domain/u_CORTEXM3INTEGRATION/u_cortexm3ds_logic/Ik2nz6_reg/C
                               u_fp_domain/u_CORTEXM3INTEGRATION/u_cortexm3ds_logic/Oh9nz6_reg/CLR
                                                              20.443        
u_fp_domain/u_CORTEXM3INTEGRATION/u_cortexm3ds_logic/Ik2nz6_reg/C
                               u_fp_domain/u_CORTEXM3INTEGRATION/u_cortexm3ds_logic/Poht07_reg/CLR
                                                              20.443        
u_fp_domain/u_CORTEXM3INTEGRATION/u_cortexm3ds_logic/Ik2nz6_reg/C
                               u_fp_domain/u_CORTEXM3INTEGRATION/u_cortexm3ds_logic/R5fg07_reg/CLR
                                                              20.443        
u_fp_domain/u_CORTEXM3INTEGRATION/u_cortexm3ds_logic/Ik2nz6_reg/C
                               u_fp_domain/u_CORTEXM3INTEGRATION/u_cortexm3ds_logic/R9yg07_reg/CLR
                                                              20.443        
u_fp_domain/u_CORTEXM3INTEGRATION/u_cortexm3ds_logic/Ik2nz6_reg/C
                               u_fp_domain/u_CORTEXM3INTEGRATION/u_cortexm3ds_logic/Rh3g07_reg/CLR
                                                              20.443        
u_fp_domain/u_CORTEXM3INTEGRATION/u_cortexm3ds_logic/Ik2nz6_reg/C
                               u_fp_domain/u_CORTEXM3INTEGRATION/u_cortexm3ds_logic/Sc4t07_reg/PRE
                                                              20.443        
u_fp_domain/u_CORTEXM3INTEGRATION/u_cortexm3ds_logic/Ik2nz6_reg/C
                               u_fp_domain/u_CORTEXM3INTEGRATION/u_cortexm3ds_logic/T0sg07_reg/CLR
                                                              20.443        
u_fp_domain/u_CORTEXM3INTEGRATION/u_cortexm3ds_logic/Ik2nz6_reg/C
                               u_fp_domain/u_CORTEXM3INTEGRATION/u_cortexm3ds_logic/Xe3g07_reg/CLR
                                                              20.443        
u_fp_domain/u_CORTEXM3INTEGRATION/u_cortexm3ds_logic/Ik2nz6_reg/C
                               u_fp_domain/u_CORTEXM3INTEGRATION/u_cortexm3ds_logic/Yxfg07_reg/CLR
                                                              20.443        
u_fp_domain/u_CORTEXM3INTEGRATION/u_cortexm3ds_logic/Ik2nz6_reg/C
                               u_fp_domain/u_CORTEXM3INTEGRATION/u_cortexm3ds_logic/Zdyg07_reg/CLR
                                                              20.443        
u_fp_domain/u_CORTEXM3INTEGRATION/u_cortexm3ds_logic/Ik2nz6_reg/C
                               u_fp_domain/u_CORTEXM3INTEGRATION/u_cortexm3ds_logic/Zg5a17_reg/CLR
                                                              20.443        
u_fp_domain/u_CORTEXM3INTEGRATION/u_cortexm3ds_logic/Ik2nz6_reg/C
                               u_fp_domain/u_CORTEXM3INTEGRATION/u_cortexm3ds_logic/Qkdg07_reg/CLR
                                                              20.443        
u_fp_domain/u_CORTEXM3INTEGRATION/u_cortexm3ds_logic/Ik2nz6_reg/C
                               u_fp_domain/u_CORTEXM3INTEGRATION/u_cortexm3ds_logic/Cpcg07_reg/CLR
                                                              20.444        
u_fp_domain/u_CORTEXM3INTEGRATION/u_cortexm3ds_logic/Ik2nz6_reg/C
                               u_fp_domain/u_CORTEXM3INTEGRATION/u_cortexm3ds_logic/Grcg07_reg/CLR
                                                              20.444        
u_fp_domain/u_CORTEXM3INTEGRATION/u_cortexm3ds_logic/Ik2nz6_reg/C
                               u_fp_domain/u_CORTEXM3INTEGRATION/u_cortexm3ds_logic/Kkjg07_reg/CLR
                                                              20.444        
u_fp_domain/u_CORTEXM3INTEGRATION/u_cortexm3ds_logic/Ik2nz6_reg/C
                               u_fp_domain/u_CORTEXM3INTEGRATION/u_cortexm3ds_logic/Lflg07_reg/CLR
                                                              20.444        
u_fp_domain/u_CORTEXM3INTEGRATION/u_cortexm3ds_logic/Ik2nz6_reg/C
                               u_fp_domain/u_CORTEXM3INTEGRATION/u_cortexm3ds_logic/P8i917_reg/CLR
                                                              20.444        
u_fp_domain/u_CORTEXM3INTEGRATION/u_cortexm3ds_logic/Ik2nz6_reg/C
                               u_fp_domain/u_CORTEXM3INTEGRATION/u_cortexm3ds_logic/Psm917_reg/CLR
                                                              20.444        
u_fp_domain/u_CORTEXM3INTEGRATION/u_cortexm3ds_logic/Ik2nz6_reg/C
                               u_fp_domain/u_CORTEXM3INTEGRATION/u_cortexm3ds_logic/T7n917_reg/CLR
                                                              20.444        
u_fp_domain/u_CORTEXM3INTEGRATION/u_cortexm3ds_logic/Ik2nz6_reg/C
                               u_fp_domain/u_CORTEXM3INTEGRATION/u_cortexm3ds_logic/Y7dg07_reg/CLR
                                                              20.444        
u_fp_domain/u_CORTEXM3INTEGRATION/u_cortexm3ds_logic/Ik2nz6_reg/C
                               u_fp_domain/u_CORTEXM3INTEGRATION/u_cortexm3ds_logic/Phlg07_reg/CLR
                                                              20.447        
u_fp_domain/u_CORTEXM3INTEGRATION/u_cortexm3ds_logic/Ik2nz6_reg/C
                               u_fp_domain/u_CORTEXM3INTEGRATION/u_cortexm3ds_logic/Qicg07_reg/CLR
                                                              20.447        
u_fp_domain/u_CORTEXM3INTEGRATION/u_cortexm3ds_logic/Ik2nz6_reg/C
                               u_fp_domain/u_CORTEXM3INTEGRATION/u_cortexm3ds_logic/R3eg07_reg/CLR
                                                              20.447        
u_fp_domain/u_CORTEXM3INTEGRATION/u_cortexm3ds_logic/Ik2nz6_reg/C
                               u_fp_domain/u_CORTEXM3INTEGRATION/u_cortexm3ds_logic/Adxg07_reg/CLR
                                                              20.448        
u_fp_domain/u_CORTEXM3INTEGRATION/u_cortexm3ds_logic/Ik2nz6_reg/C
                               u_fp_domain/u_CORTEXM3INTEGRATION/u_cortexm3ds_logic/Ae5a17_reg/CLR
                                                              20.448        
u_fp_domain/u_CORTEXM3INTEGRATION/u_cortexm3ds_logic/Ik2nz6_reg/C
                               u_fp_domain/u_CORTEXM3INTEGRATION/u_cortexm3ds_logic/Badg07_reg/CLR
                                                              20.448        
u_fp_domain/u_CORTEXM3INTEGRATION/u_cortexm3ds_logic/Ik2nz6_reg/C
                               u_fp_domain/u_CORTEXM3INTEGRATION/u_cortexm3ds_logic/E3zg07_reg/CLR
                                                              20.448        
u_fp_domain/u_CORTEXM3INTEGRATION/u_cortexm3ds_logic/Ik2nz6_reg/C
                               u_fp_domain/u_CORTEXM3INTEGRATION/u_cortexm3ds_logic/Fu0h07_reg/CLR
                                                              20.448        
u_fp_domain/u_CORTEXM3INTEGRATION/u_cortexm3ds_logic/Ik2nz6_reg/C
                               u_fp_domain/u_CORTEXM3INTEGRATION/u_cortexm3ds_logic/Ixdg07_reg/CLR
                                                              20.448        
u_fp_domain/u_CORTEXM3INTEGRATION/u_cortexm3ds_logic/Ik2nz6_reg/C
                               u_fp_domain/u_CORTEXM3INTEGRATION/u_cortexm3ds_logic/J5yg07_reg/CLR
                                                              20.448        
u_fp_domain/u_CORTEXM3INTEGRATION/u_cortexm3ds_logic/Ik2nz6_reg/C
                               u_fp_domain/u_CORTEXM3INTEGRATION/u_cortexm3ds_logic/Nmyg07_reg/CLR
                                                              20.448        
u_fp_domain/u_CORTEXM3INTEGRATION/u_cortexm3ds_logic/Ik2nz6_reg/C
                               u_fp_domain/u_CORTEXM3INTEGRATION/u_cortexm3ds_logic/Xyzg07_reg/CLR
                                                              20.448        
u_fp_domain/u_CORTEXM3INTEGRATION/u_cortexm3ds_logic/Ik2nz6_reg/C
                               u_fp_domain/u_CORTEXM3INTEGRATION/u_cortexm3ds_logic/Zqdg07_reg/CLR
                                                              20.448        
u_fp_domain/u_CORTEXM3INTEGRATION/u_cortexm3ds_logic/Ik2nz6_reg/C
                               u_fp_domain/u_CORTEXM3INTEGRATION/u_cortexm3ds_logic/Txf917_reg/CLR
                                                              20.449        
u_fp_domain/u_CORTEXM3INTEGRATION/u_cortexm3ds_logic/Ik2nz6_reg/C
                               u_fp_domain/u_CORTEXM3INTEGRATION/u_cortexm3ds_logic/Cakg07_reg/CLR
                                                              20.449        
u_fp_domain/u_CORTEXM3INTEGRATION/u_cortexm3ds_logic/Ik2nz6_reg/C
                               u_fp_domain/u_CORTEXM3INTEGRATION/u_cortexm3ds_logic/Dceg07_reg/CLR
                                                              20.449        
u_fp_domain/u_CORTEXM3INTEGRATION/u_cortexm3ds_logic/Ik2nz6_reg/C
                               u_fp_domain/u_CORTEXM3INTEGRATION/u_cortexm3ds_logic/F2j917_reg/CLR
                                                              20.449        
u_fp_domain/u_CORTEXM3INTEGRATION/u_cortexm3ds_logic/Ik2nz6_reg/C
                               u_fp_domain/u_CORTEXM3INTEGRATION/u_cortexm3ds_logic/Fvdg07_reg/CLR
                                                              20.449        
u_fp_domain/u_CORTEXM3INTEGRATION/u_cortexm3ds_logic/Ik2nz6_reg/C
                               u_fp_domain/u_CORTEXM3INTEGRATION/u_cortexm3ds_logic/Fykg07_reg/CLR
                                                              20.449        
u_fp_domain/u_CORTEXM3INTEGRATION/u_cortexm3ds_logic/Ik2nz6_reg/C
                               u_fp_domain/u_CORTEXM3INTEGRATION/u_cortexm3ds_logic/Hvsg07_reg/CLR
                                                              20.449        
u_fp_domain/u_CORTEXM3INTEGRATION/u_cortexm3ds_logic/Ik2nz6_reg/C
                               u_fp_domain/u_CORTEXM3INTEGRATION/u_cortexm3ds_logic/Iecg07_reg/CLR
                                                              20.449        
u_fp_domain/u_CORTEXM3INTEGRATION/u_cortexm3ds_logic/Ik2nz6_reg/C
                               u_fp_domain/u_CORTEXM3INTEGRATION/u_cortexm3ds_logic/Ip6a17_reg/CLR
                                                              20.449        
u_fp_domain/u_CORTEXM3INTEGRATION/u_cortexm3ds_logic/Ik2nz6_reg/C
                               u_fp_domain/u_CORTEXM3INTEGRATION/u_cortexm3ds_logic/Jm6a17_reg/CLR
                                                              20.449        
u_fp_domain/u_CORTEXM3INTEGRATION/u_cortexm3ds_logic/Ik2nz6_reg/C
                               u_fp_domain/u_CORTEXM3INTEGRATION/u_cortexm3ds_logic/Ktcg07_reg/CLR
                                                              20.449        
u_fp_domain/u_CORTEXM3INTEGRATION/u_cortexm3ds_logic/Ik2nz6_reg/C
                               u_fp_domain/u_CORTEXM3INTEGRATION/u_cortexm3ds_logic/L8ag07_reg/CLR
                                                              20.449        
u_fp_domain/u_CORTEXM3INTEGRATION/u_cortexm3ds_logic/Ik2nz6_reg/C
                               u_fp_domain/u_CORTEXM3INTEGRATION/u_cortexm3ds_logic/Lpkg07_reg/CLR
                                                              20.449        
u_fp_domain/u_CORTEXM3INTEGRATION/u_cortexm3ds_logic/Ik2nz6_reg/C
                               u_fp_domain/u_CORTEXM3INTEGRATION/u_cortexm3ds_logic/Mekg07_reg/CLR
                                                              20.449        
u_fp_domain/u_CORTEXM3INTEGRATION/u_cortexm3ds_logic/Ik2nz6_reg/C
                               u_fp_domain/u_CORTEXM3INTEGRATION/u_cortexm3ds_logic/N2lg07_reg/CLR
                                                              20.449        
u_fp_domain/u_CORTEXM3INTEGRATION/u_cortexm3ds_logic/Ik2nz6_reg/C
                               u_fp_domain/u_CORTEXM3INTEGRATION/u_cortexm3ds_logic/Nfm917_reg/CLR
                                                              20.449        
u_fp_domain/u_CORTEXM3INTEGRATION/u_cortexm3ds_logic/Ik2nz6_reg/C
                               u_fp_domain/u_CORTEXM3INTEGRATION/u_cortexm3ds_logic/Nu1a17_reg/CLR
                                                              20.449        
u_fp_domain/u_CORTEXM3INTEGRATION/u_cortexm3ds_logic/Ik2nz6_reg/C
                               u_fp_domain/u_CORTEXM3INTEGRATION/u_cortexm3ds_logic/Ruzg07_reg/CLR
                                                              20.449        
u_fp_domain/u_CORTEXM3INTEGRATION/u_cortexm3ds_logic/Ik2nz6_reg/C
                               u_fp_domain/u_CORTEXM3INTEGRATION/u_cortexm3ds_logic/Tjbg07_reg/CLR
                                                              20.449        
u_fp_domain/u_CORTEXM3INTEGRATION/u_cortexm3ds_logic/Ik2nz6_reg/C
                               u_fp_domain/u_CORTEXM3INTEGRATION/u_cortexm3ds_logic/Tjlg07_reg/CLR
                                                              20.449        
u_fp_domain/u_CORTEXM3INTEGRATION/u_cortexm3ds_logic/Ik2nz6_reg/C
                               u_fp_domain/u_CORTEXM3INTEGRATION/u_cortexm3ds_logic/Ukcg07_reg/CLR
                                                              20.449        
u_fp_domain/u_CORTEXM3INTEGRATION/u_cortexm3ds_logic/Ik2nz6_reg/C
                               u_fp_domain/u_CORTEXM3INTEGRATION/u_cortexm3ds_logic/V6lg07_reg/CLR
                                                              20.449        
u_fp_domain/u_CORTEXM3INTEGRATION/u_cortexm3ds_logic/Ik2nz6_reg/C
                               u_fp_domain/u_CORTEXM3INTEGRATION/u_cortexm3ds_logic/Vtkg07_reg/CLR
                                                              20.449        
u_fp_domain/u_CORTEXM3INTEGRATION/u_cortexm3ds_logic/Ik2nz6_reg/C
                               u_fp_domain/u_CORTEXM3INTEGRATION/u_cortexm3ds_logic/Xm5a17_reg/CLR
                                                              20.449        
u_fp_domain/u_CORTEXM3INTEGRATION/u_cortexm3ds_logic/Ik2nz6_reg/C
                               u_fp_domain/u_CORTEXM3INTEGRATION/u_cortexm3ds_logic/Agjg07_reg/CLR
                                                              20.450        
u_fp_domain/u_CORTEXM3INTEGRATION/u_cortexm3ds_logic/Ik2nz6_reg/C
                               u_fp_domain/u_CORTEXM3INTEGRATION/u_cortexm3ds_logic/F3yg07_reg/CLR
                                                              20.450        
u_fp_domain/u_CORTEXM3INTEGRATION/u_cortexm3ds_logic/Ik2nz6_reg/C
                               u_fp_domain/u_CORTEXM3INTEGRATION/u_cortexm3ds_logic/Hisg07_reg/CLR
                                                              20.450        
u_fp_domain/u_CORTEXM3INTEGRATION/u_cortexm3ds_logic/Ik2nz6_reg/C
                               u_fp_domain/u_CORTEXM3INTEGRATION/u_cortexm3ds_logic/K4gg07_reg/CLR
                                                              20.450        
u_fp_domain/u_CORTEXM3INTEGRATION/u_cortexm3ds_logic/Ik2nz6_reg/C
                               u_fp_domain/u_CORTEXM3INTEGRATION/u_cortexm3ds_logic/O6gg07_reg/CLR
                                                              20.450        
u_fp_domain/u_CORTEXM3INTEGRATION/u_cortexm3ds_logic/Ik2nz6_reg/C
                               u_fp_domain/u_CORTEXM3INTEGRATION/u_cortexm3ds_logic/Oyrg07_reg/CLR
                                                              20.450        
u_fp_domain/u_CORTEXM3INTEGRATION/u_cortexm3ds_logic/Ik2nz6_reg/C
                               u_fp_domain/u_CORTEXM3INTEGRATION/u_cortexm3ds_logic/Q8xg07_reg/CLR
                                                              20.450        
u_fp_domain/u_CORTEXM3INTEGRATION/u_cortexm3ds_logic/Ik2nz6_reg/C
                               u_fp_domain/u_CORTEXM3INTEGRATION/u_cortexm3ds_logic/Xdsg07_reg/CLR
                                                              20.450        
u_fp_domain/u_CORTEXM3INTEGRATION/u_cortexm3ds_logic/Ik2nz6_reg/C
                               u_fp_domain/u_CORTEXM3INTEGRATION/u_cortexm3ds_logic/Xwm917_reg/CLR
                                                              20.450        
u_fp_domain/u_CORTEXM3INTEGRATION/u_cortexm3ds_logic/Ik2nz6_reg/C
                               u_fp_domain/u_CORTEXM3INTEGRATION/u_cortexm3ds_logic/Xyxg07_reg/CLR
                                                              20.450        
u_fp_domain/u_CORTEXM3INTEGRATION/u_cortexm3ds_logic/Ik2nz6_reg/C
                               u_fp_domain/u_CORTEXM3INTEGRATION/u_cortexm3ds_logic/Ann917_reg/CLR
                                                              20.450        
u_fp_domain/u_CORTEXM3INTEGRATION/u_cortexm3ds_logic/Ik2nz6_reg/C
                               u_fp_domain/u_CORTEXM3INTEGRATION/u_cortexm3ds_logic/Atjg07_reg/CLR
                                                              20.450        
u_fp_domain/u_CORTEXM3INTEGRATION/u_cortexm3ds_logic/Ik2nz6_reg/C
                               u_fp_domain/u_CORTEXM3INTEGRATION/u_cortexm3ds_logic/B1zg07_reg/CLR
                                                              20.450        
u_fp_domain/u_CORTEXM3INTEGRATION/u_cortexm3ds_logic/Ik2nz6_reg/C
                               u_fp_domain/u_CORTEXM3INTEGRATION/u_cortexm3ds_logic/Bhag07_reg/CLR
                                                              20.450        
u_fp_domain/u_CORTEXM3INTEGRATION/u_cortexm3ds_logic/Ik2nz6_reg/C
                               u_fp_domain/u_CORTEXM3INTEGRATION/u_cortexm3ds_logic/Bsaoz6_reg/CLR
                                                              20.450        
u_fp_domain/u_CORTEXM3INTEGRATION/u_cortexm3ds_logic/Ik2nz6_reg/C
                               u_fp_domain/u_CORTEXM3INTEGRATION/u_cortexm3ds_logic/Bzm917_reg/CLR
                                                              20.450        
u_fp_domain/u_CORTEXM3INTEGRATION/u_cortexm3ds_logic/Ik2nz6_reg/C
                               u_fp_domain/u_CORTEXM3INTEGRATION/u_cortexm3ds_logic/C63a17_reg/CLR
                                                              20.450        
u_fp_domain/u_CORTEXM3INTEGRATION/u_cortexm3ds_logic/Ik2nz6_reg/C
                               u_fp_domain/u_CORTEXM3INTEGRATION/u_cortexm3ds_logic/Ckzg07_reg/CLR
                                                              20.450        
u_fp_domain/u_CORTEXM3INTEGRATION/u_cortexm3ds_logic/Ik2nz6_reg/C
                               u_fp_domain/u_CORTEXM3INTEGRATION/u_cortexm3ds_logic/Cvqt07_reg/CLR
                                                              20.450        
u_fp_domain/u_CORTEXM3INTEGRATION/u_cortexm3ds_logic/Ik2nz6_reg/C
                               u_fp_domain/u_CORTEXM3INTEGRATION/u_cortexm3ds_logic/Czbg07_reg/CLR
                                                              20.450        
u_fp_domain/u_CORTEXM3INTEGRATION/u_cortexm3ds_logic/Ik2nz6_reg/C
                               u_fp_domain/u_CORTEXM3INTEGRATION/u_cortexm3ds_logic/D3h917_reg/CLR
                                                              20.450        
u_fp_domain/u_CORTEXM3INTEGRATION/u_cortexm3ds_logic/Ik2nz6_reg/C
                               u_fp_domain/u_CORTEXM3INTEGRATION/u_cortexm3ds_logic/Dtsg07_reg/CLR
                                                              20.450        
u_fp_domain/u_CORTEXM3INTEGRATION/u_cortexm3ds_logic/Ik2nz6_reg/C
                               u_fp_domain/u_CORTEXM3INTEGRATION/u_cortexm3ds_logic/E03a17_reg/CLR
                                                              20.450        
u_fp_domain/u_CORTEXM3INTEGRATION/u_cortexm3ds_logic/Ik2nz6_reg/C
                               u_fp_domain/u_CORTEXM3INTEGRATION/u_cortexm3ds_logic/E4ug07_reg/CLR
                                                              20.450        
u_fp_domain/u_CORTEXM3INTEGRATION/u_cortexm3ds_logic/Ik2nz6_reg/C
                               u_fp_domain/u_CORTEXM3INTEGRATION/u_cortexm3ds_logic/Ebf917_reg/CLR
                                                              20.450        
u_fp_domain/u_CORTEXM3INTEGRATION/u_cortexm3ds_logic/Ik2nz6_reg/C
                               u_fp_domain/u_CORTEXM3INTEGRATION/u_cortexm3ds_logic/Ecdg07_reg/CLR
                                                              20.450        
u_fp_domain/u_CORTEXM3INTEGRATION/u_cortexm3ds_logic/Ik2nz6_reg/C
                               u_fp_domain/u_CORTEXM3INTEGRATION/u_cortexm3ds_logic/Emm917_reg/CLR
                                                              20.450        
u_fp_domain/u_CORTEXM3INTEGRATION/u_cortexm3ds_logic/Ik2nz6_reg/C
                               u_fp_domain/u_CORTEXM3INTEGRATION/u_cortexm3ds_logic/Evjg07_reg/CLR
                                                              20.450        
u_fp_domain/u_CORTEXM3INTEGRATION/u_cortexm3ds_logic/Ik2nz6_reg/C
                               u_fp_domain/u_CORTEXM3INTEGRATION/u_cortexm3ds_logic/F1n917_reg/CLR
                                                              20.450        
u_fp_domain/u_CORTEXM3INTEGRATION/u_cortexm3ds_logic/Ik2nz6_reg/C
                               u_fp_domain/u_CORTEXM3INTEGRATION/u_cortexm3ds_logic/F8tg07_reg/CLR
                                                              20.450        
u_fp_domain/u_CORTEXM3INTEGRATION/u_cortexm3ds_logic/Ik2nz6_reg/C
                               u_fp_domain/u_CORTEXM3INTEGRATION/u_cortexm3ds_logic/Fbbg07_reg/CLR
                                                              20.450        
u_fp_domain/u_CORTEXM3INTEGRATION/u_cortexm3ds_logic/Ik2nz6_reg/C
                               u_fp_domain/u_CORTEXM3INTEGRATION/u_cortexm3ds_logic/Gnkg07_reg/CLR
                                                              20.450        
u_fp_domain/u_CORTEXM3INTEGRATION/u_cortexm3ds_logic/Ik2nz6_reg/C
                               u_fp_domain/u_CORTEXM3INTEGRATION/u_cortexm3ds_logic/H0rnz6_reg/CLR
                                                              20.450        
u_fp_domain/u_CORTEXM3INTEGRATION/u_cortexm3ds_logic/Ik2nz6_reg/C
                               u_fp_domain/u_CORTEXM3INTEGRATION/u_cortexm3ds_logic/H1fg07_reg/CLR
                                                              20.450        
u_fp_domain/u_CORTEXM3INTEGRATION/u_cortexm3ds_logic/Ik2nz6_reg/C
                               u_fp_domain/u_CORTEXM3INTEGRATION/u_cortexm3ds_logic/H5rt07_reg/CLR
                                                              20.450        
u_fp_domain/u_CORTEXM3INTEGRATION/u_cortexm3ds_logic/Ik2nz6_reg/C
                               u_fp_domain/u_CORTEXM3INTEGRATION/u_cortexm3ds_logic/Hckg07_reg/CLR
                                                              20.450        
u_fp_domain/u_CORTEXM3INTEGRATION/u_cortexm3ds_logic/Ik2nz6_reg/C
                               u_fp_domain/u_CORTEXM3INTEGRATION/u_cortexm3ds_logic/Hom917_reg/CLR
                                                              20.450        
u_fp_domain/u_CORTEXM3INTEGRATION/u_cortexm3ds_logic/Ik2nz6_reg/C
                               u_fp_domain/u_CORTEXM3INTEGRATION/u_cortexm3ds_logic/Hsug07_reg/CLR
                                                              20.450        
u_fp_domain/u_CORTEXM3INTEGRATION/u_cortexm3ds_logic/Ik2nz6_reg/C
                               u_fp_domain/u_CORTEXM3INTEGRATION/u_cortexm3ds_logic/Hw4a17_reg/CLR
                                                              20.450        
u_fp_domain/u_CORTEXM3INTEGRATION/u_cortexm3ds_logic/Ik2nz6_reg/C
                               u_fp_domain/u_CORTEXM3INTEGRATION/u_cortexm3ds_logic/Ien917_reg/CLR
                                                              20.450        
u_fp_domain/u_CORTEXM3INTEGRATION/u_cortexm3ds_logic/Ik2nz6_reg/C
                               u_fp_domain/u_CORTEXM3INTEGRATION/u_cortexm3ds_logic/It4a17_reg/CLR
                                                              20.450        
u_fp_domain/u_CORTEXM3INTEGRATION/u_cortexm3ds_logic/Ik2nz6_reg/C
                               u_fp_domain/u_CORTEXM3INTEGRATION/u_cortexm3ds_logic/Iti917_reg/CLR
                                                              20.450        
u_fp_domain/u_CORTEXM3INTEGRATION/u_cortexm3ds_logic/Ik2nz6_reg/C
                               u_fp_domain/u_CORTEXM3INTEGRATION/u_cortexm3ds_logic/Ixjg07_reg/CLR
                                                              20.450        
u_fp_domain/u_CORTEXM3INTEGRATION/u_cortexm3ds_logic/Ik2nz6_reg/C
                               u_fp_domain/u_CORTEXM3INTEGRATION/u_cortexm3ds_logic/Jgeg07_reg/CLR
                                                              20.450        
u_fp_domain/u_CORTEXM3INTEGRATION/u_cortexm3ds_logic/Ik2nz6_reg/C
                               u_fp_domain/u_CORTEXM3INTEGRATION/u_cortexm3ds_logic/Khxg07_reg/CLR
                                                              20.450        
u_fp_domain/u_CORTEXM3INTEGRATION/u_cortexm3ds_logic/Ik2nz6_reg/C
                               u_fp_domain/u_CORTEXM3INTEGRATION/u_cortexm3ds_logic/Llag07_reg/CLR
                                                              20.450        
u_fp_domain/u_CORTEXM3INTEGRATION/u_cortexm3ds_logic/Ik2nz6_reg/C
                               u_fp_domain/u_CORTEXM3INTEGRATION/u_cortexm3ds_logic/Lxsg07_reg/CLR
                                                              20.450        
u_fp_domain/u_CORTEXM3INTEGRATION/u_cortexm3ds_logic/Ik2nz6_reg/C
                               u_fp_domain/u_CORTEXM3INTEGRATION/u_cortexm3ds_logic/Mcrt07_reg/CLR
                                                              20.450        
u_fp_domain/u_CORTEXM3INTEGRATION/u_cortexm3ds_logic/Ik2nz6_reg/C
                               u_fp_domain/u_CORTEXM3INTEGRATION/u_cortexm3ds_logic/Mh4a17_reg/CLR
                                                              20.450        
u_fp_domain/u_CORTEXM3INTEGRATION/u_cortexm3ds_logic/Ik2nz6_reg/C
                               u_fp_domain/u_CORTEXM3INTEGRATION/u_cortexm3ds_logic/Mieg07_reg/CLR
                                                              20.450        
u_fp_domain/u_CORTEXM3INTEGRATION/u_cortexm3ds_logic/Ik2nz6_reg/C
                               u_fp_domain/u_CORTEXM3INTEGRATION/u_cortexm3ds_logic/Myig07_reg/CLR
                                                              20.450        
u_fp_domain/u_CORTEXM3INTEGRATION/u_cortexm3ds_logic/Ik2nz6_reg/C
                               u_fp_domain/u_CORTEXM3INTEGRATION/u_cortexm3ds_logic/Mzcg07_reg/CLR
                                                              20.450        
u_fp_domain/u_CORTEXM3INTEGRATION/u_cortexm3ds_logic/Ik2nz6_reg/C
                               u_fp_domain/u_CORTEXM3INTEGRATION/u_cortexm3ds_logic/N9zg07_reg/CLR
                                                              20.450        
u_fp_domain/u_CORTEXM3INTEGRATION/u_cortexm3ds_logic/Ik2nz6_reg/C
                               u_fp_domain/u_CORTEXM3INTEGRATION/u_cortexm3ds_logic/Nei917_reg/CLR
                                                              20.450        
u_fp_domain/u_CORTEXM3INTEGRATION/u_cortexm3ds_logic/Ik2nz6_reg/C
                               u_fp_domain/u_CORTEXM3INTEGRATION/u_cortexm3ds_logic/Nidg07_reg/CLR
                                                              20.450        
u_fp_domain/u_CORTEXM3INTEGRATION/u_cortexm3ds_logic/Ik2nz6_reg/C
                               u_fp_domain/u_CORTEXM3INTEGRATION/u_cortexm3ds_logic/Od6a17_reg/CLR
                                                              20.450        
u_fp_domain/u_CORTEXM3INTEGRATION/u_cortexm3ds_logic/Ik2nz6_reg/C
                               u_fp_domain/u_CORTEXM3INTEGRATION/u_cortexm3ds_logic/Omjg07_reg/CLR
                                                              20.450        
u_fp_domain/u_CORTEXM3INTEGRATION/u_cortexm3ds_logic/Ik2nz6_reg/C
                               u_fp_domain/u_CORTEXM3INTEGRATION/u_cortexm3ds_logic/Oszg07_reg/CLR
                                                              20.450        
u_fp_domain/u_CORTEXM3INTEGRATION/u_cortexm3ds_logic/Ik2nz6_reg/C
                               u_fp_domain/u_CORTEXM3INTEGRATION/u_cortexm3ds_logic/P1dg07_reg/CLR
                                                              20.450        
u_fp_domain/u_CORTEXM3INTEGRATION/u_cortexm3ds_logic/Ik2nz6_reg/C
                               u_fp_domain/u_CORTEXM3INTEGRATION/u_cortexm3ds_logic/Pjxg07_reg/CLR
                                                              20.450        
u_fp_domain/u_CORTEXM3INTEGRATION/u_cortexm3ds_logic/Ik2nz6_reg/C
                               u_fp_domain/u_CORTEXM3INTEGRATION/u_cortexm3ds_logic/Pzsg07_reg/CLR
                                                              20.450        
u_fp_domain/u_CORTEXM3INTEGRATION/u_cortexm3ds_logic/Ik2nz6_reg/C
                               u_fp_domain/u_CORTEXM3INTEGRATION/u_cortexm3ds_logic/Q1rt07_reg/CLR
                                                              20.450        
u_fp_domain/u_CORTEXM3INTEGRATION/u_cortexm3ds_logic/Ik2nz6_reg/C
                               u_fp_domain/u_CORTEXM3INTEGRATION/u_cortexm3ds_logic/Q76a17_reg/CLR
                                                              20.450        
u_fp_domain/u_CORTEXM3INTEGRATION/u_cortexm3ds_logic/Ik2nz6_reg/C
                               u_fp_domain/u_CORTEXM3INTEGRATION/u_cortexm3ds_logic/R2i917_reg/CLR
                                                              20.450        
u_fp_domain/u_CORTEXM3INTEGRATION/u_cortexm3ds_logic/Ik2nz6_reg/C
                               u_fp_domain/u_CORTEXM3INTEGRATION/u_cortexm3ds_logic/R3g917_reg/CLR
                                                              20.450        
u_fp_domain/u_CORTEXM3INTEGRATION/u_cortexm3ds_logic/Ik2nz6_reg/C
                               u_fp_domain/u_CORTEXM3INTEGRATION/u_cortexm3ds_logic/Rf0h07_reg/CLR
                                                              20.450        
u_fp_domain/u_CORTEXM3INTEGRATION/u_cortexm3ds_logic/Ik2nz6_reg/C
                               u_fp_domain/u_CORTEXM3INTEGRATION/u_cortexm3ds_logic/Rmsg07_reg/CLR
                                                              20.450        
u_fp_domain/u_CORTEXM3INTEGRATION/u_cortexm3ds_logic/Ik2nz6_reg/C
                               u_fp_domain/u_CORTEXM3INTEGRATION/u_cortexm3ds_logic/Rqyg07_reg/CLR
                                                              20.450        
u_fp_domain/u_CORTEXM3INTEGRATION/u_cortexm3ds_logic/Ik2nz6_reg/C
                               u_fp_domain/u_CORTEXM3INTEGRATION/u_cortexm3ds_logic/Sin917_reg/CLR
                                                              20.450        
u_fp_domain/u_CORTEXM3INTEGRATION/u_cortexm3ds_logic/Ik2nz6_reg/C
                               u_fp_domain/u_CORTEXM3INTEGRATION/u_cortexm3ds_logic/Szh917_reg/CLR
                                                              20.450        
u_fp_domain/u_CORTEXM3INTEGRATION/u_cortexm3ds_logic/Ik2nz6_reg/C
                               u_fp_domain/u_CORTEXM3INTEGRATION/u_cortexm3ds_logic/T1tg07_reg/CLR
                                                              20.450        
u_fp_domain/u_CORTEXM3INTEGRATION/u_cortexm3ds_logic/Ik2nz6_reg/C
                               u_fp_domain/u_CORTEXM3INTEGRATION/u_cortexm3ds_logic/Tklu07_reg/CLR
                                                              20.450        
u_fp_domain/u_CORTEXM3INTEGRATION/u_cortexm3ds_logic/Ik2nz6_reg/C
                               u_fp_domain/u_CORTEXM3INTEGRATION/u_cortexm3ds_logic/Tmdg07_reg/CLR
                                                              20.450        
u_fp_domain/u_CORTEXM3INTEGRATION/u_cortexm3ds_logic/Ik2nz6_reg/C
                               u_fp_domain/u_CORTEXM3INTEGRATION/u_cortexm3ds_logic/Twh917_reg/CLR
                                                              20.450        
u_fp_domain/u_CORTEXM3INTEGRATION/u_cortexm3ds_logic/Ik2nz6_reg/C
                               u_fp_domain/u_CORTEXM3INTEGRATION/u_cortexm3ds_logic/Uemt07_reg/CLR
                                                              20.450        
u_fp_domain/u_CORTEXM3INTEGRATION/u_cortexm3ds_logic/Ik2nz6_reg/C
                               u_fp_domain/u_CORTEXM3INTEGRATION/u_cortexm3ds_logic/Ulxg07_reg/CLR
                                                              20.450        
u_fp_domain/u_CORTEXM3INTEGRATION/u_cortexm3ds_logic/Ik2nz6_reg/C
                               u_fp_domain/u_CORTEXM3INTEGRATION/u_cortexm3ds_logic/V5dg07_reg/CLR
                                                              20.450        
u_fp_domain/u_CORTEXM3INTEGRATION/u_cortexm3ds_logic/Ik2nz6_reg/C
                               u_fp_domain/u_CORTEXM3INTEGRATION/u_cortexm3ds_logic/Vaxg07_reg/CLR
                                                              20.450        
u_fp_domain/u_CORTEXM3INTEGRATION/u_cortexm3ds_logic/Ik2nz6_reg/C
                               u_fp_domain/u_CORTEXM3INTEGRATION/u_cortexm3ds_logic/Vdjg07_reg/CLR
                                                              20.450        
u_fp_domain/u_CORTEXM3INTEGRATION/u_cortexm3ds_logic/Ik2nz6_reg/C
                               u_fp_domain/u_CORTEXM3INTEGRATION/u_cortexm3ds_logic/Vrf917_reg/CLR
                                                              20.450        
u_fp_domain/u_CORTEXM3INTEGRATION/u_cortexm3ds_logic/Ik2nz6_reg/C
                               u_fp_domain/u_CORTEXM3INTEGRATION/u_cortexm3ds_logic/Wnh917_reg/CLR
                                                              20.450        
u_fp_domain/u_CORTEXM3INTEGRATION/u_cortexm3ds_logic/Ik2nz6_reg/C
                               u_fp_domain/u_CORTEXM3INTEGRATION/u_cortexm3ds_logic/X7eg07_reg/CLR
                                                              20.450        
u_fp_domain/u_CORTEXM3INTEGRATION/u_cortexm3ds_logic/Ik2nz6_reg/C
                               u_fp_domain/u_CORTEXM3INTEGRATION/u_cortexm3ds_logic/Xkh917_reg/CLR
                                                              20.450        
u_fp_domain/u_CORTEXM3INTEGRATION/u_cortexm3ds_logic/Ik2nz6_reg/C
                               u_fp_domain/u_CORTEXM3INTEGRATION/u_cortexm3ds_logic/Y2sg07_reg/CLR
                                                              20.450        
u_fp_domain/u_CORTEXM3INTEGRATION/u_cortexm3ds_logic/Ik2nz6_reg/C
                               u_fp_domain/u_CORTEXM3INTEGRATION/u_cortexm3ds_logic/Y64t07_reg/CLR
                                                              20.450        
u_fp_domain/u_CORTEXM3INTEGRATION/u_cortexm3ds_logic/Ik2nz6_reg/C
                               u_fp_domain/u_CORTEXM3INTEGRATION/u_cortexm3ds_logic/Ze3a17_reg/CLR
                                                              20.450        
u_fp_domain/u_CORTEXM3INTEGRATION/u_cortexm3ds_logic/Ik2nz6_reg/C
                               u_fp_domain/u_CORTEXM3INTEGRATION/u_cortexm3ds_logic/Zqsg07_reg/CLR
                                                              20.450        
u_fp_domain/u_CORTEXM3INTEGRATION/u_cortexm3ds_logic/Ik2nz6_reg/C
                               u_fp_domain/u_CORTEXM3INTEGRATION/u_cortexm3ds_logic/Avaoz6_reg/CLR
                                                              20.451        
u_fp_domain/u_CORTEXM3INTEGRATION/u_cortexm3ds_logic/Ik2nz6_reg/C
                               u_fp_domain/u_CORTEXM3INTEGRATION/u_cortexm3ds_logic/E5j917_reg/CLR
                                                              20.451        
u_fp_domain/u_CORTEXM3INTEGRATION/u_cortexm3ds_logic/Ik2nz6_reg/C
                               u_fp_domain/u_CORTEXM3INTEGRATION/u_cortexm3ds_logic/Gn9nz6_reg/CLR
                                                              20.451        
u_fp_domain/u_CORTEXM3INTEGRATION/u_cortexm3ds_logic/Ik2nz6_reg/C
                               u_fp_domain/u_CORTEXM3INTEGRATION/u_cortexm3ds_logic/Hevt07_reg/CLR
                                                              20.451        
u_fp_domain/u_CORTEXM3INTEGRATION/u_cortexm3ds_logic/Ik2nz6_reg/C
                               u_fp_domain/u_CORTEXM3INTEGRATION/u_cortexm3ds_logic/Hy2g07_reg/CLR
                                                              20.451        
u_fp_domain/u_CORTEXM3INTEGRATION/u_cortexm3ds_logic/Ik2nz6_reg/C
                               u_fp_domain/u_CORTEXM3INTEGRATION/u_cortexm3ds_logic/I92a17_reg/CLR
                                                              20.451        
u_fp_domain/u_CORTEXM3INTEGRATION/u_cortexm3ds_logic/Ik2nz6_reg/C
                               u_fp_domain/u_CORTEXM3INTEGRATION/u_cortexm3ds_logic/Jrg917_reg/CLR
                                                              20.451        
u_fp_domain/u_CORTEXM3INTEGRATION/u_cortexm3ds_logic/Ik2nz6_reg/C
                               u_fp_domain/u_CORTEXM3INTEGRATION/u_cortexm3ds_logic/Plvt07_reg/CLR
                                                              20.451        
u_fp_domain/u_CORTEXM3INTEGRATION/u_cortexm3ds_logic/Ik2nz6_reg/C
                               u_fp_domain/u_CORTEXM3INTEGRATION/u_cortexm3ds_logic/S16a17_reg/CLR
                                                              20.451        
u_fp_domain/u_CORTEXM3INTEGRATION/u_cortexm3ds_logic/Ik2nz6_reg/C
                               u_fp_domain/u_CORTEXM3INTEGRATION/u_cortexm3ds_logic/Xk3a17_reg/CLR
                                                              20.451        
u_fp_domain/u_CORTEXM3INTEGRATION/u_cortexm3ds_logic/Ik2nz6_reg/C
                               u_fp_domain/u_CORTEXM3INTEGRATION/u_cortexm3ds_logic/Aaeg07_reg/CLR
                                                              20.451        
u_fp_domain/u_CORTEXM3INTEGRATION/u_cortexm3ds_logic/Ik2nz6_reg/C
                               u_fp_domain/u_CORTEXM3INTEGRATION/u_cortexm3ds_logic/G50h07_reg/CLR
                                                              20.451        
u_fp_domain/u_CORTEXM3INTEGRATION/u_cortexm3ds_logic/Ik2nz6_reg/C
                               u_fp_domain/u_CORTEXM3INTEGRATION/u_cortexm3ds_logic/Gcfg07_reg/CLR
                                                              20.451        
u_fp_domain/u_CORTEXM3INTEGRATION/u_cortexm3ds_logic/Ik2nz6_reg/C
                               u_fp_domain/u_CORTEXM3INTEGRATION/u_cortexm3ds_logic/Hwig07_reg/CLR
                                                              20.451        
u_fp_domain/u_CORTEXM3INTEGRATION/u_cortexm3ds_logic/Ik2nz6_reg/C
                               u_fp_domain/u_CORTEXM3INTEGRATION/u_cortexm3ds_logic/Ngn917_reg/CLR
                                                              20.451        
u_fp_domain/u_CORTEXM3INTEGRATION/u_cortexm3ds_logic/Ik2nz6_reg/C
                               u_fp_domain/u_CORTEXM3INTEGRATION/u_cortexm3ds_logic/Pamt07_reg/CLR
                                                              20.451        
u_fp_domain/u_CORTEXM3INTEGRATION/u_cortexm3ds_logic/Ik2nz6_reg/C
                               u_fp_domain/u_CORTEXM3INTEGRATION/u_cortexm3ds_logic/S3dg07_reg/CLR
                                                              20.451        
u_fp_domain/u_CORTEXM3INTEGRATION/u_cortexm3ds_logic/Ik2nz6_reg/C
                               u_fp_domain/u_CORTEXM3INTEGRATION/u_cortexm3ds_logic/Qbzg07_reg/CLR
                                                              20.453        
u_fp_domain/u_CORTEXM3INTEGRATION/u_cortexm3ds_logic/Ik2nz6_reg/C
                               u_fp_domain/u_CORTEXM3INTEGRATION/u_cortexm3ds_logic/Xwyg07_reg/CLR
                                                              20.453        
u_fp_domain/u_CORTEXM3INTEGRATION/u_cortexm3ds_logic/Ik2nz6_reg/C
                               u_fp_domain/u_CORTEXM3INTEGRATION/u_cortexm3ds_logic/Blkg07_reg/CLR
                                                              20.454        
u_fp_domain/u_CORTEXM3INTEGRATION/u_cortexm3ds_logic/Ik2nz6_reg/C
                               u_fp_domain/u_CORTEXM3INTEGRATION/u_cortexm3ds_logic/Ihug07_reg/CLR
                                                              20.454        
u_fp_domain/u_CORTEXM3INTEGRATION/u_cortexm3ds_logic/Ik2nz6_reg/C
                               u_fp_domain/u_CORTEXM3INTEGRATION/u_cortexm3ds_logic/Iy0h07_reg/CLR
                                                              20.454        
u_fp_domain/u_CORTEXM3INTEGRATION/u_cortexm3ds_logic/Ik2nz6_reg/C
                               u_fp_domain/u_CORTEXM3INTEGRATION/u_cortexm3ds_logic/J7vg07_reg/CLR
                                                              20.454        
u_fp_domain/u_CORTEXM3INTEGRATION/u_cortexm3ds_logic/Ik2nz6_reg/C
                               u_fp_domain/u_CORTEXM3INTEGRATION/u_cortexm3ds_logic/Vdvg07_reg/CLR
                                                              20.454        
u_fp_domain/u_CORTEXM3INTEGRATION/u_cortexm3ds_logic/Ik2nz6_reg/C
                               u_fp_domain/u_CORTEXM3INTEGRATION/u_cortexm3ds_logic/Y9n917_reg/CLR
                                                              20.454        
u_fp_domain/u_CORTEXM3INTEGRATION/u_cortexm3ds_logic/Ik2nz6_reg/C
                               u_fp_domain/u_CORTEXM3INTEGRATION/u_cortexm3ds_logic/Chf917_reg/CLR
                                                              20.455        
u_fp_domain/u_CORTEXM3INTEGRATION/u_cortexm3ds_logic/Ik2nz6_reg/C
                               u_fp_domain/u_CORTEXM3INTEGRATION/u_cortexm3ds_logic/G2gg07_reg/CLR
                                                              20.455        
u_fp_domain/u_CORTEXM3INTEGRATION/u_cortexm3ds_logic/Ik2nz6_reg/C
                               u_fp_domain/u_CORTEXM3INTEGRATION/u_cortexm3ds_logic/Geeg07_reg/CLR
                                                              20.455        
u_fp_domain/u_CORTEXM3INTEGRATION/u_cortexm3ds_logic/Ik2nz6_reg/C
                               u_fp_domain/u_CORTEXM3INTEGRATION/u_cortexm3ds_logic/Hc2a17_reg/CLR
                                                              20.455        
u_fp_domain/u_CORTEXM3INTEGRATION/u_cortexm3ds_logic/Ik2nz6_reg/C
                               u_fp_domain/u_CORTEXM3INTEGRATION/u_cortexm3ds_logic/I37a17_reg/CLR
                                                              20.455        
u_fp_domain/u_CORTEXM3INTEGRATION/u_cortexm3ds_logic/Ik2nz6_reg/C
                               u_fp_domain/u_CORTEXM3INTEGRATION/u_cortexm3ds_logic/Jsxg07_reg/CLR
                                                              20.455        
u_fp_domain/u_CORTEXM3INTEGRATION/u_cortexm3ds_logic/Ik2nz6_reg/C
                               u_fp_domain/u_CORTEXM3INTEGRATION/u_cortexm3ds_logic/Kog917_reg/CLR
                                                              20.455        
u_fp_domain/u_CORTEXM3INTEGRATION/u_cortexm3ds_logic/Ik2nz6_reg/C
                               u_fp_domain/u_CORTEXM3INTEGRATION/u_cortexm3ds_logic/Mig917_reg/CLR
                                                              20.455        
u_fp_domain/u_CORTEXM3INTEGRATION/u_cortexm3ds_logic/Ik2nz6_reg/C
                               u_fp_domain/u_CORTEXM3INTEGRATION/u_cortexm3ds_logic/O1eg07_reg/CLR
                                                              20.455        
u_fp_domain/u_CORTEXM3INTEGRATION/u_cortexm3ds_logic/Ik2nz6_reg/C
                               u_fp_domain/u_CORTEXM3INTEGRATION/u_cortexm3ds_logic/Ob4a17_reg/CLR
                                                              20.455        
u_fp_domain/u_CORTEXM3INTEGRATION/u_cortexm3ds_logic/Ik2nz6_reg/C
                               u_fp_domain/u_CORTEXM3INTEGRATION/u_cortexm3ds_logic/Pd0h07_reg/CLR
                                                              20.455        
u_fp_domain/u_CORTEXM3INTEGRATION/u_cortexm3ds_logic/Ik2nz6_reg/C
                               u_fp_domain/u_CORTEXM3INTEGRATION/u_cortexm3ds_logic/Pkeg07_reg/CLR
                                                              20.455        
u_fp_domain/u_CORTEXM3INTEGRATION/u_cortexm3ds_logic/Ik2nz6_reg/C
                               u_fp_domain/u_CORTEXM3INTEGRATION/u_cortexm3ds_logic/Ty5a17_reg/CLR
                                                              20.455        
u_fp_domain/u_CORTEXM3INTEGRATION/u_cortexm3ds_logic/Ik2nz6_reg/C
                               u_fp_domain/u_CORTEXM3INTEGRATION/u_cortexm3ds_logic/C85a17_reg/CLR
                                                              20.455        
u_fp_domain/u_CORTEXM3INTEGRATION/u_cortexm3ds_logic/Ik2nz6_reg/C
                               u_fp_domain/u_CORTEXM3INTEGRATION/u_cortexm3ds_logic/Hwi917_reg/CLR
                                                              20.455        
u_fp_domain/u_CORTEXM3INTEGRATION/u_cortexm3ds_logic/Ik2nz6_reg/C
                               u_fp_domain/u_CORTEXM3INTEGRATION/u_cortexm3ds_logic/J62a17_reg/CLR
                                                              20.455        
u_fp_domain/u_CORTEXM3INTEGRATION/u_cortexm3ds_logic/Ik2nz6_reg/C
                               u_fp_domain/u_CORTEXM3INTEGRATION/u_cortexm3ds_logic/Jqi917_reg/CLR
                                                              20.455        
u_fp_domain/u_CORTEXM3INTEGRATION/u_cortexm3ds_logic/Ik2nz6_reg/C
                               u_fp_domain/u_CORTEXM3INTEGRATION/u_cortexm3ds_logic/Lki917_reg/CLR
                                                              20.455        
u_fp_domain/u_CORTEXM3INTEGRATION/u_cortexm3ds_logic/Ik2nz6_reg/C
                               u_fp_domain/u_CORTEXM3INTEGRATION/u_cortexm3ds_logic/O5wnz6_reg/CLR
                                                              20.455        
u_fp_domain/u_CORTEXM3INTEGRATION/u_cortexm3ds_logic/Ik2nz6_reg/C
                               u_fp_domain/u_CORTEXM3INTEGRATION/u_cortexm3ds_logic/Awkg07_reg/CLR
                                                              20.456        
u_fp_domain/u_CORTEXM3INTEGRATION/u_cortexm3ds_logic/Ik2nz6_reg/C
                               u_fp_domain/u_CORTEXM3INTEGRATION/u_cortexm3ds_logic/B6tg07_reg/CLR
                                                              20.456        
u_fp_domain/u_CORTEXM3INTEGRATION/u_cortexm3ds_logic/Ik2nz6_reg/C
                               u_fp_domain/u_CORTEXM3INTEGRATION/u_cortexm3ds_logic/Bkaoz6_reg/CLR
                                                              20.456        
u_fp_domain/u_CORTEXM3INTEGRATION/u_cortexm3ds_logic/Ik2nz6_reg/C
                               u_fp_domain/u_CORTEXM3INTEGRATION/u_cortexm3ds_logic/Drxnz6_reg/CLR
                                                              20.456        
u_fp_domain/u_CORTEXM3INTEGRATION/u_cortexm3ds_logic/Ik2nz6_reg/C
                               u_fp_domain/u_CORTEXM3INTEGRATION/u_cortexm3ds_logic/F8f917_reg/CLR
                                                              20.456        
u_fp_domain/u_CORTEXM3INTEGRATION/u_cortexm3ds_logic/Ik2nz6_reg/C
                               u_fp_domain/u_CORTEXM3INTEGRATION/u_cortexm3ds_logic/Fx2a17_reg/CLR
                                                              20.456        
u_fp_domain/u_CORTEXM3INTEGRATION/u_cortexm3ds_logic/Ik2nz6_reg/C
                               u_fp_domain/u_CORTEXM3INTEGRATION/u_cortexm3ds_logic/J6ug07_reg/CLR
                                                              20.456        
u_fp_domain/u_CORTEXM3INTEGRATION/u_cortexm3ds_logic/Ik2nz6_reg/C
                               u_fp_domain/u_CORTEXM3INTEGRATION/u_cortexm3ds_logic/K32a17_reg/CLR
                                                              20.456        
u_fp_domain/u_CORTEXM3INTEGRATION/u_cortexm3ds_logic/Ik2nz6_reg/C
                               u_fp_domain/u_CORTEXM3INTEGRATION/u_cortexm3ds_logic/Kwag07_reg/CLR
                                                              20.456        
u_fp_domain/u_CORTEXM3INTEGRATION/u_cortexm3ds_logic/Ik2nz6_reg/C
                               u_fp_domain/u_CORTEXM3INTEGRATION/u_cortexm3ds_logic/Llg917_reg/CLR
                                                              20.456        
u_fp_domain/u_CORTEXM3INTEGRATION/u_cortexm3ds_logic/Ik2nz6_reg/C
                               u_fp_domain/u_CORTEXM3INTEGRATION/u_cortexm3ds_logic/N81h07_reg/CLR
                                                              20.456        
u_fp_domain/u_CORTEXM3INTEGRATION/u_cortexm3ds_logic/Ik2nz6_reg/C
                               u_fp_domain/u_CORTEXM3INTEGRATION/u_cortexm3ds_logic/Njug07_reg/CLR
                                                              20.456        
u_fp_domain/u_CORTEXM3INTEGRATION/u_cortexm3ds_logic/Ik2nz6_reg/C
                               u_fp_domain/u_CORTEXM3INTEGRATION/u_cortexm3ds_logic/Pwug07_reg/CLR
                                                              20.456        
u_fp_domain/u_CORTEXM3INTEGRATION/u_cortexm3ds_logic/Ik2nz6_reg/C
                               u_fp_domain/u_CORTEXM3INTEGRATION/u_cortexm3ds_logic/Qrkg07_reg/CLR
                                                              20.456        
u_fp_domain/u_CORTEXM3INTEGRATION/u_cortexm3ds_logic/Ik2nz6_reg/C
                               u_fp_domain/u_CORTEXM3INTEGRATION/u_cortexm3ds_logic/Rgkg07_reg/CLR
                                                              20.456        
u_fp_domain/u_CORTEXM3INTEGRATION/u_cortexm3ds_logic/Ik2nz6_reg/C
                               u_fp_domain/u_CORTEXM3INTEGRATION/u_cortexm3ds_logic/Taug07_reg/CLR
                                                              20.456        
u_fp_domain/u_CORTEXM3INTEGRATION/u_cortexm3ds_logic/Ik2nz6_reg/C
                               u_fp_domain/u_CORTEXM3INTEGRATION/u_cortexm3ds_logic/Txnnz6_reg/CLR
                                                              20.456        
u_fp_domain/u_CORTEXM3INTEGRATION/u_cortexm3ds_logic/Ik2nz6_reg/C
                               u_fp_domain/u_CORTEXM3INTEGRATION/u_cortexm3ds_logic/Uuf917_reg/CLR
                                                              20.456        
u_fp_domain/u_CORTEXM3INTEGRATION/u_cortexm3ds_logic/Ik2nz6_reg/C
                               u_fp_domain/u_CORTEXM3INTEGRATION/u_cortexm3ds_logic/Vosg07_reg/CLR
                                                              20.456        
u_fp_domain/u_CORTEXM3INTEGRATION/u_cortexm3ds_logic/Ik2nz6_reg/C
                               u_fp_domain/u_CORTEXM3INTEGRATION/u_cortexm3ds_logic/W7cg07_reg/CLR
                                                              20.456        
u_fp_domain/u_CORTEXM3INTEGRATION/u_cortexm3ds_logic/Ik2nz6_reg/C
                               u_fp_domain/u_CORTEXM3INTEGRATION/u_cortexm3ds_logic/Wikg07_reg/CLR
                                                              20.456        
u_fp_domain/u_CORTEXM3INTEGRATION/u_cortexm3ds_logic/Ik2nz6_reg/C
                               u_fp_domain/u_CORTEXM3INTEGRATION/u_cortexm3ds_logic/Wp5a17_reg/CLR
                                                              20.456        
u_fp_domain/u_CORTEXM3INTEGRATION/u_cortexm3ds_logic/Ik2nz6_reg/C
                               u_fp_domain/u_CORTEXM3INTEGRATION/u_cortexm3ds_logic/Xl0h07_reg/CLR
                                                              20.456        
u_fp_domain/u_CORTEXM3INTEGRATION/u_cortexm3ds_logic/Ik2nz6_reg/C
                               u_fp_domain/u_CORTEXM3INTEGRATION/u_cortexm3ds_logic/Yj5a17_reg/CLR
                                                              20.456        
u_fp_domain/u_CORTEXM3INTEGRATION/u_cortexm3ds_logic/Ik2nz6_reg/C
                               u_fp_domain/u_CORTEXM3INTEGRATION/u_cortexm3ds_logic/Ymcg07_reg/CLR
                                                              20.456        
u_fp_domain/u_CORTEXM3INTEGRATION/u_cortexm3ds_logic/Ik2nz6_reg/C
                               u_fp_domain/u_CORTEXM3INTEGRATION/u_cortexm3ds_logic/Zeh917_reg/CLR
                                                              20.456        
u_fp_domain/u_CORTEXM3INTEGRATION/u_cortexm3ds_logic/Ik2nz6_reg/C
                               u_fp_domain/u_CORTEXM3INTEGRATION/u_cortexm3ds_logic/B1yg07_reg/CLR
                                                              20.457        
u_fp_domain/u_CORTEXM3INTEGRATION/u_cortexm3ds_logic/Ik2nz6_reg/C
                               u_fp_domain/u_CORTEXM3INTEGRATION/u_cortexm3ds_logic/B5jg07_reg/CLR
                                                              20.457        
u_fp_domain/u_CORTEXM3INTEGRATION/u_cortexm3ds_logic/Ik2nz6_reg/C
                               u_fp_domain/u_CORTEXM3INTEGRATION/u_cortexm3ds_logic/Cgsg07_reg/CLR
                                                              20.457        
u_fp_domain/u_CORTEXM3INTEGRATION/u_cortexm3ds_logic/Ik2nz6_reg/C
                               u_fp_domain/u_CORTEXM3INTEGRATION/u_cortexm3ds_logic/Dcn917_reg/CLR
                                                              20.457        
u_fp_domain/u_CORTEXM3INTEGRATION/u_cortexm3ds_logic/Ik2nz6_reg/C
                               u_fp_domain/u_CORTEXM3INTEGRATION/u_cortexm3ds_logic/Fmzg07_reg/CLR
                                                              20.457        
u_fp_domain/u_CORTEXM3INTEGRATION/u_cortexm3ds_logic/Ik2nz6_reg/C
                               u_fp_domain/u_CORTEXM3INTEGRATION/u_cortexm3ds_logic/Fy6a17_reg/CLR
                                                              20.457        
u_fp_domain/u_CORTEXM3INTEGRATION/u_cortexm3ds_logic/Ik2nz6_reg/C
                               u_fp_domain/u_CORTEXM3INTEGRATION/u_cortexm3ds_logic/G7jg07_reg/CLR
                                                              20.457        
u_fp_domain/u_CORTEXM3INTEGRATION/u_cortexm3ds_logic/Ik2nz6_reg/C
                               u_fp_domain/u_CORTEXM3INTEGRATION/u_cortexm3ds_logic/Gv6a17_reg/CLR
                                                              20.457        
u_fp_domain/u_CORTEXM3INTEGRATION/u_cortexm3ds_logic/Ik2nz6_reg/C
                               u_fp_domain/u_CORTEXM3INTEGRATION/u_cortexm3ds_logic/Gzi917_reg/CLR
                                                              20.457        
u_fp_domain/u_CORTEXM3INTEGRATION/u_cortexm3ds_logic/Ik2nz6_reg/C
                               u_fp_domain/u_CORTEXM3INTEGRATION/u_cortexm3ds_logic/H67a17_reg/CLR
                                                              20.457        
u_fp_domain/u_CORTEXM3INTEGRATION/u_cortexm3ds_logic/Ik2nz6_reg/C
                               u_fp_domain/u_CORTEXM3INTEGRATION/u_cortexm3ds_logic/Hdlg07_reg/CLR
                                                              20.457        
u_fp_domain/u_CORTEXM3INTEGRATION/u_cortexm3ds_logic/Ik2nz6_reg/C
                               u_fp_domain/u_CORTEXM3INTEGRATION/u_cortexm3ds_logic/Ipfg07_reg/CLR
                                                              20.457        
u_fp_domain/u_CORTEXM3INTEGRATION/u_cortexm3ds_logic/Ik2nz6_reg/C
                               u_fp_domain/u_CORTEXM3INTEGRATION/u_cortexm3ds_logic/J01h07_reg/CLR
                                                              20.457        
u_fp_domain/u_CORTEXM3INTEGRATION/u_cortexm3ds_logic/Ik2nz6_reg/C
                               u_fp_domain/u_CORTEXM3INTEGRATION/u_cortexm3ds_logic/K7zg07_reg/CLR
                                                              20.457        
u_fp_domain/u_CORTEXM3INTEGRATION/u_cortexm3ds_logic/Ik2nz6_reg/C
                               u_fp_domain/u_CORTEXM3INTEGRATION/u_cortexm3ds_logic/Lzdg07_reg/CLR
                                                              20.457        
u_fp_domain/u_CORTEXM3INTEGRATION/u_cortexm3ds_logic/Ik2nz6_reg/C
                               u_fp_domain/u_CORTEXM3INTEGRATION/u_cortexm3ds_logic/Mksg07_reg/CLR
                                                              20.457        
u_fp_domain/u_CORTEXM3INTEGRATION/u_cortexm3ds_logic/Ik2nz6_reg/C
                               u_fp_domain/u_CORTEXM3INTEGRATION/u_cortexm3ds_logic/Mrfg07_reg/CLR
                                                              20.457        
u_fp_domain/u_CORTEXM3INTEGRATION/u_cortexm3ds_logic/Ik2nz6_reg/C
                               u_fp_domain/u_CORTEXM3INTEGRATION/u_cortexm3ds_logic/Mx1a17_reg/CLR
                                                              20.457        
u_fp_domain/u_CORTEXM3INTEGRATION/u_cortexm3ds_logic/Ik2nz6_reg/C
                               u_fp_domain/u_CORTEXM3INTEGRATION/u_cortexm3ds_logic/N7yg07_reg/CLR
                                                              20.457        
u_fp_domain/u_CORTEXM3INTEGRATION/u_cortexm3ds_logic/Ik2nz6_reg/C
                               u_fp_domain/u_CORTEXM3INTEGRATION/u_cortexm3ds_logic/Nfg917_reg/CLR
                                                              20.457        
u_fp_domain/u_CORTEXM3INTEGRATION/u_cortexm3ds_logic/Ik2nz6_reg/C
                               u_fp_domain/u_CORTEXM3INTEGRATION/u_cortexm3ds_logic/Poyg07_reg/CLR
                                                              20.457        
u_fp_domain/u_CORTEXM3INTEGRATION/u_cortexm3ds_logic/Ik2nz6_reg/C
                               u_fp_domain/u_CORTEXM3INTEGRATION/u_cortexm3ds_logic/Qtfg07_reg/CLR
                                                              20.457        
u_fp_domain/u_CORTEXM3INTEGRATION/u_cortexm3ds_logic/Ik2nz6_reg/C
                               u_fp_domain/u_CORTEXM3INTEGRATION/u_cortexm3ds_logic/Sbsg07_reg/CLR
                                                              20.457        
u_fp_domain/u_CORTEXM3INTEGRATION/u_cortexm3ds_logic/Ik2nz6_reg/C
                               u_fp_domain/u_CORTEXM3INTEGRATION/u_cortexm3ds_logic/Tsyg07_reg/CLR
                                                              20.457        
u_fp_domain/u_CORTEXM3INTEGRATION/u_cortexm3ds_logic/Ik2nz6_reg/C
                               u_fp_domain/u_CORTEXM3INTEGRATION/u_cortexm3ds_logic/Tum917_reg/CLR
                                                              20.457        
u_fp_domain/u_CORTEXM3INTEGRATION/u_cortexm3ds_logic/Ik2nz6_reg/C
                               u_fp_domain/u_CORTEXM3INTEGRATION/u_cortexm3ds_logic/Vbyg07_reg/CLR
                                                              20.457        
u_fp_domain/u_CORTEXM3INTEGRATION/u_cortexm3ds_logic/Ik2nz6_reg/C
                               u_fp_domain/u_CORTEXM3INTEGRATION/u_cortexm3ds_logic/Vifg07_reg/CLR
                                                              20.457        
u_fp_domain/u_CORTEXM3INTEGRATION/u_cortexm3ds_logic/Ik2nz6_reg/C
                               u_fp_domain/u_CORTEXM3INTEGRATION/u_cortexm3ds_logic/Yikm17_reg/CLR
                                                              20.457        
u_fp_domain/u_CORTEXM3INTEGRATION/u_cortexm3ds_logic/Ik2nz6_reg/C
                               u_fp_domain/u_CORTEXM3INTEGRATION/u_cortexm3ds_logic/Zkqnz6_reg/CLR
                                                              20.457        
u_fp_domain/u_CORTEXM3INTEGRATION/u_cortexm3ds_logic/Ik2nz6_reg/C
                               u_fp_domain/u_CORTEXM3INTEGRATION/u_cortexm3ds_logic/Znxg07_reg/CLR
                                                              20.457        
u_fp_domain/u_CORTEXM3INTEGRATION/u_cortexm3ds_logic/Ik2nz6_reg/C
                               u_fp_domain/u_CORTEXM3INTEGRATION/u_cortexm3ds_logic/Alfg07_reg/CLR
                                                              20.457        
u_fp_domain/u_CORTEXM3INTEGRATION/u_cortexm3ds_logic/Ik2nz6_reg/C
                               u_fp_domain/u_CORTEXM3INTEGRATION/u_cortexm3ds_logic/L9jg07_reg/CLR
                                                              20.457        
u_fp_domain/u_CORTEXM3INTEGRATION/u_cortexm3ds_logic/Ik2nz6_reg/C
                               u_fp_domain/u_CORTEXM3INTEGRATION/u_cortexm3ds_logic/B3vg07_reg/CLR
                                                              20.458        
u_fp_domain/u_CORTEXM3INTEGRATION/u_cortexm3ds_logic/Ik2nz6_reg/C
                               u_fp_domain/u_CORTEXM3INTEGRATION/u_cortexm3ds_logic/C0gg07_reg/CLR
                                                              20.458        
u_fp_domain/u_CORTEXM3INTEGRATION/u_cortexm3ds_logic/Ik2nz6_reg/C
                               u_fp_domain/u_CORTEXM3INTEGRATION/u_cortexm3ds_logic/C9bg07_reg/CLR
                                                              20.458        
u_fp_domain/u_CORTEXM3INTEGRATION/u_cortexm3ds_logic/Ik2nz6_reg/C
                               u_fp_domain/u_CORTEXM3INTEGRATION/u_cortexm3ds_logic/Czeg07_reg/CLR
                                                              20.458        
u_fp_domain/u_CORTEXM3INTEGRATION/u_cortexm3ds_logic/Ik2nz6_reg/C
                               u_fp_domain/u_CORTEXM3INTEGRATION/u_cortexm3ds_logic/Fozt07_reg/CLR
                                                              20.458        
u_fp_domain/u_CORTEXM3INTEGRATION/u_cortexm3ds_logic/Ik2nz6_reg/C
                               u_fp_domain/u_CORTEXM3INTEGRATION/u_cortexm3ds_logic/Kbvt07_reg/CLR
                                                              20.458        
u_fp_domain/u_CORTEXM3INTEGRATION/u_cortexm3ds_logic/Ik2nz6_reg/C
                               u_fp_domain/u_CORTEXM3INTEGRATION/u_cortexm3ds_logic/Kni917_reg/CLR
                                                              20.458        
u_fp_domain/u_CORTEXM3INTEGRATION/u_cortexm3ds_logic/Ik2nz6_reg/C
                               u_fp_domain/u_CORTEXM3INTEGRATION/u_cortexm3ds_logic/Lefg07_reg/CLR
                                                              20.458        
u_fp_domain/u_CORTEXM3INTEGRATION/u_cortexm3ds_logic/Ik2nz6_reg/C
                               u_fp_domain/u_CORTEXM3INTEGRATION/u_cortexm3ds_logic/Luug07_reg/CLR
                                                              20.458        
u_fp_domain/u_CORTEXM3INTEGRATION/u_cortexm3ds_logic/Ik2nz6_reg/C
                               u_fp_domain/u_CORTEXM3INTEGRATION/u_cortexm3ds_logic/Mzjg07_reg/CLR
                                                              20.458        
u_fp_domain/u_CORTEXM3INTEGRATION/u_cortexm3ds_logic/Ik2nz6_reg/C
                               u_fp_domain/u_CORTEXM3INTEGRATION/u_cortexm3ds_logic/Pf4t07_reg/CLR
                                                              20.458        
u_fp_domain/u_CORTEXM3INTEGRATION/u_cortexm3ds_logic/Ik2nz6_reg/C
                               u_fp_domain/u_CORTEXM3INTEGRATION/u_cortexm3ds_logic/Q1kg07_reg/CLR
                                                              20.458        
u_fp_domain/u_CORTEXM3INTEGRATION/u_cortexm3ds_logic/Ik2nz6_reg/C
                               u_fp_domain/u_CORTEXM3INTEGRATION/u_cortexm3ds_logic/Qbjg07_reg/CLR
                                                              20.458        
u_fp_domain/u_CORTEXM3INTEGRATION/u_cortexm3ds_logic/Ik2nz6_reg/C
                               u_fp_domain/u_CORTEXM3INTEGRATION/u_cortexm3ds_logic/Qgfg07_reg/CLR
                                                              20.458        
u_fp_domain/u_CORTEXM3INTEGRATION/u_cortexm3ds_logic/Ik2nz6_reg/C
                               u_fp_domain/u_CORTEXM3INTEGRATION/u_cortexm3ds_logic/Qilu07_reg/CLR
                                                              20.458        
u_fp_domain/u_CORTEXM3INTEGRATION/u_cortexm3ds_logic/Ik2nz6_reg/C
                               u_fp_domain/u_CORTEXM3INTEGRATION/u_cortexm3ds_logic/Sojg07_reg/CLR
                                                              20.458        
u_fp_domain/u_CORTEXM3INTEGRATION/u_cortexm3ds_logic/Ik2nz6_reg/C
                               u_fp_domain/u_CORTEXM3INTEGRATION/u_cortexm3ds_logic/Tyug07_reg/CLR
                                                              20.458        
u_fp_domain/u_CORTEXM3INTEGRATION/u_cortexm3ds_logic/Ik2nz6_reg/C
                               u_fp_domain/u_CORTEXM3INTEGRATION/u_cortexm3ds_logic/U3kg07_reg/CLR
                                                              20.458        
u_fp_domain/u_CORTEXM3INTEGRATION/u_cortexm3ds_logic/Ik2nz6_reg/C
                               u_fp_domain/u_CORTEXM3INTEGRATION/u_cortexm3ds_logic/Uv5a17_reg/CLR
                                                              20.458        
u_fp_domain/u_CORTEXM3INTEGRATION/u_cortexm3ds_logic/Ik2nz6_reg/C
                               u_fp_domain/u_CORTEXM3INTEGRATION/u_cortexm3ds_logic/Uwzg07_reg/CLR
                                                              20.458        
u_fp_domain/u_CORTEXM3INTEGRATION/u_cortexm3ds_logic/Ik2nz6_reg/C
                               u_fp_domain/u_CORTEXM3INTEGRATION/u_cortexm3ds_logic/V94t07_reg/CLR
                                                              20.458        
u_fp_domain/u_CORTEXM3INTEGRATION/u_cortexm3ds_logic/Ik2nz6_reg/C
                               u_fp_domain/u_CORTEXM3INTEGRATION/u_cortexm3ds_logic/Vuyg07_reg/CLR
                                                              20.458        
u_fp_domain/u_CORTEXM3INTEGRATION/u_cortexm3ds_logic/Ik2nz6_reg/C
                               u_fp_domain/u_CORTEXM3INTEGRATION/u_cortexm3ds_logic/W2jg07_reg/CLR
                                                              20.458        
u_fp_domain/u_CORTEXM3INTEGRATION/u_cortexm3ds_logic/Ik2nz6_reg/C
                               u_fp_domain/u_CORTEXM3INTEGRATION/u_cortexm3ds_logic/Wqjg07_reg/CLR
                                                              20.458        
u_fp_domain/u_CORTEXM3INTEGRATION/u_cortexm3ds_logic/Ik2nz6_reg/C
                               u_fp_domain/u_CORTEXM3INTEGRATION/u_cortexm3ds_logic/X0vg07_reg/CLR
                                                              20.458        
u_fp_domain/u_CORTEXM3INTEGRATION/u_cortexm3ds_logic/Ik2nz6_reg/C
                               u_fp_domain/u_CORTEXM3INTEGRATION/u_cortexm3ds_logic/X3tg07_reg/CLR
                                                              20.458        
u_fp_domain/u_CORTEXM3INTEGRATION/u_cortexm3ds_logic/Ik2nz6_reg/C
                               u_fp_domain/u_CORTEXM3INTEGRATION/u_cortexm3ds_logic/Xeag07_reg/CLR
                                                              20.458        
u_fp_domain/u_CORTEXM3INTEGRATION/u_cortexm3ds_logic/Ik2nz6_reg/C
                               u_fp_domain/u_CORTEXM3INTEGRATION/u_cortexm3ds_logic/Ocg917_reg/CLR
                                                              20.458        
u_fp_domain/u_CORTEXM3INTEGRATION/u_cortexm3ds_logic/Ik2nz6_reg/C
                               u_fp_domain/u_CORTEXM3INTEGRATION/u_cortexm3ds_logic/C3it07_reg/CLR
                                                              20.460        
u_fp_domain/u_CORTEXM3INTEGRATION/u_cortexm3ds_logic/Ik2nz6_reg/C
                               u_fp_domain/u_CORTEXM3INTEGRATION/u_cortexm3ds_logic/Eeit07_reg/CLR
                                                              20.460        
u_fp_domain/u_CORTEXM3INTEGRATION/u_cortexm3ds_logic/Ik2nz6_reg/C
                               u_fp_domain/u_CORTEXM3INTEGRATION/u_cortexm3ds_logic/U6it07_reg/CLR
                                                              20.460        
u_fp_domain/u_CORTEXM3INTEGRATION/u_cortexm3ds_logic/Ik2nz6_reg/C
                               u_fp_domain/u_CORTEXM3INTEGRATION/u_cortexm3ds_logic/Whit07_reg/CLR
                                                              20.460        
u_fp_domain/u_CORTEXM3INTEGRATION/u_cortexm3ds_logic/Ik2nz6_reg/C
                               u_fp_domain/u_CORTEXM3INTEGRATION/u_cortexm3ds_logic/Yf9t07_reg/CLR
                                                              20.460        
u_fp_domain/u_CORTEXM3INTEGRATION/u_cortexm3ds_logic/Ik2nz6_reg/C
                               u_fp_domain/u_CORTEXM3INTEGRATION/u_cortexm3ds_logic/Fijg07_reg/CLR
                                                              20.462        
u_fp_domain/u_CORTEXM3INTEGRATION/u_cortexm3ds_logic/Ik2nz6_reg/C
                               u_fp_domain/u_CORTEXM3INTEGRATION/u_cortexm3ds_logic/R0jg07_reg/CLR
                                                              20.462        
u_fp_domain/u_CORTEXM3INTEGRATION/u_cortexm3ds_logic/Ik2nz6_reg/C
                               u_fp_domain/u_CORTEXM3INTEGRATION/u_cortexm3ds_logic/Dblg07_reg/CLR
                                                              20.462        
u_fp_domain/u_CORTEXM3INTEGRATION/u_cortexm3ds_logic/Ik2nz6_reg/C
                               u_fp_domain/u_CORTEXM3INTEGRATION/u_cortexm3ds_logic/Eccg07_reg/CLR
                                                              20.462        
u_fp_domain/u_CORTEXM3INTEGRATION/u_cortexm3ds_logic/Ik2nz6_reg/C
                               u_fp_domain/u_CORTEXM3INTEGRATION/u_cortexm3ds_logic/Iqbg07_reg/CLR
                                                              20.462        
u_fp_domain/u_CORTEXM3INTEGRATION/u_cortexm3ds_logic/Ik2nz6_reg/C
                               u_fp_domain/u_CORTEXM3INTEGRATION/u_cortexm3ds_logic/J0lg07_reg/CLR
                                                              20.462        
u_fp_domain/u_CORTEXM3INTEGRATION/u_cortexm3ds_logic/Ik2nz6_reg/C
                               u_fp_domain/u_CORTEXM3INTEGRATION/u_cortexm3ds_logic/Lqm917_reg/CLR
                                                              20.462        
u_fp_domain/u_CORTEXM3INTEGRATION/u_cortexm3ds_logic/Ik2nz6_reg/C
                               u_fp_domain/u_CORTEXM3INTEGRATION/u_cortexm3ds_logic/Obi917_reg/CLR
                                                              20.462        
u_fp_domain/u_CORTEXM3INTEGRATION/u_cortexm3ds_logic/Ik2nz6_reg/C
                               u_fp_domain/u_CORTEXM3INTEGRATION/u_cortexm3ds_logic/T2bg07_reg/CLR
                                                              20.462        
u_fp_domain/u_CORTEXM3INTEGRATION/u_cortexm3ds_logic/Ik2nz6_reg/C
                               u_fp_domain/u_CORTEXM3INTEGRATION/u_cortexm3ds_logic/Tcag07_reg/CLR
                                                              20.462        
u_fp_domain/u_CORTEXM3INTEGRATION/u_cortexm3ds_logic/Ik2nz6_reg/C
                               u_fp_domain/u_CORTEXM3INTEGRATION/u_cortexm3ds_logic/W4bg07_reg/CLR
                                                              20.462        
u_fp_domain/u_CORTEXM3INTEGRATION/u_cortexm3ds_logic/Ik2nz6_reg/C
                               u_fp_domain/u_CORTEXM3INTEGRATION/u_cortexm3ds_logic/Ycug07_reg/CLR
                                                              20.462        
u_fp_domain/u_CORTEXM3INTEGRATION/u_cortexm3ds_logic/Ik2nz6_reg/C
                               u_fp_domain/u_CORTEXM3INTEGRATION/u_cortexm3ds_logic/Z8lg07_reg/CLR
                                                              20.462        
u_fp_domain/u_CORTEXM3INTEGRATION/u_cortexm3ds_logic/Ik2nz6_reg/C
                               u_fp_domain/u_CORTEXM3INTEGRATION/u_cortexm3ds_logic/B93a17_reg/CLR
                                                              20.463        
u_fp_domain/u_CORTEXM3INTEGRATION/u_cortexm3ds_logic/Ik2nz6_reg/C
                               u_fp_domain/u_CORTEXM3INTEGRATION/u_cortexm3ds_logic/Bb5a17_reg/CLR
                                                              20.463        
u_fp_domain/u_CORTEXM3INTEGRATION/u_cortexm3ds_logic/Ik2nz6_reg/C
                               u_fp_domain/u_CORTEXM3INTEGRATION/u_cortexm3ds_logic/Scmt07_reg/CLR
                                                              20.465        
u_fp_domain/u_CORTEXM3INTEGRATION/u_cortexm3ds_logic/Ik2nz6_reg/C
                               u_fp_domain/u_CORTEXM3INTEGRATION/u_cortexm3ds_logic/F5vg07_reg/CLR
                                                              20.468        
u_fp_domain/u_CORTEXM3INTEGRATION/u_cortexm3ds_logic/Ik2nz6_reg/C
                               u_fp_domain/u_CORTEXM3INTEGRATION/u_cortexm3ds_logic/Twxg07_reg/CLR
                                                              20.470        
u_fp_domain/u_CORTEXM3INTEGRATION/u_cortexm3ds_logic/Ik2nz6_reg/C
                               u_fp_domain/u_CORTEXM3INTEGRATION/u_cortexm3ds_logic/Eqxg07_reg/CLR
                                                              20.470        
u_fp_domain/u_CORTEXM3INTEGRATION/u_cortexm3ds_logic/Ik2nz6_reg/C
                               u_fp_domain/u_CORTEXM3INTEGRATION/u_cortexm3ds_logic/Evqnz6_reg/CLR
                                                              20.470        
u_fp_domain/u_CORTEXM3INTEGRATION/u_cortexm3ds_logic/Ik2nz6_reg/C
                               u_fp_domain/u_CORTEXM3INTEGRATION/u_cortexm3ds_logic/Ffxg07_reg/CLR
                                                              20.470        
u_fp_domain/u_CORTEXM3INTEGRATION/u_cortexm3ds_logic/Ik2nz6_reg/C
                               u_fp_domain/u_CORTEXM3INTEGRATION/u_cortexm3ds_logic/Ouxg07_reg/CLR
                                                              20.470        
u_fp_domain/u_CORTEXM3INTEGRATION/u_cortexm3ds_logic/Ik2nz6_reg/C
                               u_fp_domain/u_CORTEXM3INTEGRATION/u_cortexm3ds_logic/Vq3a17_reg/CLR
                                                              20.470        
u_fp_domain/u_CORTEXM3INTEGRATION/u_cortexm3ds_logic/Ik2nz6_reg/C
                               u_fp_domain/u_CORTEXM3INTEGRATION/u_cortexm3ds_logic/Yhh917_reg/CLR
                                                              20.470        
u_fp_domain/u_CORTEXM3INTEGRATION/u_cortexm3ds_logic/Ik2nz6_reg/C
                               u_fp_domain/u_CORTEXM3INTEGRATION/u_cortexm3ds_logic/Y8ynz6_reg/CLR
                                                              20.480        
u_fp_domain/u_CORTEXM3INTEGRATION/u_cortexm3ds_logic/Ik2nz6_reg/C
                               u_fp_domain/u_CORTEXM3INTEGRATION/u_cortexm3ds_logic/Gdku07_reg/CLR
                                                              20.483        
u_fp_domain/u_CORTEXM3INTEGRATION/u_cortexm3ds_logic/Ik2nz6_reg/C
                               u_fp_domain/u_CORTEXM3INTEGRATION/u_cortexm3ds_logic/Jj4nz6_reg/CLR
                                                              20.498        
u_fp_domain/u_CORTEXM3INTEGRATION/u_cortexm3ds_logic/Ik2nz6_reg/C
                               u_fp_domain/u_CORTEXM3INTEGRATION/u_cortexm3ds_logic/Mvus07_reg/CLR
                                                              20.498        
u_fp_domain/u_CORTEXM3INTEGRATION/u_cortexm3ds_logic/Ik2nz6_reg/C
                               u_fp_domain/u_CORTEXM3INTEGRATION/u_cortexm3ds_logic/E9x917_reg/CLR
                                                              20.503        
u_fp_domain/u_CORTEXM3INTEGRATION/u_cortexm3ds_logic/Ik2nz6_reg/C
                               u_fp_domain/u_CORTEXM3INTEGRATION/u_cortexm3ds_logic/Hgv917_reg/CLR
                                                              20.503        
u_fp_domain/u_CORTEXM3INTEGRATION/u_cortexm3ds_logic/Ik2nz6_reg/C
                               u_fp_domain/u_CORTEXM3INTEGRATION/u_cortexm3ds_logic/Rdv917_reg/CLR
                                                              20.503        
u_fp_domain/u_CORTEXM3INTEGRATION/u_cortexm3ds_logic/Ik2nz6_reg/C
                               u_fp_domain/u_CORTEXM3INTEGRATION/u_cortexm3ds_logic/T6x917_reg/CLR
                                                              20.503        
u_fp_domain/u_CORTEXM3INTEGRATION/u_cortexm3ds_logic/Ik2nz6_reg/C
                               u_fp_domain/u_CORTEXM3INTEGRATION/u_cortexm3ds_logic/Aov917_reg/CLR
                                                              20.506        
u_fp_domain/u_CORTEXM3INTEGRATION/u_cortexm3ds_logic/Ik2nz6_reg/C
                               u_fp_domain/u_CORTEXM3INTEGRATION/u_cortexm3ds_logic/Dtv917_reg/CLR
                                                              20.506        
u_fp_domain/u_CORTEXM3INTEGRATION/u_cortexm3ds_logic/Ik2nz6_reg/C
                               u_fp_domain/u_CORTEXM3INTEGRATION/u_cortexm3ds_logic/Klv917_reg/CLR
                                                              20.506        
u_fp_domain/u_CORTEXM3INTEGRATION/u_cortexm3ds_logic/Ik2nz6_reg/C
                               u_fp_domain/u_CORTEXM3INTEGRATION/u_cortexm3ds_logic/Tvv917_reg/CLR
                                                              20.506        
u_fp_domain/u_CORTEXM3INTEGRATION/u_cortexm3ds_logic/Ik2nz6_reg/C
                               u_fp_domain/u_CORTEXM3INTEGRATION/u_cortexm3ds_logic/Faioz6_reg/CLR
                                                              20.521        
u_fp_domain/u_CORTEXM3INTEGRATION/u_cortexm3ds_logic/Ik2nz6_reg/C
                               u_fp_domain/u_CORTEXM3INTEGRATION/u_cortexm3ds_logic/Hn9g07_reg/CLR
                                                              20.521        
u_fp_domain/u_CORTEXM3INTEGRATION/u_cortexm3ds_logic/Ik2nz6_reg/C
                               u_fp_domain/u_CORTEXM3INTEGRATION/u_cortexm3ds_logic/Hn9g07_reg_rep/CLR
                                                              20.521        
u_fp_domain/u_CORTEXM3INTEGRATION/u_cortexm3ds_logic/Ik2nz6_reg/C
                               u_fp_domain/u_CORTEXM3INTEGRATION/u_cortexm3ds_logic/Hn9g07_reg_rep__0/CLR
                                                              20.521        
u_fp_domain/u_CORTEXM3INTEGRATION/u_cortexm3ds_logic/Ik2nz6_reg/C
                               u_fp_domain/u_CORTEXM3INTEGRATION/u_cortexm3ds_logic/P36107_reg/PRE
                                                              20.522        
u_fp_domain/u_CORTEXM3INTEGRATION/u_cortexm3ds_logic/Ik2nz6_reg/C
                               u_fp_domain/u_CORTEXM3INTEGRATION/u_cortexm3ds_logic/Gfus07_reg/CLR
                                                              20.522        
u_fp_domain/u_CORTEXM3INTEGRATION/u_cortexm3ds_logic/Ik2nz6_reg/C
                               u_fp_domain/u_CORTEXM3INTEGRATION/u_cortexm3ds_logic/T3unz6_reg/CLR
                                                              20.522        
u_fp_domain/u_CORTEXM3INTEGRATION/u_cortexm3ds_logic/Ik2nz6_reg/C
                               u_fp_domain/u_CORTEXM3INTEGRATION/u_cortexm3ds_logic/Uvtnz6_reg/CLR
                                                              20.522        
u_fp_domain/u_CORTEXM3INTEGRATION/u_cortexm3ds_logic/Ik2nz6_reg/C
                               u_fp_domain/u_CORTEXM3INTEGRATION/u_cortexm3ds_logic/Gd6107_reg/CLR
                                                              20.523        
u_fp_domain/u_CORTEXM3INTEGRATION/u_cortexm3ds_logic/Ik2nz6_reg/C
                               u_fp_domain/u_CORTEXM3INTEGRATION/u_cortexm3ds_logic/Rb6107_reg/CLR
                                                              20.523        
u_fp_domain/u_CORTEXM3INTEGRATION/u_cortexm3ds_logic/Ik2nz6_reg/C
                               u_fp_domain/u_CORTEXM3INTEGRATION/u_cortexm3ds_logic/Ak7g07_reg/CLR
                                                              20.527        
u_fp_domain/u_CORTEXM3INTEGRATION/u_cortexm3ds_logic/Ik2nz6_reg/C
                               u_fp_domain/u_CORTEXM3INTEGRATION/u_cortexm3ds_logic/Xh7g07_reg/CLR
                                                              20.527        
u_fp_domain/u_CORTEXM3INTEGRATION/u_cortexm3ds_logic/Ik2nz6_reg/C
                               u_fp_domain/u_CORTEXM3INTEGRATION/u_cortexm3ds_logic/K5rnz6_reg/CLR
                                                              20.535        
u_fp_domain/u_CORTEXM3INTEGRATION/u_cortexm3ds_logic/Ik2nz6_reg/C
                               u_fp_domain/u_CORTEXM3INTEGRATION/u_cortexm3ds_logic/Mtknz6_reg/CLR
                                                              20.535        
u_fp_domain/u_CORTEXM3INTEGRATION/u_cortexm3ds_logic/Ik2nz6_reg/C
                               u_fp_domain/u_CORTEXM3INTEGRATION/u_cortexm3ds_logic/Ln1oz6_reg/CLR
                                                              20.536        
u_fp_domain/u_CORTEXM3INTEGRATION/u_cortexm3ds_logic/Ik2nz6_reg/C
                               u_fp_domain/u_CORTEXM3INTEGRATION/u_cortexm3ds_logic/R2e917_reg/CLR
                                                              20.536        
u_fp_domain/u_CORTEXM3INTEGRATION/u_cortexm3ds_logic/Ik2nz6_reg/C
                               u_fp_domain/u_CORTEXM3INTEGRATION/u_cortexm3ds_logic/Ui8oz6_reg/PRE
                                                              20.536        
u_fp_domain/u_CORTEXM3INTEGRATION/u_cortexm3ds_logic/Ik2nz6_reg/C
                               u_fp_domain/u_CORTEXM3INTEGRATION/u_cortexm3ds_logic/Rkd917_reg/CLR
                                                              20.536        
u_fp_domain/u_CORTEXM3INTEGRATION/u_cortexm3ds_logic/Ik2nz6_reg/C
                               u_fp_domain/u_CORTEXM3INTEGRATION/u_cortexm3ds_logic/Wpaoz6_reg/CLR
                                                              20.536        
u_fp_domain/u_CORTEXM3INTEGRATION/u_cortexm3ds_logic/Ik2nz6_reg/C
                               u_fp_domain/u_CORTEXM3INTEGRATION/u_cortexm3ds_logic/Ydd917_reg/CLR
                                                              20.536        
u_fp_domain/u_CORTEXM3INTEGRATION/u_cortexm3ds_logic/Ik2nz6_reg/C
                               u_fp_domain/u_CORTEXM3INTEGRATION/u_cortexm3ds_logic/Jesnz6_reg/CLR
                                                              20.540        
u_fp_domain/u_CORTEXM3INTEGRATION/u_cortexm3ds_logic/Ik2nz6_reg/C
                               u_fp_domain/u_CORTEXM3INTEGRATION/u_cortexm3ds_logic/Anaoz6_reg/CLR
                                                              20.541        
u_fp_domain/u_CORTEXM3INTEGRATION/u_cortexm3ds_logic/Ik2nz6_reg/C
                               u_fp_domain/u_CORTEXM3INTEGRATION/u_cortexm3ds_logic/Dga917_reg/CLR
                                                              20.541        
u_fp_domain/u_CORTEXM3INTEGRATION/u_cortexm3ds_logic/Ik2nz6_reg/C
                               u_fp_domain/u_CORTEXM3INTEGRATION/u_cortexm3ds_logic/Hda917_reg/CLR
                                                              20.541        
u_fp_domain/u_CORTEXM3INTEGRATION/u_cortexm3ds_logic/Ik2nz6_reg/C
                               u_fp_domain/u_CORTEXM3INTEGRATION/u_cortexm3ds_logic/Laa917_reg/CLR
                                                              20.541        
u_fp_domain/u_CORTEXM3INTEGRATION/u_cortexm3ds_logic/Ik2nz6_reg/C
                               u_fp_domain/u_CORTEXM3INTEGRATION/u_cortexm3ds_logic/Roa917_reg/CLR
                                                              20.541        
u_fp_domain/u_CORTEXM3INTEGRATION/u_cortexm3ds_logic/Ik2nz6_reg/C
                               u_fp_domain/u_CORTEXM3INTEGRATION/u_cortexm3ds_logic/Vla917_reg/CLR
                                                              20.541        
u_fp_domain/u_CORTEXM3INTEGRATION/u_cortexm3ds_logic/Ik2nz6_reg/C
                               u_fp_domain/u_CORTEXM3INTEGRATION/u_cortexm3ds_logic/Zia917_reg/CLR
                                                              20.541        
u_fp_domain/u_CORTEXM3INTEGRATION/u_cortexm3ds_logic/Ik2nz6_reg/C
                               u_fp_domain/u_CORTEXM3INTEGRATION/u_cortexm3ds_logic/Fulnz6_reg/CLR
                                                              20.542        
u_fp_domain/u_CORTEXM3INTEGRATION/u_cortexm3ds_logic/Ik2nz6_reg/C
                               u_fp_domain/u_CORTEXM3INTEGRATION/u_cortexm3ds_logic/R5ooz6_reg/CLR
                                                              20.542        
u_fp_domain/u_CORTEXM3INTEGRATION/u_cortexm3ds_logic/Ik2nz6_reg/C
                               u_fp_domain/u_CORTEXM3INTEGRATION/u_cortexm3ds_logic/J2lnz6_reg/CLR
                                                              20.542        
u_fp_domain/u_CORTEXM3INTEGRATION/u_cortexm3ds_logic/Ik2nz6_reg/C
                               u_fp_domain/u_CORTEXM3INTEGRATION/u_cortexm3ds_logic/Vo4oz6_reg/CLR
                                                              20.542        
u_fp_domain/u_CORTEXM3INTEGRATION/u_cortexm3ds_logic/Ik2nz6_reg/C
                               u_fp_domain/u_CORTEXM3INTEGRATION/u_cortexm3ds_logic/B2zf07_reg/CLR
                                                              20.543        
u_fp_domain/u_CORTEXM3INTEGRATION/u_cortexm3ds_logic/Ik2nz6_reg/C
                               u_fp_domain/u_CORTEXM3INTEGRATION/u_cortexm3ds_logic/Xeaoz6_reg/CLR
                                                              20.543        
u_fp_domain/u_CORTEXM3INTEGRATION/u_cortexm3ds_logic/Ik2nz6_reg/C
                               u_fp_domain/u_CORTEXM3INTEGRATION/u_cortexm3ds_logic/C0f917_reg/CLR
                                                              20.543        
u_fp_domain/u_CORTEXM3INTEGRATION/u_cortexm3ds_logic/Ik2nz6_reg/C
                               u_fp_domain/u_CORTEXM3INTEGRATION/u_cortexm3ds_logic/Rtd917_reg/CLR
                                                              20.543        
u_fp_domain/u_CORTEXM3INTEGRATION/u_cortexm3ds_logic/Ik2nz6_reg/C
                               u_fp_domain/u_CORTEXM3INTEGRATION/u_cortexm3ds_logic/Ag4oz6_reg/CLR
                                                              20.543        
u_fp_domain/u_CORTEXM3INTEGRATION/u_cortexm3ds_logic/Ik2nz6_reg/C
                               u_fp_domain/u_CORTEXM3INTEGRATION/u_cortexm3ds_logic/Ce4oz6_reg/CLR
                                                              20.543        
u_fp_domain/u_CORTEXM3INTEGRATION/u_cortexm3ds_logic/Ik2nz6_reg/C
                               u_fp_domain/u_CORTEXM3INTEGRATION/u_cortexm3ds_logic/Bcaoz6_reg/CLR
                                                              20.544        
u_fp_domain/u_CORTEXM3INTEGRATION/u_cortexm3ds_logic/Ik2nz6_reg/C
                               u_fp_domain/u_CORTEXM3INTEGRATION/u_cortexm3ds_logic/Pk1oz6_reg/CLR
                                                              20.544        
u_fp_domain/u_CORTEXM3INTEGRATION/u_cortexm3ds_logic/Ik2nz6_reg/C
                               u_fp_domain/u_CORTEXM3INTEGRATION/u_cortexm3ds_logic/S3ooz6_reg/CLR
                                                              20.544        
u_fp_domain/u_CORTEXM3INTEGRATION/u_cortexm3ds_logic/Ik2nz6_reg/C
                               u_fp_domain/u_CORTEXM3INTEGRATION/u_cortexm3ds_logic/Sj3107_reg/CLR
                                                              20.544        
u_fp_domain/u_CORTEXM3INTEGRATION/u_cortexm3ds_logic/Ik2nz6_reg/C
                               u_fp_domain/u_CORTEXM3INTEGRATION/u_cortexm3ds_logic/Ugsm17_reg/CLR
                                                              20.544        
u_fp_domain/u_CORTEXM3INTEGRATION/u_cortexm3ds_logic/Ik2nz6_reg/C
                               u_fp_domain/u_CORTEXM3INTEGRATION/u_cortexm3ds_logic/Bl7u07_reg/CLR
                                                              20.544        
u_fp_domain/u_CORTEXM3INTEGRATION/u_cortexm3ds_logic/Ik2nz6_reg/C
                               u_fp_domain/u_CORTEXM3INTEGRATION/u_cortexm3ds_logic/Mp7u07_reg/CLR
                                                              20.544        
u_fp_domain/u_CORTEXM3INTEGRATION/u_cortexm3ds_logic/Ik2nz6_reg/C
                               u_fp_domain/u_CORTEXM3INTEGRATION/u_cortexm3ds_logic/Qg7u07_reg/CLR
                                                              20.544        
u_fp_domain/u_CORTEXM3INTEGRATION/u_cortexm3ds_logic/Ik2nz6_reg/C
                               u_fp_domain/u_CORTEXM3INTEGRATION/u_cortexm3ds_logic/Ag9u07_reg/CLR
                                                              20.544        
u_fp_domain/u_CORTEXM3INTEGRATION/u_cortexm3ds_logic/Ik2nz6_reg/C
                               u_fp_domain/u_CORTEXM3INTEGRATION/u_cortexm3ds_logic/Ap9u07_reg/CLR
                                                              20.544        
u_fp_domain/u_CORTEXM3INTEGRATION/u_cortexm3ds_logic/Ik2nz6_reg/C
                               u_fp_domain/u_CORTEXM3INTEGRATION/u_cortexm3ds_logic/Nb9u07_reg/CLR
                                                              20.544        
u_fp_domain/u_CORTEXM3INTEGRATION/u_cortexm3ds_logic/Ik2nz6_reg/C
                               u_fp_domain/u_CORTEXM3INTEGRATION/u_cortexm3ds_logic/Nk9u07_reg/CLR
                                                              20.544        
u_fp_domain/u_CORTEXM3INTEGRATION/u_cortexm3ds_logic/Ik2nz6_reg/C
                               u_fp_domain/u_CORTEXM3INTEGRATION/u_cortexm3ds_logic/Agau07_reg/CLR
                                                              20.544        
u_fp_domain/u_CORTEXM3INTEGRATION/u_cortexm3ds_logic/Ik2nz6_reg/C
                               u_fp_domain/u_CORTEXM3INTEGRATION/u_cortexm3ds_logic/Apau07_reg/CLR
                                                              20.544        
u_fp_domain/u_CORTEXM3INTEGRATION/u_cortexm3ds_logic/Ik2nz6_reg/C
                               u_fp_domain/u_CORTEXM3INTEGRATION/u_cortexm3ds_logic/Nbau07_reg/CLR
                                                              20.544        
u_fp_domain/u_CORTEXM3INTEGRATION/u_cortexm3ds_logic/Ik2nz6_reg/C
                               u_fp_domain/u_CORTEXM3INTEGRATION/u_cortexm3ds_logic/Nkau07_reg/CLR
                                                              20.544        
u_fp_domain/u_CORTEXM3INTEGRATION/u_cortexm3ds_logic/Ik2nz6_reg/C
                               u_fp_domain/u_CORTEXM3INTEGRATION/u_cortexm3ds_logic/Jte917_reg/CLR
                                                              20.548        
u_fp_domain/u_CORTEXM3INTEGRATION/u_cortexm3ds_logic/Ik2nz6_reg/C
                               u_fp_domain/u_CORTEXM3INTEGRATION/u_cortexm3ds_logic/Kj7107_reg/CLR
                                                              20.549        
u_fp_domain/u_CORTEXM3INTEGRATION/u_cortexm3ds_logic/Ik2nz6_reg/C
                               u_fp_domain/u_CORTEXM3INTEGRATION/u_cortexm3ds_logic/Dh7107_reg/CLR
                                                              20.549        
u_fp_domain/u_CORTEXM3INTEGRATION/u_cortexm3ds_logic/Ik2nz6_reg/C
                               u_fp_domain/u_CORTEXM3INTEGRATION/u_cortexm3ds_logic/Zs6g07_reg/CLR
                                                              20.549        
u_fp_domain/u_CORTEXM3INTEGRATION/u_cortexm3ds_logic/Ik2nz6_reg/C
                               u_fp_domain/u_CORTEXM3INTEGRATION/u_cortexm3ds_logic/Akgu07_reg/CLR
                                                              20.549        
u_fp_domain/u_CORTEXM3INTEGRATION/u_cortexm3ds_logic/Ik2nz6_reg/C
                               u_fp_domain/u_CORTEXM3INTEGRATION/u_cortexm3ds_logic/G3rnz6_reg/CLR
                                                              20.549        
u_fp_domain/u_CORTEXM3INTEGRATION/u_cortexm3ds_logic/Ik2nz6_reg/C
                               u_fp_domain/u_CORTEXM3INTEGRATION/u_cortexm3ds_logic/I8zf07_reg/CLR
                                                              20.549        
u_fp_domain/u_CORTEXM3INTEGRATION/u_cortexm3ds_logic/Ik2nz6_reg/C
                               u_fp_domain/u_CORTEXM3INTEGRATION/u_cortexm3ds_logic/Imgu07_reg/CLR
                                                              20.549        
u_fp_domain/u_CORTEXM3INTEGRATION/u_cortexm3ds_logic/Ik2nz6_reg/C
                               u_fp_domain/u_CORTEXM3INTEGRATION/u_cortexm3ds_logic/Nazf07_reg/CLR
                                                              20.549        
u_fp_domain/u_CORTEXM3INTEGRATION/u_cortexm3ds_logic/Ik2nz6_reg/C
                               u_fp_domain/u_CORTEXM3INTEGRATION/u_cortexm3ds_logic/E78u07_reg/CLR
                                                              20.549        
u_fp_domain/u_CORTEXM3INTEGRATION/u_cortexm3ds_logic/Ik2nz6_reg/C
                               u_fp_domain/u_CORTEXM3INTEGRATION/u_cortexm3ds_logic/Iy7u07_reg/CLR
                                                              20.549        
u_fp_domain/u_CORTEXM3INTEGRATION/u_cortexm3ds_logic/Ik2nz6_reg/C
                               u_fp_domain/u_CORTEXM3INTEGRATION/u_cortexm3ds_logic/T28u07_reg/CLR
                                                              20.549        
u_fp_domain/u_CORTEXM3INTEGRATION/u_cortexm3ds_logic/Ik2nz6_reg/C
                               u_fp_domain/u_CORTEXM3INTEGRATION/u_cortexm3ds_logic/Xt7u07_reg/CLR
                                                              20.549        
u_fp_domain/u_CORTEXM3INTEGRATION/u_cortexm3ds_logic/Ik2nz6_reg/C
                               u_fp_domain/u_CORTEXM3INTEGRATION/u_cortexm3ds_logic/A7au07_reg/CLR
                                                              20.549        
u_fp_domain/u_CORTEXM3INTEGRATION/u_cortexm3ds_logic/Ik2nz6_reg/C
                               u_fp_domain/u_CORTEXM3INTEGRATION/u_cortexm3ds_logic/Ay9u07_reg/CLR
                                                              20.549        
u_fp_domain/u_CORTEXM3INTEGRATION/u_cortexm3ds_logic/Ik2nz6_reg/C
                               u_fp_domain/u_CORTEXM3INTEGRATION/u_cortexm3ds_logic/N2au07_reg/CLR
                                                              20.549        
u_fp_domain/u_CORTEXM3INTEGRATION/u_cortexm3ds_logic/Ik2nz6_reg/C
                               u_fp_domain/u_CORTEXM3INTEGRATION/u_cortexm3ds_logic/Nt9u07_reg/CLR
                                                              20.549        
u_fp_domain/u_CORTEXM3INTEGRATION/u_cortexm3ds_logic/Ik2nz6_reg/C
                               u_fp_domain/u_CORTEXM3INTEGRATION/u_cortexm3ds_logic/Ayau07_reg/CLR
                                                              20.549        
u_fp_domain/u_CORTEXM3INTEGRATION/u_cortexm3ds_logic/Ik2nz6_reg/C
                               u_fp_domain/u_CORTEXM3INTEGRATION/u_cortexm3ds_logic/N2bu07_reg/CLR
                                                              20.549        
u_fp_domain/u_CORTEXM3INTEGRATION/u_cortexm3ds_logic/Ik2nz6_reg/C
                               u_fp_domain/u_CORTEXM3INTEGRATION/u_cortexm3ds_logic/Ntau07_reg/CLR
                                                              20.549        
u_fp_domain/u_CORTEXM3INTEGRATION/u_cortexm3ds_logic/Ik2nz6_reg/C
                               u_fp_domain/u_CORTEXM3INTEGRATION/u_cortexm3ds_logic/Lqwf07_reg/CLR
                                                              20.550        
u_fp_domain/u_CORTEXM3INTEGRATION/u_cortexm3ds_logic/Ik2nz6_reg/C
                               u_fp_domain/u_CORTEXM3INTEGRATION/u_cortexm3ds_logic/Dbgzz6_reg/CLR
                                                              20.550        
u_fp_domain/u_CORTEXM3INTEGRATION/u_cortexm3ds_logic/Ik2nz6_reg/C
                               u_fp_domain/u_CORTEXM3INTEGRATION/u_cortexm3ds_logic/Degzz6_reg/CLR
                                                              20.550        
u_fp_domain/u_CORTEXM3INTEGRATION/u_cortexm3ds_logic/Ik2nz6_reg/C
                               u_fp_domain/u_CORTEXM3INTEGRATION/u_cortexm3ds_logic/Ovcg07_reg/CLR
                                                              20.550        
u_fp_domain/u_CORTEXM3INTEGRATION/u_cortexm3ds_logic/Ik2nz6_reg/C
                               u_fp_domain/u_CORTEXM3INTEGRATION/u_cortexm3ds_logic/Lj6a17_reg/CLR
                                                              20.550        
u_fp_domain/u_CORTEXM3INTEGRATION/u_cortexm3ds_logic/Ik2nz6_reg/C
                               u_fp_domain/u_CORTEXM3INTEGRATION/u_cortexm3ds_logic/Lty917_reg/CLR
                                                              20.550        
u_fp_domain/u_CORTEXM3INTEGRATION/u_cortexm3ds_logic/Ik2nz6_reg/C
                               u_fp_domain/u_CORTEXM3INTEGRATION/u_cortexm3ds_logic/Gmqg07_reg/CLR
                                                              20.550        
u_fp_domain/u_CORTEXM3INTEGRATION/u_cortexm3ds_logic/Ik2nz6_reg/C
                               u_fp_domain/u_CORTEXM3INTEGRATION/u_cortexm3ds_logic/Bijnz6_reg/CLR
                                                              20.550        
u_fp_domain/u_CORTEXM3INTEGRATION/u_cortexm3ds_logic/Ik2nz6_reg/C
                               u_fp_domain/u_CORTEXM3INTEGRATION/u_cortexm3ds_logic/Biqg07_reg/CLR
                                                              20.550        
u_fp_domain/u_CORTEXM3INTEGRATION/u_cortexm3ds_logic/Ik2nz6_reg/C
                               u_fp_domain/u_CORTEXM3INTEGRATION/u_cortexm3ds_logic/Cd3nz6_reg/CLR
                                                              20.550        
u_fp_domain/u_CORTEXM3INTEGRATION/u_cortexm3ds_logic/Ik2nz6_reg/C
                               u_fp_domain/u_CORTEXM3INTEGRATION/u_cortexm3ds_logic/Cqgg07_reg/CLR
                                                              20.550        
u_fp_domain/u_CORTEXM3INTEGRATION/u_cortexm3ds_logic/Ik2nz6_reg/C
                               u_fp_domain/u_CORTEXM3INTEGRATION/u_cortexm3ds_logic/Smvnz6_reg/CLR
                                                              20.550        
u_fp_domain/u_CORTEXM3INTEGRATION/u_cortexm3ds_logic/Ik2nz6_reg/C
                               u_fp_domain/u_CORTEXM3INTEGRATION/u_cortexm3ds_logic/Av9917_reg/CLR
                                                              20.550        
u_fp_domain/u_CORTEXM3INTEGRATION/u_cortexm3ds_logic/Ik2nz6_reg/C
                               u_fp_domain/u_CORTEXM3INTEGRATION/u_cortexm3ds_logic/Ejja17_reg/CLR
                                                              20.550        
u_fp_domain/u_CORTEXM3INTEGRATION/u_cortexm3ds_logic/Ik2nz6_reg/C
                               u_fp_domain/u_CORTEXM3INTEGRATION/u_cortexm3ds_logic/Rovnz6_reg/CLR
                                                              20.550        
u_fp_domain/u_CORTEXM3INTEGRATION/u_cortexm3ds_logic/Ik2nz6_reg/C
                               u_fp_domain/u_CORTEXM3INTEGRATION/u_cortexm3ds_logic/Vc2oz6_reg/CLR
                                                              20.550        
u_fp_domain/u_CORTEXM3INTEGRATION/u_cortexm3ds_logic/Ik2nz6_reg/C
                               u_fp_domain/u_CORTEXM3INTEGRATION/u_cortexm3ds_logic/Emph07_reg/CLR
                                                              20.550        
u_fp_domain/u_CORTEXM3INTEGRATION/u_cortexm3ds_logic/Ik2nz6_reg/C
                               u_fp_domain/u_CORTEXM3INTEGRATION/u_cortexm3ds_logic/N3jnz6_reg/CLR
                                                              20.550        
u_fp_domain/u_CORTEXM3INTEGRATION/u_cortexm3ds_logic/Ik2nz6_reg/C
                               u_fp_domain/u_CORTEXM3INTEGRATION/u_cortexm3ds_logic/T6ph07_reg/CLR
                                                              20.550        
u_fp_domain/u_CORTEXM3INTEGRATION/u_cortexm3ds_logic/Ik2nz6_reg/C
                               u_fp_domain/u_CORTEXM3INTEGRATION/u_cortexm3ds_logic/Br6107_reg/CLR
                                                              20.550        
u_fp_domain/u_CORTEXM3INTEGRATION/u_cortexm3ds_logic/Ik2nz6_reg/C
                               u_fp_domain/u_CORTEXM3INTEGRATION/u_cortexm3ds_logic/Jwboz6_reg/CLR
                                                              20.550        
u_fp_domain/u_CORTEXM3INTEGRATION/u_cortexm3ds_logic/Ik2nz6_reg/C
                               u_fp_domain/u_CORTEXM3INTEGRATION/u_cortexm3ds_logic/Zn6107_reg/CLR
                                                              20.550        
u_fp_domain/u_CORTEXM3INTEGRATION/u_cortexm3ds_logic/Ik2nz6_reg/C
                               u_fp_domain/u_CORTEXM3INTEGRATION/u_cortexm3ds_logic/Gqrg07_reg/CLR
                                                              20.550        
u_fp_domain/u_CORTEXM3INTEGRATION/u_cortexm3ds_logic/Ik2nz6_reg/C
                               u_fp_domain/u_CORTEXM3INTEGRATION/u_cortexm3ds_logic/Hhsnz6_reg/CLR
                                                              20.550        
u_fp_domain/u_CORTEXM3INTEGRATION/u_cortexm3ds_logic/Ik2nz6_reg/C
                               u_fp_domain/u_CORTEXM3INTEGRATION/u_cortexm3ds_logic/Kurg07_reg/CLR
                                                              20.550        
u_fp_domain/u_CORTEXM3INTEGRATION/u_cortexm3ds_logic/Ik2nz6_reg/C
                               u_fp_domain/u_CORTEXM3INTEGRATION/u_cortexm3ds_logic/Mwrg07_reg/CLR
                                                              20.550        
u_fp_domain/u_CORTEXM3INTEGRATION/u_cortexm3ds_logic/Ik2nz6_reg/C
                               u_fp_domain/u_CORTEXM3INTEGRATION/u_cortexm3ds_logic/T50oz6_reg/CLR
                                                              20.550        
u_fp_domain/u_CORTEXM3INTEGRATION/u_cortexm3ds_logic/Ik2nz6_reg/C
                               u_fp_domain/u_CORTEXM3INTEGRATION/u_cortexm3ds_logic/Wfrg07_reg/CLR
                                                              20.550        
u_fp_domain/u_CORTEXM3INTEGRATION/u_cortexm3ds_logic/Ik2nz6_reg/C
                               u_fp_domain/u_CORTEXM3INTEGRATION/u_cortexm3ds_logic/Bkf917_reg/CLR
                                                              20.550        
u_fp_domain/u_CORTEXM3INTEGRATION/u_cortexm3ds_logic/Ik2nz6_reg/C
                               u_fp_domain/u_CORTEXM3INTEGRATION/u_cortexm3ds_logic/Ndgu07_reg/CLR
                                                              20.550        
u_fp_domain/u_CORTEXM3INTEGRATION/u_cortexm3ds_logic/Ik2nz6_reg/C
                               u_fp_domain/u_CORTEXM3INTEGRATION/u_cortexm3ds_logic/R87g07_reg/CLR
                                                              20.550        
u_fp_domain/u_CORTEXM3INTEGRATION/u_cortexm3ds_logic/Ik2nz6_reg/C
                               u_fp_domain/u_CORTEXM3INTEGRATION/u_cortexm3ds_logic/Tb7g07_reg/CLR
                                                              20.550        
u_fp_domain/u_CORTEXM3INTEGRATION/u_cortexm3ds_logic/Ik2nz6_reg/C
                               u_fp_domain/u_CORTEXM3INTEGRATION/u_cortexm3ds_logic/Mhb917_reg/CLR
                                                              20.551        
u_fp_domain/u_CORTEXM3INTEGRATION/u_cortexm3ds_logic/Ik2nz6_reg/C
                               u_fp_domain/u_CORTEXM3INTEGRATION/u_cortexm3ds_logic/Tfc917_reg/CLR
                                                              20.551        
u_fp_domain/u_CORTEXM3INTEGRATION/u_cortexm3ds_logic/Ik2nz6_reg/C
                               u_fp_domain/u_CORTEXM3INTEGRATION/u_cortexm3ds_logic/H9c917_reg/CLR
                                                              20.551        
u_fp_domain/u_CORTEXM3INTEGRATION/u_cortexm3ds_logic/Ik2nz6_reg/C
                               u_fp_domain/u_CORTEXM3INTEGRATION/u_cortexm3ds_logic/Jwb917_reg/CLR
                                                              20.551        
u_fp_domain/u_CORTEXM3INTEGRATION/u_cortexm3ds_logic/Ik2nz6_reg/C
                               u_fp_domain/u_CORTEXM3INTEGRATION/u_cortexm3ds_logic/R0c917_reg/CLR
                                                              20.551        
u_fp_domain/u_CORTEXM3INTEGRATION/u_cortexm3ds_logic/Ik2nz6_reg/C
                               u_fp_domain/u_CORTEXM3INTEGRATION/u_cortexm3ds_logic/V2c917_reg/CLR
                                                              20.551        
u_fp_domain/u_CORTEXM3INTEGRATION/u_cortexm3ds_logic/Ik2nz6_reg/C
                               u_fp_domain/u_CORTEXM3INTEGRATION/u_cortexm3ds_logic/Ag8u07_reg/CLR
                                                              20.551        
u_fp_domain/u_CORTEXM3INTEGRATION/u_cortexm3ds_logic/Ik2nz6_reg/C
                               u_fp_domain/u_CORTEXM3INTEGRATION/u_cortexm3ds_logic/Ap8u07_reg/CLR
                                                              20.551        
u_fp_domain/u_CORTEXM3INTEGRATION/u_cortexm3ds_logic/Ik2nz6_reg/C
                               u_fp_domain/u_CORTEXM3INTEGRATION/u_cortexm3ds_logic/Nk8u07_reg/CLR
                                                              20.551        
u_fp_domain/u_CORTEXM3INTEGRATION/u_cortexm3ds_logic/Ik2nz6_reg/C
                               u_fp_domain/u_CORTEXM3INTEGRATION/u_cortexm3ds_logic/Pb8u07_reg/CLR
                                                              20.551        
u_fp_domain/u_CORTEXM3INTEGRATION/u_cortexm3ds_logic/Ik2nz6_reg/C
                               u_fp_domain/u_CORTEXM3INTEGRATION/u_cortexm3ds_logic/O8rnz6_reg/CLR
                                                              20.551        
u_fp_domain/u_CORTEXM3INTEGRATION/u_cortexm3ds_logic/Ik2nz6_reg/C
                               u_fp_domain/u_CORTEXM3INTEGRATION/u_cortexm3ds_logic/Kipa17_reg/CLR
                                                              20.552        
u_fp_domain/u_CORTEXM3INTEGRATION/u_cortexm3ds_logic/Ik2nz6_reg/C
                               u_fp_domain/u_CORTEXM3INTEGRATION/u_cortexm3ds_logic/Tcmoz6_reg/CLR
                                                              20.552        
u_fp_domain/u_CORTEXM3INTEGRATION/u_cortexm3ds_logic/Ik2nz6_reg/C
                               u_fp_domain/u_CORTEXM3INTEGRATION/u_cortexm3ds_logic/U2xg07_reg/CLR
                                                              20.552        
u_fp_domain/u_CORTEXM3INTEGRATION/u_cortexm3ds_logic/Ik2nz6_reg/C
                               u_fp_domain/u_CORTEXM3INTEGRATION/u_cortexm3ds_logic/V2ha17_reg/CLR
                                                              20.552        
u_fp_domain/u_CORTEXM3INTEGRATION/u_cortexm3ds_logic/Ik2nz6_reg/C
                               u_fp_domain/u_CORTEXM3INTEGRATION/u_cortexm3ds_logic/Ztjnz6_reg/CLR
                                                              20.552        
u_fp_domain/u_CORTEXM3INTEGRATION/u_cortexm3ds_logic/Ik2nz6_reg/C
                               u_fp_domain/u_CORTEXM3INTEGRATION/u_cortexm3ds_logic/Bjhnz6_reg/CLR
                                                              20.552        
u_fp_domain/u_CORTEXM3INTEGRATION/u_cortexm3ds_logic/Ik2nz6_reg/C
                               u_fp_domain/u_CORTEXM3INTEGRATION/u_cortexm3ds_logic/Arlnz6_reg/CLR
                                                              20.552        
u_fp_domain/u_CORTEXM3INTEGRATION/u_cortexm3ds_logic/Ik2nz6_reg/C
                               u_fp_domain/u_CORTEXM3INTEGRATION/u_cortexm3ds_logic/D36u07_reg/CLR
                                                              20.552        
u_fp_domain/u_CORTEXM3INTEGRATION/u_cortexm3ds_logic/Ik2nz6_reg/C
                               u_fp_domain/u_CORTEXM3INTEGRATION/u_cortexm3ds_logic/Ng9917_reg/CLR
                                                              20.552        
u_fp_domain/u_CORTEXM3INTEGRATION/u_cortexm3ds_logic/Ik2nz6_reg/C
                               u_fp_domain/u_CORTEXM3INTEGRATION/u_cortexm3ds_logic/Pcim17_reg/CLR
                                                              20.552        
u_fp_domain/u_CORTEXM3INTEGRATION/u_cortexm3ds_logic/Ik2nz6_reg/C
                               u_fp_domain/u_CORTEXM3INTEGRATION/u_cortexm3ds_logic/Rp6u07_reg/CLR
                                                              20.552        
u_fp_domain/u_CORTEXM3INTEGRATION/u_cortexm3ds_logic/Ik2nz6_reg/C
                               u_fp_domain/u_CORTEXM3INTEGRATION/u_cortexm3ds_logic/S2y917_reg/CLR
                                                              20.552        
u_fp_domain/u_CORTEXM3INTEGRATION/u_cortexm3ds_logic/Ik2nz6_reg/C
                               u_fp_domain/u_CORTEXM3INTEGRATION/u_cortexm3ds_logic/Ywjm17_reg/CLR
                                                              20.552        
u_fp_domain/u_CORTEXM3INTEGRATION/u_cortexm3ds_logic/Ik2nz6_reg/C
                               u_fp_domain/u_CORTEXM3INTEGRATION/u_cortexm3ds_logic/Jz6u07_reg/CLR
                                                              20.552        
u_fp_domain/u_CORTEXM3INTEGRATION/u_cortexm3ds_logic/Ik2nz6_reg/C
                               u_fp_domain/u_CORTEXM3INTEGRATION/u_cortexm3ds_logic/Tuhnz6_reg/CLR
                                                              20.552        
u_fp_domain/u_CORTEXM3INTEGRATION/u_cortexm3ds_logic/Ik2nz6_reg/C
                               u_fp_domain/u_CORTEXM3INTEGRATION/u_cortexm3ds_logic/V57u07_reg/CLR
                                                              20.552        
u_fp_domain/u_CORTEXM3INTEGRATION/u_cortexm3ds_logic/Ik2nz6_reg/C
                               u_fp_domain/u_CORTEXM3INTEGRATION/u_cortexm3ds_logic/Wjmnz6_reg/CLR
                                                              20.552        
u_fp_domain/u_CORTEXM3INTEGRATION/u_cortexm3ds_logic/Ik2nz6_reg/C
                               u_fp_domain/u_CORTEXM3INTEGRATION/u_cortexm3ds_logic/X05b17_reg/CLR
                                                              20.552        
u_fp_domain/u_CORTEXM3INTEGRATION/u_cortexm3ds_logic/Ik2nz6_reg/C
                               u_fp_domain/u_CORTEXM3INTEGRATION/u_cortexm3ds_logic/Xs6u07_reg/CLR
                                                              20.552        
u_fp_domain/u_CORTEXM3INTEGRATION/u_cortexm3ds_logic/Ik2nz6_reg/C
                               u_fp_domain/u_CORTEXM3INTEGRATION/u_cortexm3ds_logic/Dw6u07_reg/CLR
                                                              20.552        
u_fp_domain/u_CORTEXM3INTEGRATION/u_cortexm3ds_logic/Ik2nz6_reg/C
                               u_fp_domain/u_CORTEXM3INTEGRATION/u_cortexm3ds_logic/W3nm17_reg/CLR
                                                              20.553        
u_fp_domain/u_CORTEXM3INTEGRATION/u_cortexm3ds_logic/Ik2nz6_reg/C
                               u_fp_domain/u_CORTEXM3INTEGRATION/u_cortexm3ds_logic/Xomm17_reg/CLR
                                                              20.553        
u_fp_domain/u_CORTEXM3INTEGRATION/u_cortexm3ds_logic/Ik2nz6_reg/C
                               u_fp_domain/u_CORTEXM3INTEGRATION/u_cortexm3ds_logic/Jxpm17_reg/CLR
                                                              20.553        
u_fp_domain/u_CORTEXM3INTEGRATION/u_cortexm3ds_logic/Nrdoz6_reg/C
                               u_fp_domain/u_CORTEXM3INTEGRATION/u_cortexm3ds_logic/Zry917_reg/D
                                                              98.518        
u_fp_domain/u_CORTEXM3INTEGRATION/u_cortexm3ds_logic/Bodoz6_reg/C
                               u_fp_domain/u_CORTEXM3INTEGRATION/u_cortexm3ds_logic/Zudoz6_reg/D
                                                              98.781        
u_fp_domain/u_CORTEXM3INTEGRATION/u_cortexm3ds_logic/H9doz6_reg/C
                               u_fp_domain/u_CORTEXM3INTEGRATION/u_cortexm3ds_logic/B6czz6_reg/D
                                                              194.608       
u_fp_domain/u_CORTEXM3INTEGRATION/u_cortexm3ds_logic/H9doz6_reg/C
                               u_fp_domain/u_CORTEXM3INTEGRATION/u_cortexm3ds_logic/X7dzz6_reg/D
                                                              194.614       
u_fp_domain/u_CORTEXM3INTEGRATION/u_cortexm3ds_logic/H9doz6_reg/C
                               u_fp_domain/u_CORTEXM3INTEGRATION/u_cortexm3ds_logic/Toezz6_reg/D
                                                              194.619       
u_fp_domain/u_CORTEXM3INTEGRATION/u_cortexm3ds_logic/H9doz6_reg/C
                               u_fp_domain/u_CORTEXM3INTEGRATION/u_cortexm3ds_logic/Fjbzz6_reg/D
                                                              194.621       
u_fp_domain/u_CORTEXM3INTEGRATION/u_cortexm3ds_logic/H9doz6_reg/C
                               u_fp_domain/u_CORTEXM3INTEGRATION/u_cortexm3ds_logic/T9ezz6_reg/D
                                                              194.622       
u_fp_domain/u_CORTEXM3INTEGRATION/u_cortexm3ds_logic/H9doz6_reg/C
                               u_fp_domain/u_CORTEXM3INTEGRATION/u_cortexm3ds_logic/Oygoz6_reg/CE
                                                              194.631       
u_fp_domain/u_CORTEXM3INTEGRATION/u_cortexm3ds_logic/H9doz6_reg/C
                               u_fp_domain/u_CORTEXM3INTEGRATION/u_cortexm3ds_logic/Xmdzz6_reg/D
                                                              194.632       
u_fp_domain/u_CORTEXM3INTEGRATION/u_cortexm3ds_logic/H9doz6_reg/C
                               u_fp_domain/u_CORTEXM3INTEGRATION/u_cortexm3ds_logic/Dqooz6_reg/CE
                                                              194.665       
u_fp_domain/u_CORTEXM3INTEGRATION/u_cortexm3ds_logic/H9doz6_reg/C
                               u_fp_domain/u_CORTEXM3INTEGRATION/u_cortexm3ds_logic/Ctgoz6_reg/D
                                                              194.689       
u_fp_domain/u_CORTEXM3INTEGRATION/u_cortexm3ds_logic/H9doz6_reg/C
                               u_fp_domain/u_CORTEXM3INTEGRATION/u_cortexm3ds_logic/F4bzz6_reg/D
                                                              194.714       
u_fp_domain/u_CORTEXM3INTEGRATION/u_cortexm3ds_logic/H9doz6_reg/C
                               u_fp_domain/u_CORTEXM3INTEGRATION/u_cortexm3ds_logic/Qi1g07_reg/CE
                                                              194.728       
u_fp_domain/u_CORTEXM3INTEGRATION/u_cortexm3ds_logic/H9doz6_reg/C
                               u_fp_domain/u_CORTEXM3INTEGRATION/u_cortexm3ds_logic/Blczz6_reg/D
                                                              194.744       
u_fp_domain/u_CORTEXM3INTEGRATION/u_cortexm3ds_logic/H9doz6_reg/C
                               u_fp_domain/u_CORTEXM3INTEGRATION/u_cortexm3ds_logic/Z2toz6_reg/D
                                                              194.882       
u_fp_domain/u_CORTEXM3INTEGRATION/u_cortexm3ds_logic/H9doz6_reg/C
                               u_fp_domain/u_CORTEXM3INTEGRATION/u_cortexm3ds_logic/Jhazz6_reg/D
                                                              194.928       
u_fp_domain/u_CORTEXM3INTEGRATION/u_cortexm3ds_logic/H9doz6_reg/C
                               u_fp_domain/u_CORTEXM3INTEGRATION/u_cortexm3ds_logic/Xrcoz6_reg/D
                                                              194.929       
u_fp_domain/u_CORTEXM3INTEGRATION/u_cortexm3ds_logic/H9doz6_reg/C
                               u_fp_domain/u_CORTEXM3INTEGRATION/u_cortexm3ds_logic/Efpoz6_reg/CE
                                                              195.042       
u_fp_domain/u_CORTEXM3INTEGRATION/u_cortexm3ds_logic/H9doz6_reg/C
                               u_fp_domain/u_CORTEXM3INTEGRATION/u_cortexm3ds_logic/Eanoz6_reg/CE
                                                              195.046       
u_fp_domain/u_CORTEXM3INTEGRATION/u_cortexm3ds_logic/H9doz6_reg/C
                               u_fp_domain/u_CORTEXM3INTEGRATION/u_cortexm3ds_logic/Veeoz6_reg/CE
                                                              195.046       
u_fp_domain/u_CORTEXM3INTEGRATION/u_cortexm3ds_logic/H9doz6_reg/C
                               u_fp_domain/u_CORTEXM3INTEGRATION/u_cortexm3ds_logic/Bzsoz6_reg/CE
                                                              195.051       
u_fp_domain/u_CORTEXM3INTEGRATION/u_cortexm3ds_logic/H9doz6_reg/C
                               u_fp_domain/u_CORTEXM3INTEGRATION/u_cortexm3ds_logic/Pg1g07_reg/CE
                                                              195.051       
u_fp_domain/u_CORTEXM3INTEGRATION/u_cortexm3ds_logic/H9doz6_reg/C
                               u_fp_domain/u_CORTEXM3INTEGRATION/u_cortexm3ds_logic/Imhoz6_reg/CE
                                                              195.150       
u_fp_domain/u_CORTEXM3INTEGRATION/u_cortexm3ds_logic/H9doz6_reg/C
                               u_fp_domain/u_CORTEXM3INTEGRATION/u_cortexm3ds_logic/S3pzz6_reg/CE
                                                              195.150       
u_fp_domain/u_CORTEXM3INTEGRATION/u_cortexm3ds_logic/H9doz6_reg/C
                               u_fp_domain/u_CORTEXM3INTEGRATION/u_cortexm3ds_logic/Hjuzz6_reg/CE
                                                              195.207       
u_fp_domain/u_CORTEXM3INTEGRATION/u_cortexm3ds_logic/H9doz6_reg/C
                               u_fp_domain/u_CORTEXM3INTEGRATION/u_cortexm3ds_logic/Ohhoz6_reg/CE
                                                              195.207       
u_fp_domain/u_CORTEXM3INTEGRATION/u_cortexm3ds_logic/H9doz6_reg/C
                               u_fp_domain/u_CORTEXM3INTEGRATION/u_cortexm3ds_logic/Ukhoz6_reg/CE
                                                              195.207       
u_fp_domain/u_CORTEXM3INTEGRATION/u_cortexm3ds_logic/H9doz6_reg/C
                               u_fp_domain/u_CORTEXM3INTEGRATION/u_cortexm3ds_logic/E2pzz6_reg/CE
                                                              195.213       
u_fp_domain/u_CORTEXM3INTEGRATION/u_cortexm3ds_logic/H9doz6_reg/C
                               u_fp_domain/u_CORTEXM3INTEGRATION/u_cortexm3ds_logic/L5pzz6_reg/CE
                                                              195.213       
u_fp_domain/u_CORTEXM3INTEGRATION/u_cortexm3ds_logic/H9doz6_reg/C
                               u_fp_domain/u_CORTEXM3INTEGRATION/u_cortexm3ds_logic/Poooz6_reg/CE
                                                              195.213       
u_fp_domain/u_CORTEXM3INTEGRATION/u_cortexm3ds_logic/H9doz6_reg/C
                               u_fp_domain/u_CORTEXM3INTEGRATION/u_cortexm3ds_logic/Xz1g07_reg/CE
                                                              195.213       
u_fp_domain/u_CORTEXM3INTEGRATION/u_cortexm3ds_logic/H9doz6_reg/C
                               u_fp_domain/u_CORTEXM3INTEGRATION/u_cortexm3ds_logic/Vqszz6_reg/CE
                                                              195.229       
u_fp_domain/u_CORTEXM3INTEGRATION/u_cortexm3ds_logic/H9doz6_reg/C
                               u_fp_domain/u_CORTEXM3INTEGRATION/u_cortexm3ds_logic/Jehoz6_reg/CE
                                                              195.262       
u_fp_domain/u_CORTEXM3INTEGRATION/u_cortexm3ds_logic/H9doz6_reg/C
                               u_fp_domain/u_CORTEXM3INTEGRATION/u_cortexm3ds_logic/N6izz6_reg/CE
                                                              195.290       
u_fp_domain/u_CORTEXM3INTEGRATION/u_cortexm3ds_logic/H9doz6_reg/C
                               u_fp_domain/u_CORTEXM3INTEGRATION/u_cortexm3ds_logic/Gwqzz6_reg/CE
                                                              195.304       
u_fp_domain/u_CORTEXM3INTEGRATION/u_cortexm3ds_logic/H9doz6_reg/C
                               u_fp_domain/u_CORTEXM3INTEGRATION/u_cortexm3ds_logic/Ubroz6_reg/CE
                                                              195.369       
u_fp_domain/u_CORTEXM3INTEGRATION/u_cortexm3ds_logic/H9doz6_reg/C
                               u_fp_domain/u_CORTEXM3INTEGRATION/u_cortexm3ds_logic/Rk1g07_reg/CE
                                                              195.373       
u_fp_domain/u_CORTEXM3INTEGRATION/u_cortexm3ds_logic/H9doz6_reg/C
                               u_fp_domain/u_CORTEXM3INTEGRATION/u_cortexm3ds_logic/Quqzz6_reg/CE
                                                              195.573       
u_fp_domain/u_CORTEXM3INTEGRATION/u_cortexm3ds_logic/H9doz6_reg/C
                               u_fp_domain/u_CORTEXM3INTEGRATION/u_cortexm3ds_logic/U0roz6_reg/CE
                                                              195.573       
u_fp_domain/u_CORTEXM3INTEGRATION/u_cortexm3ds_logic/H9doz6_reg/C
                               u_fp_domain/u_CORTEXM3INTEGRATION/u_cortexm3ds_logic/D0vzz6_reg/D
                                                              195.605       
u_fp_domain/u_CORTEXM3INTEGRATION/u_cortexm3ds_logic/H9doz6_reg/C
                               u_fp_domain/u_CORTEXM3INTEGRATION/u_cortexm3ds_logic/V1poz6_reg/CE
                                                              195.678       
u_fp_domain/u_CORTEXM3INTEGRATION/u_cortexm3ds_logic/H9doz6_reg/C
                               u_fp_domain/u_CORTEXM3INTEGRATION/u_cortexm3ds_logic/Ltooz6_reg/D
                                                              195.939       
u_fp_domain/u_CORTEXM3INTEGRATION/u_cortexm3ds_logic/H9doz6_reg/C
                               u_fp_domain/u_CORTEXM3INTEGRATION/u_cortexm3ds_logic/Dzqoz6_reg/D
                                                              195.983       
u_fp_domain/u_CORTEXM3INTEGRATION/u_cortexm3ds_logic/H9doz6_reg/C
                               u_fp_domain/u_CORTEXM3INTEGRATION/u_cortexm3ds_logic/H6bzz6_reg/D
                                                              196.011       
u_fp_domain/u_CORTEXM3INTEGRATION/u_cortexm3ds_logic/H9doz6_reg/C
                               u_fp_domain/u_CORTEXM3INTEGRATION/u_cortexm3ds_logic/Wwgoz6_reg/D
                                                              196.016       
u_fp_domain/u_CORTEXM3INTEGRATION/u_cortexm3ds_logic/H9doz6_reg/C
                               u_fp_domain/u_CORTEXM3INTEGRATION/u_cortexm3ds_logic/Yrooz6_reg/D
                                                              196.020       
u_fp_domain/u_CORTEXM3INTEGRATION/u_cortexm3ds_logic/H9doz6_reg/C
                               u_fp_domain/u_CORTEXM3INTEGRATION/u_cortexm3ds_logic/Xmooz6_reg/D
                                                              196.030       
u_fp_domain/u_CORTEXM3INTEGRATION/u_cortexm3ds_logic/H9doz6_reg/C
                               u_fp_domain/u_CORTEXM3INTEGRATION/u_cortexm3ds_logic/Odazz6_reg/D
                                                              196.030       
u_fp_domain/u_CORTEXM3INTEGRATION/u_cortexm3ds_logic/H9doz6_reg/C
                               u_fp_domain/u_CORTEXM3INTEGRATION/u_cortexm3ds_logic/Lxqoz6_reg/D
                                                              196.044       
u_fp_domain/u_CORTEXM3INTEGRATION/u_cortexm3ds_logic/H9doz6_reg/C
                               u_fp_domain/u_CORTEXM3INTEGRATION/u_cortexm3ds_logic/Uw1g07_reg/D
                                                              196.046       
u_fp_domain/u_CORTEXM3INTEGRATION/u_cortexm3ds_logic/H9doz6_reg/C
                               u_fp_domain/u_CORTEXM3INTEGRATION/u_cortexm3ds_logic/Edeoz6_reg/D
                                                              196.049       
u_fp_domain/u_CORTEXM3INTEGRATION/u_cortexm3ds_logic/H9doz6_reg/C
                               u_fp_domain/u_CORTEXM3INTEGRATION/u_cortexm3ds_logic/Vbezz6_reg/D
                                                              196.074       
u_fp_domain/u_CORTEXM3INTEGRATION/u_cortexm3ds_logic/H9doz6_reg/C
                               u_fp_domain/u_CORTEXM3INTEGRATION/u_cortexm3ds_logic/Ivsoz6_reg/D
                                                              196.075       
u_fp_domain/u_CORTEXM3INTEGRATION/u_cortexm3ds_logic/H9doz6_reg/C
                               u_fp_domain/u_CORTEXM3INTEGRATION/u_cortexm3ds_logic/Kxpzz6_reg/D
                                                              196.142       
u_fp_domain/u_CORTEXM3INTEGRATION/u_cortexm3ds_logic/H9doz6_reg/C
                               u_fp_domain/u_CORTEXM3INTEGRATION/u_cortexm3ds_logic/N8noz6_reg/D
                                                              196.144       
u_fp_domain/u_CORTEXM3INTEGRATION/u_cortexm3ds_logic/H9doz6_reg/C
                               u_fp_domain/u_CORTEXM3INTEGRATION/u_cortexm3ds_logic/Cjdzz6_reg/D
                                                              196.146       
u_fp_domain/u_CORTEXM3INTEGRATION/u_cortexm3ds_logic/H9doz6_reg/C
                               u_fp_domain/u_CORTEXM3INTEGRATION/u_cortexm3ds_logic/Fetoz6_reg/D
                                                              196.148       
u_fp_domain/u_CORTEXM3INTEGRATION/u_cortexm3ds_logic/H9doz6_reg/C
                               u_fp_domain/u_CORTEXM3INTEGRATION/u_cortexm3ds_logic/Ghczz6_reg/D
                                                              196.149       
u_fp_domain/u_CORTEXM3INTEGRATION/u_cortexm3ds_logic/H9doz6_reg/C
                               u_fp_domain/u_CORTEXM3INTEGRATION/u_cortexm3ds_logic/Evgoz6_reg/D
                                                              196.156       
u_fp_domain/u_CORTEXM3INTEGRATION/u_cortexm3ds_logic/H9doz6_reg/C
                               u_fp_domain/u_CORTEXM3INTEGRATION/u_cortexm3ds_logic/C5toz6_reg/D
                                                              196.171       
u_fp_domain/u_CORTEXM3INTEGRATION/u_cortexm3ds_logic/H9doz6_reg/C
                               u_fp_domain/u_CORTEXM3INTEGRATION/u_cortexm3ds_logic/Mfqoz6_reg/D
                                                              196.223       
u_fp_domain/u_CORTEXM3INTEGRATION/u_cortexm3ds_logic/H9doz6_reg/C
                               u_fp_domain/u_CORTEXM3INTEGRATION/u_cortexm3ds_logic/Flooz6_reg/D
                                                              196.240       
u_fp_domain/u_CORTEXM3INTEGRATION/u_cortexm3ds_logic/H9doz6_reg/C
                               u_fp_domain/u_CORTEXM3INTEGRATION/u_cortexm3ds_logic/Bwrzz6_reg/CE
                                                              196.252       
u_fp_domain/u_CORTEXM3INTEGRATION/u_cortexm3ds_logic/H9doz6_reg/C
                               u_fp_domain/u_CORTEXM3INTEGRATION/u_cortexm3ds_logic/Tvpzz6_reg/CE
                                                              196.252       
u_fp_domain/u_CORTEXM3INTEGRATION/u_cortexm3ds_logic/H9doz6_reg/C
                               u_fp_domain/u_CORTEXM3INTEGRATION/u_cortexm3ds_logic/Kfbzz6_reg/D
                                                              196.259       
u_fp_domain/u_CORTEXM3INTEGRATION/u_cortexm3ds_logic/H9doz6_reg/C
                               u_fp_domain/u_CORTEXM3INTEGRATION/u_cortexm3ds_logic/U2izz6_reg/D
                                                              196.281       
u_fp_domain/u_CORTEXM3INTEGRATION/u_cortexm3ds_logic/H9doz6_reg/C
                               u_fp_domain/u_CORTEXM3INTEGRATION/u_cortexm3ds_logic/D8czz6_reg/D
                                                              196.293       
u_fp_domain/u_CORTEXM3INTEGRATION/u_cortexm3ds_logic/H9doz6_reg/C
                               u_fp_domain/u_CORTEXM3INTEGRATION/u_cortexm3ds_logic/Pmlzz6_reg/D
                                                              196.301       
u_fp_domain/u_CORTEXM3INTEGRATION/u_cortexm3ds_logic/H9doz6_reg/C
                               u_fp_domain/u_CORTEXM3INTEGRATION/u_cortexm3ds_logic/W4ozz6_reg/D
                                                              196.302       
u_fp_domain/u_CORTEXM3INTEGRATION/u_cortexm3ds_logic/H9doz6_reg/C
                               u_fp_domain/u_CORTEXM3INTEGRATION/u_cortexm3ds_logic/Z9dzz6_reg/D
                                                              196.328       
u_fp_domain/u_CORTEXM3INTEGRATION/u_cortexm3ds_logic/H9doz6_reg/C
                               u_fp_domain/u_CORTEXM3INTEGRATION/u_cortexm3ds_logic/E0poz6_reg/D
                                                              196.369       
u_fp_domain/u_CORTEXM3INTEGRATION/u_cortexm3ds_logic/H9doz6_reg/C
                               u_fp_domain/u_CORTEXM3INTEGRATION/u_cortexm3ds_logic/Iouzz6_reg/D
                                                              196.376       
u_fp_domain/u_CORTEXM3INTEGRATION/u_cortexm3ds_logic/H9doz6_reg/C
                               u_fp_domain/u_CORTEXM3INTEGRATION/u_cortexm3ds_logic/Ttsoz6_reg/D
                                                              196.389       
u_fp_domain/u_CORTEXM3INTEGRATION/u_cortexm3ds_logic/H9doz6_reg/C
                               u_fp_domain/u_CORTEXM3INTEGRATION/u_cortexm3ds_logic/Qxvf07_reg/CE
                                                              196.414       
u_fp_domain/u_CORTEXM3INTEGRATION/u_cortexm3ds_logic/H9doz6_reg/C
                               u_fp_domain/u_CORTEXM3INTEGRATION/u_cortexm3ds_logic/Cjhoz6_reg/D
                                                              196.433       
u_fp_domain/u_CORTEXM3INTEGRATION/u_cortexm3ds_logic/H9doz6_reg/C
                               u_fp_domain/u_CORTEXM3INTEGRATION/u_cortexm3ds_logic/Ndpoz6_reg/D
                                                              196.455       
u_fp_domain/u_CORTEXM3INTEGRATION/u_cortexm3ds_logic/H9doz6_reg/C
                               u_fp_domain/u_CORTEXM3INTEGRATION/u_cortexm3ds_logic/Nbeoz6_reg/D
                                                              196.459       
u_fp_domain/u_CORTEXM3INTEGRATION/u_cortexm3ds_logic/H9doz6_reg/C
                               u_fp_domain/u_CORTEXM3INTEGRATION/u_cortexm3ds_logic/Wfhoz6_reg/D
                                                              196.465       
u_fp_domain/u_CORTEXM3INTEGRATION/u_cortexm3ds_logic/H9doz6_reg/C
                               u_fp_domain/u_CORTEXM3INTEGRATION/u_cortexm3ds_logic/Zdozz6_reg/D
                                                              196.500       
u_fp_domain/u_CORTEXM3INTEGRATION/u_cortexm3ds_logic/H9doz6_reg/C
                               u_fp_domain/u_CORTEXM3INTEGRATION/u_cortexm3ds_logic/Ykezz6_reg/D
                                                              196.519       
u_fp_domain/u_CORTEXM3INTEGRATION/u_cortexm3ds_logic/Jkdoz6_reg/C
                               u_fp_domain/u_CORTEXM3INTEGRATION/u_cortexm3ds_logic/C5poz6_reg/CE
                                                              196.562       
u_fp_domain/u_CORTEXM3INTEGRATION/u_cortexm3ds_logic/H9doz6_reg/C
                               u_fp_domain/u_CORTEXM3INTEGRATION/u_cortexm3ds_logic/H7szz6_reg/CE
                                                              196.569       
u_fp_domain/u_CORTEXM3INTEGRATION/u_cortexm3ds_logic/H9doz6_reg/C
                               u_fp_domain/u_CORTEXM3INTEGRATION/u_cortexm3ds_logic/Khlzz6_reg/CE
                                                              196.569       
u_fp_domain/u_CORTEXM3INTEGRATION/u_cortexm3ds_logic/H9doz6_reg/C
                               u_fp_domain/u_CORTEXM3INTEGRATION/u_cortexm3ds_logic/Xdqzz6_reg/CE
                                                              196.569       
u_fp_domain/u_CORTEXM3INTEGRATION/u_cortexm3ds_logic/H9doz6_reg/C
                               u_fp_domain/u_CORTEXM3INTEGRATION/u_cortexm3ds_logic/Scwf07_reg/CE
                                                              196.576       
u_fp_domain/u_CORTEXM3INTEGRATION/u_cortexm3ds_logic/H9doz6_reg/C
                               u_fp_domain/u_CORTEXM3INTEGRATION/u_cortexm3ds_logic/Ak2107_reg/CE
                                                              196.619       
u_fp_domain/u_CORTEXM3INTEGRATION/u_cortexm3ds_logic/H9doz6_reg/C
                               u_fp_domain/u_CORTEXM3INTEGRATION/u_cortexm3ds_logic/M8poz6_reg/CE
                                                              196.634       
u_fp_domain/u_CORTEXM3INTEGRATION/u_cortexm3ds_logic/H9doz6_reg/C
                               u_fp_domain/u_CORTEXM3INTEGRATION/u_cortexm3ds_logic/Zzzzz6_reg/CE
                                                              196.699       
u_fp_domain/u_CORTEXM3INTEGRATION/u_cortexm3ds_logic/H9doz6_reg/C
                               u_fp_domain/u_CORTEXM3INTEGRATION/u_cortexm3ds_logic/Foqzz6_reg/D
                                                              196.715       
u_fp_domain/u_CORTEXM3INTEGRATION/u_cortexm3ds_logic/Jkdoz6_reg/C
                               u_fp_domain/u_CORTEXM3INTEGRATION/u_cortexm3ds_logic/Pvcoz6_reg/CE
                                                              196.736       
u_fp_domain/u_CORTEXM3INTEGRATION/u_cortexm3ds_logic/H9doz6_reg/C
                               u_fp_domain/u_CORTEXM3INTEGRATION/u_cortexm3ds_logic/Rlgoz6_reg/D
                                                              196.745       
u_fp_domain/u_CORTEXM3INTEGRATION/u_cortexm3ds_logic/H9doz6_reg/C
                               u_fp_domain/u_CORTEXM3INTEGRATION/u_cortexm3ds_logic/K4goz6_reg/D
                                                              196.769       
u_fp_domain/u_CORTEXM3INTEGRATION/u_cortexm3ds_logic/H9doz6_reg/C
                               u_fp_domain/u_CORTEXM3INTEGRATION/u_cortexm3ds_logic/Tvqoz6_reg/CE
                                                              196.793       
u_fp_domain/u_CORTEXM3INTEGRATION/u_cortexm3ds_logic/H9doz6_reg/C
                               u_fp_domain/u_CORTEXM3INTEGRATION/u_cortexm3ds_logic/E91107_reg/CE
                                                              196.811       
u_fp_domain/u_CORTEXM3INTEGRATION/u_cortexm3ds_logic/H9doz6_reg/C
                               u_fp_domain/u_CORTEXM3INTEGRATION/u_cortexm3ds_logic/Xdlzz6_reg/CE
                                                              196.811       
u_fp_domain/u_CORTEXM3INTEGRATION/u_cortexm3ds_logic/H9doz6_reg/C
                               u_fp_domain/u_CORTEXM3INTEGRATION/u_cortexm3ds_logic/Lc0107_reg/CE
                                                              196.814       
u_fp_domain/u_CORTEXM3INTEGRATION/u_cortexm3ds_logic/H9doz6_reg/C
                               u_fp_domain/u_CORTEXM3INTEGRATION/u_cortexm3ds_logic/N31g07_reg/CE
                                                              196.814       
u_fp_domain/u_CORTEXM3INTEGRATION/u_cortexm3ds_logic/H9doz6_reg/C
                               u_fp_domain/u_CORTEXM3INTEGRATION/u_cortexm3ds_logic/Oivf07_reg/CE
                                                              196.814       
u_fp_domain/u_CORTEXM3INTEGRATION/u_cortexm3ds_logic/Bodoz6_reg/C
                               u_fp_domain/u_CORTEXM3INTEGRATION/u_cortexm3ds_logic/W3fzz6_reg/D
                                                              196.888       
u_fp_domain/u_CORTEXM3INTEGRATION/u_cortexm3ds_logic/H9doz6_reg/C
                               u_fp_domain/u_CORTEXM3INTEGRATION/u_cortexm3ds_logic/Ybizz6_reg/D
                                                              196.913       
u_fp_domain/u_CORTEXM3INTEGRATION/u_cortexm3ds_logic/H9doz6_reg/C
                               u_fp_domain/u_CORTEXM3INTEGRATION/u_cortexm3ds_logic/Yuooz6_reg/CE
                                                              196.915       
u_fp_domain/u_CORTEXM3INTEGRATION/u_cortexm3ds_logic/H9doz6_reg/C
                               u_fp_domain/u_CORTEXM3INTEGRATION/u_cortexm3ds_logic/Haizz6_reg/CE
                                                              196.922       
u_fp_domain/u_CORTEXM3INTEGRATION/u_cortexm3ds_logic/H9doz6_reg/C
                               u_fp_domain/u_CORTEXM3INTEGRATION/u_cortexm3ds_logic/E3ozz6_reg/CE
                                                              196.928       
u_fp_domain/u_CORTEXM3INTEGRATION/u_cortexm3ds_logic/H9doz6_reg/C
                               u_fp_domain/u_CORTEXM3INTEGRATION/u_cortexm3ds_logic/Qmuzz6_reg/CE
                                                              196.928       
u_fp_domain/u_CORTEXM3INTEGRATION/u_cortexm3ds_logic/H9doz6_reg/C
                               u_fp_domain/u_CORTEXM3INTEGRATION/u_cortexm3ds_logic/Xklzz6_reg/CE
                                                              196.928       
u_fp_domain/u_CORTEXM3INTEGRATION/u_cortexm3ds_logic/H9doz6_reg/C
                               u_fp_domain/u_CORTEXM3INTEGRATION/u_cortexm3ds_logic/Q8izz6_reg/CE
                                                              196.948       
u_fp_domain/u_CORTEXM3INTEGRATION/u_cortexm3ds_logic/H9doz6_reg/C
                               u_fp_domain/u_CORTEXM3INTEGRATION/u_cortexm3ds_logic/Go1107_reg/CE
                                                              196.972       
u_fp_domain/u_CORTEXM3INTEGRATION/u_cortexm3ds_logic/Jkdoz6_reg/C
                               u_fp_domain/u_CORTEXM3INTEGRATION/u_cortexm3ds_logic/A7roz6_reg/D
                                                              197.011       
u_fp_domain/u_CORTEXM3INTEGRATION/u_cortexm3ds_logic/H9doz6_reg/C
                               u_fp_domain/u_CORTEXM3INTEGRATION/u_cortexm3ds_logic/Y6noz6_reg/D
                                                              197.013       
u_fp_domain/u_CORTEXM3INTEGRATION/u_cortexm3ds_logic/Jkdoz6_reg/C
                               u_fp_domain/u_CORTEXM3INTEGRATION/u_cortexm3ds_logic/M5roz6_reg/D
                                                              197.032       
u_fp_domain/u_CORTEXM3INTEGRATION/u_cortexm3ds_logic/H9doz6_reg/C
                               u_fp_domain/u_CORTEXM3INTEGRATION/u_cortexm3ds_logic/Cu0107_reg/CE
                                                              197.039       
u_fp_domain/u_CORTEXM3INTEGRATION/u_cortexm3ds_logic/H9doz6_reg/C
                               u_fp_domain/u_CORTEXM3INTEGRATION/u_cortexm3ds_logic/X9eoz6_reg/D
                                                              197.089       
u_fp_domain/u_CORTEXM3INTEGRATION/u_cortexm3ds_logic/H9doz6_reg/C
                               u_fp_domain/u_CORTEXM3INTEGRATION/u_cortexm3ds_logic/Hssoz6_reg/CE
                                                              197.091       
u_fp_domain/u_CORTEXM3INTEGRATION/u_cortexm3ds_logic/H9doz6_reg/C
                               u_fp_domain/u_CORTEXM3INTEGRATION/u_cortexm3ds_logic/Pqsoz6_reg/CE
                                                              197.091       
u_fp_domain/u_CORTEXM3INTEGRATION/u_cortexm3ds_logic/H9doz6_reg/C
                               u_fp_domain/u_CORTEXM3INTEGRATION/u_cortexm3ds_logic/Xosoz6_reg/CE
                                                              197.091       
u_fp_domain/u_CORTEXM3INTEGRATION/u_cortexm3ds_logic/Bodoz6_reg/C
                               u_fp_domain/u_CORTEXM3INTEGRATION/u_cortexm3ds_logic/M0jzz6_reg/CE
                                                              197.117       
u_fp_domain/u_CORTEXM3INTEGRATION/u_cortexm3ds_logic/Bodoz6_reg/C
                               u_fp_domain/u_CORTEXM3INTEGRATION/u_cortexm3ds_logic/M2foz6_reg/CE
                                                              197.117       
u_fp_domain/u_CORTEXM3INTEGRATION/u_cortexm3ds_logic/Bodoz6_reg/C
                               u_fp_domain/u_CORTEXM3INTEGRATION/u_cortexm3ds_logic/Vmizz6_reg/CE
                                                              197.117       
u_fp_domain/u_CORTEXM3INTEGRATION/u_cortexm3ds_logic/Bodoz6_reg/C
                               u_fp_domain/u_CORTEXM3INTEGRATION/u_cortexm3ds_logic/Zwfoz6_reg/CE
                                                              197.117       
u_fp_domain/u_CORTEXM3INTEGRATION/u_cortexm3ds_logic/H9doz6_reg/C
                               u_fp_domain/u_CORTEXM3INTEGRATION/u_cortexm3ds_logic/Uchoz6_reg/D
                                                              197.123       
u_fp_domain/u_CORTEXM3INTEGRATION/u_cortexm3ds_logic/P6eoz6_reg/C
                               u_fp_domain/u_CORTEXM3INTEGRATION/u_cortexm3ds_logic/Hveoz6_reg/D
                                                              197.161       
u_fp_domain/u_CORTEXM3INTEGRATION/u_cortexm3ds_logic/H3eoz6_reg/C
                               u_fp_domain/u_CORTEXM3INTEGRATION/u_cortexm3ds_logic/C4dzz6_reg/D
                                                              197.163       
u_fp_domain/u_CORTEXM3INTEGRATION/u_cortexm3ds_logic/Bodoz6_reg/C
                               u_fp_domain/u_CORTEXM3INTEGRATION/u_cortexm3ds_logic/Amfoz6_reg/CE
                                                              197.167       
u_fp_domain/u_CORTEXM3INTEGRATION/u_cortexm3ds_logic/Bodoz6_reg/C
                               u_fp_domain/u_CORTEXM3INTEGRATION/u_cortexm3ds_logic/Dfizz6_reg/CE
                                                              197.173       
u_fp_domain/u_CORTEXM3INTEGRATION/u_cortexm3ds_logic/Nrdoz6_reg/C
                               u_fp_domain/u_CORTEXM3INTEGRATION/u_cortexm3ds_logic/Zweoz6_reg/D
                                                              197.179       
u_fp_domain/u_CORTEXM3INTEGRATION/u_cortexm3ds_logic/H3eoz6_reg/C
                               u_fp_domain/u_CORTEXM3INTEGRATION/u_cortexm3ds_logic/Qfkzz6_reg/CE
                                                              197.197       
u_fp_domain/u_CORTEXM3INTEGRATION/u_cortexm3ds_logic/H3eoz6_reg/C
                               u_fp_domain/u_CORTEXM3INTEGRATION/u_cortexm3ds_logic/Bnbzz6_reg/D
                                                              197.200       
u_fp_domain/u_CORTEXM3INTEGRATION/u_cortexm3ds_logic/H3eoz6_reg/C
                               u_fp_domain/u_CORTEXM3INTEGRATION/u_cortexm3ds_logic/Tqdzz6_reg/D
                                                              197.211       
u_fp_domain/u_CORTEXM3INTEGRATION/u_cortexm3ds_logic/Bodoz6_reg/C
                               u_fp_domain/u_CORTEXM3INTEGRATION/u_cortexm3ds_logic/Quezz6_reg/D
                                                              197.214       
u_fp_domain/u_CORTEXM3INTEGRATION/u_cortexm3ds_logic/H9doz6_reg/C
                               u_fp_domain/u_CORTEXM3INTEGRATION/u_cortexm3ds_logic/Eapoz6_reg/CE
                                                              197.216       
u_fp_domain/u_CORTEXM3INTEGRATION/u_cortexm3ds_logic/H9doz6_reg/C
                               u_fp_domain/u_CORTEXM3INTEGRATION/u_cortexm3ds_logic/Hqy917_reg/CE
                                                              197.216       
u_fp_domain/u_CORTEXM3INTEGRATION/u_cortexm3ds_logic/H9doz6_reg/C
                               u_fp_domain/u_CORTEXM3INTEGRATION/u_cortexm3ds_logic/M0pzz6_reg/CE
                                                              197.216       
u_fp_domain/u_CORTEXM3INTEGRATION/u_cortexm3ds_logic/H3eoz6_reg/C
                               u_fp_domain/u_CORTEXM3INTEGRATION/u_cortexm3ds_logic/Y5ezz6_reg/D
                                                              197.219       
u_fp_domain/u_CORTEXM3INTEGRATION/u_cortexm3ds_logic/Nrdoz6_reg/C
                               u_fp_domain/u_CORTEXM3INTEGRATION/u_cortexm3ds_logic/Gnazz6_reg/D
                                                              197.231       
u_fp_domain/u_CORTEXM3INTEGRATION/u_cortexm3ds_logic/H9doz6_reg/C
                               u_fp_domain/u_CORTEXM3INTEGRATION/u_cortexm3ds_logic/Tctzz6_reg/CE
                                                              197.237       
u_fp_domain/u_CORTEXM3INTEGRATION/u_cortexm3ds_logic/H9doz6_reg/C
                               u_fp_domain/u_CORTEXM3INTEGRATION/u_cortexm3ds_logic/U6poz6_reg/CE
                                                              197.237       
u_fp_domain/u_CORTEXM3INTEGRATION/u_cortexm3ds_logic/H9doz6_reg/C
                               u_fp_domain/u_CORTEXM3INTEGRATION/u_cortexm3ds_logic/Wbpoz6_reg/CE
                                                              197.237       
u_fp_domain/u_CORTEXM3INTEGRATION/u_cortexm3ds_logic/Bodoz6_reg/C
                               u_fp_domain/u_CORTEXM3INTEGRATION/u_cortexm3ds_logic/I0foz6_reg/CE
                                                              197.241       
u_fp_domain/u_CORTEXM3INTEGRATION/u_cortexm3ds_logic/Bodoz6_reg/C
                               u_fp_domain/u_CORTEXM3INTEGRATION/u_cortexm3ds_logic/Uufoz6_reg/CE
                                                              197.241       
u_fp_domain/u_CORTEXM3INTEGRATION/u_cortexm3ds_logic/Bodoz6_reg/C
                               u_fp_domain/u_CORTEXM3INTEGRATION/u_cortexm3ds_logic/Rqizz6_reg/CE
                                                              197.244       
u_fp_domain/u_CORTEXM3INTEGRATION/u_cortexm3ds_logic/H3eoz6_reg/C
                               u_fp_domain/u_CORTEXM3INTEGRATION/u_cortexm3ds_logic/F5vzz6_reg/CE
                                                              197.256       
u_fp_domain/u_CORTEXM3INTEGRATION/u_cortexm3ds_logic/Bodoz6_reg/C
                               u_fp_domain/u_CORTEXM3INTEGRATION/u_cortexm3ds_logic/Ezfoz6_reg/CE
                                                              197.265       
u_fp_domain/u_CORTEXM3INTEGRATION/u_cortexm3ds_logic/Bodoz6_reg/C
                               u_fp_domain/u_CORTEXM3INTEGRATION/u_cortexm3ds_logic/Rsczz6_reg/CE
                                                              197.265       
u_fp_domain/u_CORTEXM3INTEGRATION/u_cortexm3ds_logic/Nrdoz6_reg/C
                               u_fp_domain/u_CORTEXM3INTEGRATION/u_cortexm3ds_logic/L8coz6_reg/D
                                                              197.273       
u_fp_domain/u_CORTEXM3INTEGRATION/u_cortexm3ds_logic/H9doz6_reg/C
                               u_fp_domain/u_CORTEXM3INTEGRATION/u_cortexm3ds_logic/Xkzzz6_reg/CE
                                                              197.305       
u_fp_domain/u_CORTEXM3INTEGRATION/u_cortexm3ds_logic/H3eoz6_reg/C
                               u_fp_domain/u_CORTEXM3INTEGRATION/u_cortexm3ds_logic/Qukzz6_reg/CE
                                                              197.327       
u_fp_domain/u_CORTEXM3INTEGRATION/u_cortexm3ds_logic/H3eoz6_reg/C
                               u_fp_domain/u_CORTEXM3INTEGRATION/u_cortexm3ds_logic/Xoczz6_reg/D
                                                              197.327       
u_fp_domain/u_CORTEXM3INTEGRATION/u_cortexm3ds_logic/H3eoz6_reg/C
                               u_fp_domain/u_CORTEXM3INTEGRATION/u_cortexm3ds_logic/C1lzz6_reg/CE
                                                              197.331       
u_fp_domain/u_CORTEXM3INTEGRATION/u_cortexm3ds_logic/H3eoz6_reg/C
                               u_fp_domain/u_CORTEXM3INTEGRATION/u_cortexm3ds_logic/Gwkzz6_reg/CE
                                                              197.331       
u_fp_domain/u_CORTEXM3INTEGRATION/u_cortexm3ds_logic/H3eoz6_reg/C
                               u_fp_domain/u_CORTEXM3INTEGRATION/u_cortexm3ds_logic/Mzkzz6_reg/CE
                                                              197.331       
u_fp_domain/u_CORTEXM3INTEGRATION/u_cortexm3ds_logic/H3eoz6_reg/C
                               u_fp_domain/u_CORTEXM3INTEGRATION/u_cortexm3ds_logic/Wxkzz6_reg/CE
                                                              197.331       
u_fp_domain/u_CORTEXM3INTEGRATION/u_cortexm3ds_logic/H9doz6_reg/C
                               u_fp_domain/u_CORTEXM3INTEGRATION/u_cortexm3ds_logic/D1izz6_reg/CE
                                                              197.333       
u_fp_domain/u_CORTEXM3INTEGRATION/u_cortexm3ds_logic/H9doz6_reg/C
                               u_fp_domain/u_CORTEXM3INTEGRATION/u_cortexm3ds_logic/Nyooz6_reg/CE
                                                              197.333       
u_fp_domain/u_CORTEXM3INTEGRATION/u_cortexm3ds_logic/H9doz6_reg/C
                               u_fp_domain/u_CORTEXM3INTEGRATION/u_cortexm3ds_logic/Vdqoz6_reg/CE
                                                              197.333       
u_fp_domain/u_CORTEXM3INTEGRATION/u_cortexm3ds_logic/Bodoz6_reg/C
                               u_fp_domain/u_CORTEXM3INTEGRATION/u_cortexm3ds_logic/Hmcoz6_reg/D
                                                              197.339       
u_fp_domain/u_CORTEXM3INTEGRATION/u_cortexm3ds_logic/H3eoz6_reg/C
                               u_fp_domain/u_CORTEXM3INTEGRATION/u_cortexm3ds_logic/L3vzz6_reg/CE
                                                              197.340       
u_fp_domain/u_CORTEXM3INTEGRATION/u_cortexm3ds_logic/Bodoz6_reg/C
                               u_fp_domain/u_CORTEXM3INTEGRATION/u_cortexm3ds_logic/Dlizz6_reg/D
                                                              197.340       
u_fp_domain/u_CORTEXM3INTEGRATION/u_cortexm3ds_logic/H9doz6_reg/C
                               u_fp_domain/u_CORTEXM3INTEGRATION/u_cortexm3ds_logic/Omqzz6_reg/CE
                                                              197.348       
u_fp_domain/u_CORTEXM3INTEGRATION/u_cortexm3ds_logic/Bodoz6_reg/C
                               u_fp_domain/u_CORTEXM3INTEGRATION/u_cortexm3ds_logic/V2goz6_reg/D
                                                              197.351       
u_fp_domain/u_CORTEXM3INTEGRATION/u_cortexm3ds_logic/Bodoz6_reg/C
                               u_fp_domain/u_CORTEXM3INTEGRATION/u_cortexm3ds_logic/Zoizz6_reg/D
                                                              197.360       
u_fp_domain/u_CORTEXM3INTEGRATION/u_cortexm3ds_logic/Bodoz6_reg/C
                               u_fp_domain/u_CORTEXM3INTEGRATION/u_cortexm3ds_logic/Iybzz6_reg/D
                                                              197.375       
u_fp_domain/u_CORTEXM3INTEGRATION/u_cortexm3ds_logic/H3eoz6_reg/C
                               u_fp_domain/u_CORTEXM3INTEGRATION/u_cortexm3ds_logic/Flazz6_reg/D
                                                              197.378       
u_fp_domain/u_CORTEXM3INTEGRATION/u_cortexm3ds_logic/Bodoz6_reg/C
                               u_fp_domain/u_CORTEXM3INTEGRATION/u_cortexm3ds_logic/Jwezz6_reg/CE
                                                              197.384       
u_fp_domain/u_CORTEXM3INTEGRATION/u_cortexm3ds_logic/Bodoz6_reg/C
                               u_fp_domain/u_CORTEXM3INTEGRATION/u_cortexm3ds_logic/Kxhoz6_reg/CE
                                                              197.384       
u_fp_domain/u_CORTEXM3INTEGRATION/u_cortexm3ds_logic/Bodoz6_reg/C
                               u_fp_domain/u_CORTEXM3INTEGRATION/u_cortexm3ds_logic/Qhfoz6_reg/CE
                                                              197.384       
u_fp_domain/u_CORTEXM3INTEGRATION/u_cortexm3ds_logic/Bodoz6_reg/C
                               u_fp_domain/u_CORTEXM3INTEGRATION/u_cortexm3ds_logic/Vjfoz6_reg/CE
                                                              197.384       
u_fp_domain/u_CORTEXM3INTEGRATION/u_cortexm3ds_logic/P6eoz6_reg/C
                               u_fp_domain/u_CORTEXM3INTEGRATION/u_cortexm3ds_logic/Eacoz6_reg/D
                                                              197.386       
u_fp_domain/u_CORTEXM3INTEGRATION/u_cortexm3ds_logic/Bodoz6_reg/C
                               u_fp_domain/u_CORTEXM3INTEGRATION/u_cortexm3ds_logic/Ldizz6_reg/D
                                                              197.390       
u_fp_domain/u_CORTEXM3INTEGRATION/u_cortexm3ds_logic/Bodoz6_reg/C
                               u_fp_domain/u_CORTEXM3INTEGRATION/u_cortexm3ds_logic/Mwazz6_reg/D
                                                              197.393       
u_fp_domain/u_CORTEXM3INTEGRATION/u_cortexm3ds_logic/Jkdoz6_reg/C
                               u_fp_domain/u_CORTEXM3INTEGRATION/u_cortexm3ds_logic/O3poz6_reg/D
                                                              197.398       
u_fp_domain/u_CORTEXM3INTEGRATION/u_cortexm3ds_logic/Bodoz6_reg/C
                               u_fp_domain/u_CORTEXM3INTEGRATION/u_cortexm3ds_logic/Ykeoz6_reg/D
                                                              197.403       
u_fp_domain/u_CORTEXM3INTEGRATION/u_cortexm3ds_logic/H3eoz6_reg/C
                               u_fp_domain/u_CORTEXM3INTEGRATION/u_cortexm3ds_logic/Y5lzz6_reg/CE
                                                              197.406       
u_fp_domain/u_CORTEXM3INTEGRATION/u_cortexm3ds_logic/Jkdoz6_reg/C
                               u_fp_domain/u_CORTEXM3INTEGRATION/u_cortexm3ds_logic/Vycoz6_reg/D
                                                              197.416       
u_fp_domain/u_CORTEXM3INTEGRATION/u_cortexm3ds_logic/H3eoz6_reg/C
                               u_fp_domain/u_CORTEXM3INTEGRATION/u_cortexm3ds_logic/I4lzz6_reg/CE
                                                              197.419       
u_fp_domain/u_CORTEXM3INTEGRATION/u_cortexm3ds_logic/H3eoz6_reg/C
                               u_fp_domain/u_CORTEXM3INTEGRATION/u_cortexm3ds_logic/S2lzz6_reg/CE
                                                              197.419       
u_fp_domain/u_CORTEXM3INTEGRATION/u_cortexm3ds_logic/Bodoz6_reg/C
                               u_fp_domain/u_CORTEXM3INTEGRATION/u_cortexm3ds_logic/Jfcoz6_reg/D
                                                              197.422       
u_fp_domain/u_CORTEXM3INTEGRATION/u_cortexm3ds_logic/Bodoz6_reg/C
                               u_fp_domain/u_CORTEXM3INTEGRATION/u_cortexm3ds_logic/Fofoz6_reg/CE
                                                              197.426       
u_fp_domain/u_CORTEXM3INTEGRATION/u_cortexm3ds_logic/Bodoz6_reg/C
                               u_fp_domain/u_CORTEXM3INTEGRATION/u_cortexm3ds_logic/Y8foz6_reg/CE
                                                              197.426       
u_fp_domain/u_CORTEXM3INTEGRATION/u_cortexm3ds_logic/Bodoz6_reg/C
                               u_fp_domain/u_CORTEXM3INTEGRATION/u_cortexm3ds_logic/Pteoz6_reg/D
                                                              197.432       
u_fp_domain/u_CORTEXM3INTEGRATION/u_cortexm3ds_logic/P6eoz6_reg/C
                               u_fp_domain/u_CORTEXM3INTEGRATION/u_cortexm3ds_logic/Cpbzz6_reg/D
                                                              197.447       
u_fp_domain/u_CORTEXM3INTEGRATION/u_cortexm3ds_logic/Bodoz6_reg/C
                               u_fp_domain/u_CORTEXM3INTEGRATION/u_cortexm3ds_logic/Hhizz6_reg/D
                                                              197.458       
u_fp_domain/u_CORTEXM3INTEGRATION/u_cortexm3ds_logic/H3eoz6_reg/C
                               u_fp_domain/u_CORTEXM3INTEGRATION/u_cortexm3ds_logic/Aocoz6_reg/D
                                                              197.480       
u_fp_domain/u_CORTEXM3INTEGRATION/u_cortexm3ds_logic/Nrdoz6_reg/C
                               u_fp_domain/u_CORTEXM3INTEGRATION/u_cortexm3ds_logic/Rvhoz6_reg/D
                                                              197.497       
u_fp_domain/u_CORTEXM3INTEGRATION/u_cortexm3ds_logic/Bodoz6_reg/C
                               u_fp_domain/u_CORTEXM3INTEGRATION/u_cortexm3ds_logic/Koeoz6_reg/D
                                                              197.509       
u_fp_domain/u_CORTEXM3INTEGRATION/u_cortexm3ds_logic/P6eoz6_reg/C
                               u_fp_domain/u_CORTEXM3INTEGRATION/u_cortexm3ds_logic/Rmeoz6_reg/D
                                                              197.512       
u_fp_domain/u_CORTEXM3INTEGRATION/u_cortexm3ds_logic/Bodoz6_reg/C
                               u_fp_domain/u_CORTEXM3INTEGRATION/u_cortexm3ds_logic/Wreoz6_reg/D
                                                              197.527       
u_fp_domain/u_CORTEXM3INTEGRATION/u_cortexm3ds_logic/Bodoz6_reg/C
                               u_fp_domain/u_CORTEXM3INTEGRATION/u_cortexm3ds_logic/Ziizz6_reg/CE
                                                              197.530       
u_fp_domain/u_CORTEXM3INTEGRATION/u_cortexm3ds_logic/P6eoz6_reg/C
                               u_fp_domain/u_CORTEXM3INTEGRATION/u_cortexm3ds_logic/Chcoz6_reg/D
                                                              197.531       
u_fp_domain/u_CORTEXM3INTEGRATION/u_cortexm3ds_logic/P6eoz6_reg/C
                               u_fp_domain/u_CORTEXM3INTEGRATION/u_cortexm3ds_logic/Qdcoz6_reg/D
                                                              197.534       
u_fp_domain/u_CORTEXM3INTEGRATION/u_cortexm3ds_logic/H3eoz6_reg/C
                               u_fp_domain/u_CORTEXM3INTEGRATION/u_cortexm3ds_logic/K0bzz6_reg/D
                                                              197.535       
u_fp_domain/u_CORTEXM3INTEGRATION/u_cortexm3ds_logic/P6eoz6_reg/C
                               u_fp_domain/u_CORTEXM3INTEGRATION/u_cortexm3ds_logic/Xbcoz6_reg/D
                                                              197.537       
u_fp_domain/u_CORTEXM3INTEGRATION/u_cortexm3ds_logic/Bodoz6_reg/C
                               u_fp_domain/u_CORTEXM3INTEGRATION/u_cortexm3ds_logic/U6foz6_reg/CE
                                                              197.537       
u_fp_domain/u_CORTEXM3INTEGRATION/u_cortexm3ds_logic/H3eoz6_reg/C
                               u_fp_domain/u_CORTEXM3INTEGRATION/u_cortexm3ds_logic/R1vzz6_reg/CE
                                                              197.538       
u_fp_domain/u_CORTEXM3INTEGRATION/u_cortexm3ds_logic/H3eoz6_reg/C
                               u_fp_domain/u_CORTEXM3INTEGRATION/u_cortexm3ds_logic/S7lzz6_reg/CE
                                                              197.538       
u_fp_domain/u_CORTEXM3INTEGRATION/u_cortexm3ds_logic/Bodoz6_reg/C
                               u_fp_domain/u_CORTEXM3INTEGRATION/u_cortexm3ds_logic/Dqeoz6_reg/D
                                                              197.558       
u_fp_domain/u_CORTEXM3INTEGRATION/u_cortexm3ds_logic/P6eoz6_reg/C
                               u_fp_domain/u_CORTEXM3INTEGRATION/u_cortexm3ds_logic/E0dzz6_reg/D
                                                              197.563       
u_fp_domain/u_CORTEXM3INTEGRATION/u_cortexm3ds_logic/H3eoz6_reg/C
                               u_fp_domain/u_CORTEXM3INTEGRATION/u_cortexm3ds_logic/G2czz6_reg/D
                                                              197.566       
u_fp_domain/u_CORTEXM3INTEGRATION/u_cortexm3ds_logic/P6eoz6_reg/C
                               u_fp_domain/u_CORTEXM3INTEGRATION/u_cortexm3ds_logic/Vicoz6_reg/D
                                                              197.568       
u_fp_domain/u_CORTEXM3INTEGRATION/u_cortexm3ds_logic/Bodoz6_reg/C
                               u_fp_domain/u_CORTEXM3INTEGRATION/u_cortexm3ds_logic/Gdfoz6_reg/CE
                                                              197.579       
u_fp_domain/u_CORTEXM3INTEGRATION/u_cortexm3ds_logic/Bodoz6_reg/C
                               u_fp_domain/u_CORTEXM3INTEGRATION/u_cortexm3ds_logic/Nudzz6_reg/CE
                                                              197.579       
u_fp_domain/u_CORTEXM3INTEGRATION/u_cortexm3ds_logic/Bodoz6_reg/C
                               u_fp_domain/u_CORTEXM3INTEGRATION/u_cortexm3ds_logic/T3ezz6_reg/CE
                                                              197.579       
u_fp_domain/u_CORTEXM3INTEGRATION/u_cortexm3ds_logic/Bodoz6_reg/C
                               u_fp_domain/u_CORTEXM3INTEGRATION/u_cortexm3ds_logic/X1dzz6_reg/CE
                                                              197.579       
u_fp_domain/u_CORTEXM3INTEGRATION/u_cortexm3ds_logic/H9doz6_reg/C
                               u_fp_domain/u_CORTEXM3INTEGRATION/u_cortexm3ds_logic/Hiroz6_reg/D
                                                              197.586       
u_fp_domain/u_CORTEXM3INTEGRATION/u_cortexm3ds_logic/Bodoz6_reg/C
                               u_fp_domain/u_CORTEXM3INTEGRATION/u_cortexm3ds_logic/Usdzz6_reg/D
                                                              197.589       
u_fp_domain/u_CORTEXM3INTEGRATION/u_cortexm3ds_logic/Bodoz6_reg/C
                               u_fp_domain/u_CORTEXM3INTEGRATION/u_cortexm3ds_logic/J1goz6_reg/D
                                                              197.601       
u_fp_domain/u_CORTEXM3INTEGRATION/u_cortexm3ds_logic/H9doz6_reg/C
                               u_fp_domain/u_CORTEXM3INTEGRATION/u_cortexm3ds_logic/Bfroz6_reg/D
                                                              197.607       
u_fp_domain/u_CORTEXM3INTEGRATION/u_cortexm3ds_logic/Bodoz6_reg/C
                               u_fp_domain/u_CORTEXM3INTEGRATION/u_cortexm3ds_logic/Uyizz6_reg/D
                                                              197.610       
u_fp_domain/u_CORTEXM3INTEGRATION/u_cortexm3ds_logic/Bodoz6_reg/C
                               u_fp_domain/u_CORTEXM3INTEGRATION/u_cortexm3ds_logic/B0czz6_reg/CE
                                                              197.627       
u_fp_domain/u_CORTEXM3INTEGRATION/u_cortexm3ds_logic/Bodoz6_reg/C
                               u_fp_domain/u_CORTEXM3INTEGRATION/u_cortexm3ds_logic/Fyazz6_reg/CE
                                                              197.627       
u_fp_domain/u_CORTEXM3INTEGRATION/u_cortexm3ds_logic/Bodoz6_reg/C
                               u_fp_domain/u_CORTEXM3INTEGRATION/u_cortexm3ds_logic/Vqbzz6_reg/CE
                                                              197.627       
u_fp_domain/u_CORTEXM3INTEGRATION/u_cortexm3ds_logic/H3eoz6_reg/C
                               u_fp_domain/u_CORTEXM3INTEGRATION/u_cortexm3ds_logic/Psezz6_reg/D
                                                              197.629       
u_fp_domain/u_CORTEXM3INTEGRATION/u_cortexm3ds_logic/Bodoz6_reg/C
                               u_fp_domain/u_CORTEXM3INTEGRATION/u_cortexm3ds_logic/Zoazz6_reg/CE
                                                              197.679       
u_fp_domain/u_CORTEXM3INTEGRATION/u_cortexm3ds_logic/Pdroz6_reg/C
                               u_fp_domain/u_CORTEXM3INTEGRATION/u_cortexm3ds_logic/Aucoz6_reg/D
                                                              197.686       
u_fp_domain/u_CORTEXM3INTEGRATION/u_cortexm3ds_logic/Jkdoz6_reg/C
                               u_fp_domain/u_CORTEXM3INTEGRATION/u_cortexm3ds_logic/Y3roz6_reg/D
                                                              197.699       
u_fp_domain/u_CORTEXM3INTEGRATION/u_cortexm3ds_logic/Bodoz6_reg/C
                               u_fp_domain/u_CORTEXM3INTEGRATION/u_cortexm3ds_logic/Nidoz6_reg/CE
                                                              197.708       
u_fp_domain/u_CORTEXM3INTEGRATION/u_cortexm3ds_logic/Bodoz6_reg/C
                               u_fp_domain/u_CORTEXM3INTEGRATION/u_cortexm3ds_logic/Fmdoz6_reg/CE
                                                              197.712       
u_fp_domain/u_CORTEXM3INTEGRATION/u_cortexm3ds_logic/Bodoz6_reg/C
                               u_fp_domain/u_CORTEXM3INTEGRATION/u_cortexm3ds_logic/Vedoz6_reg/CE
                                                              197.717       
u_fp_domain/u_CORTEXM3INTEGRATION/u_cortexm3ds_logic/H3eoz6_reg/C
                               u_fp_domain/u_CORTEXM3INTEGRATION/u_cortexm3ds_logic/Kbkzz6_reg/CE
                                                              197.721       
u_fp_domain/u_CORTEXM3INTEGRATION/u_cortexm3ds_logic/H3eoz6_reg/C
                               u_fp_domain/u_CORTEXM3INTEGRATION/u_cortexm3ds_logic/Ndkzz6_reg/CE
                                                              197.721       
u_fp_domain/u_CORTEXM3INTEGRATION/u_cortexm3ds_logic/Bodoz6_reg/C
                               u_fp_domain/u_CORTEXM3INTEGRATION/u_cortexm3ds_logic/Yqczz6_reg/D
                                                              197.721       
u_fp_domain/u_CORTEXM3INTEGRATION/u_cortexm3ds_logic/Bodoz6_reg/C
                               u_fp_domain/u_CORTEXM3INTEGRATION/u_cortexm3ds_logic/Cbfoz6_reg/CE
                                                              197.733       
u_fp_domain/u_CORTEXM3INTEGRATION/u_cortexm3ds_logic/Bodoz6_reg/C
                               u_fp_domain/u_CORTEXM3INTEGRATION/u_cortexm3ds_logic/Lffoz6_reg/CE
                                                              197.733       
u_fp_domain/u_CORTEXM3INTEGRATION/u_cortexm3ds_logic/Bodoz6_reg/C
                               u_fp_domain/u_CORTEXM3INTEGRATION/u_cortexm3ds_logic/P5fzz6_reg/CE
                                                              197.733       
u_fp_domain/u_CORTEXM3INTEGRATION/u_cortexm3ds_logic/Bodoz6_reg/C
                               u_fp_domain/u_CORTEXM3INTEGRATION/u_cortexm3ds_logic/Psfoz6_reg/CE
                                                              197.733       
u_fp_domain/u_CORTEXM3INTEGRATION/u_cortexm3ds_logic/Bodoz6_reg/C
                               u_fp_domain/u_CORTEXM3INTEGRATION/u_cortexm3ds_logic/Okcoz6_reg/D
                                                              197.744       
u_fp_domain/u_CORTEXM3INTEGRATION/u_cortexm3ds_logic/Bodoz6_reg/C
                               u_fp_domain/u_CORTEXM3INTEGRATION/u_cortexm3ds_logic/Kqfoz6_reg/CE
                                                              197.748       
u_fp_domain/u_CORTEXM3INTEGRATION/u_cortexm3ds_logic/P6eoz6_reg/C
                               u_fp_domain/u_CORTEXM3INTEGRATION/u_cortexm3ds_logic/A2ezz6_reg/D
                                                              197.771       
u_fp_domain/u_CORTEXM3INTEGRATION/u_cortexm3ds_logic/H9doz6_reg/C
                               u_fp_domain/u_CORTEXM3INTEGRATION/u_cortexm3ds_logic/Nidoz6_reg/D
                                                              197.772       
u_fp_domain/u_CORTEXM3INTEGRATION/u_cortexm3ds_logic/H9doz6_reg/C
                               u_fp_domain/u_CORTEXM3INTEGRATION/u_cortexm3ds_logic/Fxcoz6_reg/D
                                                              197.773       
u_fp_domain/u_CORTEXM3INTEGRATION/u_cortexm3ds_logic/H3eoz6_reg/C
                               u_fp_domain/u_CORTEXM3INTEGRATION/u_cortexm3ds_logic/F51g07_reg/D
                                                              197.780       
u_fp_domain/u_CORTEXM3INTEGRATION/u_cortexm3ds_logic/H9doz6_reg/C
                               u_fp_domain/u_CORTEXM3INTEGRATION/u_cortexm3ds_logic/Df1g07_reg/D
                                                              197.790       
u_fp_domain/u_CORTEXM3INTEGRATION/u_cortexm3ds_logic/Bodoz6_reg/C
                               u_fp_domain/u_CORTEXM3INTEGRATION/u_cortexm3ds_logic/Zcdoz6_reg/CE
                                                              197.799       
u_fp_domain/u_CORTEXM3INTEGRATION/u_cortexm3ds_logic/Bodoz6_reg/C
                               u_fp_domain/u_CORTEXM3INTEGRATION/u_cortexm3ds_logic/Rgdoz6_reg/CE
                                                              197.810       
u_fp_domain/u_CORTEXM3INTEGRATION/u_cortexm3ds_logic/Jkdoz6_reg/C
                               u_fp_domain/u_CORTEXM3INTEGRATION/u_cortexm3ds_logic/P5doz6_reg/D
                                                              197.834       
u_fp_domain/u_CORTEXM3INTEGRATION/u_cortexm3ds_logic/Jkdoz6_reg/C
                               u_fp_domain/u_CORTEXM3INTEGRATION/u_cortexm3ds_logic/X1doz6_reg/D
                                                              197.837       
u_fp_domain/u_CORTEXM3INTEGRATION/u_cortexm3ds_logic/Bodoz6_reg/C
                               u_fp_domain/u_CORTEXM3INTEGRATION/u_cortexm3ds_logic/O5kzz6_reg/D
                                                              197.839       
u_fp_domain/u_CORTEXM3INTEGRATION/u_cortexm3ds_logic/H3eoz6_reg/C
                               u_fp_domain/u_CORTEXM3INTEGRATION/u_cortexm3ds_logic/Xqkzz6_reg/D
                                                              197.856       
u_fp_domain/u_CORTEXM3INTEGRATION/u_cortexm3ds_logic/Bodoz6_reg/C
                               u_fp_domain/u_CORTEXM3INTEGRATION/u_cortexm3ds_logic/V6vzz6_reg/D
                                                              197.883       
u_fp_domain/u_CORTEXM3INTEGRATION/u_cortexm3ds_logic/H3eoz6_reg/C
                               u_fp_domain/u_CORTEXM3INTEGRATION/u_cortexm3ds_logic/I9kzz6_reg/CE
                                                              197.891       
u_fp_domain/u_CORTEXM3INTEGRATION/u_cortexm3ds_logic/H9doz6_reg/C
                               u_fp_domain/u_CORTEXM3INTEGRATION/u_cortexm3ds_logic/Jkdoz6_reg/D
                                                              197.894       
u_fp_domain/u_CORTEXM3INTEGRATION/u_cortexm3ds_logic/H3eoz6_reg/C
                               u_fp_domain/u_CORTEXM3INTEGRATION/u_cortexm3ds_logic/Knkzz6_reg/CE
                                                              197.894       
u_fp_domain/u_CORTEXM3INTEGRATION/u_cortexm3ds_logic/H3eoz6_reg/C
                               u_fp_domain/u_CORTEXM3INTEGRATION/u_cortexm3ds_logic/Thkzz6_reg/CE
                                                              197.894       
u_fp_domain/u_CORTEXM3INTEGRATION/u_cortexm3ds_logic/H3eoz6_reg/C
                               u_fp_domain/u_CORTEXM3INTEGRATION/u_cortexm3ds_logic/Wjkzz6_reg/CE
                                                              197.901       
u_fp_domain/u_CORTEXM3INTEGRATION/u_cortexm3ds_logic/H3eoz6_reg/C
                               u_fp_domain/u_CORTEXM3INTEGRATION/u_cortexm3ds_logic/Ybvzz6_reg/D
                                                              197.954       
u_fp_domain/u_CORTEXM3INTEGRATION/u_cortexm3ds_logic/H3eoz6_reg/C
                               u_fp_domain/u_CORTEXM3INTEGRATION/u_cortexm3ds_logic/Ryeoz6_reg/D
                                                              197.965       
u_fp_domain/u_CORTEXM3INTEGRATION/u_cortexm3ds_logic/H3eoz6_reg/C
                               u_fp_domain/u_CORTEXM3INTEGRATION/u_cortexm3ds_logic/Fpkzz6_reg/CE
                                                              197.966       
u_fp_domain/u_CORTEXM3INTEGRATION/u_cortexm3ds_logic/H3eoz6_reg/C
                               u_fp_domain/u_CORTEXM3INTEGRATION/u_cortexm3ds_logic/G7kzz6_reg/CE
                                                              197.966       
u_fp_domain/u_CORTEXM3INTEGRATION/u_cortexm3ds_logic/P6eoz6_reg/C
                               u_fp_domain/u_CORTEXM3INTEGRATION/u_cortexm3ds_logic/Sggoz6_reg/D
                                                              197.968       
u_fp_domain/u_CORTEXM3INTEGRATION/u_cortexm3ds_logic/H3eoz6_reg/C
                               u_fp_domain/u_CORTEXM3INTEGRATION/u_cortexm3ds_logic/Plkzz6_reg/CE
                                                              197.976       
u_fp_domain/u_CORTEXM3INTEGRATION/u_cortexm3ds_logic/Ltooz6_reg/C
                               u_fp_domain/u_CORTEXM3INTEGRATION/u_cortexm3ds_logic/Ynroz6_reg/CE
                                                              198.029       
u_fp_domain/u_CORTEXM3INTEGRATION/u_cortexm3ds_logic/Jkdoz6_reg/C
                               u_fp_domain/u_CORTEXM3INTEGRATION/u_cortexm3ds_logic/Pdroz6_reg/D
                                                              198.035       
u_fp_domain/u_CORTEXM3INTEGRATION/u_cortexm3ds_logic/Jkdoz6_reg/C
                               u_fp_domain/u_CORTEXM3INTEGRATION/u_cortexm3ds_logic/L7doz6_reg/D
                                                              198.036       
u_fp_domain/u_CORTEXM3INTEGRATION/u_cortexm3ds_logic/Jkdoz6_reg/C
                               u_fp_domain/u_CORTEXM3INTEGRATION/u_cortexm3ds_logic/O8roz6_reg/D
                                                              198.038       
u_fp_domain/u_CORTEXM3INTEGRATION/u_cortexm3ds_logic/H3eoz6_reg/C
                               u_fp_domain/u_CORTEXM3INTEGRATION/u_cortexm3ds_logic/S8vzz6_reg/CE
                                                              198.043       
u_fp_domain/u_CORTEXM3INTEGRATION/u_cortexm3ds_logic/H3eoz6_reg/C
                               u_fp_domain/u_CORTEXM3INTEGRATION/u_cortexm3ds_logic/Iavzz6_reg/CE
                                                              198.048       
u_fp_domain/u_CORTEXM3INTEGRATION/u_cortexm3ds_logic/Jkdoz6_reg/C
                               u_fp_domain/u_CORTEXM3INTEGRATION/u_cortexm3ds_logic/H9doz6_reg/D
                                                              198.069       
u_fp_domain/u_CORTEXM3INTEGRATION/u_cortexm3ds_logic/H9doz6_reg/C
                               u_fp_domain/u_CORTEXM3INTEGRATION/u_cortexm3ds_logic/Fmdoz6_reg/D
                                                              198.096       
u_fp_domain/u_CORTEXM3INTEGRATION/u_cortexm3ds_logic/A7roz6_reg/C
                               u_fp_domain/u_CORTEXM3INTEGRATION/u_cortexm3ds_logic/K2roz6_reg/D
                                                              198.126       
u_fp_domain/u_CORTEXM3INTEGRATION/u_cortexm3ds_logic/Bodoz6_reg/C
                               u_fp_domain/u_CORTEXM3INTEGRATION/u_cortexm3ds_logic/Nuizz6_reg/CE
                                                              198.135       
u_fp_domain/u_CORTEXM3INTEGRATION/u_cortexm3ds_logic/Bodoz6_reg/C
                               u_fp_domain/u_CORTEXM3INTEGRATION/u_cortexm3ds_logic/Q4foz6_reg/CE
                                                              198.135       
u_fp_domain/u_CORTEXM3INTEGRATION/u_cortexm3ds_logic/Bodoz6_reg/C
                               u_fp_domain/u_CORTEXM3INTEGRATION/u_cortexm3ds_logic/Zskzz6_reg/D
                                                              198.156       
u_fp_domain/u_CORTEXM3INTEGRATION/u_cortexm3ds_logic/Ltooz6_reg/C
                               u_fp_domain/u_CORTEXM3INTEGRATION/u_cortexm3ds_logic/W5soz6_reg/CE
                                                              198.158       
u_fp_domain/u_CORTEXM3INTEGRATION/u_cortexm3ds_logic/Ltooz6_reg/C
                               u_fp_domain/u_CORTEXM3INTEGRATION/u_cortexm3ds_logic/Wlroz6_reg/CE
                                                              198.187       
u_fp_domain/u_CORTEXM3INTEGRATION/u_cortexm3ds_logic/Jkdoz6_reg/C
                               u_fp_domain/u_CORTEXM3INTEGRATION/u_cortexm3ds_logic/Dohoz6_reg/D
                                                              198.189       
u_fp_domain/u_CORTEXM3INTEGRATION/u_cortexm3ds_logic/Ltooz6_reg/C
                               u_fp_domain/u_CORTEXM3INTEGRATION/u_cortexm3ds_logic/Ujroz6_reg/CE
                                                              198.191       
u_fp_domain/u_CORTEXM3INTEGRATION/u_cortexm3ds_logic/H9doz6_reg/C
                               u_fp_domain/u_CORTEXM3INTEGRATION/u_cortexm3ds_logic/Rgdoz6_reg/D
                                                              198.199       
u_fp_domain/u_CORTEXM3INTEGRATION/u_cortexm3ds_logic/Bodoz6_reg/C
                               u_fp_domain/u_CORTEXM3INTEGRATION/u_cortexm3ds_logic/Vsizz6_reg/D
                                                              198.243       
u_fp_domain/u_CORTEXM3INTEGRATION/u_cortexm3ds_logic/Jkdoz6_reg/C
                               u_fp_domain/u_CORTEXM3INTEGRATION/u_cortexm3ds_logic/Bodoz6_reg/D
                                                              198.281       
u_fp_domain/u_CORTEXM3INTEGRATION/u_cortexm3ds_logic/Jkdoz6_reg/C
                               u_fp_domain/u_CORTEXM3INTEGRATION/u_cortexm3ds_logic/T3doz6_reg/D
                                                              198.290       
u_fp_domain/u_CORTEXM3INTEGRATION/u_cortexm3ds_logic/H9doz6_reg/C
                               u_fp_domain/u_CORTEXM3INTEGRATION/u_cortexm3ds_logic/Vedoz6_reg/D
                                                              198.291       
u_fp_domain/u_CORTEXM3INTEGRATION/u_cortexm3ds_logic/Ltooz6_reg/C
                               u_fp_domain/u_CORTEXM3INTEGRATION/u_cortexm3ds_logic/Csroz6_reg/CE
                                                              198.299       
u_fp_domain/u_CORTEXM3INTEGRATION/u_cortexm3ds_logic/Ltooz6_reg/C
                               u_fp_domain/u_CORTEXM3INTEGRATION/u_cortexm3ds_logic/Rbdzz6_reg/CE
                                                              198.299       
u_fp_domain/u_CORTEXM3INTEGRATION/u_cortexm3ds_logic/Jkdoz6_reg/C
                               u_fp_domain/u_CORTEXM3INTEGRATION/u_cortexm3ds_logic/Dbdoz6_reg/D
                                                              198.318       
u_fp_domain/u_CORTEXM3INTEGRATION/u_cortexm3ds_logic/Ltooz6_reg/C
                               u_fp_domain/u_CORTEXM3INTEGRATION/u_cortexm3ds_logic/Holzz6_reg/CE
                                                              198.329       
u_fp_domain/u_CORTEXM3INTEGRATION/u_cortexm3ds_logic/Ltooz6_reg/C
                               u_fp_domain/u_CORTEXM3INTEGRATION/u_cortexm3ds_logic/Lyroz6_reg/CE
                                                              198.329       
u_fp_domain/u_CORTEXM3INTEGRATION/u_cortexm3ds_logic/Ltooz6_reg/C
                               u_fp_domain/u_CORTEXM3INTEGRATION/u_cortexm3ds_logic/O6ozz6_reg/CE
                                                              198.329       
u_fp_domain/u_CORTEXM3INTEGRATION/u_cortexm3ds_logic/Ltooz6_reg/C
                               u_fp_domain/u_CORTEXM3INTEGRATION/u_cortexm3ds_logic/Rfozz6_reg/CE
                                                              198.329       
u_fp_domain/u_CORTEXM3INTEGRATION/u_cortexm3ds_logic/Ltooz6_reg/C
                               u_fp_domain/u_CORTEXM3INTEGRATION/u_cortexm3ds_logic/Zwsoz6_reg/CE
                                                              198.330       
u_fp_domain/u_CORTEXM3INTEGRATION/u_cortexm3ds_logic/H9doz6_reg/C
                               u_fp_domain/u_CORTEXM3INTEGRATION/u_cortexm3ds_logic/O8roz6_reg/CE
                                                              198.335       
u_fp_domain/u_CORTEXM3INTEGRATION/u_cortexm3ds_logic/H9doz6_reg/C
                               u_fp_domain/u_CORTEXM3INTEGRATION/u_cortexm3ds_logic/Earoz6_reg/CE
                                                              198.340       
u_fp_domain/u_CORTEXM3INTEGRATION/u_cortexm3ds_logic/Ltooz6_reg/C
                               u_fp_domain/u_CORTEXM3INTEGRATION/u_cortexm3ds_logic/Bzpzz6_reg/CE
                                                              198.376       
u_fp_domain/u_CORTEXM3INTEGRATION/u_cortexm3ds_logic/Ltooz6_reg/C
                               u_fp_domain/u_CORTEXM3INTEGRATION/u_cortexm3ds_logic/Vmsoz6_reg/CE
                                                              198.376       
u_fp_domain/u_CORTEXM3INTEGRATION/u_cortexm3ds_logic/Ltooz6_reg/C
                               u_fp_domain/u_CORTEXM3INTEGRATION/u_cortexm3ds_logic/Qmezz6_reg/CE
                                                              198.377       
u_fp_domain/u_CORTEXM3INTEGRATION/u_cortexm3ds_logic/Ltooz6_reg/C
                               u_fp_domain/u_CORTEXM3INTEGRATION/u_cortexm3ds_logic/Sksoz6_reg/CE
                                                              198.377       
u_fp_domain/u_CORTEXM3INTEGRATION/u_cortexm3ds_logic/Ltooz6_reg/C
                               u_fp_domain/u_CORTEXM3INTEGRATION/u_cortexm3ds_logic/U6toz6_reg/CE
                                                              198.377       
u_fp_domain/u_CORTEXM3INTEGRATION/u_cortexm3ds_logic/Ltooz6_reg/C
                               u_fp_domain/u_CORTEXM3INTEGRATION/u_cortexm3ds_logic/Xftoz6_reg/CE
                                                              198.377       
u_fp_domain/u_CORTEXM3INTEGRATION/u_cortexm3ds_logic/Ltooz6_reg/C
                               u_fp_domain/u_CORTEXM3INTEGRATION/u_cortexm3ds_logic/L4izz6_reg/CE
                                                              198.384       
u_fp_domain/u_CORTEXM3INTEGRATION/u_cortexm3ds_logic/Ltooz6_reg/C
                               u_fp_domain/u_CORTEXM3INTEGRATION/u_cortexm3ds_logic/Wpqzz6_reg/CE
                                                              198.384       
u_fp_domain/u_CORTEXM3INTEGRATION/u_cortexm3ds_logic/Ltooz6_reg/C
                               u_fp_domain/u_CORTEXM3INTEGRATION/u_cortexm3ds_logic/Chbzz6_reg/CE
                                                              198.410       
u_fp_domain/u_CORTEXM3INTEGRATION/u_cortexm3ds_logic/Ltooz6_reg/C
                               u_fp_domain/u_CORTEXM3INTEGRATION/u_cortexm3ds_logic/Gfazz6_reg/CE
                                                              198.410       
u_fp_domain/u_CORTEXM3INTEGRATION/u_cortexm3ds_logic/Ltooz6_reg/C
                               u_fp_domain/u_CORTEXM3INTEGRATION/u_cortexm3ds_logic/V9czz6_reg/CE
                                                              198.410       
u_fp_domain/u_CORTEXM3INTEGRATION/u_cortexm3ds_logic/Ltooz6_reg/C
                               u_fp_domain/u_CORTEXM3INTEGRATION/u_cortexm3ds_logic/Z7bzz6_reg/CE
                                                              198.410       
u_fp_domain/u_CORTEXM3INTEGRATION/u_cortexm3ds_logic/Jkdoz6_reg/C
                               u_fp_domain/u_CORTEXM3INTEGRATION/u_cortexm3ds_logic/Updoz6_reg/D
                                                              198.427       
u_fp_domain/u_CORTEXM3INTEGRATION/u_cortexm3ds_logic/Ltooz6_reg/C
                               u_fp_domain/u_CORTEXM3INTEGRATION/u_cortexm3ds_logic/Ndezz6_reg/CE
                                                              198.428       
u_fp_domain/u_CORTEXM3INTEGRATION/u_cortexm3ds_logic/K2roz6_reg/C
                               u_fp_domain/u_CORTEXM3INTEGRATION/u_cortexm3ds_logic/Gv1g07_reg/D
                                                              198.435       
u_fp_domain/u_CORTEXM3INTEGRATION/u_cortexm3ds_logic/Ltooz6_reg/C
                               u_fp_domain/u_CORTEXM3INTEGRATION/u_cortexm3ds_logic/Hdsoz6_reg/CE
                                                              198.445       
u_fp_domain/u_CORTEXM3INTEGRATION/u_cortexm3ds_logic/Ltooz6_reg/C
                               u_fp_domain/u_CORTEXM3INTEGRATION/u_cortexm3ds_logic/Yiczz6_reg/CE
                                                              198.445       
u_fp_domain/u_CORTEXM3INTEGRATION/u_cortexm3ds_logic/Ltooz6_reg/C
                               u_fp_domain/u_CORTEXM3INTEGRATION/u_cortexm3ds_logic/Aqroz6_reg/CE
                                                              198.483       
u_fp_domain/u_CORTEXM3INTEGRATION/u_cortexm3ds_logic/Ltooz6_reg/C
                               u_fp_domain/u_CORTEXM3INTEGRATION/u_cortexm3ds_logic/Furoz6_reg/CE
                                                              198.483       
u_fp_domain/u_CORTEXM3INTEGRATION/u_cortexm3ds_logic/Ltooz6_reg/C
                               u_fp_domain/u_CORTEXM3INTEGRATION/u_cortexm3ds_logic/Iwroz6_reg/CE
                                                              198.483       
u_fp_domain/u_CORTEXM3INTEGRATION/u_cortexm3ds_logic/Ltooz6_reg/C
                               u_fp_domain/u_CORTEXM3INTEGRATION/u_cortexm3ds_logic/Ukdzz6_reg/CE
                                                              198.483       
u_fp_domain/u_CORTEXM3INTEGRATION/u_cortexm3ds_logic/Jkdoz6_reg/C
                               u_fp_domain/u_CORTEXM3INTEGRATION/u_cortexm3ds_logic/Gtdoz6_reg/D
                                                              198.518       
u_fp_domain/u_CORTEXM3INTEGRATION/u_cortexm3ds_logic/Jkdoz6_reg/C
                               u_fp_domain/u_CORTEXM3INTEGRATION/u_cortexm3ds_logic/Nrdoz6_reg/D
                                                              198.519       
u_fp_domain/u_CORTEXM3INTEGRATION/u_cortexm3ds_logic/Pdroz6_reg/C
                               u_fp_domain/u_CORTEXM3INTEGRATION/u_cortexm3ds_logic/Hssoz6_reg/D
                                                              198.555       
u_fp_domain/u_CORTEXM3INTEGRATION/u_cortexm3ds_logic/Ltooz6_reg/C
                               u_fp_domain/u_CORTEXM3INTEGRATION/u_cortexm3ds_logic/Aquzz6_reg/CE
                                                              198.571       
u_fp_domain/u_CORTEXM3INTEGRATION/u_cortexm3ds_logic/Jdgoz6_reg/C
                               u_fp_domain/u_CORTEXM3INTEGRATION/u_cortexm3ds_logic/Gfgoz6_reg/D
                                                              198.676       
u_fp_domain/u_CORTEXM3INTEGRATION/u_cortexm3ds_logic/H9doz6_reg/C
                               u_fp_domain/u_CORTEXM3INTEGRATION/u_cortexm3ds_logic/Od1g07_reg/D
                                                              198.679       
u_fp_domain/u_CORTEXM3INTEGRATION/u_cortexm3ds_logic/Ltooz6_reg/C
                               u_fp_domain/u_CORTEXM3INTEGRATION/u_cortexm3ds_logic/Dhqoz6_reg/CE
                                                              198.686       
u_fp_domain/u_CORTEXM3INTEGRATION/u_cortexm3ds_logic/H9doz6_reg/C
                               u_fp_domain/u_CORTEXM3INTEGRATION/u_cortexm3ds_logic/Ogroz6_reg/D
                                                              198.711       
u_fp_domain/u_CORTEXM3INTEGRATION/u_cortexm3ds_logic/Bodoz6_reg/C
                               u_fp_domain/u_CORTEXM3INTEGRATION/u_cortexm3ds_logic/Ckgoz6_reg/D
                                                              198.734       
u_fp_domain/u_CORTEXM3INTEGRATION/u_cortexm3ds_logic/H9doz6_reg/C
                               u_fp_domain/u_CORTEXM3INTEGRATION/u_cortexm3ds_logic/Ubroz6_reg/D
                                                              198.748       
u_fp_domain/u_CORTEXM3INTEGRATION/u_cortexm3ds_logic/H9doz6_reg/C
                               u_fp_domain/u_CORTEXM3INTEGRATION/u_cortexm3ds_logic/Rk1g07_reg/D
                                                              198.770       
u_fp_domain/u_CORTEXM3INTEGRATION/u_cortexm3ds_logic/Knkzz6_reg/C
                               u_fp_domain/u_CORTEXM3INTEGRATION/u_cortexm3ds_logic/Iy1g07_reg/D
                                                              198.781       
u_fp_domain/u_CORTEXM3INTEGRATION/u_cortexm3ds_logic/A7roz6_reg/C
                               u_fp_domain/u_CORTEXM3INTEGRATION/u_cortexm3ds_logic/V81g07_reg/D
                                                              198.821       
u_fp_domain/u_CORTEXM3INTEGRATION/u_cortexm3ds_logic/Ldizz6_reg/C
                               u_fp_domain/u_CORTEXM3INTEGRATION/u_cortexm3ds_logic/I9kzz6_reg/D
                                                              198.830       
u_fp_domain/u_CORTEXM3INTEGRATION/u_cortexm3ds_logic/O8roz6_reg/C
                               u_fp_domain/u_CORTEXM3INTEGRATION/u_cortexm3ds_logic/Q8izz6_reg/D
                                                              198.831       
u_fp_domain/u_CORTEXM3INTEGRATION/u_cortexm3ds_logic/A7roz6_reg/C
                               u_fp_domain/u_CORTEXM3INTEGRATION/u_cortexm3ds_logic/Ka1g07_reg/D
                                                              198.863       
u_fp_domain/u_CORTEXM3INTEGRATION/u_cortexm3ds_logic/Bodoz6_reg/C
                               u_fp_domain/u_CORTEXM3INTEGRATION/u_cortexm3ds_logic/P6eoz6_reg/D
                                                              198.881       
u_fp_domain/u_CORTEXM3INTEGRATION/u_cortexm3ds_logic/Nbeoz6_reg/C
                               u_fp_domain/u_CORTEXM3INTEGRATION/u_cortexm3ds_logic/C5poz6_reg/D
                                                              198.883       
u_fp_domain/u_CORTEXM3INTEGRATION/u_cortexm3ds_logic/Bodoz6_reg/C
                               u_fp_domain/u_CORTEXM3INTEGRATION/u_cortexm3ds_logic/G8eoz6_reg/D
                                                              198.887       
u_fp_domain/u_CORTEXM3INTEGRATION/u_cortexm3ds_logic/Jkdoz6_reg/C
                               u_fp_domain/u_CORTEXM3INTEGRATION/u_cortexm3ds_logic/Zcdoz6_reg/D
                                                              198.888       
u_fp_domain/u_CORTEXM3INTEGRATION/u_cortexm3ds_logic/W4ozz6_reg/C
                               u_fp_domain/u_CORTEXM3INTEGRATION/u_cortexm3ds_logic/O6ozz6_reg/D
                                                              198.904       
u_fp_domain/u_CORTEXM3INTEGRATION/u_cortexm3ds_logic/H9doz6_reg/C
                               u_fp_domain/u_CORTEXM3INTEGRATION/u_cortexm3ds_logic/G71g07_reg/D
                                                              198.905       
u_fp_domain/u_CORTEXM3INTEGRATION/u_cortexm3ds_logic/Bodoz6_reg/C
                               u_fp_domain/u_CORTEXM3INTEGRATION/u_cortexm3ds_logic/Ligoz6_reg/D
                                                              198.909       
u_fp_domain/u_CORTEXM3INTEGRATION/u_cortexm3ds_logic/A7roz6_reg/C
                               u_fp_domain/u_CORTEXM3INTEGRATION/u_cortexm3ds_logic/Zb1g07_reg/D
                                                              198.912       
u_fp_domain/u_CORTEXM3INTEGRATION/u_cortexm3ds_logic/Vsizz6_reg/C
                               u_fp_domain/u_CORTEXM3INTEGRATION/u_cortexm3ds_logic/S8vzz6_reg/D
                                                              198.914       
u_fp_domain/u_CORTEXM3INTEGRATION/u_cortexm3ds_logic/Bodoz6_reg/C
                               u_fp_domain/u_CORTEXM3INTEGRATION/u_cortexm3ds_logic/Y4eoz6_reg/D
                                                              198.931       
u_fp_domain/u_CORTEXM3INTEGRATION/u_cortexm3ds_logic/Vsizz6_reg/C
                               u_fp_domain/u_CORTEXM3INTEGRATION/u_cortexm3ds_logic/Iavzz6_reg/D
                                                              198.940       
u_fp_domain/u_CORTEXM3INTEGRATION/u_cortexm3ds_logic/Ndpoz6_reg/C
                               u_fp_domain/u_CORTEXM3INTEGRATION/u_cortexm3ds_logic/Wlroz6_reg/D
                                                              198.981       
u_fp_domain/u_CORTEXM3INTEGRATION/u_cortexm3ds_logic/U2izz6_reg/C
                               u_fp_domain/u_CORTEXM3INTEGRATION/u_cortexm3ds_logic/L4izz6_reg/D
                                                              199.069       
u_fp_domain/u_CORTEXM3INTEGRATION/u_cortexm3ds_logic/Edeoz6_reg/C
                               u_fp_domain/u_CORTEXM3INTEGRATION/u_cortexm3ds_logic/Ynroz6_reg/D
                                                              199.069       
u_fp_domain/u_CORTEXM3INTEGRATION/u_cortexm3ds_logic/Ndpoz6_reg/C
                               u_fp_domain/u_CORTEXM3INTEGRATION/u_cortexm3ds_logic/Efpoz6_reg/D
                                                              199.086       
u_fp_domain/u_CORTEXM3INTEGRATION/u_cortexm3ds_logic/E0poz6_reg/C
                               u_fp_domain/u_CORTEXM3INTEGRATION/u_cortexm3ds_logic/V1poz6_reg/D
                                                              199.091       
u_fp_domain/u_CORTEXM3INTEGRATION/u_cortexm3ds_logic/Xmooz6_reg/C
                               u_fp_domain/u_CORTEXM3INTEGRATION/u_cortexm3ds_logic/Poooz6_reg/D
                                                              199.105       
u_fp_domain/u_CORTEXM3INTEGRATION/u_cortexm3ds_logic/Odazz6_reg/C
                               u_fp_domain/u_CORTEXM3INTEGRATION/u_cortexm3ds_logic/Gfazz6_reg/D
                                                              199.134       
u_fp_domain/u_CORTEXM3INTEGRATION/u_cortexm3ds_logic/Foqzz6_reg/C
                               u_fp_domain/u_CORTEXM3INTEGRATION/u_cortexm3ds_logic/Quqzz6_reg/D
                                                              199.149       
u_fp_domain/u_CORTEXM3INTEGRATION/u_cortexm3ds_logic/Z9dzz6_reg/C
                               u_fp_domain/u_CORTEXM3INTEGRATION/u_cortexm3ds_logic/Rbdzz6_reg/D
                                                              199.153       
u_fp_domain/u_CORTEXM3INTEGRATION/u_cortexm3ds_logic/Dzqoz6_reg/C
                               u_fp_domain/u_CORTEXM3INTEGRATION/u_cortexm3ds_logic/U0roz6_reg/D
                                                              199.172       
u_fp_domain/u_CORTEXM3INTEGRATION/u_cortexm3ds_logic/W4ozz6_reg/C
                               u_fp_domain/u_CORTEXM3INTEGRATION/u_cortexm3ds_logic/L5pzz6_reg/D
                                                              199.179       
u_fp_domain/u_CORTEXM3INTEGRATION/u_cortexm3ds_logic/Earoz6_reg/C
                               u_fp_domain/u_CORTEXM3INTEGRATION/u_cortexm3ds_logic/Haizz6_reg/D
                                                              199.183       
u_fp_domain/u_CORTEXM3INTEGRATION/u_cortexm3ds_logic/Xbcoz6_reg/C
                               u_fp_domain/u_CORTEXM3INTEGRATION/u_cortexm3ds_logic/Knkzz6_reg/D
                                                              199.194       
u_fp_domain/u_CORTEXM3INTEGRATION/u_cortexm3ds_logic/L8coz6_reg/C
                               u_fp_domain/u_CORTEXM3INTEGRATION/u_cortexm3ds_logic/S2lzz6_reg/D
                                                              199.196       
u_fp_domain/u_CORTEXM3INTEGRATION/u_cortexm3ds_logic/Zdozz6_reg/C
                               u_fp_domain/u_CORTEXM3INTEGRATION/u_cortexm3ds_logic/Rfozz6_reg/D
                                                              199.201       
u_fp_domain/u_CORTEXM3INTEGRATION/u_cortexm3ds_logic/Pmlzz6_reg/C
                               u_fp_domain/u_CORTEXM3INTEGRATION/u_cortexm3ds_logic/Holzz6_reg/D
                                                              199.205       
u_fp_domain/u_CORTEXM3INTEGRATION/u_cortexm3ds_logic/Bodoz6_reg/C
                               u_fp_domain/u_CORTEXM3INTEGRATION/u_cortexm3ds_logic/P1eoz6_reg/D
                                                              199.205       
u_fp_domain/u_CORTEXM3INTEGRATION/u_cortexm3ds_logic/Okcoz6_reg/C
                               u_fp_domain/u_CORTEXM3INTEGRATION/u_cortexm3ds_logic/Vjfoz6_reg/D
                                                              199.209       
u_fp_domain/u_CORTEXM3INTEGRATION/u_cortexm3ds_logic/U2izz6_reg/C
                               u_fp_domain/u_CORTEXM3INTEGRATION/u_cortexm3ds_logic/N6izz6_reg/D
                                                              199.213       
u_fp_domain/u_CORTEXM3INTEGRATION/u_cortexm3ds_logic/Cjhoz6_reg/C
                               u_fp_domain/u_CORTEXM3INTEGRATION/u_cortexm3ds_logic/Hdsoz6_reg/D
                                                              199.220       
u_fp_domain/u_CORTEXM3INTEGRATION/u_cortexm3ds_logic/Vsizz6_reg/C
                               u_fp_domain/u_CORTEXM3INTEGRATION/u_cortexm3ds_logic/Nuizz6_reg/D
                                                              199.222       
u_fp_domain/u_CORTEXM3INTEGRATION/u_cortexm3ds_logic/E0poz6_reg/C
                               u_fp_domain/u_CORTEXM3INTEGRATION/u_cortexm3ds_logic/Vmsoz6_reg/D
                                                              199.223       
u_fp_domain/u_CORTEXM3INTEGRATION/u_cortexm3ds_logic/Updoz6_reg/C
                               u_fp_domain/u_CORTEXM3INTEGRATION/u_cortexm3ds_logic/Nwdoz6_reg/D
                                                              199.233       
u_fp_domain/u_CORTEXM3INTEGRATION/u_cortexm3ds_logic/Jfcoz6_reg/C
                               u_fp_domain/u_CORTEXM3INTEGRATION/u_cortexm3ds_logic/Gwkzz6_reg/D
                                                              199.235       
u_fp_domain/u_CORTEXM3INTEGRATION/u_cortexm3ds_logic/Chcoz6_reg/C
                               u_fp_domain/u_CORTEXM3INTEGRATION/u_cortexm3ds_logic/Fofoz6_reg/D
                                                              199.235       
u_fp_domain/u_CORTEXM3INTEGRATION/u_cortexm3ds_logic/Xbcoz6_reg/C
                               u_fp_domain/u_CORTEXM3INTEGRATION/u_cortexm3ds_logic/Mzkzz6_reg/D
                                                              199.243       
u_fp_domain/u_CORTEXM3INTEGRATION/u_cortexm3ds_logic/Edeoz6_reg/C
                               u_fp_domain/u_CORTEXM3INTEGRATION/u_cortexm3ds_logic/Veeoz6_reg/D
                                                              199.244       
u_fp_domain/u_CORTEXM3INTEGRATION/u_cortexm3ds_logic/Rvhoz6_reg/C
                               u_fp_domain/u_CORTEXM3INTEGRATION/u_cortexm3ds_logic/I4lzz6_reg/D
                                                              199.245       
u_fp_domain/u_CORTEXM3INTEGRATION/u_cortexm3ds_logic/Mwazz6_reg/C
                               u_fp_domain/u_CORTEXM3INTEGRATION/u_cortexm3ds_logic/Fyazz6_reg/D
                                                              199.252       
u_fp_domain/u_CORTEXM3INTEGRATION/u_cortexm3ds_logic/Ykezz6_reg/C
                               u_fp_domain/u_CORTEXM3INTEGRATION/u_cortexm3ds_logic/Qmezz6_reg/D
                                                              199.260       
u_fp_domain/u_CORTEXM3INTEGRATION/u_cortexm3ds_logic/Zoizz6_reg/C
                               u_fp_domain/u_CORTEXM3INTEGRATION/u_cortexm3ds_logic/Fpkzz6_reg/D
                                                              199.262       
u_fp_domain/u_CORTEXM3INTEGRATION/u_cortexm3ds_logic/Quezz6_reg/C
                               u_fp_domain/u_CORTEXM3INTEGRATION/u_cortexm3ds_logic/Jwezz6_reg/D
                                                              199.262       
u_fp_domain/u_CORTEXM3INTEGRATION/u_cortexm3ds_logic/Kxpzz6_reg/C
                               u_fp_domain/u_CORTEXM3INTEGRATION/u_cortexm3ds_logic/Bzpzz6_reg/D
                                                              199.263       
u_fp_domain/u_CORTEXM3INTEGRATION/u_cortexm3ds_logic/Gtdoz6_reg/C
                               u_fp_domain/u_CORTEXM3INTEGRATION/u_cortexm3ds_logic/Xzdoz6_reg/D
                                                              199.263       
u_fp_domain/u_CORTEXM3INTEGRATION/u_cortexm3ds_logic/Hhizz6_reg/C
                               u_fp_domain/u_CORTEXM3INTEGRATION/u_cortexm3ds_logic/Ziizz6_reg/D
                                                              199.264       
u_fp_domain/u_CORTEXM3INTEGRATION/u_cortexm3ds_logic/O3poz6_reg/C
                               u_fp_domain/u_CORTEXM3INTEGRATION/u_cortexm3ds_logic/J0doz6_reg/D
                                                              199.270       
u_fp_domain/u_CORTEXM3INTEGRATION/u_cortexm3ds_logic/Zdozz6_reg/C
                               u_fp_domain/u_CORTEXM3INTEGRATION/u_cortexm3ds_logic/S3pzz6_reg/D
                                                              199.271       
u_fp_domain/u_CORTEXM3INTEGRATION/u_cortexm3ds_logic/Eacoz6_reg/C
                               u_fp_domain/u_CORTEXM3INTEGRATION/u_cortexm3ds_logic/C1lzz6_reg/D
                                                              199.272       
u_fp_domain/u_CORTEXM3INTEGRATION/u_cortexm3ds_logic/C5toz6_reg/C
                               u_fp_domain/u_CORTEXM3INTEGRATION/u_cortexm3ds_logic/U6toz6_reg/D
                                                              199.274       
u_fp_domain/u_CORTEXM3INTEGRATION/u_cortexm3ds_logic/N8noz6_reg/C
                               u_fp_domain/u_CORTEXM3INTEGRATION/u_cortexm3ds_logic/Ujroz6_reg/D
                                                              199.277       
u_fp_domain/u_CORTEXM3INTEGRATION/u_cortexm3ds_logic/Zdozz6_reg/C
                               u_fp_domain/u_CORTEXM3INTEGRATION/u_cortexm3ds_logic/E2pzz6_reg/D
                                                              199.277       
u_fp_domain/u_CORTEXM3INTEGRATION/u_cortexm3ds_logic/Ldizz6_reg/C
                               u_fp_domain/u_CORTEXM3INTEGRATION/u_cortexm3ds_logic/Dfizz6_reg/D
                                                              199.281       
u_fp_domain/u_CORTEXM3INTEGRATION/u_cortexm3ds_logic/Flooz6_reg/C
                               u_fp_domain/u_CORTEXM3INTEGRATION/u_cortexm3ds_logic/W5soz6_reg/D
                                                              199.281       
u_fp_domain/u_CORTEXM3INTEGRATION/u_cortexm3ds_logic/Nrdoz6_reg/C
                               u_fp_domain/u_CORTEXM3INTEGRATION/u_cortexm3ds_logic/Fydoz6_reg/D
                                                              199.283       
u_fp_domain/u_CORTEXM3INTEGRATION/u_cortexm3ds_logic/W3fzz6_reg/C
                               u_fp_domain/u_CORTEXM3INTEGRATION/u_cortexm3ds_logic/P5fzz6_reg/D
                                                              199.286       
u_fp_domain/u_CORTEXM3INTEGRATION/u_cortexm3ds_logic/Xmooz6_reg/C
                               u_fp_domain/u_CORTEXM3INTEGRATION/u_cortexm3ds_logic/Lyroz6_reg/D
                                                              199.293       
u_fp_domain/u_CORTEXM3INTEGRATION/u_cortexm3ds_logic/Zweoz6_reg/C
                               u_fp_domain/u_CORTEXM3INTEGRATION/u_cortexm3ds_logic/I0foz6_reg/D
                                                              199.296       
u_fp_domain/u_CORTEXM3INTEGRATION/u_cortexm3ds_logic/Gnazz6_reg/C
                               u_fp_domain/u_CORTEXM3INTEGRATION/u_cortexm3ds_logic/Zoazz6_reg/D
                                                              199.301       
u_fp_domain/u_CORTEXM3INTEGRATION/u_cortexm3ds_logic/Cpbzz6_reg/C
                               u_fp_domain/u_CORTEXM3INTEGRATION/u_cortexm3ds_logic/Vqbzz6_reg/D
                                                              199.301       
u_fp_domain/u_CORTEXM3INTEGRATION/u_cortexm3ds_logic/Yqczz6_reg/C
                               u_fp_domain/u_CORTEXM3INTEGRATION/u_cortexm3ds_logic/Rsczz6_reg/D
                                                              199.303       
u_fp_domain/u_CORTEXM3INTEGRATION/u_cortexm3ds_logic/Zoizz6_reg/C
                               u_fp_domain/u_CORTEXM3INTEGRATION/u_cortexm3ds_logic/Rqizz6_reg/D
                                                              199.309       
u_fp_domain/u_CORTEXM3INTEGRATION/u_cortexm3ds_logic/L8coz6_reg/C
                               u_fp_domain/u_CORTEXM3INTEGRATION/u_cortexm3ds_logic/Ezfoz6_reg/D
                                                              199.309       
u_fp_domain/u_CORTEXM3INTEGRATION/u_cortexm3ds_logic/Vbezz6_reg/C
                               u_fp_domain/u_CORTEXM3INTEGRATION/u_cortexm3ds_logic/Ndezz6_reg/D
                                                              199.311       
u_fp_domain/u_CORTEXM3INTEGRATION/u_cortexm3ds_logic/P1eoz6_reg/C
                               u_fp_domain/u_CORTEXM3INTEGRATION/u_cortexm3ds_logic/H3eoz6_reg/D
                                                              199.316       
u_fp_domain/u_CORTEXM3INTEGRATION/u_cortexm3ds_logic/Wreoz6_reg/C
                               u_fp_domain/u_CORTEXM3INTEGRATION/u_cortexm3ds_logic/U6foz6_reg/D
                                                              199.317       
u_fp_domain/u_CORTEXM3INTEGRATION/u_cortexm3ds_logic/Wwgoz6_reg/C
                               u_fp_domain/u_CORTEXM3INTEGRATION/u_cortexm3ds_logic/Oygoz6_reg/D
                                                              199.318       
u_fp_domain/u_CORTEXM3INTEGRATION/u_cortexm3ds_logic/Pmlzz6_reg/C
                               u_fp_domain/u_CORTEXM3INTEGRATION/u_cortexm3ds_logic/Hjuzz6_reg/D
                                                              199.319       
u_fp_domain/u_CORTEXM3INTEGRATION/u_cortexm3ds_logic/O8roz6_reg/C
                               u_fp_domain/u_CORTEXM3INTEGRATION/u_cortexm3ds_logic/Pqsoz6_reg/D
                                                              199.327       
u_fp_domain/u_CORTEXM3INTEGRATION/u_cortexm3ds_logic/Ltooz6_reg/C
                               u_fp_domain/u_CORTEXM3INTEGRATION/u_cortexm3ds_logic/Yuooz6_reg/D
                                                              199.332       
u_fp_domain/u_CORTEXM3INTEGRATION/u_cortexm3ds_logic/Chcoz6_reg/C
                               u_fp_domain/u_CORTEXM3INTEGRATION/u_cortexm3ds_logic/Qukzz6_reg/D
                                                              199.336       
u_fp_domain/u_CORTEXM3INTEGRATION/u_cortexm3ds_logic/Cjhoz6_reg/C
                               u_fp_domain/u_CORTEXM3INTEGRATION/u_cortexm3ds_logic/Imhoz6_reg/D
                                                              199.336       
u_fp_domain/u_CORTEXM3INTEGRATION/u_cortexm3ds_logic/N8noz6_reg/C
                               u_fp_domain/u_CORTEXM3INTEGRATION/u_cortexm3ds_logic/Eanoz6_reg/D
                                                              199.338       
u_fp_domain/u_CORTEXM3INTEGRATION/u_cortexm3ds_logic/A2ezz6_reg/C
                               u_fp_domain/u_CORTEXM3INTEGRATION/u_cortexm3ds_logic/T3ezz6_reg/D
                                                              199.344       
u_fp_domain/u_CORTEXM3INTEGRATION/u_cortexm3ds_logic/Kxpzz6_reg/C
                               u_fp_domain/u_CORTEXM3INTEGRATION/u_cortexm3ds_logic/Vqszz6_reg/D
                                                              199.346       
u_fp_domain/u_CORTEXM3INTEGRATION/u_cortexm3ds_logic/Flooz6_reg/C
                               u_fp_domain/u_CORTEXM3INTEGRATION/u_cortexm3ds_logic/Xz1g07_reg/D
                                                              199.346       
u_fp_domain/u_CORTEXM3INTEGRATION/u_cortexm3ds_logic/Ykeoz6_reg/C
                               u_fp_domain/u_CORTEXM3INTEGRATION/u_cortexm3ds_logic/Lffoz6_reg/D
                                                              199.351       
u_fp_domain/u_CORTEXM3INTEGRATION/u_cortexm3ds_logic/Hveoz6_reg/C
                               u_fp_domain/u_CORTEXM3INTEGRATION/u_cortexm3ds_logic/M2foz6_reg/D
                                                              199.352       
u_fp_domain/u_CORTEXM3INTEGRATION/u_cortexm3ds_logic/Foqzz6_reg/C
                               u_fp_domain/u_CORTEXM3INTEGRATION/u_cortexm3ds_logic/Wpqzz6_reg/D
                                                              199.361       
u_fp_domain/u_CORTEXM3INTEGRATION/u_cortexm3ds_logic/Dzqoz6_reg/C
                               u_fp_domain/u_CORTEXM3INTEGRATION/u_cortexm3ds_logic/Pg1g07_reg/D
                                                              199.365       
u_fp_domain/u_CORTEXM3INTEGRATION/u_cortexm3ds_logic/Xmooz6_reg/C
                               u_fp_domain/u_CORTEXM3INTEGRATION/u_cortexm3ds_logic/Dqooz6_reg/D
                                                              199.365       
u_fp_domain/u_CORTEXM3INTEGRATION/u_cortexm3ds_logic/Iy1g07_reg/C
                               u_fp_domain/u_CORTEXM3INTEGRATION/u_cortexm3ds_logic/Xh3nz6_reg/D
                                                              199.369       
u_fp_domain/u_CORTEXM3INTEGRATION/u_cortexm3ds_logic/L8coz6_reg/C
                               u_fp_domain/u_CORTEXM3INTEGRATION/u_cortexm3ds_logic/Plkzz6_reg/D
                                                              199.370       
u_fp_domain/u_CORTEXM3INTEGRATION/u_cortexm3ds_logic/Xbcoz6_reg/C
                               u_fp_domain/u_CORTEXM3INTEGRATION/u_cortexm3ds_logic/Uufoz6_reg/D
                                                              199.376       
u_fp_domain/u_CORTEXM3INTEGRATION/u_cortexm3ds_logic/H6bzz6_reg/C
                               u_fp_domain/u_CORTEXM3INTEGRATION/u_cortexm3ds_logic/Z7bzz6_reg/D
                                                              199.377       
u_fp_domain/u_CORTEXM3INTEGRATION/u_cortexm3ds_logic/Rmeoz6_reg/C
                               u_fp_domain/u_CORTEXM3INTEGRATION/u_cortexm3ds_logic/Qfkzz6_reg/D
                                                              199.380       
u_fp_domain/u_CORTEXM3INTEGRATION/u_cortexm3ds_logic/Hmcoz6_reg/C
                               u_fp_domain/u_CORTEXM3INTEGRATION/u_cortexm3ds_logic/Qhfoz6_reg/D
                                                              199.383       
u_fp_domain/u_CORTEXM3INTEGRATION/u_cortexm3ds_logic/Earoz6_reg/C
                               u_fp_domain/u_CORTEXM3INTEGRATION/u_cortexm3ds_logic/Xosoz6_reg/D
                                                              199.387       
u_fp_domain/u_CORTEXM3INTEGRATION/u_cortexm3ds_logic/O8roz6_reg/C
                               u_fp_domain/u_CORTEXM3INTEGRATION/u_cortexm3ds_logic/Earoz6_reg/D
                                                              199.389       
u_fp_domain/u_CORTEXM3INTEGRATION/u_cortexm3ds_logic/Ykeoz6_reg/C
                               u_fp_domain/u_CORTEXM3INTEGRATION/u_cortexm3ds_logic/Thkzz6_reg/D
                                                              199.390       
u_fp_domain/u_CORTEXM3INTEGRATION/u_cortexm3ds_logic/Zweoz6_reg/C
                               u_fp_domain/u_CORTEXM3INTEGRATION/u_cortexm3ds_logic/Y5lzz6_reg/D
                                                              199.392       
u_fp_domain/u_CORTEXM3INTEGRATION/u_cortexm3ds_logic/Iybzz6_reg/C
                               u_fp_domain/u_CORTEXM3INTEGRATION/u_cortexm3ds_logic/B0czz6_reg/D
                                                              199.393       
u_fp_domain/u_CORTEXM3INTEGRATION/u_cortexm3ds_logic/Vicoz6_reg/C
                               u_fp_domain/u_CORTEXM3INTEGRATION/u_cortexm3ds_logic/Amfoz6_reg/D
                                                              199.398       
u_fp_domain/u_CORTEXM3INTEGRATION/u_cortexm3ds_logic/Jfcoz6_reg/C
                               u_fp_domain/u_CORTEXM3INTEGRATION/u_cortexm3ds_logic/Wjkzz6_reg/D
                                                              199.398       
u_fp_domain/u_CORTEXM3INTEGRATION/u_cortexm3ds_logic/Wfhoz6_reg/C
                               u_fp_domain/u_CORTEXM3INTEGRATION/u_cortexm3ds_logic/Sksoz6_reg/D
                                                              199.400       
u_fp_domain/u_CORTEXM3INTEGRATION/u_cortexm3ds_logic/Lxqoz6_reg/C
                               u_fp_domain/u_CORTEXM3INTEGRATION/u_cortexm3ds_logic/Csroz6_reg/D
                                                              199.405       
u_fp_domain/u_CORTEXM3INTEGRATION/u_cortexm3ds_logic/Eacoz6_reg/C
                               u_fp_domain/u_CORTEXM3INTEGRATION/u_cortexm3ds_logic/Zwfoz6_reg/D
                                                              199.406       
u_fp_domain/u_CORTEXM3INTEGRATION/u_cortexm3ds_logic/Rmeoz6_reg/C
                               u_fp_domain/u_CORTEXM3INTEGRATION/u_cortexm3ds_logic/Gdfoz6_reg/D
                                                              199.408       
u_fp_domain/u_CORTEXM3INTEGRATION/u_cortexm3ds_logic/Aucoz6_reg/C
                               u_fp_domain/u_CORTEXM3INTEGRATION/u_cortexm3ds_logic/Pvcoz6_reg/D
                                                              199.410       
u_fp_domain/u_CORTEXM3INTEGRATION/u_cortexm3ds_logic/Ghczz6_reg/C
                               u_fp_domain/u_CORTEXM3INTEGRATION/u_cortexm3ds_logic/Yiczz6_reg/D
                                                              199.410       
u_fp_domain/u_CORTEXM3INTEGRATION/u_cortexm3ds_logic/Wwgoz6_reg/C
                               u_fp_domain/u_CORTEXM3INTEGRATION/u_cortexm3ds_logic/Furoz6_reg/D
                                                              199.412       
u_fp_domain/u_CORTEXM3INTEGRATION/u_cortexm3ds_logic/Wfhoz6_reg/C
                               u_fp_domain/u_CORTEXM3INTEGRATION/u_cortexm3ds_logic/Ohhoz6_reg/D
                                                              199.416       
u_fp_domain/u_CORTEXM3INTEGRATION/u_cortexm3ds_logic/E0poz6_reg/C
                               u_fp_domain/u_CORTEXM3INTEGRATION/u_cortexm3ds_logic/Jehoz6_reg/D
                                                              199.418       
u_fp_domain/u_CORTEXM3INTEGRATION/u_cortexm3ds_logic/Kfbzz6_reg/C
                               u_fp_domain/u_CORTEXM3INTEGRATION/u_cortexm3ds_logic/Chbzz6_reg/D
                                                              199.422       
u_fp_domain/u_CORTEXM3INTEGRATION/u_cortexm3ds_logic/Cjhoz6_reg/C
                               u_fp_domain/u_CORTEXM3INTEGRATION/u_cortexm3ds_logic/Ukhoz6_reg/D
                                                              199.423       
u_fp_domain/u_CORTEXM3INTEGRATION/u_cortexm3ds_logic/Fetoz6_reg/C
                               u_fp_domain/u_CORTEXM3INTEGRATION/u_cortexm3ds_logic/Xftoz6_reg/D
                                                              199.429       
u_fp_domain/u_CORTEXM3INTEGRATION/u_cortexm3ds_logic/Dzqoz6_reg/C
                               u_fp_domain/u_CORTEXM3INTEGRATION/u_cortexm3ds_logic/Aqroz6_reg/D
                                                              199.447       
u_fp_domain/u_CORTEXM3INTEGRATION/u_cortexm3ds_logic/Pteoz6_reg/C
                               u_fp_domain/u_CORTEXM3INTEGRATION/u_cortexm3ds_logic/R1vzz6_reg/D
                                                              199.449       
u_fp_domain/u_CORTEXM3INTEGRATION/u_cortexm3ds_logic/Ivsoz6_reg/C
                               u_fp_domain/u_CORTEXM3INTEGRATION/u_cortexm3ds_logic/Zwsoz6_reg/D
                                                              199.452       
u_fp_domain/u_CORTEXM3INTEGRATION/u_cortexm3ds_logic/Koeoz6_reg/C
                               u_fp_domain/u_CORTEXM3INTEGRATION/u_cortexm3ds_logic/Cbfoz6_reg/D
                                                              199.462       
u_fp_domain/u_CORTEXM3INTEGRATION/u_cortexm3ds_logic/Evgoz6_reg/C
                               u_fp_domain/u_CORTEXM3INTEGRATION/u_cortexm3ds_logic/Iwroz6_reg/D
                                                              199.468       
u_fp_domain/u_CORTEXM3INTEGRATION/u_cortexm3ds_logic/Dqeoz6_reg/C
                               u_fp_domain/u_CORTEXM3INTEGRATION/u_cortexm3ds_logic/Y8foz6_reg/D
                                                              199.472       
u_fp_domain/u_CORTEXM3INTEGRATION/u_cortexm3ds_logic/Hveoz6_reg/C
                               u_fp_domain/u_CORTEXM3INTEGRATION/u_cortexm3ds_logic/S7lzz6_reg/D
                                                              199.474       
u_fp_domain/u_CORTEXM3INTEGRATION/u_cortexm3ds_logic/E0dzz6_reg/C
                               u_fp_domain/u_CORTEXM3INTEGRATION/u_cortexm3ds_logic/X1dzz6_reg/D
                                                              199.476       
u_fp_domain/u_CORTEXM3INTEGRATION/u_cortexm3ds_logic/Nbgoz6_reg/C
                               u_fp_domain/u_CORTEXM3INTEGRATION/u_cortexm3ds_logic/Jdgoz6_reg/D
                                                              199.481       
u_fp_domain/u_CORTEXM3INTEGRATION/u_cortexm3ds_logic/Qdcoz6_reg/C
                               u_fp_domain/u_CORTEXM3INTEGRATION/u_cortexm3ds_logic/Wxkzz6_reg/D
                                                              199.482       
u_fp_domain/u_CORTEXM3INTEGRATION/u_cortexm3ds_logic/Uyizz6_reg/C
                               u_fp_domain/u_CORTEXM3INTEGRATION/u_cortexm3ds_logic/M0jzz6_reg/D
                                                              199.485       
u_fp_domain/u_CORTEXM3INTEGRATION/u_cortexm3ds_logic/Mfqoz6_reg/C
                               u_fp_domain/u_CORTEXM3INTEGRATION/u_cortexm3ds_logic/Dhqoz6_reg/D
                                                              199.498       
u_fp_domain/u_CORTEXM3INTEGRATION/u_cortexm3ds_logic/Vicoz6_reg/C
                               u_fp_domain/u_CORTEXM3INTEGRATION/u_cortexm3ds_logic/F5vzz6_reg/D
                                                              199.506       
u_fp_domain/u_CORTEXM3INTEGRATION/u_cortexm3ds_logic/Ivsoz6_reg/C
                               u_fp_domain/u_CORTEXM3INTEGRATION/u_cortexm3ds_logic/Bzsoz6_reg/D
                                                              199.510       
u_fp_domain/u_CORTEXM3INTEGRATION/u_cortexm3ds_logic/Qdcoz6_reg/C
                               u_fp_domain/u_CORTEXM3INTEGRATION/u_cortexm3ds_logic/Psfoz6_reg/D
                                                              199.510       
u_fp_domain/u_CORTEXM3INTEGRATION/u_cortexm3ds_logic/Foqzz6_reg/C
                               u_fp_domain/u_CORTEXM3INTEGRATION/u_cortexm3ds_logic/Gwqzz6_reg/D
                                                              199.516       
u_fp_domain/u_CORTEXM3INTEGRATION/u_cortexm3ds_logic/Jfcoz6_reg/C
                               u_fp_domain/u_CORTEXM3INTEGRATION/u_cortexm3ds_logic/Kqfoz6_reg/D
                                                              199.522       
u_fp_domain/u_CORTEXM3INTEGRATION/u_cortexm3ds_logic/Dohoz6_reg/C
                               u_fp_domain/u_CORTEXM3INTEGRATION/u_cortexm3ds_logic/Urhoz6_reg/D
                                                              199.536       
u_fp_domain/u_CORTEXM3INTEGRATION/u_cortexm3ds_logic/Dqeoz6_reg/C
                               u_fp_domain/u_CORTEXM3INTEGRATION/u_cortexm3ds_logic/Kbkzz6_reg/D
                                                              199.536       
u_fp_domain/u_CORTEXM3INTEGRATION/u_cortexm3ds_logic/Pteoz6_reg/C
                               u_fp_domain/u_CORTEXM3INTEGRATION/u_cortexm3ds_logic/Q4foz6_reg/D
                                                              199.542       
u_fp_domain/u_CORTEXM3INTEGRATION/u_cortexm3ds_logic/Lxqoz6_reg/C
                               u_fp_domain/u_CORTEXM3INTEGRATION/u_cortexm3ds_logic/Qi1g07_reg/D
                                                              199.545       
u_fp_domain/u_CORTEXM3INTEGRATION/u_cortexm3ds_logic/D8czz6_reg/C
                               u_fp_domain/u_CORTEXM3INTEGRATION/u_cortexm3ds_logic/V9czz6_reg/D
                                                              199.545       
u_fp_domain/u_CORTEXM3INTEGRATION/u_cortexm3ds_logic/Urhoz6_reg/C
                               u_fp_domain/u_CORTEXM3INTEGRATION/u_cortexm3ds_logic/Sthoz6_reg/D
                                                              199.546       
u_fp_domain/u_CORTEXM3INTEGRATION/u_cortexm3ds_logic/Cjdzz6_reg/C
                               u_fp_domain/u_CORTEXM3INTEGRATION/u_cortexm3ds_logic/Ukdzz6_reg/D
                                                              199.547       
u_fp_domain/u_CORTEXM3INTEGRATION/u_cortexm3ds_logic/Hhizz6_reg/C
                               u_fp_domain/u_CORTEXM3INTEGRATION/u_cortexm3ds_logic/G7kzz6_reg/D
                                                              199.553       
u_fp_domain/u_CORTEXM3INTEGRATION/u_cortexm3ds_logic/Usdzz6_reg/C
                               u_fp_domain/u_CORTEXM3INTEGRATION/u_cortexm3ds_logic/Nudzz6_reg/D
                                                              199.558       
u_fp_domain/u_CORTEXM3INTEGRATION/u_cortexm3ds_logic/Dlizz6_reg/C
                               u_fp_domain/u_CORTEXM3INTEGRATION/u_cortexm3ds_logic/Vmizz6_reg/D
                                                              199.562       
u_fp_domain/u_CORTEXM3INTEGRATION/u_cortexm3ds_logic/Rvhoz6_reg/C
                               u_fp_domain/u_CORTEXM3INTEGRATION/u_cortexm3ds_logic/Kxhoz6_reg/D
                                                              199.565       
u_fp_domain/u_CORTEXM3INTEGRATION/u_cortexm3ds_logic/Koeoz6_reg/C
                               u_fp_domain/u_CORTEXM3INTEGRATION/u_cortexm3ds_logic/Ndkzz6_reg/D
                                                              199.566       
u_fp_domain/u_CORTEXM3INTEGRATION/u_cortexm3ds_logic/Wreoz6_reg/C
                               u_fp_domain/u_CORTEXM3INTEGRATION/u_cortexm3ds_logic/L3vzz6_reg/D
                                                              199.572       
u_fp_domain/u_CORTEXM3INTEGRATION/u_cortexm3ds_logic/Iouzz6_reg/C
                               u_fp_domain/u_CORTEXM3INTEGRATION/u_cortexm3ds_logic/Aquzz6_reg/D
                                                              199.602       
u_fp_domain/u_CORTEXM3INTEGRATION/u_cortexm3ds_logic/Xh3nz6_reg/C
                               u_fp_domain/u_CORTEXM3INTEGRATION/u_cortexm3ds_logic/Vj3nz6_reg/D
                                                              199.609       
u_fp_domain/u_CORTEXM3INTEGRATION/u_cortexm3ds_logic/Im2nz6_reg/C
                               u_fp_domain/u_CORTEXM3INTEGRATION/u_cortexm3ds_logic/Ym2nz6_reg/D
                                                              199.626       



