Copyright 1986-2021 Xilinx, Inc. All Rights Reserved.
-----------------------------------------------------------------------------------------
| Tool Version      : Vivado v.2021.1 (lin64) Build 3247384 Thu Jun 10 19:36:07 MDT 2021
| Date              : Mon Mar 17 18:49:38 2025
| Host              : secure-Precision-3660 running 64-bit Ubuntu 20.04.6 LTS
| Command           : report_timing_summary -file ./checkpoint/sta_summary.rpt
| Design            : mcu_top
| Device            : xcku060-ffva1156
| Speed File        : -2  PRODUCTION 1.25 12-04-2018
| Temperature Grade : I
-----------------------------------------------------------------------------------------

Timing Summary Report

------------------------------------------------------------------------------------------------
| Timer Settings
| --------------
------------------------------------------------------------------------------------------------

  Enable Multi Corner Analysis               :  Yes
  Enable Pessimism Removal                   :  Yes
  Pessimism Removal Resolution               :  Nearest Common Node
  Enable Input Delay Default Clock           :  No
  Enable Preset / Clear Arcs                 :  No
  Disable Flight Delays                      :  No
  Ignore I/O Paths                           :  No
  Timing Early Launch at Borrowing Latches   :  No
  Borrow Time for Max Delay Exceptions       :  Yes
  Merge Timing Exceptions                    :  Yes

  Corner  Analyze    Analyze    
  Name    Max Paths  Min Paths  
  ------  ---------  ---------  
  Slow    Yes        Yes        
  Fast    Yes        Yes        


------------------------------------------------------------------------------------------------
| Report Methodology
| ------------------
------------------------------------------------------------------------------------------------

No report available as report_methodology has not been run prior. Run report_methodology on the current design for the summary of methodology violations.



check_timing report

Table of Contents
-----------------
1. checking no_clock (8)
2. checking constant_clock (0)
3. checking pulse_width_clock (0)
4. checking unconstrained_internal_endpoints (16)
5. checking no_input_delay (5)
6. checking no_output_delay (3)
7. checking multiple_clock (0)
8. checking generated_clocks (0)
9. checking loops (0)
10. checking partial_input_delay (0)
11. checking partial_output_delay (0)
12. checking latch_loops (0)

1. checking no_clock (8)
------------------------
 There are 8 register/latch pins with no clock driven by root clock pin: u_fpga_platform/u_lsi/outclk1_reg/Q (HIGH)


2. checking constant_clock (0)
------------------------------
 There are 0 register/latch pins with constant_clock.


3. checking pulse_width_clock (0)
---------------------------------
 There are 0 register/latch pins which need pulse_width check


4. checking unconstrained_internal_endpoints (16)
-------------------------------------------------
 There are 16 pins that are not constrained for maximum delay. (HIGH)

 There are 0 pins that are not constrained for maximum delay due to constant clock.


5. checking no_input_delay (5)
------------------------------
 There are 4 input ports with no input delay specified. (HIGH)

 There is 1 input port with no input delay but user has a false path constraint. (MEDIUM)


6. checking no_output_delay (3)
-------------------------------
 There are 3 ports with no output delay specified. (HIGH)

 There are 0 ports with no output delay but user has a false path constraint

 There are 0 ports with no output delay but with a timing clock defined on it or propagating through it


7. checking multiple_clock (0)
------------------------------
 There are 0 register/latch pins with multiple clocks.


8. checking generated_clocks (0)
--------------------------------
 There are 0 generated clocks that are not connected to a clock source.


9. checking loops (0)
---------------------
 There are 0 combinational loops in the design.


10. checking partial_input_delay (0)
------------------------------------
 There are 0 input ports with partial input delay specified.


11. checking partial_output_delay (0)
-------------------------------------
 There are 0 ports with partial output delay specified.


12. checking latch_loops (0)
----------------------------
 There are 0 combinational latch loops in the design through latch input



------------------------------------------------------------------------------------------------
| Design Timing Summary
| ---------------------
------------------------------------------------------------------------------------------------

    WNS(ns)      TNS(ns)  TNS Failing Endpoints  TNS Total Endpoints      WHS(ns)      THS(ns)  THS Failing Endpoints  THS Total Endpoints     WPWS(ns)     TPWS(ns)  TPWS Failing Endpoints  TPWS Total Endpoints  
    -------      -------  ---------------------  -------------------      -------      -------  ---------------------  -------------------     --------     --------  ----------------------  --------------------  
      4.105        0.000                      0                14832        0.020        0.000                      0                14832        0.750        0.000                       0                  6425  


All user specified timing constraints are met.


------------------------------------------------------------------------------------------------
| Clock Summary
| -------------
------------------------------------------------------------------------------------------------

Clock                                Waveform(ns)         Period(ns)      Frequency(MHz)
-----                                ------------         ----------      --------------
hse                                  {0.000 2.500}        5.000           200.000         
jtag_tck                             {0.000 100.000}      200.000         5.000           
u_fpga_platform/u_pll0/inst/clk_in1  {0.000 2.500}        5.000           200.000         
  clk_out1_pll_50m                   {0.000 12.500}       25.000          40.000          
  clk_out2_pll_50m                   {0.000 10.000}       20.000          50.000          
  clk_out3_pll_50m                   {0.000 6.250}        12.500          80.000          
  clkfbout_pll_50m                   {0.000 2.500}        5.000           200.000         


------------------------------------------------------------------------------------------------
| Intra Clock Table
| -----------------
------------------------------------------------------------------------------------------------

Clock                                    WNS(ns)      TNS(ns)  TNS Failing Endpoints  TNS Total Endpoints      WHS(ns)      THS(ns)  THS Failing Endpoints  THS Total Endpoints     WPWS(ns)     TPWS(ns)  TPWS Failing Endpoints  TPWS Total Endpoints  
-----                                    -------      -------  ---------------------  -------------------      -------      -------  ---------------------  -------------------     --------     --------  ----------------------  --------------------  
hse                                        4.105        0.000                      0                   10        0.072        0.000                      0                   10        2.225        0.000                       0                     6  
jtag_tck                                  98.518        0.000                      0                  456        0.045        0.000                      0                  456       99.725        0.000                       0                   328  
u_fpga_platform/u_pll0/inst/clk_in1                                                                                                                                                    0.750        0.000                       0                     1  
  clk_out1_pll_50m                         8.625        0.000                      0                11003        0.020        0.000                      0                11003       11.646        0.000                       0                  6070  
  clk_out2_pll_50m                        19.168        0.000                      0                    7        0.054        0.000                      0                    7        9.725        0.000                       0                    10  
  clk_out3_pll_50m                        11.859        0.000                      0                    5        0.070        0.000                      0                    5        5.975        0.000                       0                     7  
  clkfbout_pll_50m                                                                                                                                                                     3.621        0.000                       0                     3  


------------------------------------------------------------------------------------------------
| Inter Clock Table
| -----------------
------------------------------------------------------------------------------------------------

From Clock    To Clock          WNS(ns)      TNS(ns)  TNS Failing Endpoints  TNS Total Endpoints      WHS(ns)      THS(ns)  THS Failing Endpoints  THS Total Endpoints  
----------    --------          -------      -------  ---------------------  -------------------      -------      -------  ---------------------  -------------------  


------------------------------------------------------------------------------------------------
| Other Path Groups Table
| -----------------------
------------------------------------------------------------------------------------------------

Path Group         From Clock         To Clock               WNS(ns)      TNS(ns)  TNS Failing Endpoints  TNS Total Endpoints      WHS(ns)      THS(ns)  THS Failing Endpoints  THS Total Endpoints  
----------         ----------         --------               -------      -------  ---------------------  -------------------      -------      -------  ---------------------  -------------------  
**async_default**  clk_out1_pll_50m   clk_out1_pll_50m        18.278        0.000                      0                 3070        0.164        0.000                      0                 3070  
**async_default**  jtag_tck           jtag_tck                98.852        0.000                      0                  281        0.144        0.000                      0                  281  


------------------------------------------------------------------------------------------------
| Timing Details
| --------------
------------------------------------------------------------------------------------------------


---------------------------------------------------------------------------------------------------
From Clock:  hse
  To Clock:  hse

Setup :            0  Failing Endpoints,  Worst Slack        4.105ns,  Total Violation        0.000ns
Hold  :            0  Failing Endpoints,  Worst Slack        0.072ns,  Total Violation        0.000ns
PW    :            0  Failing Endpoints,  Worst Slack        2.225ns,  Total Violation        0.000ns
---------------------------------------------------------------------------------------------------


Max Delay Paths
--------------------------------------------------------------------------------------
Slack (MET) :             4.105ns  (required time - arrival time)
  Source:                 u_fpga_platform/pll_locked_cnt_reg[3]/C
                            (rising edge-triggered cell FDPE clocked by hse  {rise@0.000ns fall@2.500ns period=5.000ns})
  Destination:            u_fpga_platform/pll_locked_cnt_reg[2]/CE
                            (rising edge-triggered cell FDCE clocked by hse  {rise@0.000ns fall@2.500ns period=5.000ns})
  Path Group:             hse
  Path Type:              Setup (Max at Slow Process Corner)
  Requirement:            5.000ns  (hse rise@5.000ns - hse rise@0.000ns)
  Data Path Delay:        0.809ns  (logic 0.234ns (28.925%)  route 0.575ns (71.075%))
  Logic Levels:           1  (LUT5=1)
  Clock Path Skew:        -0.003ns (DCD - SCD + CPR)
    Destination Clock Delay (DCD):    2.175ns = ( 7.175 - 5.000 ) 
    Source Clock Delay      (SCD):    2.846ns
    Clock Pessimism Removal (CPR):    0.668ns
  Clock Uncertainty:      0.035ns  ((TSJ^2 + TIJ^2)^1/2 + DJ) / 2 + PE
    Total System Jitter     (TSJ):    0.071ns
    Total Input Jitter      (TIJ):    0.000ns
    Discrete Jitter          (DJ):    0.000ns
    Phase Error              (PE):    0.000ns

    Location             Delay type                Incr(ns)  Path(ns)    Netlist Resource(s)
  -------------------------------------------------------------------    -------------------
                         (clock hse rise edge)        0.000     0.000 r  
    D24                                               0.000     0.000 r  CLK (IN)
                         net (fo=0)                   0.000     0.000    CLK_IBUF_inst/I
    D24                  INBUF (Prop_INBUF_HPIOB_PAD_O)
                                                      0.563     0.563 r  CLK_IBUF_inst/INBUF_INST/O
                         net (fo=1, routed)           0.089     0.652    CLK_IBUF_inst/OUT
    D24                  IBUFCTRL (Prop_IBUFCTRL_HPIOB_I_O)
                                                      0.000     0.652 r  CLK_IBUF_inst/IBUFCTRL_INST/O
                         net (fo=7, routed)           2.194     2.846    u_fpga_platform/CLK
    SLICE_X96Y131        FDPE                                         r  u_fpga_platform/pll_locked_cnt_reg[3]/C
  -------------------------------------------------------------------    -------------------
    SLICE_X96Y131        FDPE (Prop_BFF2_SLICEL_C_Q)
                                                      0.118     2.964 r  u_fpga_platform/pll_locked_cnt_reg[3]/Q
                         net (fo=3, routed)           0.345     3.309    u_fpga_platform/pll_locked_cnt_reg[3]
    SLICE_X96Y131        LUT5 (Prop_H6LUT_SLICEL_I0_O)
                                                      0.116     3.425 r  u_fpga_platform/pll_locked_cnt[3]_i_1/O
                         net (fo=4, routed)           0.230     3.655    u_fpga_platform/pll_locked_cnt[3]_i_1_n_0
    SLICE_X96Y131        FDCE                                         r  u_fpga_platform/pll_locked_cnt_reg[2]/CE
  -------------------------------------------------------------------    -------------------

                         (clock hse rise edge)        5.000     5.000 r  
    D24                                               0.000     5.000 r  CLK (IN)
                         net (fo=0)                   0.000     5.000    CLK_IBUF_inst/I
    D24                  INBUF (Prop_INBUF_HPIOB_PAD_O)
                                                      0.292     5.292 r  CLK_IBUF_inst/INBUF_INST/O
                         net (fo=1, routed)           0.050     5.342    CLK_IBUF_inst/OUT
    D24                  IBUFCTRL (Prop_IBUFCTRL_HPIOB_I_O)
                                                      0.000     5.342 r  CLK_IBUF_inst/IBUFCTRL_INST/O
                         net (fo=7, routed)           1.833     7.175    u_fpga_platform/CLK
    SLICE_X96Y131        FDCE                                         r  u_fpga_platform/pll_locked_cnt_reg[2]/C
                         clock pessimism              0.668     7.843    
                         clock uncertainty           -0.035     7.808    
    SLICE_X96Y131        FDCE (Setup_CFF2_SLICEL_C_CE)
                                                     -0.048     7.760    u_fpga_platform/pll_locked_cnt_reg[2]
  -------------------------------------------------------------------
                         required time                          7.760    
                         arrival time                          -3.655    
  -------------------------------------------------------------------
                         slack                                  4.105    





Min Delay Paths
--------------------------------------------------------------------------------------
Slack (MET) :             0.072ns  (arrival time - required time)
  Source:                 u_fpga_platform/pll_locked_cnt_reg[3]/C
                            (rising edge-triggered cell FDPE clocked by hse  {rise@0.000ns fall@2.500ns period=5.000ns})
  Destination:            u_fpga_platform/pll_locked_cnt_reg[3]/D
                            (rising edge-triggered cell FDPE clocked by hse  {rise@0.000ns fall@2.500ns period=5.000ns})
  Path Group:             hse
  Path Type:              Hold (Min at Fast Process Corner)
  Requirement:            0.000ns  (hse rise@0.000ns - hse rise@0.000ns)
  Data Path Delay:        0.133ns  (logic 0.086ns (64.662%)  route 0.047ns (35.338%))
  Logic Levels:           1  (LUT5=1)
  Clock Path Skew:        0.005ns (DCD - SCD - CPR)
    Destination Clock Delay (DCD):    1.880ns
    Source Clock Delay      (SCD):    1.159ns
    Clock Pessimism Removal (CPR):    0.716ns

    Location             Delay type                Incr(ns)  Path(ns)    Netlist Resource(s)
  -------------------------------------------------------------------    -------------------
                         (clock hse rise edge)        0.000     0.000 r  
    D24                                               0.000     0.000 r  CLK (IN)
                         net (fo=0)                   0.000     0.000    CLK_IBUF_inst/I
    D24                  INBUF (Prop_INBUF_HPIOB_PAD_O)
                                                      0.198     0.198 r  CLK_IBUF_inst/INBUF_INST/O
                         net (fo=1, routed)           0.027     0.225    CLK_IBUF_inst/OUT
    D24                  IBUFCTRL (Prop_IBUFCTRL_HPIOB_I_O)
                                                      0.000     0.225 r  CLK_IBUF_inst/IBUFCTRL_INST/O
                         net (fo=7, routed)           0.934     1.159    u_fpga_platform/CLK
    SLICE_X96Y131        FDPE                                         r  u_fpga_platform/pll_locked_cnt_reg[3]/C
  -------------------------------------------------------------------    -------------------
    SLICE_X96Y131        FDPE (Prop_BFF2_SLICEL_C_Q)
                                                      0.048     1.207 r  u_fpga_platform/pll_locked_cnt_reg[3]/Q
                         net (fo=3, routed)           0.034     1.241    u_fpga_platform/pll_locked_cnt_reg[3]
    SLICE_X96Y131        LUT5 (Prop_B5LUT_SLICEL_I1_O)
                                                      0.038     1.279 r  u_fpga_platform/pll_locked_cnt[3]_i_2/O
                         net (fo=1, routed)           0.013     1.292    u_fpga_platform/pll_locked_cnt[3]_i_2_n_0
    SLICE_X96Y131        FDPE                                         r  u_fpga_platform/pll_locked_cnt_reg[3]/D
  -------------------------------------------------------------------    -------------------

                         (clock hse rise edge)        0.000     0.000 r  
    D24                                               0.000     0.000 r  CLK (IN)
                         net (fo=0)                   0.000     0.000    CLK_IBUF_inst/I
    D24                  INBUF (Prop_INBUF_HPIOB_PAD_O)
                                                      0.545     0.545 r  CLK_IBUF_inst/INBUF_INST/O
                         net (fo=1, routed)           0.047     0.592    CLK_IBUF_inst/OUT
    D24                  IBUFCTRL (Prop_IBUFCTRL_HPIOB_I_O)
                                                      0.000     0.592 r  CLK_IBUF_inst/IBUFCTRL_INST/O
                         net (fo=7, routed)           1.288     1.880    u_fpga_platform/CLK
    SLICE_X96Y131        FDPE                                         r  u_fpga_platform/pll_locked_cnt_reg[3]/C
                         clock pessimism             -0.716     1.164    
    SLICE_X96Y131        FDPE (Hold_BFF2_SLICEL_C_D)
                                                      0.056     1.220    u_fpga_platform/pll_locked_cnt_reg[3]
  -------------------------------------------------------------------
                         required time                         -1.220    
                         arrival time                           1.292    
  -------------------------------------------------------------------
                         slack                                  0.072    





Pulse Width Checks
--------------------------------------------------------------------------------------
Clock Name:         hse
Waveform(ns):       { 0.000 2.500 }
Period(ns):         5.000
Sources:            { CLK }

Check Type        Corner  Lib Pin  Reference Pin  Required(ns)  Actual(ns)  Slack(ns)  Location       Pin
Min Period        n/a     FDCE/C   n/a            0.550         5.000       4.450      SLICE_X96Y131  u_fpga_platform/pll_locked_cnt_reg[0]/C
Low Pulse Width   Slow    FDCE/C   n/a            0.275         2.500       2.225      SLICE_X96Y131  u_fpga_platform/pll_locked_cnt_reg[0]/C
High Pulse Width  Slow    FDCE/C   n/a            0.275         2.500       2.225      SLICE_X96Y131  u_fpga_platform/pll_locked_cnt_reg[0]/C



---------------------------------------------------------------------------------------------------
From Clock:  jtag_tck
  To Clock:  jtag_tck

Setup :            0  Failing Endpoints,  Worst Slack       98.518ns,  Total Violation        0.000ns
Hold  :            0  Failing Endpoints,  Worst Slack        0.045ns,  Total Violation        0.000ns
PW    :            0  Failing Endpoints,  Worst Slack       99.725ns,  Total Violation        0.000ns
---------------------------------------------------------------------------------------------------


Max Delay Paths
--------------------------------------------------------------------------------------
Slack (MET) :             98.518ns  (required time - arrival time)
  Source:                 u_fp_domain/u_CORTEXM3INTEGRATION/u_cortexm3ds_logic/Nrdoz6_reg/C
                            (rising edge-triggered cell FDPE clocked by jtag_tck  {rise@0.000ns fall@100.000ns period=200.000ns})
  Destination:            u_fp_domain/u_CORTEXM3INTEGRATION/u_cortexm3ds_logic/Zry917_reg/D
                            (falling edge-triggered cell FDCE clocked by jtag_tck  {rise@0.000ns fall@100.000ns period=200.000ns})
  Path Group:             jtag_tck
  Path Type:              Setup (Max at Slow Process Corner)
  Requirement:            100.000ns  (jtag_tck fall@100.000ns - jtag_tck rise@0.000ns)
  Data Path Delay:        1.409ns  (logic 0.449ns (31.867%)  route 0.960ns (68.133%))
  Logic Levels:           2  (LUT3=1 LUT6=1)
  Clock Path Skew:        -0.099ns (DCD - SCD + CPR)
    Destination Clock Delay (DCD):    8.451ns = ( 108.451 - 100.000 ) 
    Source Clock Delay      (SCD):    10.161ns
    Clock Pessimism Removal (CPR):    1.611ns
  Clock Uncertainty:      0.035ns  ((TSJ^2 + TIJ^2)^1/2 + DJ) / 2 + PE
    Total System Jitter     (TSJ):    0.071ns
    Total Input Jitter      (TIJ):    0.000ns
    Discrete Jitter          (DJ):    0.000ns
    Phase Error              (PE):    0.000ns
  Clock Net Delay (Source):      3.019ns (routing 1.779ns, distribution 1.240ns)
  Clock Net Delay (Destination): 2.729ns (routing 1.632ns, distribution 1.097ns)

    Location             Delay type                Incr(ns)  Path(ns)    Netlist Resource(s)
  -------------------------------------------------------------------    -------------------
                         (clock jtag_tck rise edge)
                                                      0.000     0.000 r  
    AH12                                              0.000     0.000 r  TCK (IN)
                         net (fo=0)                   0.000     0.000    TCK_IBUF_inst/I
    AH12                 INBUF (Prop_INBUF_HRIO_PAD_O)
                                                      0.927     0.927 r  TCK_IBUF_inst/INBUF_INST/O
                         net (fo=1, routed)           0.092     1.019    TCK_IBUF_inst/OUT
    AH12                 IBUFCTRL (Prop_IBUFCTRL_HRIO_I_O)
                                                      0.043     1.062 r  TCK_IBUF_inst/IBUFCTRL_INST/O
                         net (fo=1, routed)           5.997     7.059    TCK_IBUF
    BUFGCE_X1Y96         BUFGCE (Prop_BUFCE_BUFGCE_I_O)
                                                      0.083     7.142 r  TCK_IBUF_BUFG_inst/O
    X4Y1 (CLOCK_ROOT)    net (fo=327, routed)         3.019    10.161    u_fp_domain/u_CORTEXM3INTEGRATION/u_cortexm3ds_logic/TCK_IBUF_BUFG
    SLICE_X99Y85         FDPE                                         r  u_fp_domain/u_CORTEXM3INTEGRATION/u_cortexm3ds_logic/Nrdoz6_reg/C
  -------------------------------------------------------------------    -------------------
    SLICE_X99Y85         FDPE (Prop_CFF_SLICEL_C_Q)
                                                      0.114    10.275 f  u_fp_domain/u_CORTEXM3INTEGRATION/u_cortexm3ds_logic/Nrdoz6_reg/Q
                         net (fo=23, routed)          0.552    10.827    u_fp_domain/u_CORTEXM3INTEGRATION/u_cortexm3ds_logic/Nrdoz6
    SLICE_X100Y89        LUT6 (Prop_G6LUT_SLICEM_I0_O)
                                                      0.116    10.943 f  u_fp_domain/u_CORTEXM3INTEGRATION/u_cortexm3ds_logic/Zry917_i_2/O
                         net (fo=1, routed)           0.363    11.306    u_fp_domain/u_CORTEXM3INTEGRATION/u_cortexm3ds_logic/Zry917_i_2_n_0
    SLICE_X101Y89        LUT3 (Prop_B5LUT_SLICEM_I0_O)
                                                      0.219    11.525 r  u_fp_domain/u_CORTEXM3INTEGRATION/u_cortexm3ds_logic/Zry917_i_1/O
                         net (fo=1, routed)           0.045    11.570    u_fp_domain/u_CORTEXM3INTEGRATION/u_cortexm3ds_logic/Lt57v6
    SLICE_X101Y89        FDCE                                         r  u_fp_domain/u_CORTEXM3INTEGRATION/u_cortexm3ds_logic/Zry917_reg/D
  -------------------------------------------------------------------    -------------------

                         (clock jtag_tck fall edge)
                                                    100.000   100.000 f  
    AH12                                              0.000   100.000 f  TCK (IN)
                         net (fo=0)                   0.000   100.000    TCK_IBUF_inst/I
    AH12                 INBUF (Prop_INBUF_HRIO_PAD_O)
                                                      0.660   100.660 f  TCK_IBUF_inst/INBUF_INST/O
                         net (fo=1, routed)           0.059   100.719    TCK_IBUF_inst/OUT
    AH12                 IBUFCTRL (Prop_IBUFCTRL_HRIO_I_O)
                                                      0.032   100.751 f  TCK_IBUF_inst/IBUFCTRL_INST/O
                         net (fo=1, routed)           4.896   105.647    TCK_IBUF
    BUFGCE_X1Y96         BUFGCE (Prop_BUFCE_BUFGCE_I_O)
                                                      0.075   105.722 f  TCK_IBUF_BUFG_inst/O
    X4Y1 (CLOCK_ROOT)    net (fo=327, routed)         2.729   108.451    u_fp_domain/u_CORTEXM3INTEGRATION/u_cortexm3ds_logic/C3a7z6
    SLICE_X101Y89        FDCE                                         r  u_fp_domain/u_CORTEXM3INTEGRATION/u_cortexm3ds_logic/Zry917_reg/C  (IS_INVERTED)
                         clock pessimism              1.611   110.061    
                         clock uncertainty           -0.035   110.026    
    SLICE_X101Y89        FDCE (Setup_BFF2_SLICEM_C_D)
                                                      0.062   110.088    u_fp_domain/u_CORTEXM3INTEGRATION/u_cortexm3ds_logic/Zry917_reg
  -------------------------------------------------------------------
                         required time                        110.088    
                         arrival time                         -11.570    
  -------------------------------------------------------------------
                         slack                                 98.518    





Min Delay Paths
--------------------------------------------------------------------------------------
Slack (MET) :             0.045ns  (arrival time - required time)
  Source:                 u_fp_domain/u_CORTEXM3INTEGRATION/u_cortexm3ds_logic/Tctzz6_reg/C
                            (rising edge-triggered cell FDCE clocked by jtag_tck  {rise@0.000ns fall@100.000ns period=200.000ns})
  Destination:            u_fp_domain/u_CORTEXM3INTEGRATION/u_cortexm3ds_logic/Edeoz6_reg/D
                            (rising edge-triggered cell FDRE clocked by jtag_tck  {rise@0.000ns fall@100.000ns period=200.000ns})
  Path Group:             jtag_tck
  Path Type:              Hold (Min at Fast Process Corner)
  Requirement:            0.000ns  (jtag_tck rise@0.000ns - jtag_tck rise@0.000ns)
  Data Path Delay:        0.143ns  (logic 0.093ns (65.035%)  route 0.050ns (34.965%))
  Logic Levels:           1  (LUT5=1)
  Clock Path Skew:        0.042ns (DCD - SCD - CPR)
    Destination Clock Delay (DCD):    6.540ns
    Source Clock Delay      (SCD):    4.935ns
    Clock Pessimism Removal (CPR):    1.563ns
  Clock Net Delay (Source):      1.387ns (routing 0.886ns, distribution 0.501ns)
  Clock Net Delay (Destination): 1.616ns (routing 0.988ns, distribution 0.628ns)

    Location             Delay type                Incr(ns)  Path(ns)    Netlist Resource(s)
  -------------------------------------------------------------------    -------------------
                         (clock jtag_tck rise edge)
                                                      0.000     0.000 r  
    AH12                                              0.000     0.000 r  TCK (IN)
                         net (fo=0)                   0.000     0.000    TCK_IBUF_inst/I
    AH12                 INBUF (Prop_INBUF_HRIO_PAD_O)
                                                      0.567     0.567 r  TCK_IBUF_inst/INBUF_INST/O
                         net (fo=1, routed)           0.025     0.592    TCK_IBUF_inst/OUT
    AH12                 IBUFCTRL (Prop_IBUFCTRL_HRIO_I_O)
                                                      0.015     0.607 r  TCK_IBUF_inst/IBUFCTRL_INST/O
                         net (fo=1, routed)           2.914     3.521    TCK_IBUF
    BUFGCE_X1Y96         BUFGCE (Prop_BUFCE_BUFGCE_I_O)
                                                      0.027     3.548 r  TCK_IBUF_BUFG_inst/O
    X4Y1 (CLOCK_ROOT)    net (fo=327, routed)         1.387     4.935    u_fp_domain/u_CORTEXM3INTEGRATION/u_cortexm3ds_logic/TCK_IBUF_BUFG
    SLICE_X102Y90        FDCE                                         r  u_fp_domain/u_CORTEXM3INTEGRATION/u_cortexm3ds_logic/Tctzz6_reg/C
  -------------------------------------------------------------------    -------------------
    SLICE_X102Y90        FDCE (Prop_HFF2_SLICEL_C_Q)
                                                      0.048     4.983 r  u_fp_domain/u_CORTEXM3INTEGRATION/u_cortexm3ds_logic/Tctzz6_reg/Q
                         net (fo=1, routed)           0.034     5.017    u_fp_domain/u_CORTEXM3INTEGRATION/u_cortexm3ds_logic/Tctzz6
    SLICE_X102Y90        LUT5 (Prop_D6LUT_SLICEL_I3_O)
                                                      0.045     5.062 r  u_fp_domain/u_CORTEXM3INTEGRATION/u_cortexm3ds_logic/Edeoz6_i_1/O
                         net (fo=1, routed)           0.016     5.078    u_fp_domain/u_CORTEXM3INTEGRATION/u_cortexm3ds_logic/Ymh8v6
    SLICE_X102Y90        FDRE                                         r  u_fp_domain/u_CORTEXM3INTEGRATION/u_cortexm3ds_logic/Edeoz6_reg/D
  -------------------------------------------------------------------    -------------------

                         (clock jtag_tck rise edge)
                                                      0.000     0.000 r  
    AH12                                              0.000     0.000 r  TCK (IN)
                         net (fo=0)                   0.000     0.000    TCK_IBUF_inst/I
    AH12                 INBUF (Prop_INBUF_HRIO_PAD_O)
                                                      0.943     0.943 r  TCK_IBUF_inst/INBUF_INST/O
                         net (fo=1, routed)           0.042     0.985    TCK_IBUF_inst/OUT
    AH12                 IBUFCTRL (Prop_IBUFCTRL_HRIO_I_O)
                                                      0.022     1.007 r  TCK_IBUF_inst/IBUFCTRL_INST/O
                         net (fo=1, routed)           3.886     4.893    TCK_IBUF
    BUFGCE_X1Y96         BUFGCE (Prop_BUFCE_BUFGCE_I_O)
                                                      0.031     4.924 r  TCK_IBUF_BUFG_inst/O
    X4Y1 (CLOCK_ROOT)    net (fo=327, routed)         1.616     6.540    u_fp_domain/u_CORTEXM3INTEGRATION/u_cortexm3ds_logic/TCK_IBUF_BUFG
    SLICE_X102Y90        FDRE                                         r  u_fp_domain/u_CORTEXM3INTEGRATION/u_cortexm3ds_logic/Edeoz6_reg/C
                         clock pessimism             -1.563     4.977    
    SLICE_X102Y90        FDRE (Hold_DFF_SLICEL_C_D)
                                                      0.056     5.033    u_fp_domain/u_CORTEXM3INTEGRATION/u_cortexm3ds_logic/Edeoz6_reg
  -------------------------------------------------------------------
                         required time                         -5.033    
                         arrival time                           5.078    
  -------------------------------------------------------------------
                         slack                                  0.045    





Pulse Width Checks
--------------------------------------------------------------------------------------
Clock Name:         jtag_tck
Waveform(ns):       { 0.000 100.000 }
Period(ns):         200.000
Sources:            { TCK }

Check Type        Corner  Lib Pin   Reference Pin  Required(ns)  Actual(ns)  Slack(ns)  Location       Pin
Min Period        n/a     BUFGCE/I  n/a            1.379         200.000     198.621    BUFGCE_X1Y96   TCK_IBUF_BUFG_inst/I
Low Pulse Width   Slow    FDCE/C    n/a            0.275         100.000     99.725     SLICE_X101Y95  u_fp_domain/u_CORTEXM3INTEGRATION/u_cortexm3ds_logic/A2ezz6_reg/C
High Pulse Width  Slow    FDCE/C    n/a            0.275         100.000     99.725     SLICE_X101Y95  u_fp_domain/u_CORTEXM3INTEGRATION/u_cortexm3ds_logic/A2ezz6_reg/C



---------------------------------------------------------------------------------------------------
From Clock:  u_fpga_platform/u_pll0/inst/clk_in1
  To Clock:  u_fpga_platform/u_pll0/inst/clk_in1

Setup :           NA  Failing Endpoints,  Worst Slack           NA  ,  Total Violation           NA
Hold  :           NA  Failing Endpoints,  Worst Slack           NA  ,  Total Violation           NA
PW    :            0  Failing Endpoints,  Worst Slack        0.750ns,  Total Violation        0.000ns
---------------------------------------------------------------------------------------------------


Pulse Width Checks
--------------------------------------------------------------------------------------
Clock Name:         u_fpga_platform/u_pll0/inst/clk_in1
Waveform(ns):       { 0.000 2.500 }
Period(ns):         5.000
Sources:            { u_fpga_platform/u_pll0/inst/clk_in1 }

Check Type        Corner  Lib Pin            Reference Pin  Required(ns)  Actual(ns)  Slack(ns)  Location         Pin
Min Period        n/a     MMCME3_ADV/CLKIN1  n/a            1.071         5.000       3.929      MMCME3_ADV_X2Y3  u_fpga_platform/u_pll0/inst/mmcme3_adv_inst/CLKIN1
Low Pulse Width   Slow    MMCME3_ADV/CLKIN1  n/a            1.750         2.500       0.750      MMCME3_ADV_X2Y3  u_fpga_platform/u_pll0/inst/mmcme3_adv_inst/CLKIN1
High Pulse Width  Slow    MMCME3_ADV/CLKIN1  n/a            1.750         2.500       0.750      MMCME3_ADV_X2Y3  u_fpga_platform/u_pll0/inst/mmcme3_adv_inst/CLKIN1



---------------------------------------------------------------------------------------------------
From Clock:  clk_out1_pll_50m
  To Clock:  clk_out1_pll_50m

Setup :            0  Failing Endpoints,  Worst Slack        8.625ns,  Total Violation        0.000ns
Hold  :            0  Failing Endpoints,  Worst Slack        0.020ns,  Total Violation        0.000ns
PW    :            0  Failing Endpoints,  Worst Slack       11.646ns,  Total Violation        0.000ns
---------------------------------------------------------------------------------------------------


Max Delay Paths
--------------------------------------------------------------------------------------
Slack (MET) :             8.625ns  (required time - arrival time)
  Source:                 u_fp_domain/u_CORTEXM3INTEGRATION/u_cortexm3ds_logic/Jxpm17_reg/C
                            (rising edge-triggered cell FDCE clocked by clk_out1_pll_50m  {rise@0.000ns fall@12.500ns period=25.000ns})
  Destination:            u_fp_domain/u_CORTEXM3INTEGRATION/u_cortexm3ds_logic/Grnm17_reg/D
                            (rising edge-triggered cell FDCE clocked by clk_out1_pll_50m  {rise@0.000ns fall@12.500ns period=25.000ns})
  Path Group:             clk_out1_pll_50m
  Path Type:              Setup (Max at Slow Process Corner)
  Requirement:            25.000ns  (clk_out1_pll_50m rise@25.000ns - clk_out1_pll_50m rise@0.000ns)
  Data Path Delay:        16.216ns  (logic 3.768ns (23.236%)  route 12.448ns (76.764%))
  Logic Levels:           24  (CARRY8=5 LUT2=2 LUT3=1 LUT5=3 LUT6=13)
  Clock Path Skew:        -0.141ns (DCD - SCD + CPR)
    Destination Clock Delay (DCD):    -1.355ns = ( 23.645 - 25.000 ) 
    Source Clock Delay      (SCD):    -1.240ns
    Clock Pessimism Removal (CPR):    -0.026ns
  Clock Uncertainty:      0.078ns  ((TSJ^2 + DJ^2)^1/2) / 2 + PE
    Total System Jitter     (TSJ):    0.071ns
    Discrete Jitter          (DJ):    0.138ns
    Phase Error              (PE):    0.000ns
  Clock Net Delay (Source):      2.516ns (routing 0.988ns, distribution 1.528ns)
  Clock Net Delay (Destination): 2.231ns (routing 0.905ns, distribution 1.326ns)

    Location             Delay type                Incr(ns)  Path(ns)    Netlist Resource(s)
  -------------------------------------------------------------------    -------------------
                         (clock clk_out1_pll_50m rise edge)
                                                      0.000     0.000 r  
    D24                  IBUFCTRL                     0.000     0.000 r  CLK_IBUF_inst/IBUFCTRL_INST/O
                         net (fo=7, routed)           0.865     0.865    u_fpga_platform/u_pll0/inst/clk_in1
    MMCME3_ADV_X2Y3      MMCME3_ADV (Prop_MMCME3_ADV_CLKIN1_CLKOUT0)
                                                     -5.141    -4.276 r  u_fpga_platform/u_pll0/inst/mmcme3_adv_inst/CLKOUT0
                         net (fo=1, routed)           0.437    -3.839    u_fpga_platform/u_pll0/inst/clk_out1_pll_50m
    BUFGCE_X2Y74         BUFGCE (Prop_BUFCE_BUFGCE_I_O)
                                                      0.083    -3.756 r  u_fpga_platform/u_pll0/inst/clkout1_buf/O
    X4Y1 (CLOCK_ROOT)    net (fo=6068, routed)        2.516    -1.240    u_fp_domain/u_CORTEXM3INTEGRATION/u_cortexm3ds_logic/clk_out1
    SLICE_X115Y125       FDCE                                         r  u_fp_domain/u_CORTEXM3INTEGRATION/u_cortexm3ds_logic/Jxpm17_reg/C
  -------------------------------------------------------------------    -------------------
    SLICE_X115Y125       FDCE (Prop_DFF_SLICEM_C_Q)
                                                      0.114    -1.126 r  u_fp_domain/u_CORTEXM3INTEGRATION/u_cortexm3ds_logic/Jxpm17_reg/Q
                         net (fo=2, routed)           0.559    -0.567    u_fp_domain/u_CORTEXM3INTEGRATION/u_cortexm3ds_logic/Jxpm17
    SLICE_X115Y149       LUT2 (Prop_B6LUT_SLICEM_I1_O)
                                                      0.119    -0.448 r  u_fp_domain/u_CORTEXM3INTEGRATION/u_cortexm3ds_logic/Pzioz6_i_10/O
                         net (fo=1, routed)           0.000    -0.448    u_fp_domain/u_CORTEXM3INTEGRATION/u_cortexm3ds_logic/Pzioz6_i_10_n_0
    SLICE_X115Y149       CARRY8 (Prop_CARRY8_SLICEM_S[1]_CO[7])
                                                      0.343    -0.105 r  u_fp_domain/u_CORTEXM3INTEGRATION/u_cortexm3ds_logic/Pzioz6_reg_i_2/CO[7]
                         net (fo=1, routed)           0.040    -0.065    u_fp_domain/u_CORTEXM3INTEGRATION/u_cortexm3ds_logic/Pzioz6_reg_i_2_n_0
    SLICE_X115Y150       CARRY8 (Prop_CARRY8_SLICEM_CI_O[0])
                                                      0.099     0.034 r  u_fp_domain/u_CORTEXM3INTEGRATION/u_cortexm3ds_logic/Gptzz6_reg_i_5/O[0]
                         net (fo=1, routed)           0.478     0.512    u_fp_domain/u_CORTEXM3INTEGRATION/u_cortexm3ds_logic/Z9zm17[8]
    SLICE_X114Y150       CARRY8 (Prop_CARRY8_SLICEL_S[0]_CO[7])
                                                      0.404     0.916 r  u_fp_domain/u_CORTEXM3INTEGRATION/u_cortexm3ds_logic/Gptzz6_reg_i_4/CO[7]
                         net (fo=1, routed)           0.027     0.943    u_fp_domain/u_CORTEXM3INTEGRATION/u_cortexm3ds_logic/Gptzz6_reg_i_4_n_0
    SLICE_X114Y151       CARRY8 (Prop_CARRY8_SLICEL_CI_CO[7])
                                                      0.022     0.965 r  u_fp_domain/u_CORTEXM3INTEGRATION/u_cortexm3ds_logic/Torzz6_reg_i_5/CO[7]
                         net (fo=1, routed)           0.027     0.992    u_fp_domain/u_CORTEXM3INTEGRATION/u_cortexm3ds_logic/Torzz6_reg_i_5_n_0
    SLICE_X114Y152       CARRY8 (Prop_CARRY8_SLICEL_CI_O[1])
                                                      0.133     1.125 f  u_fp_domain/u_CORTEXM3INTEGRATION/u_cortexm3ds_logic/Degzz6_reg_i_2/O[1]
                         net (fo=21, routed)          1.585     2.710    u_fp_domain/u_CORTEXM3INTEGRATION/u_cortexm3ds_logic/p_0_in666_in
    SLICE_X115Y209       LUT3 (Prop_H5LUT_SLICEM_I2_O)
                                                      0.155     2.865 f  u_fp_domain/u_CORTEXM3INTEGRATION/u_cortexm3ds_logic/Jwboz6_i_548/O
                         net (fo=9, routed)           0.764     3.629    u_fp_domain/u_CORTEXM3INTEGRATION/u_cortexm3ds_logic/Jwboz6_i_548_n_0
    SLICE_X110Y219       LUT5 (Prop_B6LUT_SLICEM_I1_O)
                                                      0.119     3.748 f  u_fp_domain/u_CORTEXM3INTEGRATION/u_cortexm3ds_logic/Jwboz6_i_307/O
                         net (fo=1, routed)           0.359     4.107    u_fp_domain/u_CORTEXM3INTEGRATION/u_cortexm3ds_logic/Jwboz6_i_307_n_0
    SLICE_X109Y222       LUT6 (Prop_H6LUT_SLICEM_I0_O)
                                                      0.137     4.244 r  u_fp_domain/u_CORTEXM3INTEGRATION/u_cortexm3ds_logic/Jwboz6_i_102/O
                         net (fo=2, routed)           0.225     4.469    u_fp_domain/u_CORTEXM3INTEGRATION/u_cortexm3ds_logic/Jwboz6_i_102_n_0
    SLICE_X108Y223       LUT6 (Prop_C6LUT_SLICEL_I2_O)
                                                      0.130     4.599 f  u_fp_domain/u_CORTEXM3INTEGRATION/u_cortexm3ds_logic/Jwboz6_i_28/O
                         net (fo=1, routed)           0.286     4.885    u_fp_domain/u_CORTEXM3INTEGRATION/u_cortexm3ds_logic/Jwboz6_i_28_n_0
    SLICE_X108Y221       LUT6 (Prop_H6LUT_SLICEL_I0_O)
                                                      0.172     5.057 f  u_fp_domain/u_CORTEXM3INTEGRATION/u_cortexm3ds_logic/Jwboz6_i_10/O
                         net (fo=2, routed)           0.659     5.716    u_fp_domain/u_CORTEXM3INTEGRATION/u_cortexm3ds_logic/Qcn6z6
    SLICE_X111Y206       LUT6 (Prop_C6LUT_SLICEL_I0_O)
                                                      0.130     5.846 f  u_fp_domain/u_CORTEXM3INTEGRATION/u_cortexm3ds_logic/Jwboz6_i_4/O
                         net (fo=11, routed)          0.708     6.554    u_fp_domain/u_CORTEXM3INTEGRATION/u_cortexm3ds_logic/Jwboz6_i_4_n_0
    SLICE_X111Y170       LUT5 (Prop_D5LUT_SLICEL_I1_O)
                                                      0.093     6.647 f  u_fp_domain/u_CORTEXM3INTEGRATION/u_cortexm3ds_logic/Mi5nz6_i_29/O
                         net (fo=4, routed)           0.613     7.260    u_fp_domain/u_CORTEXM3INTEGRATION/u_cortexm3ds_logic/Mi5nz6_i_29_n_0
    SLICE_X111Y196       LUT6 (Prop_H6LUT_SLICEL_I3_O)
                                                      0.132     7.392 f  u_fp_domain/u_CORTEXM3INTEGRATION/u_cortexm3ds_logic/Mi5nz6_i_26/O
                         net (fo=1, routed)           0.538     7.930    u_fp_domain/u_CORTEXM3INTEGRATION/u_cortexm3ds_logic/Mi5nz6_i_26_n_0
    SLICE_X111Y170       LUT6 (Prop_H6LUT_SLICEL_I5_O)
                                                      0.116     8.046 r  u_fp_domain/u_CORTEXM3INTEGRATION/u_cortexm3ds_logic/Mi5nz6_i_11/O
                         net (fo=3, routed)           0.838     8.884    u_fp_domain/u_CORTEXM3INTEGRATION/u_cortexm3ds_logic/Mi5nz6_i_11_n_0
    SLICE_X113Y123       LUT6 (Prop_E6LUT_SLICEM_I3_O)
                                                      0.177     9.061 f  u_fp_domain/u_CORTEXM3INTEGRATION/u_cortexm3ds_logic/Mi5nz6_i_4/O
                         net (fo=3, routed)           0.632     9.693    u_fp_domain/u_CORTEXM3INTEGRATION/u_cortexm3ds_logic/Mi5nz6_i_4_n_0
    SLICE_X119Y116       LUT6 (Prop_E6LUT_SLICEM_I4_O)
                                                      0.134     9.827 f  u_fp_domain/u_CORTEXM3INTEGRATION/u_cortexm3ds_logic/Ng9oz6_i_5/O
                         net (fo=5, routed)           0.585    10.412    u_fp_domain/u_CORTEXM3INTEGRATION/u_cortexm3ds_logic/Ng9oz6_i_5_n_0
    SLICE_X112Y115       LUT6 (Prop_H6LUT_SLICEM_I5_O)
                                                      0.120    10.532 f  u_fp_domain/u_CORTEXM3INTEGRATION/u_cortexm3ds_logic/O59oz6_i_17/O
                         net (fo=2, routed)           0.235    10.767    u_fp_domain/u_CORTEXM3INTEGRATION/u_cortexm3ds_logic/O59oz6_i_17_n_0
    SLICE_X110Y115       LUT6 (Prop_F6LUT_SLICEM_I0_O)
                                                      0.192    10.959 r  u_fp_domain/u_CORTEXM3INTEGRATION/u_cortexm3ds_logic/O59oz6_i_7/O
                         net (fo=12, routed)          0.206    11.165    u_fp_domain/u_CORTEXM3INTEGRATION/u_cortexm3ds_logic/O59oz6_i_7_n_0
    SLICE_X111Y114       LUT5 (Prop_C6LUT_SLICEL_I3_O)
                                                      0.115    11.280 f  u_fp_domain/u_CORTEXM3INTEGRATION/u_cortexm3ds_logic/Gd7oz6_i_2/O
                         net (fo=104, routed)         0.763    12.043    u_fp_domain/u_CORTEXM3INTEGRATION/u_cortexm3ds_logic/N3onv6
    SLICE_X117Y105       LUT6 (Prop_H6LUT_SLICEL_I2_O)
                                                      0.116    12.159 f  u_fp_domain/u_CORTEXM3INTEGRATION/u_cortexm3ds_logic/Jxpm17_i_6/O
                         net (fo=24, routed)          1.120    13.279    u_fp_domain/u_CORTEXM3INTEGRATION/u_cortexm3ds_logic/Jxpm17_i_6_n_0
    SLICE_X116Y153       LUT2 (Prop_H6LUT_SLICEL_I0_O)
                                                      0.188    13.467 r  u_fp_domain/u_CORTEXM3INTEGRATION/u_cortexm3ds_logic/G0im17_i_6/O
                         net (fo=11, routed)          0.962    14.429    u_fp_domain/u_CORTEXM3INTEGRATION/u_cortexm3ds_logic/G0im17_i_6_n_0
    SLICE_X118Y125       LUT6 (Prop_G6LUT_SLICEM_I4_O)
                                                      0.193    14.622 r  u_fp_domain/u_CORTEXM3INTEGRATION/u_cortexm3ds_logic/Grnm17_i_3/O
                         net (fo=1, routed)           0.210    14.832    u_fp_domain/u_CORTEXM3INTEGRATION/u_cortexm3ds_logic/Grnm17_i_3_n_0
    SLICE_X117Y126       LUT6 (Prop_C6LUT_SLICEL_I4_O)
                                                      0.115    14.947 r  u_fp_domain/u_CORTEXM3INTEGRATION/u_cortexm3ds_logic/Grnm17_i_1/O
                         net (fo=1, routed)           0.029    14.976    u_fp_domain/u_CORTEXM3INTEGRATION/u_cortexm3ds_logic/Yzi8v6
    SLICE_X117Y126       FDCE                                         r  u_fp_domain/u_CORTEXM3INTEGRATION/u_cortexm3ds_logic/Grnm17_reg/D
  -------------------------------------------------------------------    -------------------

                         (clock clk_out1_pll_50m rise edge)
                                                     25.000    25.000 r  
    D24                  IBUFCTRL                     0.000    25.000 r  CLK_IBUF_inst/IBUFCTRL_INST/O
                         net (fo=7, routed)           0.778    25.778    u_fpga_platform/u_pll0/inst/clk_in1
    MMCME3_ADV_X2Y3      MMCME3_ADV (Prop_MMCME3_ADV_CLKIN1_CLKOUT0)
                                                     -4.811    20.967 r  u_fpga_platform/u_pll0/inst/mmcme3_adv_inst/CLKOUT0
                         net (fo=1, routed)           0.372    21.339    u_fpga_platform/u_pll0/inst/clk_out1_pll_50m
    BUFGCE_X2Y74         BUFGCE (Prop_BUFCE_BUFGCE_I_O)
                                                      0.075    21.414 r  u_fpga_platform/u_pll0/inst/clkout1_buf/O
    X4Y1 (CLOCK_ROOT)    net (fo=6068, routed)        2.231    23.645    u_fp_domain/u_CORTEXM3INTEGRATION/u_cortexm3ds_logic/clk_out1
    SLICE_X117Y126       FDCE                                         r  u_fp_domain/u_CORTEXM3INTEGRATION/u_cortexm3ds_logic/Grnm17_reg/C
                         clock pessimism             -0.026    23.619    
                         clock uncertainty           -0.078    23.542    
    SLICE_X117Y126       FDCE (Setup_CFF_SLICEL_C_D)
                                                      0.059    23.601    u_fp_domain/u_CORTEXM3INTEGRATION/u_cortexm3ds_logic/Grnm17_reg
  -------------------------------------------------------------------
                         required time                         23.601    
                         arrival time                         -14.976    
  -------------------------------------------------------------------
                         slack                                  8.625    





Min Delay Paths
--------------------------------------------------------------------------------------
Slack (MET) :             0.020ns  (arrival time - required time)
  Source:                 u_fp_domain/u_CORTEXM3INTEGRATION/u_cortexm3ds_logic/Y5du07_reg/C
                            (rising edge-triggered cell FDCE clocked by clk_out1_pll_50m  {rise@0.000ns fall@12.500ns period=25.000ns})
  Destination:            u_fp_domain/u_CORTEXM3INTEGRATION/u_cortexm3ds_logic/W0ju07_reg/D
                            (rising edge-triggered cell FDCE clocked by clk_out1_pll_50m  {rise@0.000ns fall@12.500ns period=25.000ns})
  Path Group:             clk_out1_pll_50m
  Path Type:              Hold (Min at Fast Process Corner)
  Requirement:            0.000ns  (clk_out1_pll_50m rise@0.000ns - clk_out1_pll_50m rise@0.000ns)
  Data Path Delay:        0.166ns  (logic 0.079ns (47.590%)  route 0.087ns (52.410%))
  Logic Levels:           1  (LUT6=1)
  Clock Path Skew:        0.090ns (DCD - SCD - CPR)
    Destination Clock Delay (DCD):    -1.182ns
    Source Clock Delay      (SCD):    -0.822ns
    Clock Pessimism Removal (CPR):    -0.450ns
  Clock Net Delay (Source):      1.059ns (routing 0.455ns, distribution 0.604ns)
  Clock Net Delay (Destination): 1.254ns (routing 0.503ns, distribution 0.751ns)

    Location             Delay type                Incr(ns)  Path(ns)    Netlist Resource(s)
  -------------------------------------------------------------------    -------------------
                         (clock clk_out1_pll_50m rise edge)
                                                      0.000     0.000 r  
    D24                  IBUFCTRL                     0.000     0.000 r  CLK_IBUF_inst/IBUFCTRL_INST/O
                         net (fo=7, routed)           0.405     0.405    u_fpga_platform/u_pll0/inst/clk_in1
    MMCME3_ADV_X2Y3      MMCME3_ADV (Prop_MMCME3_ADV_CLKIN1_CLKOUT0)
                                                     -2.480    -2.075 r  u_fpga_platform/u_pll0/inst/mmcme3_adv_inst/CLKOUT0
                         net (fo=1, routed)           0.167    -1.908    u_fpga_platform/u_pll0/inst/clk_out1_pll_50m
    BUFGCE_X2Y74         BUFGCE (Prop_BUFCE_BUFGCE_I_O)
                                                      0.027    -1.881 r  u_fpga_platform/u_pll0/inst/clkout1_buf/O
    X4Y1 (CLOCK_ROOT)    net (fo=6068, routed)        1.059    -0.822    u_fp_domain/u_CORTEXM3INTEGRATION/u_cortexm3ds_logic/clk_out1
    SLICE_X103Y142       FDCE                                         r  u_fp_domain/u_CORTEXM3INTEGRATION/u_cortexm3ds_logic/Y5du07_reg/C
  -------------------------------------------------------------------    -------------------
    SLICE_X103Y142       FDCE (Prop_AFF2_SLICEM_C_Q)
                                                      0.049    -0.773 r  u_fp_domain/u_CORTEXM3INTEGRATION/u_cortexm3ds_logic/Y5du07_reg/Q
                         net (fo=3, routed)           0.075    -0.698    u_fp_domain/u_CORTEXM3INTEGRATION/u_cortexm3ds_logic/Y5du07
    SLICE_X102Y142       LUT6 (Prop_A6LUT_SLICEL_I3_O)
                                                      0.030    -0.668 r  u_fp_domain/u_CORTEXM3INTEGRATION/u_cortexm3ds_logic/W0ju07_i_1/O
                         net (fo=1, routed)           0.012    -0.656    u_fp_domain/u_CORTEXM3INTEGRATION/u_cortexm3ds_logic/T1zmz6_6
    SLICE_X102Y142       FDCE                                         r  u_fp_domain/u_CORTEXM3INTEGRATION/u_cortexm3ds_logic/W0ju07_reg/D
  -------------------------------------------------------------------    -------------------

                         (clock clk_out1_pll_50m rise edge)
                                                      0.000     0.000 r  
    D24                  IBUFCTRL                     0.000     0.000 r  CLK_IBUF_inst/IBUFCTRL_INST/O
                         net (fo=7, routed)           0.457     0.457    u_fpga_platform/u_pll0/inst/clk_in1
    MMCME3_ADV_X2Y3      MMCME3_ADV (Prop_MMCME3_ADV_CLKIN1_CLKOUT0)
                                                     -3.133    -2.676 r  u_fpga_platform/u_pll0/inst/mmcme3_adv_inst/CLKOUT0
                         net (fo=1, routed)           0.209    -2.467    u_fpga_platform/u_pll0/inst/clk_out1_pll_50m
    BUFGCE_X2Y74         BUFGCE (Prop_BUFCE_BUFGCE_I_O)
                                                      0.031    -2.436 r  u_fpga_platform/u_pll0/inst/clkout1_buf/O
    X4Y1 (CLOCK_ROOT)    net (fo=6068, routed)        1.254    -1.182    u_fp_domain/u_CORTEXM3INTEGRATION/u_cortexm3ds_logic/clk_out1
    SLICE_X102Y142       FDCE                                         r  u_fp_domain/u_CORTEXM3INTEGRATION/u_cortexm3ds_logic/W0ju07_reg/C
                         clock pessimism              0.450    -0.732    
    SLICE_X102Y142       FDCE (Hold_AFF_SLICEL_C_D)
                                                      0.056    -0.676    u_fp_domain/u_CORTEXM3INTEGRATION/u_cortexm3ds_logic/W0ju07_reg
  -------------------------------------------------------------------
                         required time                          0.676    
                         arrival time                          -0.656    
  -------------------------------------------------------------------
                         slack                                  0.020    





Pulse Width Checks
--------------------------------------------------------------------------------------
Clock Name:         clk_out1_pll_50m
Waveform(ns):       { 0.000 12.500 }
Period(ns):         25.000
Sources:            { u_fpga_platform/u_pll0/inst/mmcme3_adv_inst/CLKOUT0 }

Check Type        Corner  Lib Pin             Reference Pin  Required(ns)  Actual(ns)  Slack(ns)  Location      Pin
Min Period        n/a     RAMB36E2/CLKARDCLK  n/a            1.709         25.000      23.291     RAMB36_X13Y6  u_fp_domain/u_sram_top/u_dtcm/U0/inst_blk_mem_gen/gnbram.gnativebmg.native_blk_mem_gen/valid.cstr/ramloop[0].ram.r/prim_init.ram/DEVICE_8SERIES.NO_BMM_INFO.SP.SIMPLE_PRIM36.ram/CLKARDCLK
Low Pulse Width   Slow    RAMB36E2/CLKARDCLK  n/a            0.854         12.500      11.646     RAMB36_X13Y6  u_fp_domain/u_sram_top/u_dtcm/U0/inst_blk_mem_gen/gnbram.gnativebmg.native_blk_mem_gen/valid.cstr/ramloop[0].ram.r/prim_init.ram/DEVICE_8SERIES.NO_BMM_INFO.SP.SIMPLE_PRIM36.ram/CLKARDCLK
High Pulse Width  Slow    RAMB36E2/CLKARDCLK  n/a            0.854         12.500      11.646     RAMB36_X13Y6  u_fp_domain/u_sram_top/u_dtcm/U0/inst_blk_mem_gen/gnbram.gnativebmg.native_blk_mem_gen/valid.cstr/ramloop[0].ram.r/prim_init.ram/DEVICE_8SERIES.NO_BMM_INFO.SP.SIMPLE_PRIM36.ram/CLKARDCLK



---------------------------------------------------------------------------------------------------
From Clock:  clk_out2_pll_50m
  To Clock:  clk_out2_pll_50m

Setup :            0  Failing Endpoints,  Worst Slack       19.168ns,  Total Violation        0.000ns
Hold  :            0  Failing Endpoints,  Worst Slack        0.054ns,  Total Violation        0.000ns
PW    :            0  Failing Endpoints,  Worst Slack        9.725ns,  Total Violation        0.000ns
---------------------------------------------------------------------------------------------------


Max Delay Paths
--------------------------------------------------------------------------------------
Slack (MET) :             19.168ns  (required time - arrival time)
  Source:                 u_fp_domain/u_apb2_async/u_ahb_to_apb_async_syn_1/sync_reg_2_reg/C
                            (rising edge-triggered cell FDCE clocked by clk_out2_pll_50m  {rise@0.000ns fall@10.000ns period=20.000ns})
  Destination:            u_fp_domain/u_apb2_async/u_ahb_to_apb_async_p/s_trans_valid_reg_reg/D
                            (rising edge-triggered cell FDCE clocked by clk_out2_pll_50m  {rise@0.000ns fall@10.000ns period=20.000ns})
  Path Group:             clk_out2_pll_50m
  Path Type:              Setup (Max at Slow Process Corner)
  Requirement:            20.000ns  (clk_out2_pll_50m rise@20.000ns - clk_out2_pll_50m rise@0.000ns)
  Data Path Delay:        0.817ns  (logic 0.323ns (39.535%)  route 0.494ns (60.465%))
  Logic Levels:           1  (LUT4=1)
  Clock Path Skew:        -0.003ns (DCD - SCD + CPR)
    Destination Clock Delay (DCD):    -1.738ns = ( 18.262 - 20.000 ) 
    Source Clock Delay      (SCD):    -1.678ns
    Clock Pessimism Removal (CPR):    0.057ns
  Clock Uncertainty:      0.075ns  ((TSJ^2 + DJ^2)^1/2) / 2 + PE
    Total System Jitter     (TSJ):    0.071ns
    Discrete Jitter          (DJ):    0.132ns
    Phase Error              (PE):    0.000ns
  Clock Net Delay (Source):      2.078ns (routing 0.823ns, distribution 1.255ns)
  Clock Net Delay (Destination): 1.848ns (routing 0.755ns, distribution 1.093ns)

    Location             Delay type                Incr(ns)  Path(ns)    Netlist Resource(s)
  -------------------------------------------------------------------    -------------------
                         (clock clk_out2_pll_50m rise edge)
                                                      0.000     0.000 r  
    D24                  IBUFCTRL                     0.000     0.000 r  CLK_IBUF_inst/IBUFCTRL_INST/O
                         net (fo=7, routed)           0.865     0.865    u_fpga_platform/u_pll0/inst/clk_in1
    MMCME3_ADV_X2Y3      MMCME3_ADV (Prop_MMCME3_ADV_CLKIN1_CLKOUT1)
                                                     -5.141    -4.276 r  u_fpga_platform/u_pll0/inst/mmcme3_adv_inst/CLKOUT1
                         net (fo=1, routed)           0.437    -3.839    u_fpga_platform/u_pll0/inst/clk_out2_pll_50m
    BUFGCE_X2Y73         BUFGCE (Prop_BUFCE_BUFGCE_I_O)
                                                      0.083    -3.756 r  u_fpga_platform/u_pll0/inst/clkout2_buf/O
    X4Y2 (CLOCK_ROOT)    net (fo=8, routed)           2.078    -1.678    u_fp_domain/u_apb2_async/u_ahb_to_apb_async_syn_1/clk_out2
    SLICE_X99Y120        FDCE                                         r  u_fp_domain/u_apb2_async/u_ahb_to_apb_async_syn_1/sync_reg_2_reg/C
  -------------------------------------------------------------------    -------------------
    SLICE_X99Y120        FDCE (Prop_BFF2_SLICEL_C_Q)
                                                      0.118    -1.560 r  u_fp_domain/u_apb2_async/u_ahb_to_apb_async_syn_1/sync_reg_2_reg/Q
                         net (fo=5, routed)           0.459    -1.101    u_fp_domain/u_apb2_async/u_ahb_to_apb_async_p/last_s_req_p_reg_0
    SLICE_X99Y120        LUT4 (Prop_D5LUT_SLICEL_I2_O)
                                                      0.205    -0.896 r  u_fp_domain/u_apb2_async/u_ahb_to_apb_async_p/s_trans_valid_reg_i_1__0/O
                         net (fo=1, routed)           0.035    -0.861    u_fp_domain/u_apb2_async/u_ahb_to_apb_async_p/s_trans_valid_reg_i_1__0_n_0
    SLICE_X99Y120        FDCE                                         r  u_fp_domain/u_apb2_async/u_ahb_to_apb_async_p/s_trans_valid_reg_reg/D
  -------------------------------------------------------------------    -------------------

                         (clock clk_out2_pll_50m rise edge)
                                                     20.000    20.000 r  
    D24                  IBUFCTRL                     0.000    20.000 r  CLK_IBUF_inst/IBUFCTRL_INST/O
                         net (fo=7, routed)           0.778    20.778    u_fpga_platform/u_pll0/inst/clk_in1
    MMCME3_ADV_X2Y3      MMCME3_ADV (Prop_MMCME3_ADV_CLKIN1_CLKOUT1)
                                                     -4.811    15.967 r  u_fpga_platform/u_pll0/inst/mmcme3_adv_inst/CLKOUT1
                         net (fo=1, routed)           0.372    16.339    u_fpga_platform/u_pll0/inst/clk_out2_pll_50m
    BUFGCE_X2Y73         BUFGCE (Prop_BUFCE_BUFGCE_I_O)
                                                      0.075    16.414 r  u_fpga_platform/u_pll0/inst/clkout2_buf/O
    X4Y2 (CLOCK_ROOT)    net (fo=8, routed)           1.848    18.262    u_fp_domain/u_apb2_async/u_ahb_to_apb_async_p/clk_out2
    SLICE_X99Y120        FDCE                                         r  u_fp_domain/u_apb2_async/u_ahb_to_apb_async_p/s_trans_valid_reg_reg/C
                         clock pessimism              0.057    18.319    
                         clock uncertainty           -0.075    18.244    
    SLICE_X99Y120        FDCE (Setup_DFF2_SLICEL_C_D)
                                                      0.063    18.307    u_fp_domain/u_apb2_async/u_ahb_to_apb_async_p/s_trans_valid_reg_reg
  -------------------------------------------------------------------
                         required time                         18.307    
                         arrival time                           0.861    
  -------------------------------------------------------------------
                         slack                                 19.168    





Min Delay Paths
--------------------------------------------------------------------------------------
Slack (MET) :             0.054ns  (arrival time - required time)
  Source:                 u_fp_domain/u_apb2_async/u_ahb_to_apb_async_p/FSM_onehot_curr_state_reg[0]/C
                            (rising edge-triggered cell FDPE clocked by clk_out2_pll_50m  {rise@0.000ns fall@10.000ns period=20.000ns})
  Destination:            u_fp_domain/u_apb2_async/u_ahb_to_apb_async_p/FSM_onehot_curr_state_reg[0]/D
                            (rising edge-triggered cell FDPE clocked by clk_out2_pll_50m  {rise@0.000ns fall@10.000ns period=20.000ns})
  Path Group:             clk_out2_pll_50m
  Path Type:              Hold (Min at Fast Process Corner)
  Requirement:            0.000ns  (clk_out2_pll_50m rise@0.000ns - clk_out2_pll_50m rise@0.000ns)
  Data Path Delay:        0.115ns  (logic 0.064ns (55.652%)  route 0.051ns (44.348%))
  Logic Levels:           1  (LUT6=1)
  Clock Path Skew:        0.005ns (DCD - SCD - CPR)
    Destination Clock Delay (DCD):    -1.401ns
    Source Clock Delay      (SCD):    -1.002ns
    Clock Pessimism Removal (CPR):    -0.404ns
  Clock Net Delay (Source):      0.879ns (routing 0.370ns, distribution 0.509ns)
  Clock Net Delay (Destination): 1.035ns (routing 0.411ns, distribution 0.624ns)

    Location             Delay type                Incr(ns)  Path(ns)    Netlist Resource(s)
  -------------------------------------------------------------------    -------------------
                         (clock clk_out2_pll_50m rise edge)
                                                      0.000     0.000 r  
    D24                  IBUFCTRL                     0.000     0.000 r  CLK_IBUF_inst/IBUFCTRL_INST/O
                         net (fo=7, routed)           0.405     0.405    u_fpga_platform/u_pll0/inst/clk_in1
    MMCME3_ADV_X2Y3      MMCME3_ADV (Prop_MMCME3_ADV_CLKIN1_CLKOUT1)
                                                     -2.480    -2.075 r  u_fpga_platform/u_pll0/inst/mmcme3_adv_inst/CLKOUT1
                         net (fo=1, routed)           0.167    -1.908    u_fpga_platform/u_pll0/inst/clk_out2_pll_50m
    BUFGCE_X2Y73         BUFGCE (Prop_BUFCE_BUFGCE_I_O)
                                                      0.027    -1.881 r  u_fpga_platform/u_pll0/inst/clkout2_buf/O
    X4Y2 (CLOCK_ROOT)    net (fo=8, routed)           0.879    -1.002    u_fp_domain/u_apb2_async/u_ahb_to_apb_async_p/clk_out2
    SLICE_X99Y120        FDPE                                         r  u_fp_domain/u_apb2_async/u_ahb_to_apb_async_p/FSM_onehot_curr_state_reg[0]/C
  -------------------------------------------------------------------    -------------------
    SLICE_X99Y120        FDPE (Prop_BFF_SLICEL_C_Q)
                                                      0.049    -0.953 r  u_fp_domain/u_apb2_async/u_ahb_to_apb_async_p/FSM_onehot_curr_state_reg[0]/Q
                         net (fo=2, routed)           0.036    -0.917    u_fp_domain/u_apb2_async/u_ahb_to_apb_async_p/FSM_onehot_curr_state_reg_n_0_[0]
    SLICE_X99Y120        LUT6 (Prop_B6LUT_SLICEL_I0_O)
                                                      0.015    -0.902 r  u_fp_domain/u_apb2_async/u_ahb_to_apb_async_p/FSM_onehot_curr_state[0]_i_1__0/O
                         net (fo=1, routed)           0.015    -0.887    u_fp_domain/u_apb2_async/u_ahb_to_apb_async_p/FSM_onehot_curr_state[0]_i_1__0_n_0
    SLICE_X99Y120        FDPE                                         r  u_fp_domain/u_apb2_async/u_ahb_to_apb_async_p/FSM_onehot_curr_state_reg[0]/D
  -------------------------------------------------------------------    -------------------

                         (clock clk_out2_pll_50m rise edge)
                                                      0.000     0.000 r  
    D24                  IBUFCTRL                     0.000     0.000 r  CLK_IBUF_inst/IBUFCTRL_INST/O
                         net (fo=7, routed)           0.457     0.457    u_fpga_platform/u_pll0/inst/clk_in1
    MMCME3_ADV_X2Y3      MMCME3_ADV (Prop_MMCME3_ADV_CLKIN1_CLKOUT1)
                                                     -3.133    -2.676 r  u_fpga_platform/u_pll0/inst/mmcme3_adv_inst/CLKOUT1
                         net (fo=1, routed)           0.209    -2.467    u_fpga_platform/u_pll0/inst/clk_out2_pll_50m
    BUFGCE_X2Y73         BUFGCE (Prop_BUFCE_BUFGCE_I_O)
                                                      0.031    -2.436 r  u_fpga_platform/u_pll0/inst/clkout2_buf/O
    X4Y2 (CLOCK_ROOT)    net (fo=8, routed)           1.035    -1.401    u_fp_domain/u_apb2_async/u_ahb_to_apb_async_p/clk_out2
    SLICE_X99Y120        FDPE                                         r  u_fp_domain/u_apb2_async/u_ahb_to_apb_async_p/FSM_onehot_curr_state_reg[0]/C
                         clock pessimism              0.404    -0.997    
    SLICE_X99Y120        FDPE (Hold_BFF_SLICEL_C_D)
                                                      0.056    -0.941    u_fp_domain/u_apb2_async/u_ahb_to_apb_async_p/FSM_onehot_curr_state_reg[0]
  -------------------------------------------------------------------
                         required time                          0.941    
                         arrival time                          -0.887    
  -------------------------------------------------------------------
                         slack                                  0.054    





Pulse Width Checks
--------------------------------------------------------------------------------------
Clock Name:         clk_out2_pll_50m
Waveform(ns):       { 0.000 10.000 }
Period(ns):         20.000
Sources:            { u_fpga_platform/u_pll0/inst/mmcme3_adv_inst/CLKOUT1 }

Check Type        Corner  Lib Pin   Reference Pin  Required(ns)  Actual(ns)  Slack(ns)  Location       Pin
Min Period        n/a     BUFGCE/I  n/a            1.379         20.000      18.621     BUFGCE_X2Y73   u_fpga_platform/u_pll0/inst/clkout2_buf/I
Low Pulse Width   Slow    FDPE/C    n/a            0.275         10.000      9.725      SLICE_X99Y120  u_fp_domain/u_apb2_async/u_ahb_to_apb_async_p/FSM_onehot_curr_state_reg[0]/C
High Pulse Width  Slow    FDPE/C    n/a            0.275         10.000      9.725      SLICE_X99Y120  u_fp_domain/u_apb2_async/u_ahb_to_apb_async_p/FSM_onehot_curr_state_reg[0]/C



---------------------------------------------------------------------------------------------------
From Clock:  clk_out3_pll_50m
  To Clock:  clk_out3_pll_50m

Setup :            0  Failing Endpoints,  Worst Slack       11.859ns,  Total Violation        0.000ns
Hold  :            0  Failing Endpoints,  Worst Slack        0.070ns,  Total Violation        0.000ns
PW    :            0  Failing Endpoints,  Worst Slack        5.975ns,  Total Violation        0.000ns
---------------------------------------------------------------------------------------------------


Max Delay Paths
--------------------------------------------------------------------------------------
Slack (MET) :             11.859ns  (required time - arrival time)
  Source:                 u_fpga_platform/u_lsi/clk_cnt_reg[1]/C
                            (rising edge-triggered cell FDCE clocked by clk_out3_pll_50m  {rise@0.000ns fall@6.250ns period=12.500ns})
  Destination:            u_fpga_platform/u_lsi/outclk1_reg/D
                            (rising edge-triggered cell FDCE clocked by clk_out3_pll_50m  {rise@0.000ns fall@6.250ns period=12.500ns})
  Path Group:             clk_out3_pll_50m
  Path Type:              Setup (Max at Slow Process Corner)
  Requirement:            12.500ns  (clk_out3_pll_50m rise@12.500ns - clk_out3_pll_50m rise@0.000ns)
  Data Path Delay:        0.630ns  (logic 0.248ns (39.365%)  route 0.382ns (60.635%))
  Logic Levels:           1  (LUT5=1)
  Clock Path Skew:        -0.003ns (DCD - SCD + CPR)
    Destination Clock Delay (DCD):    -1.586ns = ( 10.914 - 12.500 ) 
    Source Clock Delay      (SCD):    -1.512ns
    Clock Pessimism Removal (CPR):    0.071ns
  Clock Uncertainty:      0.070ns  ((TSJ^2 + DJ^2)^1/2) / 2 + PE
    Total System Jitter     (TSJ):    0.071ns
    Discrete Jitter          (DJ):    0.120ns
    Phase Error              (PE):    0.000ns
  Clock Net Delay (Source):      2.244ns (routing 0.957ns, distribution 1.287ns)
  Clock Net Delay (Destination): 2.000ns (routing 0.878ns, distribution 1.122ns)

    Location             Delay type                Incr(ns)  Path(ns)    Netlist Resource(s)
  -------------------------------------------------------------------    -------------------
                         (clock clk_out3_pll_50m rise edge)
                                                      0.000     0.000 r  
    D24                  IBUFCTRL                     0.000     0.000 r  CLK_IBUF_inst/IBUFCTRL_INST/O
                         net (fo=7, routed)           0.865     0.865    u_fpga_platform/u_pll0/inst/clk_in1
    MMCME3_ADV_X2Y3      MMCME3_ADV (Prop_MMCME3_ADV_CLKIN1_CLKOUT2)
                                                     -5.141    -4.276 r  u_fpga_platform/u_pll0/inst/mmcme3_adv_inst/CLKOUT2
                         net (fo=1, routed)           0.437    -3.839    u_fpga_platform/u_pll0/inst/clk_out3_pll_50m
    BUFGCE_X2Y95         BUFGCE (Prop_BUFCE_BUFGCE_I_O)
                                                      0.083    -3.756 r  u_fpga_platform/u_pll0/inst/clkout3_buf/O
    X4Y2 (CLOCK_ROOT)    net (fo=5, routed)           2.244    -1.512    u_fpga_platform/u_lsi/CLK
    SLICE_X96Y157        FDCE                                         r  u_fpga_platform/u_lsi/clk_cnt_reg[1]/C
  -------------------------------------------------------------------    -------------------
    SLICE_X96Y157        FDCE (Prop_DFF_SLICEL_C_Q)
                                                      0.114    -1.398 r  u_fpga_platform/u_lsi/clk_cnt_reg[1]/Q
                         net (fo=4, routed)           0.347    -1.051    u_fpga_platform/u_lsi/clk_cnt[1]
    SLICE_X96Y157        LUT5 (Prop_C5LUT_SLICEL_I1_O)
                                                      0.134    -0.917 r  u_fpga_platform/u_lsi/outclk1_i_1/O
                         net (fo=1, routed)           0.035    -0.882    u_fpga_platform/u_lsi/outclk1_i_1_n_0
    SLICE_X96Y157        FDCE                                         r  u_fpga_platform/u_lsi/outclk1_reg/D
  -------------------------------------------------------------------    -------------------

                         (clock clk_out3_pll_50m rise edge)
                                                     12.500    12.500 r  
    D24                  IBUFCTRL                     0.000    12.500 r  CLK_IBUF_inst/IBUFCTRL_INST/O
                         net (fo=7, routed)           0.778    13.278    u_fpga_platform/u_pll0/inst/clk_in1
    MMCME3_ADV_X2Y3      MMCME3_ADV (Prop_MMCME3_ADV_CLKIN1_CLKOUT2)
                                                     -4.811     8.467 r  u_fpga_platform/u_pll0/inst/mmcme3_adv_inst/CLKOUT2
                         net (fo=1, routed)           0.372     8.839    u_fpga_platform/u_pll0/inst/clk_out3_pll_50m
    BUFGCE_X2Y95         BUFGCE (Prop_BUFCE_BUFGCE_I_O)
                                                      0.075     8.914 r  u_fpga_platform/u_pll0/inst/clkout3_buf/O
    X4Y2 (CLOCK_ROOT)    net (fo=5, routed)           2.000    10.914    u_fpga_platform/u_lsi/CLK
    SLICE_X96Y157        FDCE                                         r  u_fpga_platform/u_lsi/outclk1_reg/C
                         clock pessimism              0.071    10.985    
                         clock uncertainty           -0.070    10.915    
    SLICE_X96Y157        FDCE (Setup_CFF2_SLICEL_C_D)
                                                      0.062    10.977    u_fpga_platform/u_lsi/outclk1_reg
  -------------------------------------------------------------------
                         required time                         10.977    
                         arrival time                           0.882    
  -------------------------------------------------------------------
                         slack                                 11.859    





Min Delay Paths
--------------------------------------------------------------------------------------
Slack (MET) :             0.070ns  (arrival time - required time)
  Source:                 u_fpga_platform/u_lsi/clk_cnt_reg[2]/C
                            (rising edge-triggered cell FDCE clocked by clk_out3_pll_50m  {rise@0.000ns fall@6.250ns period=12.500ns})
  Destination:            u_fpga_platform/u_lsi/clk_cnt_reg[2]/D
                            (rising edge-triggered cell FDCE clocked by clk_out3_pll_50m  {rise@0.000ns fall@6.250ns period=12.500ns})
  Path Group:             clk_out3_pll_50m
  Path Type:              Hold (Min at Fast Process Corner)
  Requirement:            0.000ns  (clk_out3_pll_50m rise@0.000ns - clk_out3_pll_50m rise@0.000ns)
  Data Path Delay:        0.131ns  (logic 0.078ns (59.542%)  route 0.053ns (40.458%))
  Logic Levels:           1  (LUT4=1)
  Clock Path Skew:        0.005ns (DCD - SCD - CPR)
    Destination Clock Delay (DCD):    -1.287ns
    Source Clock Delay      (SCD):    -0.898ns
    Clock Pessimism Removal (CPR):    -0.394ns
  Clock Net Delay (Source):      0.983ns (routing 0.447ns, distribution 0.536ns)
  Clock Net Delay (Destination): 1.149ns (routing 0.495ns, distribution 0.654ns)

    Location             Delay type                Incr(ns)  Path(ns)    Netlist Resource(s)
  -------------------------------------------------------------------    -------------------
                         (clock clk_out3_pll_50m rise edge)
                                                      0.000     0.000 r  
    D24                  IBUFCTRL                     0.000     0.000 r  CLK_IBUF_inst/IBUFCTRL_INST/O
                         net (fo=7, routed)           0.405     0.405    u_fpga_platform/u_pll0/inst/clk_in1
    MMCME3_ADV_X2Y3      MMCME3_ADV (Prop_MMCME3_ADV_CLKIN1_CLKOUT2)
                                                     -2.480    -2.075 r  u_fpga_platform/u_pll0/inst/mmcme3_adv_inst/CLKOUT2
                         net (fo=1, routed)           0.167    -1.908    u_fpga_platform/u_pll0/inst/clk_out3_pll_50m
    BUFGCE_X2Y95         BUFGCE (Prop_BUFCE_BUFGCE_I_O)
                                                      0.027    -1.881 r  u_fpga_platform/u_pll0/inst/clkout3_buf/O
    X4Y2 (CLOCK_ROOT)    net (fo=5, routed)           0.983    -0.898    u_fpga_platform/u_lsi/CLK
    SLICE_X96Y157        FDCE                                         r  u_fpga_platform/u_lsi/clk_cnt_reg[2]/C
  -------------------------------------------------------------------    -------------------
    SLICE_X96Y157        FDCE (Prop_CFF_SLICEL_C_Q)
                                                      0.048    -0.850 r  u_fpga_platform/u_lsi/clk_cnt_reg[2]/Q
                         net (fo=3, routed)           0.037    -0.813    u_fpga_platform/u_lsi/clk_cnt[2]
    SLICE_X96Y157        LUT4 (Prop_C6LUT_SLICEL_I1_O)
                                                      0.030    -0.783 r  u_fpga_platform/u_lsi/clk_cnt[2]_i_1/O
                         net (fo=1, routed)           0.016    -0.767    u_fpga_platform/u_lsi/clk_cnt[2]_i_1_n_0
    SLICE_X96Y157        FDCE                                         r  u_fpga_platform/u_lsi/clk_cnt_reg[2]/D
  -------------------------------------------------------------------    -------------------

                         (clock clk_out3_pll_50m rise edge)
                                                      0.000     0.000 r  
    D24                  IBUFCTRL                     0.000     0.000 r  CLK_IBUF_inst/IBUFCTRL_INST/O
                         net (fo=7, routed)           0.457     0.457    u_fpga_platform/u_pll0/inst/clk_in1
    MMCME3_ADV_X2Y3      MMCME3_ADV (Prop_MMCME3_ADV_CLKIN1_CLKOUT2)
                                                     -3.133    -2.676 r  u_fpga_platform/u_pll0/inst/mmcme3_adv_inst/CLKOUT2
                         net (fo=1, routed)           0.209    -2.467    u_fpga_platform/u_pll0/inst/clk_out3_pll_50m
    BUFGCE_X2Y95         BUFGCE (Prop_BUFCE_BUFGCE_I_O)
                                                      0.031    -2.436 r  u_fpga_platform/u_pll0/inst/clkout3_buf/O
    X4Y2 (CLOCK_ROOT)    net (fo=5, routed)           1.149    -1.287    u_fpga_platform/u_lsi/CLK
    SLICE_X96Y157        FDCE                                         r  u_fpga_platform/u_lsi/clk_cnt_reg[2]/C
                         clock pessimism              0.394    -0.893    
    SLICE_X96Y157        FDCE (Hold_CFF_SLICEL_C_D)
                                                      0.056    -0.837    u_fpga_platform/u_lsi/clk_cnt_reg[2]
  -------------------------------------------------------------------
                         required time                          0.837    
                         arrival time                          -0.767    
  -------------------------------------------------------------------
                         slack                                  0.070    





Pulse Width Checks
--------------------------------------------------------------------------------------
Clock Name:         clk_out3_pll_50m
Waveform(ns):       { 0.000 6.250 }
Period(ns):         12.500
Sources:            { u_fpga_platform/u_pll0/inst/mmcme3_adv_inst/CLKOUT2 }

Check Type        Corner  Lib Pin   Reference Pin  Required(ns)  Actual(ns)  Slack(ns)  Location       Pin
Min Period        n/a     BUFGCE/I  n/a            1.379         12.500      11.121     BUFGCE_X2Y95   u_fpga_platform/u_pll0/inst/clkout3_buf/I
Low Pulse Width   Slow    FDCE/C    n/a            0.275         6.250       5.975      SLICE_X96Y157  u_fpga_platform/u_lsi/clk_cnt_reg[0]/C
High Pulse Width  Slow    FDCE/C    n/a            0.275         6.250       5.975      SLICE_X96Y157  u_fpga_platform/u_lsi/clk_cnt_reg[0]/C



---------------------------------------------------------------------------------------------------
From Clock:  clkfbout_pll_50m
  To Clock:  clkfbout_pll_50m

Setup :           NA  Failing Endpoints,  Worst Slack           NA  ,  Total Violation           NA
Hold  :           NA  Failing Endpoints,  Worst Slack           NA  ,  Total Violation           NA
PW    :            0  Failing Endpoints,  Worst Slack        3.621ns,  Total Violation        0.000ns
---------------------------------------------------------------------------------------------------


Pulse Width Checks
--------------------------------------------------------------------------------------
Clock Name:         clkfbout_pll_50m
Waveform(ns):       { 0.000 2.500 }
Period(ns):         5.000
Sources:            { u_fpga_platform/u_pll0/inst/mmcme3_adv_inst/CLKFBOUT }

Check Type  Corner  Lib Pin   Reference Pin  Required(ns)  Actual(ns)  Slack(ns)  Location      Pin
Min Period  n/a     BUFGCE/I  n/a            1.379         5.000       3.621      BUFGCE_X2Y75  u_fpga_platform/u_pll0/inst/clkf_buf/I



---------------------------------------------------------------------------------------------------
Path Group:  **async_default**
From Clock:  clk_out1_pll_50m
  To Clock:  clk_out1_pll_50m

Setup :            0  Failing Endpoints,  Worst Slack       18.278ns,  Total Violation        0.000ns
Hold  :            0  Failing Endpoints,  Worst Slack        0.164ns,  Total Violation        0.000ns
---------------------------------------------------------------------------------------------------


Max Delay Paths
--------------------------------------------------------------------------------------
Slack (MET) :             18.278ns  (required time - arrival time)
  Source:                 u_fp_domain/u_CORTEXM3INTEGRATION/u_cortexm3ds_logic/Ik2nz6_reg/C
                            (rising edge-triggered cell FDCE clocked by clk_out1_pll_50m  {rise@0.000ns fall@12.500ns period=25.000ns})
  Destination:            u_fp_domain/u_CORTEXM3INTEGRATION/u_cortexm3ds_logic/E58m17_reg/CLR
                            (recovery check against rising-edge clock clk_out1_pll_50m  {rise@0.000ns fall@12.500ns period=25.000ns})
  Path Group:             **async_default**
  Path Type:              Recovery (Max at Slow Process Corner)
  Requirement:            25.000ns  (clk_out1_pll_50m rise@25.000ns - clk_out1_pll_50m rise@0.000ns)
  Data Path Delay:        6.381ns  (logic 0.114ns (1.787%)  route 6.267ns (98.213%))
  Logic Levels:           0  
  Clock Path Skew:        -0.181ns (DCD - SCD + CPR)
    Destination Clock Delay (DCD):    -1.398ns = ( 23.602 - 25.000 ) 
    Source Clock Delay      (SCD):    -1.304ns
    Clock Pessimism Removal (CPR):    -0.087ns
  Clock Uncertainty:      0.078ns  ((TSJ^2 + DJ^2)^1/2) / 2 + PE
    Total System Jitter     (TSJ):    0.071ns
    Discrete Jitter          (DJ):    0.138ns
    Phase Error              (PE):    0.000ns
  Clock Net Delay (Source):      2.452ns (routing 0.988ns, distribution 1.464ns)
  Clock Net Delay (Destination): 2.188ns (routing 0.905ns, distribution 1.283ns)

    Location             Delay type                Incr(ns)  Path(ns)    Netlist Resource(s)
  -------------------------------------------------------------------    -------------------
                         (clock clk_out1_pll_50m rise edge)
                                                      0.000     0.000 r  
    D24                  IBUFCTRL                     0.000     0.000 r  CLK_IBUF_inst/IBUFCTRL_INST/O
                         net (fo=7, routed)           0.865     0.865    u_fpga_platform/u_pll0/inst/clk_in1
    MMCME3_ADV_X2Y3      MMCME3_ADV (Prop_MMCME3_ADV_CLKIN1_CLKOUT0)
                                                     -5.141    -4.276 r  u_fpga_platform/u_pll0/inst/mmcme3_adv_inst/CLKOUT0
                         net (fo=1, routed)           0.437    -3.839    u_fpga_platform/u_pll0/inst/clk_out1_pll_50m
    BUFGCE_X2Y74         BUFGCE (Prop_BUFCE_BUFGCE_I_O)
                                                      0.083    -3.756 r  u_fpga_platform/u_pll0/inst/clkout1_buf/O
    X4Y1 (CLOCK_ROOT)    net (fo=6068, routed)        2.452    -1.304    u_fp_domain/u_CORTEXM3INTEGRATION/u_cortexm3ds_logic/clk_out1
    SLICE_X96Y126        FDCE                                         r  u_fp_domain/u_CORTEXM3INTEGRATION/u_cortexm3ds_logic/Ik2nz6_reg/C
  -------------------------------------------------------------------    -------------------
    SLICE_X96Y126        FDCE (Prop_EFF_SLICEL_C_Q)
                                                      0.114    -1.190 r  u_fp_domain/u_CORTEXM3INTEGRATION/u_cortexm3ds_logic/Ik2nz6_reg/Q
                         net (fo=909, routed)         6.267     5.077    u_fp_domain/u_CORTEXM3INTEGRATION/u_cortexm3ds_logic/Ox9dt6
    SLICE_X96Y195        FDCE                                         f  u_fp_domain/u_CORTEXM3INTEGRATION/u_cortexm3ds_logic/E58m17_reg/CLR  (IS_INVERTED)
  -------------------------------------------------------------------    -------------------

                         (clock clk_out1_pll_50m rise edge)
                                                     25.000    25.000 r  
    D24                  IBUFCTRL                     0.000    25.000 r  CLK_IBUF_inst/IBUFCTRL_INST/O
                         net (fo=7, routed)           0.778    25.778    u_fpga_platform/u_pll0/inst/clk_in1
    MMCME3_ADV_X2Y3      MMCME3_ADV (Prop_MMCME3_ADV_CLKIN1_CLKOUT0)
                                                     -4.811    20.967 r  u_fpga_platform/u_pll0/inst/mmcme3_adv_inst/CLKOUT0
                         net (fo=1, routed)           0.372    21.339    u_fpga_platform/u_pll0/inst/clk_out1_pll_50m
    BUFGCE_X2Y74         BUFGCE (Prop_BUFCE_BUFGCE_I_O)
                                                      0.075    21.414 r  u_fpga_platform/u_pll0/inst/clkout1_buf/O
    X4Y1 (CLOCK_ROOT)    net (fo=6068, routed)        2.188    23.602    u_fp_domain/u_CORTEXM3INTEGRATION/u_cortexm3ds_logic/clk_out1
    SLICE_X96Y195        FDCE                                         r  u_fp_domain/u_CORTEXM3INTEGRATION/u_cortexm3ds_logic/E58m17_reg/C
                         clock pessimism             -0.087    23.515    
                         clock uncertainty           -0.078    23.437    
    SLICE_X96Y195        FDCE (Recov_DFF_SLICEL_C_CLR)
                                                     -0.082    23.355    u_fp_domain/u_CORTEXM3INTEGRATION/u_cortexm3ds_logic/E58m17_reg
  -------------------------------------------------------------------
                         required time                         23.355    
                         arrival time                          -5.077    
  -------------------------------------------------------------------
                         slack                                 18.278    





Min Delay Paths
--------------------------------------------------------------------------------------
Slack (MET) :             0.164ns  (arrival time - required time)
  Source:                 u_fp_domain/u_apb0_sync_top/u_uart0/u_uart_regs_wrap/u_sync_ff_inst0/Y_reg[0]/C
                            (rising edge-triggered cell FDPE clocked by clk_out1_pll_50m  {rise@0.000ns fall@12.500ns period=25.000ns})
  Destination:            u_fp_domain/u_apb0_sync_top/u_uart0/u_uart_data_buffer/u_tx_fifo/fifo_num_reg[0]/CLR
                            (removal check against rising-edge clock clk_out1_pll_50m  {rise@0.000ns fall@12.500ns period=25.000ns})
  Path Group:             **async_default**
  Path Type:              Removal (Min at Fast Process Corner)
  Requirement:            0.000ns  (clk_out1_pll_50m rise@0.000ns - clk_out1_pll_50m rise@0.000ns)
  Data Path Delay:        0.258ns  (logic 0.049ns (18.992%)  route 0.209ns (81.008%))
  Logic Levels:           0  
  Clock Path Skew:        0.089ns (DCD - SCD - CPR)
    Destination Clock Delay (DCD):    -1.208ns
    Source Clock Delay      (SCD):    -0.845ns
    Clock Pessimism Removal (CPR):    -0.452ns
  Clock Net Delay (Source):      1.036ns (routing 0.455ns, distribution 0.581ns)
  Clock Net Delay (Destination): 1.228ns (routing 0.503ns, distribution 0.725ns)

    Location             Delay type                Incr(ns)  Path(ns)    Netlist Resource(s)
  -------------------------------------------------------------------    -------------------
                         (clock clk_out1_pll_50m rise edge)
                                                      0.000     0.000 r  
    D24                  IBUFCTRL                     0.000     0.000 r  CLK_IBUF_inst/IBUFCTRL_INST/O
                         net (fo=7, routed)           0.405     0.405    u_fpga_platform/u_pll0/inst/clk_in1
    MMCME3_ADV_X2Y3      MMCME3_ADV (Prop_MMCME3_ADV_CLKIN1_CLKOUT0)
                                                     -2.480    -2.075 r  u_fpga_platform/u_pll0/inst/mmcme3_adv_inst/CLKOUT0
                         net (fo=1, routed)           0.167    -1.908    u_fpga_platform/u_pll0/inst/clk_out1_pll_50m
    BUFGCE_X2Y74         BUFGCE (Prop_BUFCE_BUFGCE_I_O)
                                                      0.027    -1.881 r  u_fpga_platform/u_pll0/inst/clkout1_buf/O
    X4Y1 (CLOCK_ROOT)    net (fo=6068, routed)        1.036    -0.845    u_fp_domain/u_apb0_sync_top/u_uart0/u_uart_regs_wrap/u_sync_ff_inst0/clk_out1
    SLICE_X99Y108        FDPE                                         r  u_fp_domain/u_apb0_sync_top/u_uart0/u_uart_regs_wrap/u_sync_ff_inst0/Y_reg[0]/C
  -------------------------------------------------------------------    -------------------
    SLICE_X99Y108        FDPE (Prop_DFF2_SLICEL_C_Q)
                                                      0.049    -0.796 f  u_fp_domain/u_apb0_sync_top/u_uart0/u_uart_regs_wrap/u_sync_ff_inst0/Y_reg[0]/Q
                         net (fo=173, routed)         0.209    -0.587    u_fp_domain/u_apb0_sync_top/u_uart0/u_uart_data_buffer/u_tx_fifo/r_tx_fifo_clear
    SLICE_X98Y107        FDCE                                         f  u_fp_domain/u_apb0_sync_top/u_uart0/u_uart_data_buffer/u_tx_fifo/fifo_num_reg[0]/CLR
  -------------------------------------------------------------------    -------------------

                         (clock clk_out1_pll_50m rise edge)
                                                      0.000     0.000 r  
    D24                  IBUFCTRL                     0.000     0.000 r  CLK_IBUF_inst/IBUFCTRL_INST/O
                         net (fo=7, routed)           0.457     0.457    u_fpga_platform/u_pll0/inst/clk_in1
    MMCME3_ADV_X2Y3      MMCME3_ADV (Prop_MMCME3_ADV_CLKIN1_CLKOUT0)
                                                     -3.133    -2.676 r  u_fpga_platform/u_pll0/inst/mmcme3_adv_inst/CLKOUT0
                         net (fo=1, routed)           0.209    -2.467    u_fpga_platform/u_pll0/inst/clk_out1_pll_50m
    BUFGCE_X2Y74         BUFGCE (Prop_BUFCE_BUFGCE_I_O)
                                                      0.031    -2.436 r  u_fpga_platform/u_pll0/inst/clkout1_buf/O
    X4Y1 (CLOCK_ROOT)    net (fo=6068, routed)        1.228    -1.208    u_fp_domain/u_apb0_sync_top/u_uart0/u_uart_data_buffer/u_tx_fifo/clk_out1
    SLICE_X98Y107        FDCE                                         r  u_fp_domain/u_apb0_sync_top/u_uart0/u_uart_data_buffer/u_tx_fifo/fifo_num_reg[0]/C
                         clock pessimism              0.452    -0.756    
    SLICE_X98Y107        FDCE (Remov_EFF_SLICEL_C_CLR)
                                                      0.005    -0.751    u_fp_domain/u_apb0_sync_top/u_uart0/u_uart_data_buffer/u_tx_fifo/fifo_num_reg[0]
  -------------------------------------------------------------------
                         required time                          0.751    
                         arrival time                          -0.587    
  -------------------------------------------------------------------
                         slack                                  0.164    





---------------------------------------------------------------------------------------------------
Path Group:  **async_default**
From Clock:  jtag_tck
  To Clock:  jtag_tck

Setup :            0  Failing Endpoints,  Worst Slack       98.852ns,  Total Violation        0.000ns
Hold  :            0  Failing Endpoints,  Worst Slack        0.144ns,  Total Violation        0.000ns
---------------------------------------------------------------------------------------------------


Max Delay Paths
--------------------------------------------------------------------------------------
Slack (MET) :             98.852ns  (required time - arrival time)
  Source:                 u_fp_domain/u_CORTEXM3INTEGRATION/u_cortexm3ds_logic/Ym2nz6_reg/C
                            (rising edge-triggered cell FDCE clocked by jtag_tck  {rise@0.000ns fall@100.000ns period=200.000ns})
  Destination:            u_fp_domain/u_CORTEXM3INTEGRATION/u_cortexm3ds_logic/Zry917_reg/CLR
                            (recovery check against rising-edge clock jtag_tck  {rise@0.000ns fall@100.000ns period=200.000ns})
  Path Group:             **async_default**
  Path Type:              Recovery (Max at Slow Process Corner)
  Requirement:            100.000ns  (jtag_tck fall@100.000ns - jtag_tck rise@0.000ns)
  Data Path Delay:        0.904ns  (logic 0.116ns (12.832%)  route 0.788ns (87.168%))
  Logic Levels:           0  
  Clock Path Skew:        -0.127ns (DCD - SCD + CPR)
    Destination Clock Delay (DCD):    8.451ns = ( 108.451 - 100.000 ) 
    Source Clock Delay      (SCD):    10.188ns
    Clock Pessimism Removal (CPR):    1.610ns
  Clock Uncertainty:      0.035ns  ((TSJ^2 + TIJ^2)^1/2 + DJ) / 2 + PE
    Total System Jitter     (TSJ):    0.071ns
    Total Input Jitter      (TIJ):    0.000ns
    Discrete Jitter          (DJ):    0.000ns
    Phase Error              (PE):    0.000ns
  Clock Net Delay (Source):      3.046ns (routing 1.779ns, distribution 1.267ns)
  Clock Net Delay (Destination): 2.729ns (routing 1.632ns, distribution 1.097ns)

    Location             Delay type                Incr(ns)  Path(ns)    Netlist Resource(s)
  -------------------------------------------------------------------    -------------------
                         (clock jtag_tck rise edge)
                                                      0.000     0.000 r  
    AH12                                              0.000     0.000 r  TCK (IN)
                         net (fo=0)                   0.000     0.000    TCK_IBUF_inst/I
    AH12                 INBUF (Prop_INBUF_HRIO_PAD_O)
                                                      0.927     0.927 r  TCK_IBUF_inst/INBUF_INST/O
                         net (fo=1, routed)           0.092     1.019    TCK_IBUF_inst/OUT
    AH12                 IBUFCTRL (Prop_IBUFCTRL_HRIO_I_O)
                                                      0.043     1.062 r  TCK_IBUF_inst/IBUFCTRL_INST/O
                         net (fo=1, routed)           5.997     7.059    TCK_IBUF
    BUFGCE_X1Y96         BUFGCE (Prop_BUFCE_BUFGCE_I_O)
                                                      0.083     7.142 r  TCK_IBUF_BUFG_inst/O
    X4Y1 (CLOCK_ROOT)    net (fo=327, routed)         3.046    10.188    u_fp_domain/u_CORTEXM3INTEGRATION/u_cortexm3ds_logic/TCK_IBUF_BUFG
    SLICE_X97Y84         FDCE                                         r  u_fp_domain/u_CORTEXM3INTEGRATION/u_cortexm3ds_logic/Ym2nz6_reg/C
  -------------------------------------------------------------------    -------------------
    SLICE_X97Y84         FDCE (Prop_EFF2_SLICEM_C_Q)
                                                      0.116    10.304 r  u_fp_domain/u_CORTEXM3INTEGRATION/u_cortexm3ds_logic/Ym2nz6_reg/Q
                         net (fo=281, routed)         0.788    11.092    u_fp_domain/u_CORTEXM3INTEGRATION/u_cortexm3ds_logic/Sz9dt6
    SLICE_X101Y89        FDCE                                         f  u_fp_domain/u_CORTEXM3INTEGRATION/u_cortexm3ds_logic/Zry917_reg/CLR  (IS_INVERTED)
  -------------------------------------------------------------------    -------------------

                         (clock jtag_tck fall edge)
                                                    100.000   100.000 f  
    AH12                                              0.000   100.000 f  TCK (IN)
                         net (fo=0)                   0.000   100.000    TCK_IBUF_inst/I
    AH12                 INBUF (Prop_INBUF_HRIO_PAD_O)
                                                      0.660   100.660 f  TCK_IBUF_inst/INBUF_INST/O
                         net (fo=1, routed)           0.059   100.719    TCK_IBUF_inst/OUT
    AH12                 IBUFCTRL (Prop_IBUFCTRL_HRIO_I_O)
                                                      0.032   100.751 f  TCK_IBUF_inst/IBUFCTRL_INST/O
                         net (fo=1, routed)           4.896   105.647    TCK_IBUF
    BUFGCE_X1Y96         BUFGCE (Prop_BUFCE_BUFGCE_I_O)
                                                      0.075   105.722 f  TCK_IBUF_BUFG_inst/O
    X4Y1 (CLOCK_ROOT)    net (fo=327, routed)         2.729   108.451    u_fp_domain/u_CORTEXM3INTEGRATION/u_cortexm3ds_logic/C3a7z6
    SLICE_X101Y89        FDCE                                         r  u_fp_domain/u_CORTEXM3INTEGRATION/u_cortexm3ds_logic/Zry917_reg/C  (IS_INVERTED)
                         clock pessimism              1.610   110.061    
                         clock uncertainty           -0.035   110.026    
    SLICE_X101Y89        FDCE (Recov_BFF2_SLICEM_C_CLR)
                                                     -0.082   109.944    u_fp_domain/u_CORTEXM3INTEGRATION/u_cortexm3ds_logic/Zry917_reg
  -------------------------------------------------------------------
                         required time                        109.944    
                         arrival time                         -11.092    
  -------------------------------------------------------------------
                         slack                                 98.852    





Min Delay Paths
--------------------------------------------------------------------------------------
Slack (MET) :             0.144ns  (arrival time - required time)
  Source:                 u_fp_domain/u_CORTEXM3INTEGRATION/u_cortexm3ds_logic/Ym2nz6_reg/C
                            (rising edge-triggered cell FDCE clocked by jtag_tck  {rise@0.000ns fall@100.000ns period=200.000ns})
  Destination:            u_fp_domain/u_CORTEXM3INTEGRATION/u_cortexm3ds_logic/Fmdoz6_reg/CLR
                            (removal check against rising-edge clock jtag_tck  {rise@0.000ns fall@100.000ns period=200.000ns})
  Path Group:             **async_default**
  Path Type:              Removal (Min at Fast Process Corner)
  Requirement:            0.000ns  (jtag_tck rise@0.000ns - jtag_tck rise@0.000ns)
  Data Path Delay:        0.186ns  (logic 0.048ns (25.806%)  route 0.138ns (74.194%))
  Logic Levels:           0  
  Clock Path Skew:        0.037ns (DCD - SCD - CPR)
    Destination Clock Delay (DCD):    6.540ns
    Source Clock Delay      (SCD):    4.939ns
    Clock Pessimism Removal (CPR):    1.564ns
  Clock Net Delay (Source):      1.391ns (routing 0.886ns, distribution 0.505ns)
  Clock Net Delay (Destination): 1.616ns (routing 0.988ns, distribution 0.628ns)

    Location             Delay type                Incr(ns)  Path(ns)    Netlist Resource(s)
  -------------------------------------------------------------------    -------------------
                         (clock jtag_tck rise edge)
                                                      0.000     0.000 r  
    AH12                                              0.000     0.000 r  TCK (IN)
                         net (fo=0)                   0.000     0.000    TCK_IBUF_inst/I
    AH12                 INBUF (Prop_INBUF_HRIO_PAD_O)
                                                      0.567     0.567 r  TCK_IBUF_inst/INBUF_INST/O
                         net (fo=1, routed)           0.025     0.592    TCK_IBUF_inst/OUT
    AH12                 IBUFCTRL (Prop_IBUFCTRL_HRIO_I_O)
                                                      0.015     0.607 r  TCK_IBUF_inst/IBUFCTRL_INST/O
                         net (fo=1, routed)           2.914     3.521    TCK_IBUF
    BUFGCE_X1Y96         BUFGCE (Prop_BUFCE_BUFGCE_I_O)
                                                      0.027     3.548 r  TCK_IBUF_BUFG_inst/O
    X4Y1 (CLOCK_ROOT)    net (fo=327, routed)         1.391     4.939    u_fp_domain/u_CORTEXM3INTEGRATION/u_cortexm3ds_logic/TCK_IBUF_BUFG
    SLICE_X97Y84         FDCE                                         r  u_fp_domain/u_CORTEXM3INTEGRATION/u_cortexm3ds_logic/Ym2nz6_reg/C
  -------------------------------------------------------------------    -------------------
    SLICE_X97Y84         FDCE (Prop_EFF2_SLICEM_C_Q)
                                                      0.048     4.987 r  u_fp_domain/u_CORTEXM3INTEGRATION/u_cortexm3ds_logic/Ym2nz6_reg/Q
                         net (fo=281, routed)         0.138     5.125    u_fp_domain/u_CORTEXM3INTEGRATION/u_cortexm3ds_logic/Sz9dt6
    SLICE_X97Y84         FDCE                                         f  u_fp_domain/u_CORTEXM3INTEGRATION/u_cortexm3ds_logic/Fmdoz6_reg/CLR  (IS_INVERTED)
  -------------------------------------------------------------------    -------------------

                         (clock jtag_tck rise edge)
                                                      0.000     0.000 r  
    AH12                                              0.000     0.000 r  TCK (IN)
                         net (fo=0)                   0.000     0.000    TCK_IBUF_inst/I
    AH12                 INBUF (Prop_INBUF_HRIO_PAD_O)
                                                      0.943     0.943 r  TCK_IBUF_inst/INBUF_INST/O
                         net (fo=1, routed)           0.042     0.985    TCK_IBUF_inst/OUT
    AH12                 IBUFCTRL (Prop_IBUFCTRL_HRIO_I_O)
                                                      0.022     1.007 r  TCK_IBUF_inst/IBUFCTRL_INST/O
                         net (fo=1, routed)           3.886     4.893    TCK_IBUF
    BUFGCE_X1Y96         BUFGCE (Prop_BUFCE_BUFGCE_I_O)
                                                      0.031     4.924 r  TCK_IBUF_BUFG_inst/O
    X4Y1 (CLOCK_ROOT)    net (fo=327, routed)         1.616     6.540    u_fp_domain/u_CORTEXM3INTEGRATION/u_cortexm3ds_logic/TCK_IBUF_BUFG
    SLICE_X97Y84         FDCE                                         r  u_fp_domain/u_CORTEXM3INTEGRATION/u_cortexm3ds_logic/Fmdoz6_reg/C
                         clock pessimism             -1.564     4.976    
    SLICE_X97Y84         FDCE (Remov_DFF_SLICEM_C_CLR)
                                                      0.005     4.981    u_fp_domain/u_CORTEXM3INTEGRATION/u_cortexm3ds_logic/Fmdoz6_reg
  -------------------------------------------------------------------
                         required time                         -4.981    
                         arrival time                           5.125    
  -------------------------------------------------------------------
                         slack                                  0.144    





