
/home/jdeng/work/caliptra-sw1-C/rom/dev/caliptraRomC/output/caliptraROMC.elf：     文件格式 elf32-littleriscv


Disassembly of section .text.init:

00000000 <_start>:
   0:	b0201073          	csrw	minstret,zero
   4:	b8201073          	csrw	minstreth,zero
   8:	aaaaa2b7          	lui	t0,0xaaaaa
   c:	0a928293          	add	t0,t0,169 # aaaaa0a9 <_tbs_der_store_end+0x5aa8b089>
  10:	7c029073          	csrw	milm_ctl,t0
  14:	4291                	li	t0,4
  16:	0000100f          	fence.i
  1a:	7f929073          	csrw	mattri2_base,t0
  1e:	0000100f          	fence.i
  22:	00004297          	auipc	t0,0x4
  26:	ec228293          	add	t0,t0,-318 # 3ee4 <early_trap_vector>
  2a:	30529073          	csrw	mtvec,t0
  2e:	00004297          	auipc	t0,0x4
  32:	1d628293          	add	t0,t0,470 # 4204 <_data_lma_start>
  36:	00005317          	auipc	t1,0x5
  3a:	43e30313          	add	t1,t1,1086 # 5474 <_bss_lma_end>
  3e:	50010397          	auipc	t2,0x50010
  42:	fc238393          	add	t2,t2,-62 # 50010000 <SOC_expected_digest>

00000046 <data_cp_loop>:
  46:	0002ae03          	lw	t3,0(t0)
  4a:	01c3a023          	sw	t3,0(t2)
  4e:	0291                	add	t0,t0,4
  50:	0391                	add	t2,t2,4
  52:	fe62eae3          	bltu	t0,t1,46 <data_cp_loop>
  56:	00005297          	auipc	t0,0x5
  5a:	41e28293          	add	t0,t0,1054 # 5474 <_bss_lma_end>
  5e:	00005317          	auipc	t1,0x5
  62:	41630313          	add	t1,t1,1046 # 5474 <_bss_lma_end>
  66:	50011397          	auipc	t2,0x50011
  6a:	20a38393          	add	t2,t2,522 # 50011270 <SOC_FW_data>

0000006e <bss_cp_loop>:
  6e:	0002ae03          	lw	t3,0(t0)
  72:	01c3a023          	sw	t3,0(t2)
  76:	0291                	add	t0,t0,4
  78:	0391                	add	t2,t2,4
  7a:	fe62eae3          	bltu	t0,t1,6e <bss_cp_loop>
  7e:	5001c117          	auipc	sp,0x5001c
  82:	3f210113          	add	sp,sp,1010 # 5001c470 <STACK>
  86:	25d030ef          	jal	3ae2 <main>

0000008a <_finish>:
  8a:	300302b7          	lui	t0,0x30030
  8e:	0cc28293          	add	t0,t0,204 # 300300cc <_bss_lma_end+0x3002ac58>
  92:	0ff00f13          	li	t5,255
  96:	01e28023          	sb	t5,0(t0)
  9a:	fe0008e3          	beqz	zero,8a <_finish>
  9e:	0001                	nop
  a0:	0001                	nop
  a2:	0001                	nop
  a4:	0001                	nop
  a6:	0001                	nop
  a8:	0001                	nop
  aa:	0001                	nop
  ac:	0001                	nop
  ae:	0001                	nop
  b0:	0001                	nop
  b2:	0001                	nop
  b4:	0001                	nop
  b6:	0001                	nop
  b8:	0001                	nop
  ba:	0001                	nop
  bc:	0001                	nop
  be:	0001                	nop
  c0:	0001                	nop
  c2:	0001                	nop
  c4:	0001                	nop
  c6:	0001                	nop
  c8:	0001                	nop
  ca:	0001                	nop
  cc:	0001                	nop
  ce:	0001                	nop
  d0:	0001                	nop
  d2:	0001                	nop
  d4:	0001                	nop
  d6:	0001                	nop
  d8:	0001                	nop
  da:	0001                	nop
  dc:	0001                	nop
  de:	0001                	nop
  e0:	0001                	nop
  e2:	0001                	nop
  e4:	0001                	nop
  e6:	0001                	nop
  e8:	0001                	nop
  ea:	0001                	nop
  ec:	0001                	nop
  ee:	0001                	nop
  f0:	0001                	nop
  f2:	0001                	nop
  f4:	0001                	nop
  f6:	0001                	nop
  f8:	0001                	nop
  fa:	0001                	nop
  fc:	0001                	nop
  fe:	0001                	nop
 100:	0001                	nop
 102:	0001                	nop
 104:	0001                	nop
 106:	0001                	nop
 108:	0001                	nop
 10a:	0001                	nop
 10c:	0001                	nop
 10e:	0001                	nop
 110:	0001                	nop
 112:	0001                	nop
 114:	0001                	nop
 116:	0001                	nop
 118:	0001                	nop
 11a:	0001                	nop
 11c:	0001                	nop
 11e:	0001                	nop
 120:	0001                	nop
 122:	0001                	nop
 124:	0001                	nop
 126:	0001                	nop
 128:	0001                	nop
 12a:	0001                	nop
 12c:	0001                	nop
 12e:	0001                	nop
 130:	0001                	nop
 132:	0001                	nop
 134:	0001                	nop
 136:	0001                	nop
 138:	0001                	nop
 13a:	0001                	nop
 13c:	0001                	nop
 13e:	0001                	nop
 140:	0001                	nop
 142:	0001                	nop
 144:	0001                	nop
 146:	0001                	nop
 148:	0001                	nop
 14a:	0001                	nop
 14c:	0001                	nop
 14e:	0001                	nop
 150:	0001                	nop
 152:	0001                	nop
 154:	0001                	nop
 156:	0001                	nop
 158:	0001                	nop
 15a:	0001                	nop
 15c:	0001                	nop
 15e:	0001                	nop
 160:	0001                	nop
 162:	0001                	nop
 164:	0001                	nop

Disassembly of section .text:

00000168 <store_to_datavault>:
     168:	1101                	add	sp,sp,-32
     16a:	040077b7          	lui	a5,0x4007
     16e:	c64e                	sw	s3,12(sp)
     170:	c256                	sw	s5,4(sp)
     172:	08278793          	add	a5,a5,130 # 4007082 <_bss_lma_end+0x4001c0e>
     176:	8aaa                	mv	s5,a0
     178:	89ae                	mv	s3,a1
     17a:	50010537          	lui	a0,0x50010
     17e:	500105b7          	lui	a1,0x50010
     182:	ca26                	sw	s1,20(sp)
     184:	c452                	sw	s4,8(sp)
     186:	84b2                	mv	s1,a2
     188:	00f60a33          	add	s4,a2,a5
     18c:	25058593          	add	a1,a1,592 # 50010250 <__func__.1>
     190:	97b6                	add	a5,a5,a3
     192:	0d100613          	li	a2,209
     196:	16450513          	add	a0,a0,356 # 50010164 <trap_msg+0x7c>
     19a:	cc22                	sw	s0,24(sp)
     19c:	c84a                	sw	s2,16(sp)
     19e:	00279413          	sll	s0,a5,0x2
     1a2:	ce06                	sw	ra,28(sp)
     1a4:	8936                	mv	s2,a3
     1a6:	6e5000ef          	jal	108a <printf>
     1aa:	47a5                	li	a5,9
     1ac:	0097e463          	bltu	a5,s1,1b4 <store_to_datavault+0x4c>
     1b0:	0327f263          	bgeu	a5,s2,1d4 <store_to_datavault+0x6c>
     1b4:	50010537          	lui	a0,0x50010
     1b8:	17850513          	add	a0,a0,376 # 50010178 <trap_msg+0x90>
     1bc:	6cd000ef          	jal	1088 <puts>
     1c0:	557d                	li	a0,-1
     1c2:	40f2                	lw	ra,28(sp)
     1c4:	4462                	lw	s0,24(sp)
     1c6:	44d2                	lw	s1,20(sp)
     1c8:	4942                	lw	s2,16(sp)
     1ca:	49b2                	lw	s3,12(sp)
     1cc:	4a22                	lw	s4,8(sp)
     1ce:	4a92                	lw	s5,4(sp)
     1d0:	6105                	add	sp,sp,32
     1d2:	8082                	ret
     1d4:	03000713          	li	a4,48
     1d8:	02e486b3          	mul	a3,s1,a4
     1dc:	1001c7b7          	lui	a5,0x1001c
     1e0:	23078793          	add	a5,a5,560 # 1001c230 <_bss_lma_end+0x10016dbc>
     1e4:	0a0a                	sll	s4,s4,0x2
     1e6:	96be                	add	a3,a3,a5
     1e8:	4781                	li	a5,0
     1ea:	00fa85b3          	add	a1,s5,a5
     1ee:	00f68633          	add	a2,a3,a5
     1f2:	418c                	lw	a1,0(a1)
     1f4:	c20c                	sw	a1,0(a2)
     1f6:	0791                	add	a5,a5,4
     1f8:	fee799e3          	bne	a5,a4,1ea <store_to_datavault+0x82>
     1fc:	0220000f          	fence	r,r
     200:	0220000f          	fence	r,r
     204:	02f907b3          	mul	a5,s2,a5
     208:	4705                	li	a4,1
     20a:	00ea2023          	sw	a4,0(s4)
     20e:	1001c737          	lui	a4,0x1001c
     212:	23070713          	add	a4,a4,560 # 1001c230 <_bss_lma_end+0x10016dbc>
     216:	03000693          	li	a3,48
     21a:	97ba                	add	a5,a5,a4
     21c:	4701                	li	a4,0
     21e:	00e985b3          	add	a1,s3,a4
     222:	00e78633          	add	a2,a5,a4
     226:	418c                	lw	a1,0(a1)
     228:	c20c                	sw	a1,0(a2)
     22a:	0711                	add	a4,a4,4
     22c:	fed719e3          	bne	a4,a3,21e <store_to_datavault+0xb6>
     230:	0220000f          	fence	r,r
     234:	0220000f          	fence	r,r
     238:	4785                	li	a5,1
     23a:	50010537          	lui	a0,0x50010
     23e:	c01c                	sw	a5,0(s0)
     240:	864a                	mv	a2,s2
     242:	85a6                	mv	a1,s1
     244:	1a450513          	add	a0,a0,420 # 500101a4 <trap_msg+0xbc>
     248:	643000ef          	jal	108a <printf>
     24c:	4501                	li	a0,0
     24e:	bf95                	j	1c2 <store_to_datavault+0x5a>

00000250 <read_from_datavault>:
     250:	1101                	add	sp,sp,-32
     252:	c84a                	sw	s2,16(sp)
     254:	c64e                	sw	s3,12(sp)
     256:	892e                	mv	s2,a1
     258:	89aa                	mv	s3,a0
     25a:	500105b7          	lui	a1,0x50010
     25e:	50010537          	lui	a0,0x50010
     262:	cc22                	sw	s0,24(sp)
     264:	23c58593          	add	a1,a1,572 # 5001023c <__func__.0>
     268:	8432                	mv	s0,a2
     26a:	16450513          	add	a0,a0,356 # 50010164 <trap_msg+0x7c>
     26e:	0ec00613          	li	a2,236
     272:	ca26                	sw	s1,20(sp)
     274:	ce06                	sw	ra,28(sp)
     276:	84b6                	mv	s1,a3
     278:	613000ef          	jal	108a <printf>
     27c:	47a5                	li	a5,9
     27e:	0087e463          	bltu	a5,s0,286 <read_from_datavault+0x36>
     282:	0297f063          	bgeu	a5,s1,2a2 <read_from_datavault+0x52>
     286:	50010537          	lui	a0,0x50010
     28a:	17850513          	add	a0,a0,376 # 50010178 <trap_msg+0x90>
     28e:	5fb000ef          	jal	1088 <puts>
     292:	557d                	li	a0,-1
     294:	40f2                	lw	ra,28(sp)
     296:	4462                	lw	s0,24(sp)
     298:	44d2                	lw	s1,20(sp)
     29a:	4942                	lw	s2,16(sp)
     29c:	49b2                	lw	s3,12(sp)
     29e:	6105                	add	sp,sp,32
     2a0:	8082                	ret
     2a2:	03000713          	li	a4,48
     2a6:	02e406b3          	mul	a3,s0,a4
     2aa:	1001c7b7          	lui	a5,0x1001c
     2ae:	23078793          	add	a5,a5,560 # 1001c230 <_bss_lma_end+0x10016dbc>
     2b2:	96be                	add	a3,a3,a5
     2b4:	4781                	li	a5,0
     2b6:	00f68633          	add	a2,a3,a5
     2ba:	420c                	lw	a1,0(a2)
     2bc:	00f98633          	add	a2,s3,a5
     2c0:	c20c                	sw	a1,0(a2)
     2c2:	0791                	add	a5,a5,4
     2c4:	fee799e3          	bne	a5,a4,2b6 <read_from_datavault+0x66>
     2c8:	02f487b3          	mul	a5,s1,a5
     2cc:	1001c737          	lui	a4,0x1001c
     2d0:	23070713          	add	a4,a4,560 # 1001c230 <_bss_lma_end+0x10016dbc>
     2d4:	03000693          	li	a3,48
     2d8:	97ba                	add	a5,a5,a4
     2da:	4701                	li	a4,0
     2dc:	00e78633          	add	a2,a5,a4
     2e0:	420c                	lw	a1,0(a2)
     2e2:	00e90633          	add	a2,s2,a4
     2e6:	c20c                	sw	a1,0(a2)
     2e8:	0711                	add	a4,a4,4
     2ea:	fed719e3          	bne	a4,a3,2dc <read_from_datavault+0x8c>
     2ee:	50010537          	lui	a0,0x50010
     2f2:	8626                	mv	a2,s1
     2f4:	85a2                	mv	a1,s0
     2f6:	1f050513          	add	a0,a0,496 # 500101f0 <trap_msg+0x108>
     2fa:	591000ef          	jal	108a <printf>
     2fe:	4501                	li	a0,0
     300:	bf51                	j	294 <read_from_datavault+0x44>

00000302 <ecc_keygen_flow>:
     302:	7179                	add	sp,sp,-48
     304:	ce4e                	sw	s3,28(sp)
     306:	89ba                	mv	s3,a4
     308:	10008737          	lui	a4,0x10008
     30c:	d422                	sw	s0,40(sp)
     30e:	d226                	sw	s1,36(sp)
     310:	d04a                	sw	s2,32(sp)
     312:	cc52                	sw	s4,24(sp)
     314:	ca56                	sw	s5,20(sp)
     316:	d606                	sw	ra,44(sp)
     318:	c85a                	sw	s6,16(sp)
     31a:	c65e                	sw	s7,12(sp)
     31c:	8aaa                	mv	s5,a0
     31e:	8a2e                	mv	s4,a1
     320:	8432                	mv	s0,a2
     322:	8936                	mv	s2,a3
     324:	84be                	mv	s1,a5
     326:	0761                	add	a4,a4,24 # 10008018 <_bss_lma_end+0x10002ba4>
     328:	431c                	lw	a5,0(a4)
     32a:	8b85                	and	a5,a5,1
     32c:	dff5                	beqz	a5,328 <ecc_keygen_flow+0x26>
     32e:	000ac783          	lbu	a5,0(s5)
     332:	50010bb7          	lui	s7,0x50010
     336:	50010b37          	lui	s6,0x50010
     33a:	18078c63          	beqz	a5,4d2 <ecc_keygen_flow+0x1d0>
     33e:	03900613          	li	a2,57
     342:	510b8593          	add	a1,s7,1296 # 50010510 <__func__.0>
     346:	164b0513          	add	a0,s6,356 # 50010164 <trap_msg+0x7c>
     34a:	541000ef          	jal	108a <printf>
     34e:	001ac783          	lbu	a5,1(s5)
     352:	0786                	sll	a5,a5,0x1
     354:	03e7f793          	and	a5,a5,62
     358:	0017e793          	or	a5,a5,1
     35c:	0220000f          	fence	r,r
     360:	0220000f          	fence	r,r
     364:	10008737          	lui	a4,0x10008
     368:	60f72423          	sw	a5,1544(a4) # 10008608 <_bss_lma_end+0x10003194>
     36c:	60c70713          	add	a4,a4,1548
     370:	431c                	lw	a5,0(a4)
     372:	8b89                	and	a5,a5,2
     374:	dff5                	beqz	a5,370 <ecc_keygen_flow+0x6e>
     376:	00094783          	lbu	a5,0(s2)
     37a:	cb85                	beqz	a5,3aa <ecc_keygen_flow+0xa8>
     37c:	04b00613          	li	a2,75
     380:	510b8593          	add	a1,s7,1296
     384:	164b0513          	add	a0,s6,356
     388:	503000ef          	jal	108a <printf>
     38c:	00194783          	lbu	a5,1(s2)
     390:	0786                	sll	a5,a5,0x1
     392:	03e7f793          	and	a5,a5,62
     396:	2017e793          	or	a5,a5,513
     39a:	0220000f          	fence	r,r
     39e:	0220000f          	fence	r,r
     3a2:	10008737          	lui	a4,0x10008
     3a6:	60f72823          	sw	a5,1552(a4) # 10008610 <_bss_lma_end+0x1000319c>
     3aa:	100087b7          	lui	a5,0x10008
     3ae:	efff8637          	lui	a2,0xefff8
     3b2:	10008737          	lui	a4,0x10008
     3b6:	50078793          	add	a5,a5,1280 # 10008500 <_bss_lma_end+0x1000308c>
     3ba:	b0060613          	add	a2,a2,-1280 # efff7b00 <_tbs_der_store_end+0x9ffd8ae0>
     3be:	53070713          	add	a4,a4,1328 # 10008530 <_bss_lma_end+0x100030bc>
     3c2:	85be                	mv	a1,a5
     3c4:	0791                	add	a5,a5,4
     3c6:	00c786b3          	add	a3,a5,a2
     3ca:	96d2                	add	a3,a3,s4
     3cc:	4294                	lw	a3,0(a3)
     3ce:	c194                	sw	a3,0(a1)
     3d0:	fee799e3          	bne	a5,a4,3c2 <ecc_keygen_flow+0xc0>
     3d4:	100087b7          	lui	a5,0x10008
     3d8:	efff8637          	lui	a2,0xefff8
     3dc:	10008737          	lui	a4,0x10008
     3e0:	48078793          	add	a5,a5,1152 # 10008480 <_bss_lma_end+0x1000300c>
     3e4:	b8060613          	add	a2,a2,-1152 # efff7b80 <_tbs_der_store_end+0x9ffd8b60>
     3e8:	4b070713          	add	a4,a4,1200 # 100084b0 <_bss_lma_end+0x1000303c>
     3ec:	85be                	mv	a1,a5
     3ee:	0791                	add	a5,a5,4
     3f0:	00c786b3          	add	a3,a5,a2
     3f4:	96a2                	add	a3,a3,s0
     3f6:	4294                	lw	a3,0(a3)
     3f8:	c194                	sw	a3,0(a1)
     3fa:	fee799e3          	bne	a5,a4,3ec <ecc_keygen_flow+0xea>
     3fe:	50010537          	lui	a0,0x50010
     402:	26450513          	add	a0,a0,612 # 50010264 <__func__.1+0x14>
     406:	483000ef          	jal	1088 <puts>
     40a:	0220000f          	fence	r,r
     40e:	0220000f          	fence	r,r
     412:	100087b7          	lui	a5,0x10008
     416:	4705                	li	a4,1
     418:	cb98                	sw	a4,16(a5)
     41a:	01878713          	add	a4,a5,24 # 10008018 <_bss_lma_end+0x10002ba4>
     41e:	431c                	lw	a5,0(a4)
     420:	8b89                	and	a5,a5,2
     422:	dff5                	beqz	a5,41e <ecc_keygen_flow+0x11c>
     424:	00094783          	lbu	a5,0(s2)
     428:	c3fd                	beqz	a5,50e <ecc_keygen_flow+0x20c>
     42a:	50010537          	lui	a0,0x50010
     42e:	27050513          	add	a0,a0,624 # 50010270 <__func__.1+0x20>
     432:	457000ef          	jal	1088 <puts>
     436:	10008737          	lui	a4,0x10008
     43a:	61470713          	add	a4,a4,1556 # 10008614 <_bss_lma_end+0x100031a0>
     43e:	431c                	lw	a5,0(a4)
     440:	8b89                	and	a5,a5,2
     442:	dff5                	beqz	a5,43e <ecc_keygen_flow+0x13c>
     444:	50010537          	lui	a0,0x50010
     448:	2fc50513          	add	a0,a0,764 # 500102fc <__func__.1+0xac>
     44c:	43d000ef          	jal	1088 <puts>
     450:	0009c783          	lbu	a5,0(s3)
     454:	12078963          	beqz	a5,586 <ecc_keygen_flow+0x284>
     458:	100086b7          	lui	a3,0x10008
     45c:	efff8637          	lui	a2,0xefff8
     460:	100087b7          	lui	a5,0x10008
     464:	20068693          	add	a3,a3,512 # 10008200 <_bss_lma_end+0x10002d8c>
     468:	e0460613          	add	a2,a2,-508 # efff7e04 <_tbs_der_store_end+0x9ffd8de4>
     46c:	23078793          	add	a5,a5,560 # 10008230 <_bss_lma_end+0x10002dbc>
     470:	00c68733          	add	a4,a3,a2
     474:	428c                	lw	a1,0(a3)
     476:	974e                	add	a4,a4,s3
     478:	c30c                	sw	a1,0(a4)
     47a:	0691                	add	a3,a3,4
     47c:	fef69ae3          	bne	a3,a5,470 <ecc_keygen_flow+0x16e>
     480:	50010537          	lui	a0,0x50010
     484:	34850513          	add	a0,a0,840 # 50010348 <__func__.1+0xf8>
     488:	401000ef          	jal	1088 <puts>
     48c:	0004c783          	lbu	a5,0(s1)
     490:	16078163          	beqz	a5,5f2 <ecc_keygen_flow+0x2f0>
     494:	10008737          	lui	a4,0x10008
     498:	efff8637          	lui	a2,0xefff8
     49c:	100087b7          	lui	a5,0x10008
     4a0:	28070713          	add	a4,a4,640 # 10008280 <_bss_lma_end+0x10002e0c>
     4a4:	d8460613          	add	a2,a2,-636 # efff7d84 <_tbs_der_store_end+0x9ffd8d64>
     4a8:	2b078793          	add	a5,a5,688 # 100082b0 <_bss_lma_end+0x10002e3c>
     4ac:	00c706b3          	add	a3,a4,a2
     4b0:	430c                	lw	a1,0(a4)
     4b2:	96a6                	add	a3,a3,s1
     4b4:	c28c                	sw	a1,0(a3)
     4b6:	0711                	add	a4,a4,4
     4b8:	fef71ae3          	bne	a4,a5,4ac <ecc_keygen_flow+0x1aa>
     4bc:	50b2                	lw	ra,44(sp)
     4be:	5422                	lw	s0,40(sp)
     4c0:	5492                	lw	s1,36(sp)
     4c2:	5902                	lw	s2,32(sp)
     4c4:	49f2                	lw	s3,28(sp)
     4c6:	4a62                	lw	s4,24(sp)
     4c8:	4ad2                	lw	s5,20(sp)
     4ca:	4b42                	lw	s6,16(sp)
     4cc:	4bb2                	lw	s7,12(sp)
     4ce:	6145                	add	sp,sp,48
     4d0:	8082                	ret
     4d2:	04200613          	li	a2,66
     4d6:	510b8593          	add	a1,s7,1296
     4da:	164b0513          	add	a0,s6,356
     4de:	3ad000ef          	jal	108a <printf>
     4e2:	100087b7          	lui	a5,0x10008
     4e6:	efff8637          	lui	a2,0xefff8
     4ea:	10008737          	lui	a4,0x10008
     4ee:	08078793          	add	a5,a5,128 # 10008080 <_bss_lma_end+0x10002c0c>
     4f2:	f8060613          	add	a2,a2,-128 # efff7f80 <_tbs_der_store_end+0x9ffd8f60>
     4f6:	0b070713          	add	a4,a4,176 # 100080b0 <_bss_lma_end+0x10002c3c>
     4fa:	85be                	mv	a1,a5
     4fc:	0791                	add	a5,a5,4
     4fe:	00c786b3          	add	a3,a5,a2
     502:	96d6                	add	a3,a3,s5
     504:	4294                	lw	a3,0(a3)
     506:	c194                	sw	a3,0(a1)
     508:	fee799e3          	bne	a5,a4,4fa <ecc_keygen_flow+0x1f8>
     50c:	b5ad                	j	376 <ecc_keygen_flow+0x74>
     50e:	50010537          	lui	a0,0x50010
     512:	28450513          	add	a0,a0,644 # 50010284 <__func__.1+0x34>
     516:	373000ef          	jal	1088 <puts>
     51a:	100087b7          	lui	a5,0x10008
     51e:	efff86b7          	lui	a3,0xefff8
     522:	10008737          	lui	a4,0x10008
     526:	4401                	li	s0,0
     528:	18078793          	add	a5,a5,384 # 10008180 <_bss_lma_end+0x10002d0c>
     52c:	e8468693          	add	a3,a3,-380 # efff7e84 <_tbs_der_store_end+0x9ffd8e64>
     530:	1b070713          	add	a4,a4,432 # 100081b0 <_bss_lma_end+0x10002d3c>
     534:	00d78633          	add	a2,a5,a3
     538:	964a                	add	a2,a2,s2
     53a:	0007aa03          	lw	s4,0(a5)
     53e:	4210                	lw	a2,0(a2)
     540:	02ca0e63          	beq	s4,a2,57c <ecc_keygen_flow+0x27a>
     544:	50010537          	lui	a0,0x50010
     548:	85a2                	mv	a1,s0
     54a:	2a050513          	add	a0,a0,672 # 500102a0 <__func__.1+0x50>
     54e:	33d000ef          	jal	108a <printf>
     552:	50010537          	lui	a0,0x50010
     556:	85d2                	mv	a1,s4
     558:	2cc50513          	add	a0,a0,716 # 500102cc <__func__.1+0x7c>
     55c:	32f000ef          	jal	108a <printf>
     560:	040a                	sll	s0,s0,0x2
     562:	008906b3          	add	a3,s2,s0
     566:	50010537          	lui	a0,0x50010
     56a:	42cc                	lw	a1,4(a3)
     56c:	2e450513          	add	a0,a0,740 # 500102e4 <__func__.1+0x94>
     570:	31b000ef          	jal	108a <printf>
     574:	4505                	li	a0,1
     576:	30d000ef          	jal	1082 <putchar>
     57a:	a001                	j	57a <ecc_keygen_flow+0x278>
     57c:	0791                	add	a5,a5,4
     57e:	0405                	add	s0,s0,1
     580:	fae79ae3          	bne	a5,a4,534 <ecc_keygen_flow+0x232>
     584:	b5c1                	j	444 <ecc_keygen_flow+0x142>
     586:	100086b7          	lui	a3,0x10008
     58a:	efff8737          	lui	a4,0xefff8
     58e:	100087b7          	lui	a5,0x10008
     592:	4401                	li	s0,0
     594:	20068693          	add	a3,a3,512 # 10008200 <_bss_lma_end+0x10002d8c>
     598:	e0470713          	add	a4,a4,-508 # efff7e04 <_tbs_der_store_end+0x9ffd8de4>
     59c:	23078793          	add	a5,a5,560 # 10008230 <_bss_lma_end+0x10002dbc>
     5a0:	00e68633          	add	a2,a3,a4
     5a4:	964e                	add	a2,a2,s3
     5a6:	0006a903          	lw	s2,0(a3)
     5aa:	4210                	lw	a2,0(a2)
     5ac:	02c90e63          	beq	s2,a2,5e8 <ecc_keygen_flow+0x2e6>
     5b0:	50010537          	lui	a0,0x50010
     5b4:	85a2                	mv	a1,s0
     5b6:	31850513          	add	a0,a0,792 # 50010318 <__func__.1+0xc8>
     5ba:	2d1000ef          	jal	108a <printf>
     5be:	50010537          	lui	a0,0x50010
     5c2:	85ca                	mv	a1,s2
     5c4:	2cc50513          	add	a0,a0,716 # 500102cc <__func__.1+0x7c>
     5c8:	2c3000ef          	jal	108a <printf>
     5cc:	040a                	sll	s0,s0,0x2
     5ce:	00898733          	add	a4,s3,s0
     5d2:	50010537          	lui	a0,0x50010
     5d6:	434c                	lw	a1,4(a4)
     5d8:	2e450513          	add	a0,a0,740 # 500102e4 <__func__.1+0x94>
     5dc:	2af000ef          	jal	108a <printf>
     5e0:	4505                	li	a0,1
     5e2:	2a1000ef          	jal	1082 <putchar>
     5e6:	a001                	j	5e6 <ecc_keygen_flow+0x2e4>
     5e8:	0691                	add	a3,a3,4
     5ea:	0405                	add	s0,s0,1
     5ec:	faf69ae3          	bne	a3,a5,5a0 <ecc_keygen_flow+0x29e>
     5f0:	bd41                	j	480 <ecc_keygen_flow+0x17e>
     5f2:	10008737          	lui	a4,0x10008
     5f6:	efff86b7          	lui	a3,0xefff8
     5fa:	100087b7          	lui	a5,0x10008
     5fe:	4401                	li	s0,0
     600:	28070713          	add	a4,a4,640 # 10008280 <_bss_lma_end+0x10002e0c>
     604:	d8468693          	add	a3,a3,-636 # efff7d84 <_tbs_der_store_end+0x9ffd8d64>
     608:	2b078793          	add	a5,a5,688 # 100082b0 <_bss_lma_end+0x10002e3c>
     60c:	00d70633          	add	a2,a4,a3
     610:	9626                	add	a2,a2,s1
     612:	00072903          	lw	s2,0(a4)
     616:	4210                	lw	a2,0(a2)
     618:	02c90e63          	beq	s2,a2,654 <ecc_keygen_flow+0x352>
     61c:	50010537          	lui	a0,0x50010
     620:	85a2                	mv	a1,s0
     622:	36450513          	add	a0,a0,868 # 50010364 <__func__.1+0x114>
     626:	265000ef          	jal	108a <printf>
     62a:	50010537          	lui	a0,0x50010
     62e:	85ca                	mv	a1,s2
     630:	2cc50513          	add	a0,a0,716 # 500102cc <__func__.1+0x7c>
     634:	257000ef          	jal	108a <printf>
     638:	040a                	sll	s0,s0,0x2
     63a:	008487b3          	add	a5,s1,s0
     63e:	50010537          	lui	a0,0x50010
     642:	43cc                	lw	a1,4(a5)
     644:	2e450513          	add	a0,a0,740 # 500102e4 <__func__.1+0x94>
     648:	243000ef          	jal	108a <printf>
     64c:	4505                	li	a0,1
     64e:	235000ef          	jal	1082 <putchar>
     652:	a001                	j	652 <ecc_keygen_flow+0x350>
     654:	0711                	add	a4,a4,4
     656:	0405                	add	s0,s0,1
     658:	faf71ae3          	bne	a4,a5,60c <ecc_keygen_flow+0x30a>
     65c:	b585                	j	4bc <ecc_keygen_flow+0x1ba>

0000065e <ecc_signing_flow>:
     65e:	1101                	add	sp,sp,-32
     660:	ca26                	sw	s1,20(sp)
     662:	84ba                	mv	s1,a4
     664:	10008737          	lui	a4,0x10008
     668:	cc22                	sw	s0,24(sp)
     66a:	c84a                	sw	s2,16(sp)
     66c:	c64e                	sw	s3,12(sp)
     66e:	c452                	sw	s4,8(sp)
     670:	ce06                	sw	ra,28(sp)
     672:	842a                	mv	s0,a0
     674:	8a2e                	mv	s4,a1
     676:	89b2                	mv	s3,a2
     678:	8936                	mv	s2,a3
     67a:	0761                	add	a4,a4,24 # 10008018 <_bss_lma_end+0x10002ba4>
     67c:	431c                	lw	a5,0(a4)
     67e:	8b85                	and	a5,a5,1
     680:	dff5                	beqz	a5,67c <ecc_signing_flow+0x1e>
     682:	100087b7          	lui	a5,0x10008
     686:	00044703          	lbu	a4,0(s0)
     68a:	58078793          	add	a5,a5,1408 # 10008580 <_bss_lma_end+0x1000310c>
     68e:	e31d                	bnez	a4,6b4 <ecc_signing_flow+0x56>
     690:	efff8637          	lui	a2,0xefff8
     694:	10008737          	lui	a4,0x10008
     698:	a8060613          	add	a2,a2,-1408 # efff7a80 <_tbs_der_store_end+0x9ffd8a60>
     69c:	5b070713          	add	a4,a4,1456 # 100085b0 <_bss_lma_end+0x1000313c>
     6a0:	85be                	mv	a1,a5
     6a2:	0791                	add	a5,a5,4
     6a4:	00c786b3          	add	a3,a5,a2
     6a8:	96a2                	add	a3,a3,s0
     6aa:	4294                	lw	a3,0(a3)
     6ac:	c194                	sw	a3,0(a1)
     6ae:	fee799e3          	bne	a5,a4,6a0 <ecc_signing_flow+0x42>
     6b2:	a81d                	j	6e8 <ecc_signing_flow+0x8a>
     6b4:	50010537          	lui	a0,0x50010
     6b8:	39450513          	add	a0,a0,916 # 50010394 <__func__.1+0x144>
     6bc:	1cd000ef          	jal	1088 <puts>
     6c0:	00144783          	lbu	a5,1(s0)
     6c4:	0786                	sll	a5,a5,0x1
     6c6:	03e7f793          	and	a5,a5,62
     6ca:	0017e793          	or	a5,a5,1
     6ce:	0220000f          	fence	r,r
     6d2:	0220000f          	fence	r,r
     6d6:	10008737          	lui	a4,0x10008
     6da:	60f72023          	sw	a5,1536(a4) # 10008600 <_bss_lma_end+0x1000318c>
     6de:	60470713          	add	a4,a4,1540
     6e2:	431c                	lw	a5,0(a4)
     6e4:	8b89                	and	a5,a5,2
     6e6:	dff5                	beqz	a5,6e2 <ecc_signing_flow+0x84>
     6e8:	100087b7          	lui	a5,0x10008
     6ec:	efff8637          	lui	a2,0xefff8
     6f0:	10008737          	lui	a4,0x10008
     6f4:	10078793          	add	a5,a5,256 # 10008100 <_bss_lma_end+0x10002c8c>
     6f8:	f0060613          	add	a2,a2,-256 # efff7f00 <_tbs_der_store_end+0x9ffd8ee0>
     6fc:	13070713          	add	a4,a4,304 # 10008130 <_bss_lma_end+0x10002cbc>
     700:	85be                	mv	a1,a5
     702:	0791                	add	a5,a5,4
     704:	00c786b3          	add	a3,a5,a2
     708:	96d2                	add	a3,a3,s4
     70a:	4294                	lw	a3,0(a3)
     70c:	c194                	sw	a3,0(a1)
     70e:	fee799e3          	bne	a5,a4,700 <ecc_signing_flow+0xa2>
     712:	100087b7          	lui	a5,0x10008
     716:	efff8637          	lui	a2,0xefff8
     71a:	10008737          	lui	a4,0x10008
     71e:	48078793          	add	a5,a5,1152 # 10008480 <_bss_lma_end+0x1000300c>
     722:	b8060613          	add	a2,a2,-1152 # efff7b80 <_tbs_der_store_end+0x9ffd8b60>
     726:	4b070713          	add	a4,a4,1200 # 100084b0 <_bss_lma_end+0x1000303c>
     72a:	85be                	mv	a1,a5
     72c:	0791                	add	a5,a5,4
     72e:	00c786b3          	add	a3,a5,a2
     732:	96ce                	add	a3,a3,s3
     734:	4294                	lw	a3,0(a3)
     736:	c194                	sw	a3,0(a1)
     738:	fee799e3          	bne	a5,a4,72a <ecc_signing_flow+0xcc>
     73c:	50010537          	lui	a0,0x50010
     740:	3b450513          	add	a0,a0,948 # 500103b4 <__func__.1+0x164>
     744:	145000ef          	jal	1088 <puts>
     748:	0220000f          	fence	r,r
     74c:	0220000f          	fence	r,r
     750:	100087b7          	lui	a5,0x10008
     754:	4709                	li	a4,2
     756:	cb98                	sw	a4,16(a5)
     758:	01878713          	add	a4,a5,24 # 10008018 <_bss_lma_end+0x10002ba4>
     75c:	431c                	lw	a5,0(a4)
     75e:	8b89                	and	a5,a5,2
     760:	dff5                	beqz	a5,75c <ecc_signing_flow+0xfe>
     762:	50010537          	lui	a0,0x50010
     766:	3c450513          	add	a0,a0,964 # 500103c4 <__func__.1+0x174>
     76a:	11f000ef          	jal	1088 <puts>
     76e:	00094783          	lbu	a5,0(s2)
     772:	cbb5                	beqz	a5,7e6 <mrac+0x26>
     774:	100087b7          	lui	a5,0x10008
     778:	efff8637          	lui	a2,0xefff8
     77c:	10008737          	lui	a4,0x10008
     780:	30078793          	add	a5,a5,768 # 10008300 <_bss_lma_end+0x10002e8c>
     784:	d0460613          	add	a2,a2,-764 # efff7d04 <_tbs_der_store_end+0x9ffd8ce4>
     788:	33070713          	add	a4,a4,816 # 10008330 <_bss_lma_end+0x10002ebc>
     78c:	00c786b3          	add	a3,a5,a2
     790:	438c                	lw	a1,0(a5)
     792:	96ca                	add	a3,a3,s2
     794:	c28c                	sw	a1,0(a3)
     796:	0791                	add	a5,a5,4
     798:	fee79ae3          	bne	a5,a4,78c <ecc_signing_flow+0x12e>
     79c:	50010537          	lui	a0,0x50010
     7a0:	43c50513          	add	a0,a0,1084 # 5001043c <__func__.1+0x1ec>
     7a4:	0e5000ef          	jal	1088 <puts>
     7a8:	0004c783          	lbu	a5,0(s1)
     7ac:	c3dd                	beqz	a5,852 <mfdc+0x59>
     7ae:	100087b7          	lui	a5,0x10008
     7b2:	efff8637          	lui	a2,0xefff8
     7b6:	10008737          	lui	a4,0x10008
     7ba:	38078793          	add	a5,a5,896 # 10008380 <_bss_lma_end+0x10002f0c>
     7be:	c8460613          	add	a2,a2,-892 # efff7c84 <_tbs_der_store_end+0x9ffd8c64>
     7c2:	3b070713          	add	a4,a4,944 # 100083b0 <_bss_lma_end+0x10002f3c>
     7c6:	00c786b3          	add	a3,a5,a2
     7ca:	438c                	lw	a1,0(a5)
     7cc:	96a6                	add	a3,a3,s1
     7ce:	c28c                	sw	a1,0(a3)
     7d0:	0791                	add	a5,a5,4
     7d2:	fee79ae3          	bne	a5,a4,7c6 <mrac+0x6>
     7d6:	40f2                	lw	ra,28(sp)
     7d8:	4462                	lw	s0,24(sp)
     7da:	44d2                	lw	s1,20(sp)
     7dc:	4942                	lw	s2,16(sp)
     7de:	49b2                	lw	s3,12(sp)
     7e0:	4a22                	lw	s4,8(sp)
     7e2:	6105                	add	sp,sp,32
     7e4:	8082                	ret
     7e6:	100087b7          	lui	a5,0x10008
     7ea:	efff86b7          	lui	a3,0xefff8
     7ee:	10008737          	lui	a4,0x10008
     7f2:	4401                	li	s0,0
     7f4:	30078793          	add	a5,a5,768 # 10008300 <_bss_lma_end+0x10002e8c>
     7f8:	d0468693          	add	a3,a3,-764 # efff7d04 <_tbs_der_store_end+0x9ffd8ce4>
     7fc:	33070713          	add	a4,a4,816 # 10008330 <_bss_lma_end+0x10002ebc>
     800:	00d78633          	add	a2,a5,a3
     804:	964a                	add	a2,a2,s2
     806:	0007a983          	lw	s3,0(a5)
     80a:	4210                	lw	a2,0(a2)
     80c:	02c98e63          	beq	s3,a2,848 <mfdc+0x4f>
     810:	50010537          	lui	a0,0x50010
     814:	85a2                	mv	a1,s0
     816:	3e050513          	add	a0,a0,992 # 500103e0 <__func__.1+0x190>
     81a:	071000ef          	jal	108a <printf>
     81e:	50010537          	lui	a0,0x50010
     822:	85ce                	mv	a1,s3
     824:	40c50513          	add	a0,a0,1036 # 5001040c <__func__.1+0x1bc>
     828:	063000ef          	jal	108a <printf>
     82c:	040a                	sll	s0,s0,0x2
     82e:	008906b3          	add	a3,s2,s0
     832:	50010537          	lui	a0,0x50010
     836:	42cc                	lw	a1,4(a3)
     838:	42450513          	add	a0,a0,1060 # 50010424 <__func__.1+0x1d4>
     83c:	04f000ef          	jal	108a <printf>
     840:	4505                	li	a0,1
     842:	041000ef          	jal	1082 <putchar>
     846:	a001                	j	846 <mfdc+0x4d>
     848:	0791                	add	a5,a5,4
     84a:	0405                	add	s0,s0,1
     84c:	fae79ae3          	bne	a5,a4,800 <mfdc+0x7>
     850:	b7b1                	j	79c <ecc_signing_flow+0x13e>
     852:	100087b7          	lui	a5,0x10008
     856:	efff86b7          	lui	a3,0xefff8
     85a:	10008737          	lui	a4,0x10008
     85e:	4401                	li	s0,0
     860:	38078793          	add	a5,a5,896 # 10008380 <_bss_lma_end+0x10002f0c>
     864:	c8468693          	add	a3,a3,-892 # efff7c84 <_tbs_der_store_end+0x9ffd8c64>
     868:	3b070713          	add	a4,a4,944 # 100083b0 <_bss_lma_end+0x10002f3c>
     86c:	00d78633          	add	a2,a5,a3
     870:	9626                	add	a2,a2,s1
     872:	0007a903          	lw	s2,0(a5)
     876:	4210                	lw	a2,0(a2)
     878:	02c90e63          	beq	s2,a2,8b4 <mfdc+0xbb>
     87c:	50010537          	lui	a0,0x50010
     880:	85a2                	mv	a1,s0
     882:	45850513          	add	a0,a0,1112 # 50010458 <__func__.1+0x208>
     886:	005000ef          	jal	108a <printf>
     88a:	50010537          	lui	a0,0x50010
     88e:	85ca                	mv	a1,s2
     890:	2cc50513          	add	a0,a0,716 # 500102cc <__func__.1+0x7c>
     894:	7f6000ef          	jal	108a <printf>
     898:	040a                	sll	s0,s0,0x2
     89a:	00848733          	add	a4,s1,s0
     89e:	50010537          	lui	a0,0x50010
     8a2:	434c                	lw	a1,4(a4)
     8a4:	2e450513          	add	a0,a0,740 # 500102e4 <__func__.1+0x94>
     8a8:	7e2000ef          	jal	108a <printf>
     8ac:	4505                	li	a0,1
     8ae:	7d4000ef          	jal	1082 <putchar>
     8b2:	a001                	j	8b2 <mfdc+0xb9>
     8b4:	0791                	add	a5,a5,4
     8b6:	0405                	add	s0,s0,1
     8b8:	fae79ae3          	bne	a5,a4,86c <mfdc+0x73>
     8bc:	bf29                	j	7d6 <mrac+0x16>

000008be <ecc_verifying_flow>:
     8be:	1141                	add	sp,sp,-16
     8c0:	c422                	sw	s0,8(sp)
     8c2:	8436                	mv	s0,a3
     8c4:	100086b7          	lui	a3,0x10008
     8c8:	c606                	sw	ra,12(sp)
     8ca:	c226                	sw	s1,4(sp)
     8cc:	c04a                	sw	s2,0(sp)
     8ce:	06e1                	add	a3,a3,24 # 10008018 <_bss_lma_end+0x10002ba4>
     8d0:	429c                	lw	a5,0(a3)
     8d2:	8b85                	and	a5,a5,1
     8d4:	dff5                	beqz	a5,8d0 <ecc_verifying_flow+0x12>
     8d6:	100087b7          	lui	a5,0x10008
     8da:	100086b7          	lui	a3,0x10008
     8de:	10078793          	add	a5,a5,256 # 10008100 <_bss_lma_end+0x10002c8c>
     8e2:	13068693          	add	a3,a3,304 # 10008130 <_bss_lma_end+0x10002cbc>
     8e6:	883e                	mv	a6,a5
     8e8:	00452883          	lw	a7,4(a0)
     8ec:	0791                	add	a5,a5,4
     8ee:	01182023          	sw	a7,0(a6)
     8f2:	0511                	add	a0,a0,4
     8f4:	fed799e3          	bne	a5,a3,8e6 <ecc_verifying_flow+0x28>
     8f8:	100087b7          	lui	a5,0x10008
     8fc:	100086b7          	lui	a3,0x10008
     900:	20078793          	add	a5,a5,512 # 10008200 <_bss_lma_end+0x10002d8c>
     904:	23068693          	add	a3,a3,560 # 10008230 <_bss_lma_end+0x10002dbc>
     908:	853e                	mv	a0,a5
     90a:	0045a803          	lw	a6,4(a1)
     90e:	0791                	add	a5,a5,4
     910:	01052023          	sw	a6,0(a0)
     914:	0591                	add	a1,a1,4
     916:	fed799e3          	bne	a5,a3,908 <ecc_verifying_flow+0x4a>
     91a:	100087b7          	lui	a5,0x10008
     91e:	100086b7          	lui	a3,0x10008
     922:	28078793          	add	a5,a5,640 # 10008280 <_bss_lma_end+0x10002e0c>
     926:	2b068693          	add	a3,a3,688 # 100082b0 <_bss_lma_end+0x10002e3c>
     92a:	85be                	mv	a1,a5
     92c:	4248                	lw	a0,4(a2)
     92e:	0791                	add	a5,a5,4
     930:	c188                	sw	a0,0(a1)
     932:	0611                	add	a2,a2,4
     934:	fed79be3          	bne	a5,a3,92a <ecc_verifying_flow+0x6c>
     938:	100087b7          	lui	a5,0x10008
     93c:	100086b7          	lui	a3,0x10008
     940:	8622                	mv	a2,s0
     942:	30078793          	add	a5,a5,768 # 10008300 <_bss_lma_end+0x10002e8c>
     946:	33068693          	add	a3,a3,816 # 10008330 <_bss_lma_end+0x10002ebc>
     94a:	85be                	mv	a1,a5
     94c:	4248                	lw	a0,4(a2)
     94e:	0791                	add	a5,a5,4
     950:	c188                	sw	a0,0(a1)
     952:	0611                	add	a2,a2,4
     954:	fed79be3          	bne	a5,a3,94a <ecc_verifying_flow+0x8c>
     958:	100087b7          	lui	a5,0x10008
     95c:	100086b7          	lui	a3,0x10008
     960:	38078793          	add	a5,a5,896 # 10008380 <_bss_lma_end+0x10002f0c>
     964:	3b068693          	add	a3,a3,944 # 100083b0 <_bss_lma_end+0x10002f3c>
     968:	863e                	mv	a2,a5
     96a:	434c                	lw	a1,4(a4)
     96c:	0791                	add	a5,a5,4
     96e:	c20c                	sw	a1,0(a2)
     970:	0711                	add	a4,a4,4
     972:	fed79be3          	bne	a5,a3,968 <ecc_verifying_flow+0xaa>
     976:	50010537          	lui	a0,0x50010
     97a:	48450513          	add	a0,a0,1156 # 50010484 <__func__.1+0x234>
     97e:	2729                	jal	1088 <puts>
     980:	0220000f          	fence	r,r
     984:	0220000f          	fence	r,r
     988:	100087b7          	lui	a5,0x10008
     98c:	470d                	li	a4,3
     98e:	cb98                	sw	a4,16(a5)
     990:	00062837          	lui	a6,0x62
     994:	30030737          	lui	a4,0x30030
     998:	300308b7          	lui	a7,0x30030
     99c:	3e900513          	li	a0,1001
     9a0:	01878593          	add	a1,a5,24 # 10008018 <_bss_lma_end+0x10002ba4>
     9a4:	64070713          	add	a4,a4,1600 # 30030640 <_bss_lma_end+0x3002b1cc>
     9a8:	a8080813          	add	a6,a6,-1408 # 61a80 <_bss_lma_end+0x5c60c>
     9ac:	64888893          	add	a7,a7,1608 # 30030648 <_bss_lma_end+0x3002b1d4>
     9b0:	419c                	lw	a5,0(a1)
     9b2:	8b89                	and	a5,a5,2
     9b4:	cfb1                	beqz	a5,a10 <ecc_verifying_flow+0x152>
     9b6:	50010537          	lui	a0,0x50010
     9ba:	49450513          	add	a0,a0,1172 # 50010494 <__func__.1+0x244>
     9be:	25e9                	jal	1088 <puts>
     9c0:	100087b7          	lui	a5,0x10008
     9c4:	4581                	li	a1,0
     9c6:	40078793          	add	a5,a5,1024 # 10008400 <_bss_lma_end+0x10002f8c>
     9ca:	46b1                	li	a3,12
     9cc:	00259713          	sll	a4,a1,0x2
     9d0:	973e                	add	a4,a4,a5
     9d2:	00072903          	lw	s2,0(a4)
     9d6:	4044                	lw	s1,4(s0)
     9d8:	06990763          	beq	s2,s1,a46 <ecc_verifying_flow+0x188>
     9dc:	50010537          	lui	a0,0x50010
     9e0:	4b050513          	add	a0,a0,1200 # 500104b0 <__func__.1+0x260>
     9e4:	255d                	jal	108a <printf>
     9e6:	50010537          	lui	a0,0x50010
     9ea:	85ca                	mv	a1,s2
     9ec:	4e050513          	add	a0,a0,1248 # 500104e0 <__func__.1+0x290>
     9f0:	2d69                	jal	108a <printf>
     9f2:	50010537          	lui	a0,0x50010
     9f6:	85a6                	mv	a1,s1
     9f8:	4f850513          	add	a0,a0,1272 # 500104f8 <__func__.1+0x2a8>
     9fc:	2579                	jal	108a <printf>
     9fe:	4505                	li	a0,1
     a00:	2549                	jal	1082 <putchar>
     a02:	557d                	li	a0,-1
     a04:	40b2                	lw	ra,12(sp)
     a06:	4422                	lw	s0,8(sp)
     a08:	4492                	lw	s1,4(sp)
     a0a:	4902                	lw	s2,0(sp)
     a0c:	0141                	add	sp,sp,16
     a0e:	8082                	ret
     a10:	157d                	add	a0,a0,-1
     a12:	d965                	beqz	a0,a02 <ecc_verifying_flow+0x144>
     a14:	4310                	lw	a2,0(a4)
     a16:	01060333          	add	t1,a2,a6
     a1a:	4354                	lw	a3,4(a4)
     a1c:	00c337b3          	sltu	a5,t1,a2
     a20:	97b6                	add	a5,a5,a3
     a22:	0068a023          	sw	t1,0(a7)
     a26:	861a                	mv	a2,t1
     a28:	00f8a223          	sw	a5,4(a7)
     a2c:	00072303          	lw	t1,0(a4)
     a30:	00472383          	lw	t2,4(a4)
     a34:	00f3e663          	bltu	t2,a5,a40 <ecc_verifying_flow+0x182>
     a38:	f6779ce3          	bne	a5,t2,9b0 <ecc_verifying_flow+0xf2>
     a3c:	f6c37ae3          	bgeu	t1,a2,9b0 <ecc_verifying_flow+0xf2>
     a40:	10500073          	wfi
     a44:	b7e5                	j	a2c <ecc_verifying_flow+0x16e>
     a46:	0585                	add	a1,a1,1
     a48:	0411                	add	s0,s0,4
     a4a:	f8d591e3          	bne	a1,a3,9cc <ecc_verifying_flow+0x10e>
     a4e:	4501                	li	a0,0
     a50:	bf55                	j	a04 <ecc_verifying_flow+0x146>

00000a52 <hmac_flow>:
     a52:	1101                	add	sp,sp,-32
     a54:	cc22                	sw	s0,24(sp)
     a56:	ca26                	sw	s1,20(sp)
     a58:	c84a                	sw	s2,16(sp)
     a5a:	c64e                	sw	s3,12(sp)
     a5c:	ce06                	sw	ra,28(sp)
     a5e:	c452                	sw	s4,8(sp)
     a60:	10010737          	lui	a4,0x10010
     a64:	892a                	mv	s2,a0
     a66:	84ae                	mv	s1,a1
     a68:	89b2                	mv	s3,a2
     a6a:	8436                	mv	s0,a3
     a6c:	0006ca03          	lbu	s4,0(a3)
     a70:	0761                	add	a4,a4,24 # 10010018 <_bss_lma_end+0x1000aba4>
     a72:	431c                	lw	a5,0(a4)
     a74:	8b85                	and	a5,a5,1
     a76:	dff5                	beqz	a5,a72 <hmac_flow+0x20>
     a78:	00094783          	lbu	a5,0(s2)
     a7c:	cff9                	beqz	a5,b5a <hmac_flow+0x108>
     a7e:	00194783          	lbu	a5,1(s2)
     a82:	0786                	sll	a5,a5,0x1
     a84:	03e7f793          	and	a5,a5,62
     a88:	0017e793          	or	a5,a5,1
     a8c:	0220000f          	fence	r,r
     a90:	0220000f          	fence	r,r
     a94:	10010737          	lui	a4,0x10010
     a98:	60f72023          	sw	a5,1536(a4) # 10010600 <_bss_lma_end+0x1000b18c>
     a9c:	60470713          	add	a4,a4,1540
     aa0:	431c                	lw	a5,0(a4)
     aa2:	8b89                	and	a5,a5,2
     aa4:	dff5                	beqz	a5,aa0 <hmac_flow+0x4e>
     aa6:	0004c783          	lbu	a5,0(s1)
     aaa:	cff1                	beqz	a5,b86 <hmac_flow+0x134>
     aac:	0014c783          	lbu	a5,1(s1)
     ab0:	0786                	sll	a5,a5,0x1
     ab2:	03e7f793          	and	a5,a5,62
     ab6:	0017e793          	or	a5,a5,1
     aba:	0220000f          	fence	r,r
     abe:	0220000f          	fence	r,r
     ac2:	10010737          	lui	a4,0x10010
     ac6:	60f72423          	sw	a5,1544(a4) # 10010608 <_bss_lma_end+0x1000b194>
     aca:	60c70713          	add	a4,a4,1548
     ace:	431c                	lw	a5,0(a4)
     ad0:	8b89                	and	a5,a5,2
     ad2:	dff5                	beqz	a5,ace <hmac_flow+0x7c>
     ad4:	0049a703          	lw	a4,4(s3)
     ad8:	100107b7          	lui	a5,0x10010
     adc:	12e7a823          	sw	a4,304(a5) # 10010130 <_bss_lma_end+0x1000acbc>
     ae0:	0089a703          	lw	a4,8(s3)
     ae4:	13478793          	add	a5,a5,308
     ae8:	c398                	sw	a4,0(a5)
     aea:	00c9a703          	lw	a4,12(s3)
     aee:	c3d8                	sw	a4,4(a5)
     af0:	0109a703          	lw	a4,16(s3)
     af4:	c798                	sw	a4,8(a5)
     af6:	0149a703          	lw	a4,20(s3)
     afa:	c7d8                	sw	a4,12(a5)
     afc:	020a0163          	beqz	s4,b1e <hmac_flow+0xcc>
     b00:	00144783          	lbu	a5,1(s0)
     b04:	0786                	sll	a5,a5,0x1
     b06:	0ff7f793          	zext.b	a5,a5
     b0a:	7c17e793          	or	a5,a5,1985
     b0e:	0220000f          	fence	r,r
     b12:	0220000f          	fence	r,r
     b16:	10010737          	lui	a4,0x10010
     b1a:	60f72823          	sw	a5,1552(a4) # 10010610 <_bss_lma_end+0x1000b19c>
     b1e:	0220000f          	fence	r,r
     b22:	0220000f          	fence	r,r
     b26:	100107b7          	lui	a5,0x10010
     b2a:	4705                	li	a4,1
     b2c:	cb98                	sw	a4,16(a5)
     b2e:	060a0c63          	beqz	s4,ba6 <hmac_flow+0x154>
     b32:	50010537          	lui	a0,0x50010
     b36:	53850513          	add	a0,a0,1336 # 50010538 <__func__.0+0x28>
     b3a:	23b9                	jal	1088 <puts>
     b3c:	10010737          	lui	a4,0x10010
     b40:	61470713          	add	a4,a4,1556 # 10010614 <_bss_lma_end+0x1000b1a0>
     b44:	431c                	lw	a5,0(a4)
     b46:	8b89                	and	a5,a5,2
     b48:	dff5                	beqz	a5,b44 <hmac_flow+0xf2>
     b4a:	40f2                	lw	ra,28(sp)
     b4c:	4462                	lw	s0,24(sp)
     b4e:	44d2                	lw	s1,20(sp)
     b50:	4942                	lw	s2,16(sp)
     b52:	49b2                	lw	s3,12(sp)
     b54:	4a22                	lw	s4,8(sp)
     b56:	6105                	add	sp,sp,32
     b58:	8082                	ret
     b5a:	50010537          	lui	a0,0x50010
     b5e:	52050513          	add	a0,a0,1312 # 50010520 <__func__.0+0x10>
     b62:	231d                	jal	1088 <puts>
     b64:	100107b7          	lui	a5,0x10010
     b68:	10010737          	lui	a4,0x10010
     b6c:	04078793          	add	a5,a5,64 # 10010040 <_bss_lma_end+0x1000abcc>
     b70:	07070713          	add	a4,a4,112 # 10010070 <_bss_lma_end+0x1000abfc>
     b74:	86be                	mv	a3,a5
     b76:	00492603          	lw	a2,4(s2)
     b7a:	0791                	add	a5,a5,4
     b7c:	c290                	sw	a2,0(a3)
     b7e:	0911                	add	s2,s2,4
     b80:	fee79ae3          	bne	a5,a4,b74 <hmac_flow+0x122>
     b84:	b70d                	j	aa6 <hmac_flow+0x54>
     b86:	100107b7          	lui	a5,0x10010
     b8a:	10010737          	lui	a4,0x10010
     b8e:	08078793          	add	a5,a5,128 # 10010080 <_bss_lma_end+0x1000ac0c>
     b92:	10070713          	add	a4,a4,256 # 10010100 <_bss_lma_end+0x1000ac8c>
     b96:	86be                	mv	a3,a5
     b98:	40d0                	lw	a2,4(s1)
     b9a:	0791                	add	a5,a5,4
     b9c:	c290                	sw	a2,0(a3)
     b9e:	0491                	add	s1,s1,4
     ba0:	fee79be3          	bne	a5,a4,b96 <hmac_flow+0x144>
     ba4:	bf05                	j	ad4 <hmac_flow+0x82>
     ba6:	50010537          	lui	a0,0x50010
     baa:	55850513          	add	a0,a0,1368 # 50010558 <__func__.0+0x48>
     bae:	29e9                	jal	1088 <puts>
     bb0:	100107b7          	lui	a5,0x10010
     bb4:	4581                	li	a1,0
     bb6:	10078793          	add	a5,a5,256 # 10010100 <_bss_lma_end+0x1000ac8c>
     bba:	46b1                	li	a3,12
     bbc:	00259713          	sll	a4,a1,0x2
     bc0:	973e                	add	a4,a4,a5
     bc2:	00072903          	lw	s2,0(a4)
     bc6:	4044                	lw	s1,4(s0)
     bc8:	02990663          	beq	s2,s1,bf4 <hmac_flow+0x1a2>
     bcc:	50010537          	lui	a0,0x50010
     bd0:	57050513          	add	a0,a0,1392 # 50010570 <__func__.0+0x60>
     bd4:	295d                	jal	108a <printf>
     bd6:	50010537          	lui	a0,0x50010
     bda:	85ca                	mv	a1,s2
     bdc:	2cc50513          	add	a0,a0,716 # 500102cc <__func__.1+0x7c>
     be0:	216d                	jal	108a <printf>
     be2:	50010537          	lui	a0,0x50010
     be6:	85a6                	mv	a1,s1
     be8:	2e450513          	add	a0,a0,740 # 500102e4 <__func__.1+0x94>
     bec:	2979                	jal	108a <printf>
     bee:	4505                	li	a0,1
     bf0:	2949                	jal	1082 <putchar>
     bf2:	a001                	j	bf2 <hmac_flow+0x1a0>
     bf4:	0585                	add	a1,a1,1
     bf6:	0411                	add	s0,s0,4
     bf8:	fcd592e3          	bne	a1,a3,bbc <hmac_flow+0x16a>
     bfc:	b7b9                	j	b4a <hmac_flow+0xf8>

00000bfe <mailbox_send_data>:
     bfe:	7179                	add	sp,sp,-48
     c00:	d04a                	sw	s2,32(sp)
     c02:	892a                	mv	s2,a0
     c04:	10000537          	lui	a0,0x10000
     c08:	d606                	sw	ra,44(sp)
     c0a:	d226                	sw	s1,36(sp)
     c0c:	d422                	sw	s0,40(sp)
     c0e:	84ae                	mv	s1,a1
     c10:	ce4e                	sw	s3,28(sp)
     c12:	cc52                	sw	s4,24(sp)
     c14:	ca56                	sw	s5,20(sp)
     c16:	0f5010ef          	jal	250a <soc_ifc_set_flow_status_field>
     c1a:	50010537          	lui	a0,0x50010
     c1e:	59c50513          	add	a0,a0,1436 # 5001059c <__func__.0+0x8c>
     c22:	219d                	jal	1088 <puts>
     c24:	30020737          	lui	a4,0x30020
     c28:	0761                	add	a4,a4,24 # 30020018 <_bss_lma_end+0x3001aba4>
     c2a:	431c                	lw	a5,0(a4)
     c2c:	8b85                	and	a5,a5,1
     c2e:	dff5                	beqz	a5,c2a <mailbox_send_data+0x2c>
     c30:	121010ef          	jal	2550 <soc_ifc_read_mbox_cmd>
     c34:	c42a                	sw	a0,8(sp)
     c36:	c62e                	sw	a1,12(sp)
     c38:	842a                	mv	s0,a0
     c3a:	85aa                	mv	a1,a0
     c3c:	50010537          	lui	a0,0x50010
     c40:	5a850513          	add	a0,a0,1448 # 500105a8 <__func__.0+0x98>
     c44:	300209b7          	lui	s3,0x30020
     c48:	2189                	jal	108a <printf>
     c4a:	09d1                	add	s3,s3,20 # 30020014 <_bss_lma_end+0x3001aba0>
     c4c:	50010a37          	lui	s4,0x50010
     c50:	4a91                	li	s5,4
     c52:	e049                	bnez	s0,cd4 <mailbox_send_data+0xd6>
     c54:	0220000f          	fence	r,r
     c58:	0220000f          	fence	r,r
     c5c:	1a2b47b7          	lui	a5,0x1a2b4
     c60:	30020737          	lui	a4,0x30020
     c64:	c4d78793          	add	a5,a5,-947 # 1a2b3c4d <_bss_lma_end+0x1a2ae7d9>
     c68:	c71c                	sw	a5,8(a4)
     c6a:	0220000f          	fence	r,r
     c6e:	0220000f          	fence	r,r
     c72:	50010537          	lui	a0,0x50010
     c76:	c744                	sw	s1,12(a4)
     c78:	85a6                	mv	a1,s1
     c7a:	5e450513          	add	a0,a0,1508 # 500105e4 <__func__.0+0xd4>
     c7e:	2131                	jal	108a <printf>
     c80:	300206b7          	lui	a3,0x30020
     c84:	4781                	li	a5,0
     c86:	4811                	li	a6,4
     c88:	06c1                	add	a3,a3,16 # 30020010 <_bss_lma_end+0x3001ab9c>
     c8a:	0497ef63          	bltu	a5,s1,ce8 <mailbox_send_data+0xea>
     c8e:	50010537          	lui	a0,0x50010
     c92:	60c50513          	add	a0,a0,1548 # 5001060c <__func__.0+0xfc>
     c96:	2ecd                	jal	1088 <puts>
     c98:	0220000f          	fence	r,r
     c9c:	0220000f          	fence	r,r
     ca0:	300207b7          	lui	a5,0x30020
     ca4:	4705                	li	a4,1
     ca6:	cfd8                	sw	a4,28(a5)
     ca8:	4fcc                	lw	a1,28(a5)
     caa:	8199                	srl	a1,a1,0x6
     cac:	899d                	and	a1,a1,7
     cae:	4611                	li	a2,4
     cb0:	06c58863          	beq	a1,a2,d20 <mailbox_send_data+0x122>
     cb4:	50010537          	lui	a0,0x50010
     cb8:	62850513          	add	a0,a0,1576 # 50010628 <__func__.0+0x118>
     cbc:	26f9                	jal	108a <printf>
     cbe:	547d                	li	s0,-1
     cc0:	8522                	mv	a0,s0
     cc2:	50b2                	lw	ra,44(sp)
     cc4:	5422                	lw	s0,40(sp)
     cc6:	5492                	lw	s1,36(sp)
     cc8:	5902                	lw	s2,32(sp)
     cca:	49f2                	lw	s3,28(sp)
     ccc:	4a62                	lw	s4,24(sp)
     cce:	4ad2                	lw	s5,20(sp)
     cd0:	6145                	add	sp,sp,48
     cd2:	8082                	ret
     cd4:	0009a583          	lw	a1,0(s3)
     cd8:	5d0a0513          	add	a0,s4,1488 # 500105d0 <__func__.0+0xc0>
     cdc:	267d                	jal	108a <printf>
     cde:	01547363          	bgeu	s0,s5,ce4 <mailbox_send_data+0xe6>
     ce2:	4411                	li	s0,4
     ce4:	1471                	add	s0,s0,-4
     ce6:	b7b5                	j	c52 <mailbox_send_data+0x54>
     ce8:	40f485b3          	sub	a1,s1,a5
     cec:	00b87363          	bgeu	a6,a1,cf2 <mailbox_send_data+0xf4>
     cf0:	4591                	li	a1,4
     cf2:	4701                	li	a4,0
     cf4:	4601                	li	a2,0
     cf6:	00f90333          	add	t1,s2,a5
     cfa:	00e30533          	add	a0,t1,a4
     cfe:	00371893          	sll	a7,a4,0x3
     d02:	00054503          	lbu	a0,0(a0)
     d06:	01151533          	sll	a0,a0,a7
     d0a:	0705                	add	a4,a4,1 # 30020001 <_bss_lma_end+0x3001ab8d>
     d0c:	8e49                	or	a2,a2,a0
     d0e:	fee596e3          	bne	a1,a4,cfa <mailbox_send_data+0xfc>
     d12:	0220000f          	fence	r,r
     d16:	0220000f          	fence	r,r
     d1a:	c290                	sw	a2,0(a3)
     d1c:	0791                	add	a5,a5,4 # 30020004 <_bss_lma_end+0x3001ab90>
     d1e:	b7b5                	j	c8a <mailbox_send_data+0x8c>
     d20:	50010537          	lui	a0,0x50010
     d24:	67c50513          	add	a0,a0,1660 # 5001067c <__func__.0+0x16c>
     d28:	2685                	jal	1088 <puts>
     d2a:	bf59                	j	cc0 <mailbox_send_data+0xc2>

00000d2c <whisperPutc>:
     d2c:	1141                	add	sp,sp,-16
     d2e:	c422                	sw	s0,8(sp)
     d30:	c606                	sw	ra,12(sp)
     d32:	47a9                	li	a5,10
     d34:	842a                	mv	s0,a0
     d36:	00f51663          	bne	a0,a5,d42 <whisperPutc+0x16>
     d3a:	4535                	li	a0,13
     d3c:	023010ef          	jal	255e <uart_tx>
     d40:	8522                	mv	a0,s0
     d42:	01d010ef          	jal	255e <uart_tx>
     d46:	8522                	mv	a0,s0
     d48:	40b2                	lw	ra,12(sp)
     d4a:	4422                	lw	s0,8(sp)
     d4c:	0141                	add	sp,sp,16
     d4e:	8082                	ret

00000d50 <whisperPuts>:
     d50:	1141                	add	sp,sp,-16
     d52:	c422                	sw	s0,8(sp)
     d54:	c606                	sw	ra,12(sp)
     d56:	842a                	mv	s0,a0
     d58:	00044503          	lbu	a0,0(s0)
     d5c:	e901                	bnez	a0,d6c <whisperPuts+0x1c>
     d5e:	4529                	li	a0,10
     d60:	37f1                	jal	d2c <whisperPutc>
     d62:	40b2                	lw	ra,12(sp)
     d64:	4422                	lw	s0,8(sp)
     d66:	4505                	li	a0,1
     d68:	0141                	add	sp,sp,16
     d6a:	8082                	ret
     d6c:	0405                	add	s0,s0,1
     d6e:	3f7d                	jal	d2c <whisperPutc>
     d70:	b7e5                	j	d58 <whisperPuts+0x8>

00000d72 <whisperPrintUnsigned>:
     d72:	7139                	add	sp,sp,-64
     d74:	da26                	sw	s1,52(sp)
     d76:	d64e                	sw	s3,44(sp)
     d78:	de06                	sw	ra,60(sp)
     d7a:	dc22                	sw	s0,56(sp)
     d7c:	d84a                	sw	s2,48(sp)
     d7e:	84ae                	mv	s1,a1
     d80:	89b2                	mv	s3,a2
     d82:	ed15                	bnez	a0,dbe <whisperPrintUnsigned+0x4c>
     d84:	03000793          	li	a5,48
     d88:	00f10623          	sb	a5,12(sp)
     d8c:	4405                	li	s0,1
     d8e:	8922                	mv	s2,s0
     d90:	04994963          	blt	s2,s1,de2 <whisperPrintUnsigned+0x70>
     d94:	02040793          	add	a5,s0,32
     d98:	002784b3          	add	s1,a5,sp
     d9c:	14ad                	add	s1,s1,-21
     d9e:	40848933          	sub	s2,s1,s0
     da2:	0004c503          	lbu	a0,0(s1)
     da6:	14fd                	add	s1,s1,-1
     da8:	3751                	jal	d2c <whisperPutc>
     daa:	fe991ce3          	bne	s2,s1,da2 <whisperPrintUnsigned+0x30>
     dae:	8522                	mv	a0,s0
     db0:	50f2                	lw	ra,60(sp)
     db2:	5462                	lw	s0,56(sp)
     db4:	54d2                	lw	s1,52(sp)
     db6:	5942                	lw	s2,48(sp)
     db8:	59b2                	lw	s3,44(sp)
     dba:	6121                	add	sp,sp,64
     dbc:	8082                	ret
     dbe:	007c                	add	a5,sp,12
     dc0:	4401                	li	s0,0
     dc2:	46a9                	li	a3,10
     dc4:	4625                	li	a2,9
     dc6:	02d57733          	remu	a4,a0,a3
     dca:	85aa                	mv	a1,a0
     dcc:	0405                	add	s0,s0,1
     dce:	0785                	add	a5,a5,1
     dd0:	03070713          	add	a4,a4,48
     dd4:	fee78fa3          	sb	a4,-1(a5)
     dd8:	02d55533          	divu	a0,a0,a3
     ddc:	feb665e3          	bltu	a2,a1,dc6 <whisperPrintUnsigned+0x54>
     de0:	b77d                	j	d8e <whisperPrintUnsigned+0x1c>
     de2:	854e                	mv	a0,s3
     de4:	37a1                	jal	d2c <whisperPutc>
     de6:	0905                	add	s2,s2,1
     de8:	b765                	j	d90 <whisperPrintUnsigned+0x1e>

00000dea <whisperPrintDecimal>:
     dea:	7139                	add	sp,sp,-64
     dec:	da26                	sw	s1,52(sp)
     dee:	d452                	sw	s4,40(sp)
     df0:	de06                	sw	ra,60(sp)
     df2:	dc22                	sw	s0,56(sp)
     df4:	d84a                	sw	s2,48(sp)
     df6:	d64e                	sw	s3,44(sp)
     df8:	84ae                	mv	s1,a1
     dfa:	8a32                	mv	s4,a2
     dfc:	02055c63          	bgez	a0,e34 <whisperPrintDecimal+0x4a>
     e00:	40a00533          	neg	a0,a0
     e04:	fff58493          	add	s1,a1,-1
     e08:	4905                	li	s2,1
     e0a:	007c                	add	a5,sp,12
     e0c:	4401                	li	s0,0
     e0e:	46a9                	li	a3,10
     e10:	02d56733          	rem	a4,a0,a3
     e14:	0405                	add	s0,s0,1
     e16:	0785                	add	a5,a5,1
     e18:	02d54533          	div	a0,a0,a3
     e1c:	03070713          	add	a4,a4,48
     e20:	fee78fa3          	sb	a4,-1(a5)
     e24:	f575                	bnez	a0,e10 <whisperPrintDecimal+0x26>
     e26:	00090e63          	beqz	s2,e42 <whisperPrintDecimal+0x58>
     e2a:	02d00513          	li	a0,45
     e2e:	730010ef          	jal	255e <uart_tx>
     e32:	a801                	j	e42 <whisperPrintDecimal+0x58>
     e34:	e129                	bnez	a0,e76 <whisperPrintDecimal+0x8c>
     e36:	03000793          	li	a5,48
     e3a:	00f10623          	sb	a5,12(sp)
     e3e:	4901                	li	s2,0
     e40:	4405                	li	s0,1
     e42:	89a2                	mv	s3,s0
     e44:	0299cb63          	blt	s3,s1,e7a <whisperPrintDecimal+0x90>
     e48:	02040793          	add	a5,s0,32
     e4c:	002784b3          	add	s1,a5,sp
     e50:	14ad                	add	s1,s1,-21
     e52:	408489b3          	sub	s3,s1,s0
     e56:	0004c503          	lbu	a0,0(s1)
     e5a:	14fd                	add	s1,s1,-1
     e5c:	3dc1                	jal	d2c <whisperPutc>
     e5e:	fe999ce3          	bne	s3,s1,e56 <whisperPrintDecimal+0x6c>
     e62:	01240533          	add	a0,s0,s2
     e66:	50f2                	lw	ra,60(sp)
     e68:	5462                	lw	s0,56(sp)
     e6a:	54d2                	lw	s1,52(sp)
     e6c:	5942                	lw	s2,48(sp)
     e6e:	59b2                	lw	s3,44(sp)
     e70:	5a22                	lw	s4,40(sp)
     e72:	6121                	add	sp,sp,64
     e74:	8082                	ret
     e76:	4901                	li	s2,0
     e78:	bf49                	j	e0a <whisperPrintDecimal+0x20>
     e7a:	8552                	mv	a0,s4
     e7c:	3d45                	jal	d2c <whisperPutc>
     e7e:	0985                	add	s3,s3,1
     e80:	b7d1                	j	e44 <whisperPrintDecimal+0x5a>

00000e82 <whisperPrintInt>:
     e82:	47a9                	li	a5,10
     e84:	00f69563          	bne	a3,a5,e8e <whisperPrintInt+0xc>
     e88:	0ff67613          	zext.b	a2,a2
     e8c:	bfb9                	j	dea <whisperPrintDecimal>
     e8e:	1101                	add	sp,sp,-32
     e90:	c84a                	sw	s2,16(sp)
     e92:	ce06                	sw	ra,28(sp)
     e94:	cc22                	sw	s0,24(sp)
     e96:	ca26                	sw	s1,20(sp)
     e98:	c64e                	sw	s3,12(sp)
     e9a:	c452                	sw	s4,8(sp)
     e9c:	47a1                	li	a5,8
     e9e:	892a                	mv	s2,a0
     ea0:	02f69f63          	bne	a3,a5,ede <whisperPrintInt+0x5c>
     ea4:	44f9                	li	s1,30
     ea6:	4781                	li	a5,0
     ea8:	4401                	li	s0,0
     eaa:	0fd00993          	li	s3,253
     eae:	00995533          	srl	a0,s2,s1
     eb2:	891d                	and	a0,a0,7
     eb4:	e111                	bnez	a0,eb8 <whisperPrintInt+0x36>
     eb6:	c791                	beqz	a5,ec2 <whisperPrintInt+0x40>
     eb8:	03050513          	add	a0,a0,48
     ebc:	3d85                	jal	d2c <whisperPutc>
     ebe:	0405                	add	s0,s0,1
     ec0:	4785                	li	a5,1
     ec2:	14f5                	add	s1,s1,-3
     ec4:	0ff4f493          	zext.b	s1,s1
     ec8:	ff3493e3          	bne	s1,s3,eae <whisperPrintInt+0x2c>
     ecc:	8522                	mv	a0,s0
     ece:	40f2                	lw	ra,28(sp)
     ed0:	4462                	lw	s0,24(sp)
     ed2:	44d2                	lw	s1,20(sp)
     ed4:	4942                	lw	s2,16(sp)
     ed6:	49b2                	lw	s3,12(sp)
     ed8:	4a22                	lw	s4,8(sp)
     eda:	6105                	add	sp,sp,32
     edc:	8082                	ret
     ede:	47c1                	li	a5,16
     ee0:	547d                	li	s0,-1
     ee2:	fef695e3          	bne	a3,a5,ecc <whisperPrintInt+0x4a>
     ee6:	44f1                	li	s1,28
     ee8:	4701                	li	a4,0
     eea:	4401                	li	s0,0
     eec:	4a25                	li	s4,9
     eee:	0fc00993          	li	s3,252
     ef2:	009957b3          	srl	a5,s2,s1
     ef6:	8bbd                	and	a5,a5,15
     ef8:	e791                	bnez	a5,f04 <whisperPrintInt+0x82>
     efa:	e311                	bnez	a4,efe <whisperPrintInt+0x7c>
     efc:	e899                	bnez	s1,f12 <whisperPrintInt+0x90>
     efe:	03078513          	add	a0,a5,48
     f02:	a029                	j	f0c <whisperPrintInt+0x8a>
     f04:	03778513          	add	a0,a5,55
     f08:	fefa7be3          	bgeu	s4,a5,efe <whisperPrintInt+0x7c>
     f0c:	3505                	jal	d2c <whisperPutc>
     f0e:	0405                	add	s0,s0,1
     f10:	4705                	li	a4,1
     f12:	14f1                	add	s1,s1,-4
     f14:	0ff4f493          	zext.b	s1,s1
     f18:	fd349de3          	bne	s1,s3,ef2 <whisperPrintInt+0x70>
     f1c:	bf45                	j	ecc <whisperPrintInt+0x4a>

00000f1e <whisperPrintfImpl>:
     f1e:	7179                	add	sp,sp,-48
     f20:	d422                	sw	s0,40(sp)
     f22:	d226                	sw	s1,36(sp)
     f24:	d04a                	sw	s2,32(sp)
     f26:	ce4e                	sw	s3,28(sp)
     f28:	cc52                	sw	s4,24(sp)
     f2a:	ca56                	sw	s5,20(sp)
     f2c:	c85a                	sw	s6,16(sp)
     f2e:	c65e                	sw	s7,12(sp)
     f30:	c462                	sw	s8,8(sp)
     f32:	d606                	sw	ra,44(sp)
     f34:	c266                	sw	s9,4(sp)
     f36:	c06a                	sw	s10,0(sp)
     f38:	842a                	mv	s0,a0
     f3a:	84ae                	mv	s1,a1
     f3c:	4901                	li	s2,0
     f3e:	02500993          	li	s3,37
     f42:	03000a93          	li	s5,48
     f46:	02d00b13          	li	s6,45
     f4a:	02a00b93          	li	s7,42
     f4e:	06f00a13          	li	s4,111
     f52:	07500c13          	li	s8,117
     f56:	00044503          	lbu	a0,0(s0)
     f5a:	e105                	bnez	a0,f7a <whisperPrintfImpl+0x5c>
     f5c:	50b2                	lw	ra,44(sp)
     f5e:	5422                	lw	s0,40(sp)
     f60:	854a                	mv	a0,s2
     f62:	5492                	lw	s1,36(sp)
     f64:	5902                	lw	s2,32(sp)
     f66:	49f2                	lw	s3,28(sp)
     f68:	4a62                	lw	s4,24(sp)
     f6a:	4ad2                	lw	s5,20(sp)
     f6c:	4b42                	lw	s6,16(sp)
     f6e:	4bb2                	lw	s7,12(sp)
     f70:	4c22                	lw	s8,8(sp)
     f72:	4c92                	lw	s9,4(sp)
     f74:	4d02                	lw	s10,0(sp)
     f76:	6145                	add	sp,sp,48
     f78:	8082                	ret
     f7a:	01350663          	beq	a0,s3,f86 <whisperPrintfImpl+0x68>
     f7e:	337d                	jal	d2c <whisperPutc>
     f80:	0905                	add	s2,s2,1
     f82:	0405                	add	s0,s0,1
     f84:	bfc9                	j	f56 <whisperPrintfImpl+0x38>
     f86:	00144703          	lbu	a4,1(s0)
     f8a:	db69                	beqz	a4,f5c <whisperPrintfImpl+0x3e>
     f8c:	0405                	add	s0,s0,1
     f8e:	02000793          	li	a5,32
     f92:	01371663          	bne	a4,s3,f9e <whisperPrintfImpl+0x80>
     f96:	854e                	mv	a0,s3
     f98:	5c6010ef          	jal	255e <uart_tx>
     f9c:	b7dd                	j	f82 <whisperPrintfImpl+0x64>
     f9e:	863e                	mv	a2,a5
     fa0:	00044783          	lbu	a5,0(s0)
     fa4:	8722                	mv	a4,s0
     fa6:	0405                	add	s0,s0,1
     fa8:	ff578be3          	beq	a5,s5,f9e <whisperPrintfImpl+0x80>
     fac:	01678363          	beq	a5,s6,fb2 <whisperPrintfImpl+0x94>
     fb0:	843a                	mv	s0,a4
     fb2:	00044783          	lbu	a5,0(s0)
     fb6:	03779c63          	bne	a5,s7,fee <whisperPrintfImpl+0xd0>
     fba:	0405                	add	s0,s0,1
     fbc:	4581                	li	a1,0
     fbe:	00044783          	lbu	a5,0(s0)
     fc2:	0b478263          	beq	a5,s4,1066 <whisperPrintfImpl+0x148>
     fc6:	04fa6d63          	bltu	s4,a5,1020 <whisperPrintfImpl+0x102>
     fca:	06300713          	li	a4,99
     fce:	0ae78063          	beq	a5,a4,106e <whisperPrintfImpl+0x150>
     fd2:	06400713          	li	a4,100
     fd6:	06e78c63          	beq	a5,a4,104e <whisperPrintfImpl+0x130>
     fda:	05800713          	li	a4,88
     fde:	fae792e3          	bne	a5,a4,f82 <whisperPrintfImpl+0x64>
     fe2:	00448c93          	add	s9,s1,4
     fe6:	46c1                	li	a3,16
     fe8:	4088                	lw	a0,0(s1)
     fea:	3d61                	jal	e82 <whisperPrintInt>
     fec:	a0ad                	j	1056 <whisperPrintfImpl+0x138>
     fee:	fd078793          	add	a5,a5,-48
     ff2:	0ff7f793          	zext.b	a5,a5
     ff6:	4725                	li	a4,9
     ff8:	4581                	li	a1,0
     ffa:	fcf762e3          	bltu	a4,a5,fbe <whisperPrintfImpl+0xa0>
     ffe:	4829                	li	a6,10
    1000:	a029                	j	100a <whisperPrintfImpl+0xec>
    1002:	030585b3          	mul	a1,a1,a6
    1006:	842a                	mv	s0,a0
    1008:	95be                	add	a1,a1,a5
    100a:	00044783          	lbu	a5,0(s0)
    100e:	fd078793          	add	a5,a5,-48
    1012:	0ff7f693          	zext.b	a3,a5
    1016:	00140513          	add	a0,s0,1
    101a:	fed774e3          	bgeu	a4,a3,1002 <whisperPrintfImpl+0xe4>
    101e:	b745                	j	fbe <whisperPrintfImpl+0xa0>
    1020:	03878e63          	beq	a5,s8,105c <whisperPrintfImpl+0x13e>
    1024:	07800713          	li	a4,120
    1028:	fae78de3          	beq	a5,a4,fe2 <whisperPrintfImpl+0xc4>
    102c:	07300713          	li	a4,115
    1030:	f4e799e3          	bne	a5,a4,f82 <whisperPrintfImpl+0x64>
    1034:	00448d13          	add	s10,s1,4
    1038:	8cca                	mv	s9,s2
    103a:	4084                	lw	s1,0(s1)
    103c:	412c87b3          	sub	a5,s9,s2
    1040:	97a6                	add	a5,a5,s1
    1042:	0007c503          	lbu	a0,0(a5)
    1046:	e91d                	bnez	a0,107c <whisperPrintfImpl+0x15e>
    1048:	84ea                	mv	s1,s10
    104a:	8966                	mv	s2,s9
    104c:	bf1d                	j	f82 <whisperPrintfImpl+0x64>
    104e:	4088                	lw	a0,0(s1)
    1050:	00448c93          	add	s9,s1,4
    1054:	3b59                	jal	dea <whisperPrintDecimal>
    1056:	992a                	add	s2,s2,a0
    1058:	84e6                	mv	s1,s9
    105a:	b725                	j	f82 <whisperPrintfImpl+0x64>
    105c:	4088                	lw	a0,0(s1)
    105e:	00448c93          	add	s9,s1,4
    1062:	3b01                	jal	d72 <whisperPrintUnsigned>
    1064:	bfcd                	j	1056 <whisperPrintfImpl+0x138>
    1066:	00448c93          	add	s9,s1,4
    106a:	46a1                	li	a3,8
    106c:	bfb5                	j	fe8 <whisperPrintfImpl+0xca>
    106e:	0004c503          	lbu	a0,0(s1)
    1072:	00448c93          	add	s9,s1,4
    1076:	395d                	jal	d2c <whisperPutc>
    1078:	0905                	add	s2,s2,1
    107a:	bff9                	j	1058 <whisperPrintfImpl+0x13a>
    107c:	3945                	jal	d2c <whisperPutc>
    107e:	0c85                	add	s9,s9,1
    1080:	bf75                	j	103c <whisperPrintfImpl+0x11e>

00001082 <putchar>:
    1082:	0ff57513          	zext.b	a0,a0
    1086:	b15d                	j	d2c <whisperPutc>

00001088 <puts>:
    1088:	b1e1                	j	d50 <whisperPuts>

0000108a <printf>:
    108a:	7139                	add	sp,sp,-64
    108c:	d22e                	sw	a1,36(sp)
    108e:	104c                	add	a1,sp,36
    1090:	ce06                	sw	ra,28(sp)
    1092:	d432                	sw	a2,40(sp)
    1094:	d636                	sw	a3,44(sp)
    1096:	d83a                	sw	a4,48(sp)
    1098:	da3e                	sw	a5,52(sp)
    109a:	dc42                	sw	a6,56(sp)
    109c:	de46                	sw	a7,60(sp)
    109e:	c62e                	sw	a1,12(sp)
    10a0:	3dbd                	jal	f1e <whisperPrintfImpl>
    10a2:	40f2                	lw	ra,28(sp)
    10a4:	6121                	add	sp,sp,64
    10a6:	8082                	ret

000010a8 <check_spi_status>:
    10a8:	200006b7          	lui	a3,0x20000
    10ac:	1141                	add	sp,sp,-16
    10ae:	200007b7          	lui	a5,0x20000
    10b2:	30030637          	lui	a2,0x30030
    10b6:	68a9                	lui	a7,0xa
    10b8:	30030337          	lui	t1,0x30030
    10bc:	c422                	sw	s0,8(sp)
    10be:	06d1                	add	a3,a3,20 # 20000014 <_bss_lma_end+0x1fffaba0>
    10c0:	4298                	lw	a4,0(a3)
    10c2:	c606                	sw	ra,12(sp)
    10c4:	5bc0                	lw	s0,52(a5)
    10c6:	03000fb7          	lui	t6,0x3000
    10ca:	01000f37          	lui	t5,0x1000
    10ce:	02878813          	add	a6,a5,40 # 20000028 <_bss_lma_end+0x1fffabb4>
    10d2:	64060613          	add	a2,a2,1600 # 30030640 <_bss_lma_end+0x3002b1cc>
    10d6:	c4088893          	add	a7,a7,-960 # 9c40 <_bss_lma_end+0x47cc>
    10da:	64830313          	add	t1,t1,1608 # 30030648 <_bss_lma_end+0x3002b1d4>
    10de:	01f777b3          	and	a5,a4,t6
    10e2:	07e79c63          	bne	a5,t5,115a <check_spi_status+0xb2>
    10e6:	200007b7          	lui	a5,0x20000
    10ea:	07d1                	add	a5,a5,20 # 20000014 <_bss_lma_end+0x1fffaba0>
    10ec:	00171693          	sll	a3,a4,0x1
    10f0:	0a06c263          	bltz	a3,1194 <check_spi_status+0xec>
    10f4:	439c                	lw	a5,0(a5)
    10f6:	cc31                	beqz	s0,1152 <check_spi_status+0xaa>
    10f8:	50010537          	lui	a0,0x50010
    10fc:	85a2                	mv	a1,s0
    10fe:	6c850513          	add	a0,a0,1736 # 500106c8 <__func__.0+0x1b8>
    1102:	3761                	jal	108a <printf>
    1104:	01047793          	and	a5,s0,16
    1108:	c791                	beqz	a5,1114 <check_spi_status+0x6c>
    110a:	50010537          	lui	a0,0x50010
    110e:	6e050513          	add	a0,a0,1760 # 500106e0 <__func__.0+0x1d0>
    1112:	3f9d                	jal	1088 <puts>
    1114:	00847793          	and	a5,s0,8
    1118:	c791                	beqz	a5,1124 <check_spi_status+0x7c>
    111a:	50010537          	lui	a0,0x50010
    111e:	6f450513          	add	a0,a0,1780 # 500106f4 <__func__.0+0x1e4>
    1122:	379d                	jal	1088 <puts>
    1124:	02047793          	and	a5,s0,32
    1128:	c791                	beqz	a5,1134 <check_spi_status+0x8c>
    112a:	50010537          	lui	a0,0x50010
    112e:	70450513          	add	a0,a0,1796 # 50010704 <__func__.0+0x1f4>
    1132:	3f99                	jal	1088 <puts>
    1134:	00247793          	and	a5,s0,2
    1138:	c791                	beqz	a5,1144 <check_spi_status+0x9c>
    113a:	50010537          	lui	a0,0x50010
    113e:	71850513          	add	a0,a0,1816 # 50010718 <__func__.0+0x208>
    1142:	3799                	jal	1088 <puts>
    1144:	0220000f          	fence	r,r
    1148:	0220000f          	fence	r,r
    114c:	200007b7          	lui	a5,0x20000
    1150:	dbc0                	sw	s0,52(a5)
    1152:	40b2                	lw	ra,12(sp)
    1154:	4422                	lw	s0,8(sp)
    1156:	0141                	add	sp,sp,16
    1158:	8082                	ret
    115a:	00082783          	lw	a5,0(a6)
    115e:	4208                	lw	a0,0(a2)
    1160:	01150733          	add	a4,a0,a7
    1164:	424c                	lw	a1,4(a2)
    1166:	00a737b3          	sltu	a5,a4,a0
    116a:	97ae                	add	a5,a5,a1
    116c:	00e32023          	sw	a4,0(t1)
    1170:	853a                	mv	a0,a4
    1172:	00f32223          	sw	a5,4(t1)
    1176:	00062e03          	lw	t3,0(a2)
    117a:	00462e83          	lw	t4,4(a2)
    117e:	00fee863          	bltu	t4,a5,118e <check_spi_status+0xe6>
    1182:	01d79463          	bne	a5,t4,118a <check_spi_status+0xe2>
    1186:	00ae6463          	bltu	t3,a0,118e <check_spi_status+0xe6>
    118a:	4298                	lw	a4,0(a3)
    118c:	bf89                	j	10de <check_spi_status+0x36>
    118e:	10500073          	wfi
    1192:	b7d5                	j	1176 <check_spi_status+0xce>
    1194:	4398                	lw	a4,0(a5)
    1196:	bf99                	j	10ec <check_spi_status+0x44>

00001198 <fifo_rx_wait>:
    1198:	200006b7          	lui	a3,0x20000
    119c:	3e900713          	li	a4,1001
    11a0:	06d1                	add	a3,a3,20 # 20000014 <_bss_lma_end+0x1fffaba0>
    11a2:	429c                	lw	a5,0(a3)
    11a4:	83a1                	srl	a5,a5,0x8
    11a6:	177d                	add	a4,a4,-1
    11a8:	0ff7f793          	zext.b	a5,a5
    11ac:	c709                	beqz	a4,11b6 <fifo_rx_wait+0x1e>
    11ae:	fef51ae3          	bne	a0,a5,11a2 <fifo_rx_wait+0xa>
    11b2:	4501                	li	a0,0
    11b4:	8082                	ret
    11b6:	4505                	li	a0,1
    11b8:	8082                	ret

000011ba <spi_command_wait>:
    11ba:	200007b7          	lui	a5,0x20000
    11be:	07d1                	add	a5,a5,20 # 20000014 <_bss_lma_end+0x1fffaba0>
    11c0:	4398                	lw	a4,0(a5)
    11c2:	00171693          	sll	a3,a4,0x1
    11c6:	fe06dde3          	bgez	a3,11c0 <spi_command_wait+0x6>
    11ca:	8082                	ret

000011cc <set_spi_csid>:
    11cc:	0220000f          	fence	r,r
    11d0:	0220000f          	fence	r,r
    11d4:	200007b7          	lui	a5,0x20000
    11d8:	d388                	sw	a0,32(a5)
    11da:	8082                	ret

000011dc <write_tx_fifo>:
    11dc:	20000737          	lui	a4,0x20000
    11e0:	3e800793          	li	a5,1000
    11e4:	0751                	add	a4,a4,20 # 20000014 <_bss_lma_end+0x1fffaba0>
    11e6:	4314                	lw	a3,0(a4)
    11e8:	17fd                	add	a5,a5,-1 # 1fffffff <_bss_lma_end+0x1fffab8b>
    11ea:	cf91                	beqz	a5,1206 <write_tx_fifo+0x2a>
    11ec:	00269613          	sll	a2,a3,0x2
    11f0:	fe064be3          	bltz	a2,11e6 <write_tx_fifo+0xa>
    11f4:	0220000f          	fence	r,r
    11f8:	0220000f          	fence	r,r
    11fc:	200007b7          	lui	a5,0x20000
    1200:	d7c8                	sw	a0,44(a5)
    1202:	4501                	li	a0,0
    1204:	8082                	ret
    1206:	557d                	li	a0,-1
    1208:	8082                	ret

0000120a <spi_command>:
    120a:	20000737          	lui	a4,0x20000
    120e:	3e800793          	li	a5,1000
    1212:	0751                	add	a4,a4,20 # 20000014 <_bss_lma_end+0x1fffaba0>
    1214:	00072803          	lw	a6,0(a4)
    1218:	17fd                	add	a5,a5,-1 # 1fffffff <_bss_lma_end+0x1fffab8b>
    121a:	c399                	beqz	a5,1220 <spi_command+0x16>
    121c:	fe085ce3          	bgez	a6,1214 <spi_command+0xa>
    1220:	05a6                	sll	a1,a1,0x9
    1222:	062a                	sll	a2,a2,0xa
    1224:	8e4d                	or	a2,a2,a1
    1226:	8e49                	or	a2,a2,a0
    1228:	06b2                	sll	a3,a3,0xc
    122a:	8e55                	or	a2,a2,a3
    122c:	0220000f          	fence	r,r
    1230:	0220000f          	fence	r,r
    1234:	200007b7          	lui	a5,0x20000
    1238:	d3d0                	sw	a2,36(a5)
    123a:	8082                	ret

0000123c <spi_read_response>:
    123c:	200007b7          	lui	a5,0x20000
    1240:	3e800713          	li	a4,1000
    1244:	07d1                	add	a5,a5,20 # 20000014 <_bss_lma_end+0x1fffaba0>
    1246:	4394                	lw	a3,0(a5)
    1248:	00769613          	sll	a2,a3,0x7
    124c:	00064963          	bltz	a2,125e <spi_read_response+0x22>
    1250:	200007b7          	lui	a5,0x20000
    1254:	5788                	lw	a0,40(a5)
    1256:	8121                	srl	a0,a0,0x8
    1258:	0ff57513          	zext.b	a0,a0
    125c:	8082                	ret
    125e:	177d                	add	a4,a4,-1
    1260:	f37d                	bnez	a4,1246 <spi_read_response+0xa>
    1262:	0ff00513          	li	a0,255
    1266:	8082                	ret

00001268 <end_sim_if_qspi_disabled>:
    1268:	300307b7          	lui	a5,0x30030
    126c:	0e07a783          	lw	a5,224(a5) # 300300e0 <_bss_lma_end+0x3002ac6c>
    1270:	8b89                	and	a5,a5,2
    1272:	e391                	bnez	a5,1276 <end_sim_if_qspi_disabled+0xe>
    1274:	a001                	j	1274 <end_sim_if_qspi_disabled+0xc>
    1276:	8082                	ret

00001278 <enable_spi_host>:
    1278:	0220000f          	fence	r,r
    127c:	0220000f          	fence	r,r
    1280:	a00007b7          	lui	a5,0xa0000
    1284:	20000737          	lui	a4,0x20000
    1288:	07f78793          	add	a5,a5,127 # a000007f <_tbs_der_store_end+0x4ffe105f>
    128c:	cb1c                	sw	a5,16(a4)
    128e:	8082                	ret

00001290 <init_qspi>:
    1290:	1141                	add	sp,sp,-16
    1292:	c606                	sw	ra,12(sp)
    1294:	3fd1                	jal	1268 <end_sim_if_qspi_disabled>
    1296:	40b2                	lw	ra,12(sp)
    1298:	0141                	add	sp,sp,16
    129a:	bff9                	j	1278 <enable_spi_host>

0000129c <configure_spi_host_slow>:
    129c:	200007b7          	lui	a5,0x20000
    12a0:	07f1                	add	a5,a5,28 # 2000001c <_bss_lma_end+0x1fffaba8>
    12a2:	e501                	bnez	a0,12aa <configure_spi_host_slow+0xe>
    12a4:	200007b7          	lui	a5,0x20000
    12a8:	07e1                	add	a5,a5,24 # 20000018 <_bss_lma_end+0x1fffaba4>
    12aa:	0220000f          	fence	r,r
    12ae:	0220000f          	fence	r,r
    12b2:	c0000737          	lui	a4,0xc0000
    12b6:	03170713          	add	a4,a4,49 # c0000031 <_tbs_der_store_end+0x6ffe1011>
    12ba:	c398                	sw	a4,0(a5)
    12bc:	8082                	ret

000012be <sd_send_cmd>:
    12be:	715d                	add	sp,sp,-80
    12c0:	72fd                	lui	t0,0xfffff
    12c2:	c686                	sw	ra,76(sp)
    12c4:	c4a2                	sw	s0,72(sp)
    12c6:	c2a6                	sw	s1,68(sp)
    12c8:	de4e                	sw	s3,60(sp)
    12ca:	d462                	sw	s8,40(sp)
    12cc:	c0ca                	sw	s2,64(sp)
    12ce:	dc52                	sw	s4,56(sp)
    12d0:	da56                	sw	s5,52(sp)
    12d2:	d85a                	sw	s6,48(sp)
    12d4:	d65e                	sw	s7,44(sp)
    12d6:	d266                	sw	s9,36(sp)
    12d8:	d06a                	sw	s10,32(sp)
    12da:	ce6e                	sw	s11,28(sp)
    12dc:	842a                	mv	s0,a0
    12de:	9116                	add	sp,sp,t0
    12e0:	4501                	li	a0,0
    12e2:	89ae                	mv	s3,a1
    12e4:	8c32                	mv	s8,a2
    12e6:	84b6                	mv	s1,a3
    12e8:	35d5                	jal	11cc <set_spi_csid>
    12ea:	8522                	mv	a0,s0
    12ec:	3dc5                	jal	11dc <write_tx_fifo>
    12ee:	4689                	li	a3,2
    12f0:	4601                	li	a2,0
    12f2:	4585                	li	a1,1
    12f4:	4501                	li	a0,0
    12f6:	3f11                	jal	120a <spi_command>
    12f8:	0189d513          	srl	a0,s3,0x18
    12fc:	35c5                	jal	11dc <write_tx_fifo>
    12fe:	4689                	li	a3,2
    1300:	4601                	li	a2,0
    1302:	4585                	li	a1,1
    1304:	4501                	li	a0,0
    1306:	3711                	jal	120a <spi_command>
    1308:	0109d513          	srl	a0,s3,0x10
    130c:	3dc1                	jal	11dc <write_tx_fifo>
    130e:	4689                	li	a3,2
    1310:	4601                	li	a2,0
    1312:	4585                	li	a1,1
    1314:	4501                	li	a0,0
    1316:	3dd5                	jal	120a <spi_command>
    1318:	0089d513          	srl	a0,s3,0x8
    131c:	35c1                	jal	11dc <write_tx_fifo>
    131e:	4689                	li	a3,2
    1320:	4601                	li	a2,0
    1322:	4585                	li	a1,1
    1324:	4501                	li	a0,0
    1326:	35d5                	jal	120a <spi_command>
    1328:	854e                	mv	a0,s3
    132a:	3d4d                	jal	11dc <write_tx_fifo>
    132c:	4501                	li	a0,0
    132e:	4689                	li	a3,2
    1330:	4601                	li	a2,0
    1332:	4585                	li	a1,1
    1334:	3dd9                	jal	120a <spi_command>
    1336:	04000793          	li	a5,64
    133a:	09500513          	li	a0,149
    133e:	00f40a63          	beq	s0,a5,1352 <sd_send_cmd+0x94>
    1342:	04800793          	li	a5,72
    1346:	08700513          	li	a0,135
    134a:	00f40463          	beq	s0,a5,1352 <sd_send_cmd+0x94>
    134e:	0ff00513          	li	a0,255
    1352:	3569                	jal	11dc <write_tx_fifo>
    1354:	4689                	li	a3,2
    1356:	4601                	li	a2,0
    1358:	4585                	li	a1,1
    135a:	4501                	li	a0,0
    135c:	357d                	jal	120a <spi_command>
    135e:	3db1                	jal	11ba <spi_command_wait>
    1360:	05200793          	li	a5,82
    1364:	12f41e63          	bne	s0,a5,14a0 <sd_send_cmd+0x1e2>
    1368:	6605                	lui	a2,0x1
    136a:	4581                	li	a1,0
    136c:	0808                	add	a0,sp,16
    136e:	80a5                	srl	s1,s1,0x9
    1370:	49b020ef          	jal	400a <memset>
    1374:	04000413          	li	s0,64
    1378:	557d                	li	a0,-1
    137a:	147d                	add	s0,s0,-1
    137c:	3585                	jal	11dc <write_tx_fifo>
    137e:	fc6d                	bnez	s0,1378 <sd_send_cmd+0xba>
    1380:	468d                	li	a3,3
    1382:	4601                	li	a2,0
    1384:	4585                	li	a1,1
    1386:	0ff00513          	li	a0,255
    138a:	3541                	jal	120a <spi_command>
    138c:	4981                	li	s3,0
    138e:	3535                	jal	11ba <spi_command_wait>
    1390:	4a01                	li	s4,0
    1392:	40000a93          	li	s5,1024
    1396:	02999f63          	bne	s3,s1,13d4 <sd_send_cmd+0x116>
    139a:	4505                	li	a0,1
    139c:	3d05                	jal	11cc <set_spi_csid>
    139e:	0ff00513          	li	a0,255
    13a2:	3d2d                	jal	11dc <write_tx_fifo>
    13a4:	4689                	li	a3,2
    13a6:	4601                	li	a2,0
    13a8:	4581                	li	a1,0
    13aa:	4501                	li	a0,0
    13ac:	3db9                	jal	120a <spi_command>
    13ae:	4401                	li	s0,0
    13b0:	6285                	lui	t0,0x1
    13b2:	9116                	add	sp,sp,t0
    13b4:	40b6                	lw	ra,76(sp)
    13b6:	8522                	mv	a0,s0
    13b8:	4496                	lw	s1,68(sp)
    13ba:	4426                	lw	s0,72(sp)
    13bc:	4906                	lw	s2,64(sp)
    13be:	59f2                	lw	s3,60(sp)
    13c0:	5a62                	lw	s4,56(sp)
    13c2:	5ad2                	lw	s5,52(sp)
    13c4:	5b42                	lw	s6,48(sp)
    13c6:	5bb2                	lw	s7,44(sp)
    13c8:	5c22                	lw	s8,40(sp)
    13ca:	5c92                	lw	s9,36(sp)
    13cc:	5d02                	lw	s10,32(sp)
    13ce:	4df2                	lw	s11,28(sp)
    13d0:	6161                	add	sp,sp,80
    13d2:	8082                	ret
    13d4:	01010913          	add	s2,sp,16
    13d8:	20000b37          	lui	s6,0x20000
    13dc:	20000bb7          	lui	s7,0x20000
    13e0:	8d4a                	mv	s10,s2
    13e2:	4c81                	li	s9,0
    13e4:	0b51                	add	s6,s6,20 # 20000014 <_bss_lma_end+0x1fffaba0>
    13e6:	028b8b93          	add	s7,s7,40 # 20000028 <_bss_lma_end+0x1fffabb4>
    13ea:	468d                	li	a3,3
    13ec:	4601                	li	a2,0
    13ee:	4585                	li	a1,1
    13f0:	0ff00513          	li	a0,255
    13f4:	3d19                	jal	120a <spi_command>
    13f6:	33d1                	jal	11ba <spi_command_wait>
    13f8:	04000513          	li	a0,64
    13fc:	3b71                	jal	1198 <fifo_rx_wait>
    13fe:	8dea                	mv	s11,s10
    1400:	4681                	li	a3,0
    1402:	000b2403          	lw	s0,0(s6)
    1406:	010007b7          	lui	a5,0x1000
    140a:	8c7d                	and	s0,s0,a5
    140c:	f87d                	bnez	s0,1402 <sd_send_cmd+0x144>
    140e:	000ba783          	lw	a5,0(s7)
    1412:	0ff7f613          	zext.b	a2,a5
    1416:	00cda023          	sw	a2,0(s11)
    141a:	0087d613          	srl	a2,a5,0x8
    141e:	0ff67613          	zext.b	a2,a2
    1422:	00cda223          	sw	a2,4(s11)
    1426:	0107d613          	srl	a2,a5,0x10
    142a:	0ff67613          	zext.b	a2,a2
    142e:	83e1                	srl	a5,a5,0x18
    1430:	00cda423          	sw	a2,8(s11)
    1434:	00fda623          	sw	a5,12(s11)
    1438:	557d                	li	a0,-1
    143a:	c636                	sw	a3,12(sp)
    143c:	3345                	jal	11dc <write_tx_fifo>
    143e:	46b2                	lw	a3,12(sp)
    1440:	0691                	add	a3,a3,4
    1442:	10000593          	li	a1,256
    1446:	0dc1                	add	s11,s11,16
    1448:	fab69de3          	bne	a3,a1,1402 <sd_send_cmd+0x144>
    144c:	9cae                	add	s9,s9,a1
    144e:	400d0d13          	add	s10,s10,1024
    1452:	f95c9ce3          	bne	s9,s5,13ea <sd_send_cmd+0x12c>
    1456:	0fe00793          	li	a5,254
    145a:	00092683          	lw	a3,0(s2)
    145e:	0405                	add	s0,s0,1
    1460:	02f68e63          	beq	a3,a5,149c <sd_send_cmd+0x1de>
    1464:	0911                	add	s2,s2,4
    1466:	ff541ae3          	bne	s0,s5,145a <sd_send_cmd+0x19c>
    146a:	468d                	li	a3,3
    146c:	4601                	li	a2,0
    146e:	4585                	li	a1,1
    1470:	0ff00513          	li	a0,255
    1474:	3b59                	jal	120a <spi_command>
    1476:	020a0163          	beqz	s4,1498 <sd_send_cmd+0x1da>
    147a:	200a0793          	add	a5,s4,512
    147e:	00faed63          	bltu	s5,a5,1498 <sd_send_cmd+0x1da>
    1482:	00999513          	sll	a0,s3,0x9
    1486:	010a0793          	add	a5,s4,16
    148a:	20000613          	li	a2,512
    148e:	002785b3          	add	a1,a5,sp
    1492:	9562                	add	a0,a0,s8
    1494:	41f020ef          	jal	40b2 <memcpy>
    1498:	0985                	add	s3,s3,1
    149a:	bdf5                	j	1396 <sd_send_cmd+0xd8>
    149c:	8a22                	mv	s4,s0
    149e:	b7f1                	j	146a <sd_send_cmd+0x1ac>
    14a0:	05100793          	li	a5,81
    14a4:	1ef41163          	bne	s0,a5,1686 <sd_send_cmd+0x3c8>
    14a8:	40000613          	li	a2,1024
    14ac:	4581                	li	a1,0
    14ae:	0808                	add	a0,sp,16
    14b0:	35b020ef          	jal	400a <memset>
    14b4:	04000413          	li	s0,64
    14b8:	557d                	li	a0,-1
    14ba:	147d                	add	s0,s0,-1
    14bc:	3305                	jal	11dc <write_tx_fifo>
    14be:	fc6d                	bnez	s0,14b8 <sd_send_cmd+0x1fa>
    14c0:	468d                	li	a3,3
    14c2:	4601                	li	a2,0
    14c4:	4585                	li	a1,1
    14c6:	0ff00513          	li	a0,255
    14ca:	3381                	jal	120a <spi_command>
    14cc:	31fd                	jal	11ba <spi_command_wait>
    14ce:	100287b7          	lui	a5,0x10028
    14d2:	4f9c                	lw	a5,24(a5)
    14d4:	468d                	li	a3,3
    14d6:	4601                	li	a2,0
    14d8:	4585                	li	a1,1
    14da:	0ff00513          	li	a0,255
    14de:	3335                	jal	120a <spi_command>
    14e0:	39e9                	jal	11ba <spi_command_wait>
    14e2:	0800                	add	s0,sp,16
    14e4:	04000513          	li	a0,64
    14e8:	20000ab7          	lui	s5,0x20000
    14ec:	20000a37          	lui	s4,0x20000
    14f0:	3165                	jal	1198 <fifo_rx_wait>
    14f2:	10040993          	add	s3,s0,256
    14f6:	84a2                	mv	s1,s0
    14f8:	0ad1                	add	s5,s5,20 # 20000014 <_bss_lma_end+0x1fffaba0>
    14fa:	028a0a13          	add	s4,s4,40 # 20000028 <_bss_lma_end+0x1fffabb4>
    14fe:	000aa783          	lw	a5,0(s5)
    1502:	00779713          	sll	a4,a5,0x7
    1506:	fe074ce3          	bltz	a4,14fe <sd_send_cmd+0x240>
    150a:	000a2783          	lw	a5,0(s4)
    150e:	0087d713          	srl	a4,a5,0x8
    1512:	00f48023          	sb	a5,0(s1)
    1516:	00e480a3          	sb	a4,1(s1)
    151a:	0107d713          	srl	a4,a5,0x10
    151e:	83e1                	srl	a5,a5,0x18
    1520:	00e48123          	sb	a4,2(s1)
    1524:	00f481a3          	sb	a5,3(s1)
    1528:	557d                	li	a0,-1
    152a:	0491                	add	s1,s1,4
    152c:	3945                	jal	11dc <write_tx_fifo>
    152e:	fd3498e3          	bne	s1,s3,14fe <sd_send_cmd+0x240>
    1532:	468d                	li	a3,3
    1534:	4601                	li	a2,0
    1536:	4585                	li	a1,1
    1538:	0ff00513          	li	a0,255
    153c:	31f9                	jal	120a <spi_command>
    153e:	39b5                	jal	11ba <spi_command_wait>
    1540:	04000513          	li	a0,64
    1544:	20000ab7          	lui	s5,0x20000
    1548:	20000a37          	lui	s4,0x20000
    154c:	31b1                	jal	1198 <fifo_rx_wait>
    154e:	84a2                	mv	s1,s0
    1550:	0ad1                	add	s5,s5,20 # 20000014 <_bss_lma_end+0x1fffaba0>
    1552:	028a0a13          	add	s4,s4,40 # 20000028 <_bss_lma_end+0x1fffabb4>
    1556:	000aa783          	lw	a5,0(s5)
    155a:	00779713          	sll	a4,a5,0x7
    155e:	fe074ce3          	bltz	a4,1556 <sd_send_cmd+0x298>
    1562:	000a2783          	lw	a5,0(s4)
    1566:	0087d713          	srl	a4,a5,0x8
    156a:	10f48023          	sb	a5,256(s1)
    156e:	10e480a3          	sb	a4,257(s1)
    1572:	0107d713          	srl	a4,a5,0x10
    1576:	83e1                	srl	a5,a5,0x18
    1578:	10e48123          	sb	a4,258(s1)
    157c:	10f481a3          	sb	a5,259(s1)
    1580:	557d                	li	a0,-1
    1582:	0491                	add	s1,s1,4
    1584:	39a1                	jal	11dc <write_tx_fifo>
    1586:	fd3498e3          	bne	s1,s3,1556 <sd_send_cmd+0x298>
    158a:	468d                	li	a3,3
    158c:	4601                	li	a2,0
    158e:	4585                	li	a1,1
    1590:	0ff00513          	li	a0,255
    1594:	399d                	jal	120a <spi_command>
    1596:	3115                	jal	11ba <spi_command_wait>
    1598:	04000513          	li	a0,64
    159c:	20000ab7          	lui	s5,0x20000
    15a0:	20000a37          	lui	s4,0x20000
    15a4:	3ed5                	jal	1198 <fifo_rx_wait>
    15a6:	84a2                	mv	s1,s0
    15a8:	0ad1                	add	s5,s5,20 # 20000014 <_bss_lma_end+0x1fffaba0>
    15aa:	028a0a13          	add	s4,s4,40 # 20000028 <_bss_lma_end+0x1fffabb4>
    15ae:	000aa783          	lw	a5,0(s5)
    15b2:	00779713          	sll	a4,a5,0x7
    15b6:	fe074ce3          	bltz	a4,15ae <sd_send_cmd+0x2f0>
    15ba:	000a2783          	lw	a5,0(s4)
    15be:	0087d713          	srl	a4,a5,0x8
    15c2:	20f48023          	sb	a5,512(s1)
    15c6:	20e480a3          	sb	a4,513(s1)
    15ca:	0107d713          	srl	a4,a5,0x10
    15ce:	83e1                	srl	a5,a5,0x18
    15d0:	20e48123          	sb	a4,514(s1)
    15d4:	20f481a3          	sb	a5,515(s1)
    15d8:	557d                	li	a0,-1
    15da:	0491                	add	s1,s1,4
    15dc:	3101                	jal	11dc <write_tx_fifo>
    15de:	fd3498e3          	bne	s1,s3,15ae <sd_send_cmd+0x2f0>
    15e2:	468d                	li	a3,3
    15e4:	4601                	li	a2,0
    15e6:	4581                	li	a1,0
    15e8:	0ff00513          	li	a0,255
    15ec:	3939                	jal	120a <spi_command>
    15ee:	4505                	li	a0,1
    15f0:	3ef1                	jal	11cc <set_spi_csid>
    15f2:	36e1                	jal	11ba <spi_command_wait>
    15f4:	04000513          	li	a0,64
    15f8:	20000ab7          	lui	s5,0x20000
    15fc:	20000a37          	lui	s4,0x20000
    1600:	3e61                	jal	1198 <fifo_rx_wait>
    1602:	0ad1                	add	s5,s5,20 # 20000014 <_bss_lma_end+0x1fffaba0>
    1604:	01000b37          	lui	s6,0x1000
    1608:	028a0a13          	add	s4,s4,40 # 20000028 <_bss_lma_end+0x1fffabb4>
    160c:	000aa483          	lw	s1,0(s5)
    1610:	0164f4b3          	and	s1,s1,s6
    1614:	fce5                	bnez	s1,160c <sd_send_cmd+0x34e>
    1616:	000a2783          	lw	a5,0(s4)
    161a:	0087d713          	srl	a4,a5,0x8
    161e:	30f40023          	sb	a5,768(s0)
    1622:	30e400a3          	sb	a4,769(s0)
    1626:	0107d713          	srl	a4,a5,0x10
    162a:	83e1                	srl	a5,a5,0x18
    162c:	30e40123          	sb	a4,770(s0)
    1630:	30f401a3          	sb	a5,771(s0)
    1634:	557d                	li	a0,-1
    1636:	0411                	add	s0,s0,4
    1638:	3655                	jal	11dc <write_tx_fifo>
    163a:	fd3419e3          	bne	s0,s3,160c <sd_send_cmd+0x34e>
    163e:	557d                	li	a0,-1
    1640:	3e71                	jal	11dc <write_tx_fifo>
    1642:	557d                	li	a0,-1
    1644:	3e61                	jal	11dc <write_tx_fifo>
    1646:	4689                	li	a3,2
    1648:	4581                	li	a1,0
    164a:	4601                	li	a2,0
    164c:	451d                	li	a0,7
    164e:	3e75                	jal	120a <spi_command>
    1650:	080c                	add	a1,sp,16
    1652:	0fe00693          	li	a3,254
    1656:	40000713          	li	a4,1024
    165a:	009587b3          	add	a5,a1,s1
    165e:	0007c603          	lbu	a2,0(a5) # 10028000 <_bss_lma_end+0x10022b8c>
    1662:	87a6                	mv	a5,s1
    1664:	0485                	add	s1,s1,1
    1666:	00d61d63          	bne	a2,a3,1680 <sd_send_cmd+0x3c2>
    166a:	20178793          	add	a5,a5,513
    166e:	d4f760e3          	bltu	a4,a5,13ae <sd_send_cmd+0xf0>
    1672:	20000613          	li	a2,512
    1676:	95a6                	add	a1,a1,s1
    1678:	8562                	mv	a0,s8
    167a:	239020ef          	jal	40b2 <memcpy>
    167e:	bb05                	j	13ae <sd_send_cmd+0xf0>
    1680:	fce49de3          	bne	s1,a4,165a <sd_send_cmd+0x39c>
    1684:	b32d                	j	13ae <sd_send_cmd+0xf0>
    1686:	4685                	li	a3,1
    1688:	8536                	mv	a0,a3
    168a:	4601                	li	a2,0
    168c:	4581                	li	a1,0
    168e:	3eb5                	jal	120a <spi_command>
    1690:	4505                	li	a0,1
    1692:	3e2d                	jal	11cc <set_spi_csid>
    1694:	361d                	jal	11ba <spi_command_wait>
    1696:	365d                	jal	123c <spi_read_response>
    1698:	842a                	mv	s0,a0
    169a:	0ff00513          	li	a0,255
    169e:	3e3d                	jal	11dc <write_tx_fifo>
    16a0:	4689                	li	a3,2
    16a2:	4601                	li	a2,0
    16a4:	4581                	li	a1,0
    16a6:	4501                	li	a0,0
    16a8:	368d                	jal	120a <spi_command>
    16aa:	b319                	j	13b0 <sd_send_cmd+0xf2>

000016ac <sendpulse>:
    16ac:	1141                	add	sp,sp,-16
    16ae:	557d                	li	a0,-1
    16b0:	c606                	sw	ra,12(sp)
    16b2:	362d                	jal	11dc <write_tx_fifo>
    16b4:	40b2                	lw	ra,12(sp)
    16b6:	4689                	li	a3,2
    16b8:	4601                	li	a2,0
    16ba:	4581                	li	a1,0
    16bc:	450d                	li	a0,3
    16be:	0141                	add	sp,sp,16
    16c0:	b6a9                	j	120a <spi_command>

000016c2 <init_sd_card>:
    16c2:	1141                	add	sp,sp,-16
    16c4:	c606                	sw	ra,12(sp)
    16c6:	c422                	sw	s0,8(sp)
    16c8:	c226                	sw	s1,4(sp)
    16ca:	c04a                	sw	s2,0(sp)
    16cc:	3675                	jal	1278 <enable_spi_host>
    16ce:	4501                	li	a0,0
    16d0:	36f1                	jal	129c <configure_spi_host_slow>
    16d2:	4505                	li	a0,1
    16d4:	36e1                	jal	129c <configure_spi_host_slow>
    16d6:	4505                	li	a0,1
    16d8:	af5ff0ef          	jal	11cc <set_spi_csid>
    16dc:	4451                	li	s0,20
    16de:	37f9                	jal	16ac <sendpulse>
    16e0:	4905                	li	s2,1
    16e2:	37e9                	jal	16ac <sendpulse>
    16e4:	54fd                	li	s1,-1
    16e6:	37d9                	jal	16ac <sendpulse>
    16e8:	4681                	li	a3,0
    16ea:	4601                	li	a2,0
    16ec:	4581                	li	a1,0
    16ee:	04000513          	li	a0,64
    16f2:	36f1                	jal	12be <sd_send_cmd>
    16f4:	07251563          	bne	a0,s2,175e <init_sd_card+0x9c>
    16f8:	4485                	li	s1,1
    16fa:	4681                	li	a3,0
    16fc:	4601                	li	a2,0
    16fe:	1aa00593          	li	a1,426
    1702:	04800513          	li	a0,72
    1706:	3e65                	jal	12be <sd_send_cmd>
    1708:	06950763          	beq	a0,s1,1776 <init_sd_card+0xb4>
    170c:	fff40793          	add	a5,s0,-1
    1710:	e02d                	bnez	s0,1772 <init_sd_card+0xb0>
    1712:	4681                	li	a3,0
    1714:	4601                	li	a2,0
    1716:	4581                	li	a1,0
    1718:	06900513          	li	a0,105
    171c:	364d                	jal	12be <sd_send_cmd>
    171e:	00a4b433          	sltu	s0,s1,a0
    1722:	40800433          	neg	s0,s0
    1726:	fd847413          	and	s0,s0,-40
    172a:	06940413          	add	s0,s0,105
    172e:	3e800493          	li	s1,1000
    1732:	597d                	li	s2,-1
    1734:	4681                	li	a3,0
    1736:	4601                	li	a2,0
    1738:	4581                	li	a1,0
    173a:	8522                	mv	a0,s0
    173c:	3649                	jal	12be <sd_send_cmd>
    173e:	c92d                	beqz	a0,17b0 <init_sd_card+0xee>
    1740:	14fd                	add	s1,s1,-1
    1742:	ff2499e3          	bne	s1,s2,1734 <init_sd_card+0x72>
    1746:	4681                	li	a3,0
    1748:	4601                	li	a2,0
    174a:	20000593          	li	a1,512
    174e:	05000513          	li	a0,80
    1752:	36b5                	jal	12be <sd_send_cmd>
    1754:	00a03533          	snez	a0,a0
    1758:	40a00533          	neg	a0,a0
    175c:	a029                	j	1766 <init_sd_card+0xa4>
    175e:	147d                	add	s0,s0,-1
    1760:	f89414e3          	bne	s0,s1,16e8 <init_sd_card+0x26>
    1764:	557d                	li	a0,-1
    1766:	40b2                	lw	ra,12(sp)
    1768:	4422                	lw	s0,8(sp)
    176a:	4492                	lw	s1,4(sp)
    176c:	4902                	lw	s2,0(sp)
    176e:	0141                	add	sp,sp,16
    1770:	8082                	ret
    1772:	843e                	mv	s0,a5
    1774:	b759                	j	16fa <init_sd_card+0x38>
    1776:	3e900493          	li	s1,1001
    177a:	4405                	li	s0,1
    177c:	4681                	li	a3,0
    177e:	4601                	li	a2,0
    1780:	4581                	li	a1,0
    1782:	07700513          	li	a0,119
    1786:	b39ff0ef          	jal	12be <sd_send_cmd>
    178a:	02851163          	bne	a0,s0,17ac <init_sd_card+0xea>
    178e:	4681                	li	a3,0
    1790:	4601                	li	a2,0
    1792:	400005b7          	lui	a1,0x40000
    1796:	06900513          	li	a0,105
    179a:	b25ff0ef          	jal	12be <sd_send_cmd>
    179e:	c501                	beqz	a0,17a6 <init_sd_card+0xe4>
    17a0:	14fd                	add	s1,s1,-1
    17a2:	fce9                	bnez	s1,177c <init_sd_card+0xba>
    17a4:	4401                	li	s0,0
    17a6:	fff40513          	add	a0,s0,-1
    17aa:	bf75                	j	1766 <init_sd_card+0xa4>
    17ac:	f975                	bnez	a0,17a0 <init_sd_card+0xde>
    17ae:	bfdd                	j	17a4 <init_sd_card+0xe2>
    17b0:	d8d5                	beqz	s1,1764 <init_sd_card+0xa2>
    17b2:	bf51                	j	1746 <init_sd_card+0x84>

000017b4 <read_sd_card>:
    17b4:	1101                	add	sp,sp,-32
    17b6:	c64e                	sw	s3,12(sp)
    17b8:	89b6                	mv	s3,a3
    17ba:	cc22                	sw	s0,24(sp)
    17bc:	ca26                	sw	s1,20(sp)
    17be:	c84a                	sw	s2,16(sp)
    17c0:	ce06                	sw	ra,28(sp)
    17c2:	842a                	mv	s0,a0
    17c4:	84ae                	mv	s1,a1
    17c6:	8932                	mv	s2,a2
    17c8:	8e1ff0ef          	jal	10a8 <check_spi_status>
    17cc:	00099f63          	bnez	s3,17ea <read_sd_card+0x36>
    17d0:	4681                	li	a3,0
    17d2:	8626                	mv	a2,s1
    17d4:	85a2                	mv	a1,s0
    17d6:	05100513          	li	a0,81
    17da:	4462                	lw	s0,24(sp)
    17dc:	40f2                	lw	ra,28(sp)
    17de:	44d2                	lw	s1,20(sp)
    17e0:	4942                	lw	s2,16(sp)
    17e2:	49b2                	lw	s3,12(sp)
    17e4:	6105                	add	sp,sp,32
    17e6:	ad9ff06f          	j	12be <sd_send_cmd>
    17ea:	86ca                	mv	a3,s2
    17ec:	8626                	mv	a2,s1
    17ee:	85a2                	mv	a1,s0
    17f0:	05200513          	li	a0,82
    17f4:	b7dd                	j	17da <read_sd_card+0x26>

000017f6 <sha256_flow_produce>:
    17f6:	1141                	add	sp,sp,-16
    17f8:	10028737          	lui	a4,0x10028
    17fc:	c422                	sw	s0,8(sp)
    17fe:	c606                	sw	ra,12(sp)
    1800:	842e                	mv	s0,a1
    1802:	0761                	add	a4,a4,24 # 10028018 <_bss_lma_end+0x10022ba4>
    1804:	431c                	lw	a5,0(a4)
    1806:	8b85                	and	a5,a5,1
    1808:	dff5                	beqz	a5,1804 <sha256_flow_produce+0xe>
    180a:	100287b7          	lui	a5,0x10028
    180e:	10028737          	lui	a4,0x10028
    1812:	08078793          	add	a5,a5,128 # 10028080 <_bss_lma_end+0x10022c0c>
    1816:	0c070713          	add	a4,a4,192 # 100280c0 <_bss_lma_end+0x10022c4c>
    181a:	86be                	mv	a3,a5
    181c:	4150                	lw	a2,4(a0)
    181e:	0791                	add	a5,a5,4
    1820:	c290                	sw	a2,0(a3)
    1822:	0511                	add	a0,a0,4
    1824:	fee79be3          	bne	a5,a4,181a <sha256_flow_produce+0x24>
    1828:	50010537          	lui	a0,0x50010
    182c:	040a                	sll	s0,s0,0x2
    182e:	72850513          	add	a0,a0,1832 # 50010728 <__func__.0+0x218>
    1832:	8811                	and	s0,s0,4
    1834:	855ff0ef          	jal	1088 <puts>
    1838:	00146413          	or	s0,s0,1
    183c:	0220000f          	fence	r,r
    1840:	0220000f          	fence	r,r
    1844:	100287b7          	lui	a5,0x10028
    1848:	cb80                	sw	s0,16(a5)
    184a:	01878713          	add	a4,a5,24 # 10028018 <_bss_lma_end+0x10022ba4>
    184e:	431c                	lw	a5,0(a4)
    1850:	8b89                	and	a5,a5,2
    1852:	dff5                	beqz	a5,184e <sha256_flow_produce+0x58>
    1854:	50010537          	lui	a0,0x50010
    1858:	73850513          	add	a0,a0,1848 # 50010738 <__func__.0+0x228>
    185c:	82dff0ef          	jal	1088 <puts>
    1860:	100287b7          	lui	a5,0x10028
    1864:	1007a783          	lw	a5,256(a5) # 10028100 <_bss_lma_end+0x10022c8c>
    1868:	100287b7          	lui	a5,0x10028
    186c:	1047a783          	lw	a5,260(a5) # 10028104 <_bss_lma_end+0x10022c90>
    1870:	100287b7          	lui	a5,0x10028
    1874:	1087a783          	lw	a5,264(a5) # 10028108 <_bss_lma_end+0x10022c94>
    1878:	100287b7          	lui	a5,0x10028
    187c:	10c7a783          	lw	a5,268(a5) # 1002810c <_bss_lma_end+0x10022c98>
    1880:	100287b7          	lui	a5,0x10028
    1884:	1107a783          	lw	a5,272(a5) # 10028110 <_bss_lma_end+0x10022c9c>
    1888:	100287b7          	lui	a5,0x10028
    188c:	1147a783          	lw	a5,276(a5) # 10028114 <_bss_lma_end+0x10022ca0>
    1890:	100287b7          	lui	a5,0x10028
    1894:	1187a783          	lw	a5,280(a5) # 10028118 <_bss_lma_end+0x10022ca4>
    1898:	40b2                	lw	ra,12(sp)
    189a:	4422                	lw	s0,8(sp)
    189c:	100287b7          	lui	a5,0x10028
    18a0:	11c7a783          	lw	a5,284(a5) # 1002811c <_bss_lma_end+0x10022ca8>
    18a4:	0141                	add	sp,sp,16
    18a6:	8082                	ret

000018a8 <sha384_core>:
    18a8:	ff0107b7          	lui	a5,0xff010
    18ac:	d0010113          	add	sp,sp,-768
    18b0:	f0078793          	add	a5,a5,-256 # ff00ff00 <_tbs_der_store_end+0xaeff0ee0>
    18b4:	c0be                	sw	a5,64(sp)
    18b6:	00ff07b7          	lui	a5,0xff0
    18ba:	0ff78793          	add	a5,a5,255 # ff00ff <_bss_lma_end+0xfeac8b>
    18be:	2f712023          	sw	s7,736(sp)
    18c2:	2e812e23          	sw	s0,764(sp)
    18c6:	2e912c23          	sw	s1,760(sp)
    18ca:	2f212a23          	sw	s2,756(sp)
    18ce:	2f312823          	sw	s3,752(sp)
    18d2:	2f412623          	sw	s4,748(sp)
    18d6:	2f512423          	sw	s5,744(sp)
    18da:	2f612223          	sw	s6,740(sp)
    18de:	2d812e23          	sw	s8,732(sp)
    18e2:	2d912c23          	sw	s9,728(sp)
    18e6:	2da12a23          	sw	s10,724(sp)
    18ea:	2db12823          	sw	s11,720(sp)
    18ee:	c4aa                	sw	a0,72(sp)
    18f0:	c6ae                	sw	a1,76(sp)
    18f2:	4b81                	li	s7,0
    18f4:	c2be                	sw	a5,68(sp)
    18f6:	47b6                	lw	a5,76(sp)
    18f8:	02fbed63          	bltu	s7,a5,1932 <sha384_core+0x8a>
    18fc:	2fc12403          	lw	s0,764(sp)
    1900:	2f812483          	lw	s1,760(sp)
    1904:	2f412903          	lw	s2,756(sp)
    1908:	2f012983          	lw	s3,752(sp)
    190c:	2ec12a03          	lw	s4,748(sp)
    1910:	2e812a83          	lw	s5,744(sp)
    1914:	2e412b03          	lw	s6,740(sp)
    1918:	2e012b83          	lw	s7,736(sp)
    191c:	2dc12c03          	lw	s8,732(sp)
    1920:	2d812c83          	lw	s9,728(sp)
    1924:	2d412d03          	lw	s10,724(sp)
    1928:	2d012d83          	lw	s11,720(sp)
    192c:	30010113          	add	sp,sp,768
    1930:	8082                	ret
    1932:	47a6                	lw	a5,72(sp)
    1934:	4581                	li	a1,0
    1936:	01778533          	add	a0,a5,s7
    193a:	00b507b3          	add	a5,a0,a1
    193e:	43d4                	lw	a3,4(a5)
    1940:	0007a803          	lw	a6,0(a5)
    1944:	0106d713          	srl	a4,a3,0x10
    1948:	01081793          	sll	a5,a6,0x10
    194c:	8fd9                	or	a5,a5,a4
    194e:	7741                	lui	a4,0xffff0
    1950:	8f7d                	and	a4,a4,a5
    1952:	01085813          	srl	a6,a6,0x10
    1956:	07c2                	sll	a5,a5,0x10
    1958:	01076733          	or	a4,a4,a6
    195c:	06c2                	sll	a3,a3,0x10
    195e:	83c1                	srl	a5,a5,0x10
    1960:	8fd5                	or	a5,a5,a3
    1962:	0186d813          	srl	a6,a3,0x18
    1966:	00871693          	sll	a3,a4,0x8
    196a:	4406                	lw	s0,64(sp)
    196c:	01871893          	sll	a7,a4,0x18
    1970:	00d866b3          	or	a3,a6,a3
    1974:	00879813          	sll	a6,a5,0x8
    1978:	83a1                	srl	a5,a5,0x8
    197a:	00887833          	and	a6,a6,s0
    197e:	8ee1                	and	a3,a3,s0
    1980:	00f8e7b3          	or	a5,a7,a5
    1984:	4416                	lw	s0,68(sp)
    1986:	8321                	srl	a4,a4,0x8
    1988:	8fe1                	and	a5,a5,s0
    198a:	8f61                	and	a4,a4,s0
    198c:	05058413          	add	s0,a1,80 # 40000050 <_bss_lma_end+0x3fffabdc>
    1990:	002408b3          	add	a7,s0,sp
    1994:	00f867b3          	or	a5,a6,a5
    1998:	8ed9                	or	a3,a3,a4
    199a:	00f8a023          	sw	a5,0(a7)
    199e:	00d8a223          	sw	a3,4(a7)
    19a2:	05a1                	add	a1,a1,8
    19a4:	08000793          	li	a5,128
    19a8:	f8f599e3          	bne	a1,a5,193a <sha384_core+0x92>
    19ac:	0894                	add	a3,sp,80
    19ae:	46cc                	lw	a1,12(a3)
    19b0:	4698                	lw	a4,8(a3)
    19b2:	00175813          	srl	a6,a4,0x1
    19b6:	01f59793          	sll	a5,a1,0x1f
    19ba:	0015d313          	srl	t1,a1,0x1
    19be:	0107e7b3          	or	a5,a5,a6
    19c2:	01f71813          	sll	a6,a4,0x1f
    19c6:	00686833          	or	a6,a6,t1
    19ca:	01859e13          	sll	t3,a1,0x18
    19ce:	00875313          	srl	t1,a4,0x8
    19d2:	006e6e33          	or	t3,t3,t1
    19d6:	0085de93          	srl	t4,a1,0x8
    19da:	01871313          	sll	t1,a4,0x18
    19de:	01d36333          	or	t1,t1,t4
    19e2:	00684833          	xor	a6,a6,t1
    19e6:	831d                	srl	a4,a4,0x7
    19e8:	01959313          	sll	t1,a1,0x19
    19ec:	00e36733          	or	a4,t1,a4
    19f0:	01c7c7b3          	xor	a5,a5,t3
    19f4:	819d                	srl	a1,a1,0x7
    19f6:	8fb9                	xor	a5,a5,a4
    19f8:	00b84833          	xor	a6,a6,a1
    19fc:	4298                	lw	a4,0(a3)
    19fe:	46ac                	lw	a1,72(a3)
    1a00:	04c6ae03          	lw	t3,76(a3)
    1a04:	0046a303          	lw	t1,4(a3)
    1a08:	95ba                	add	a1,a1,a4
    1a0a:	00e5b733          	sltu	a4,a1,a4
    1a0e:	9372                	add	t1,t1,t3
    1a10:	933a                	add	t1,t1,a4
    1a12:	95be                	add	a1,a1,a5
    1a14:	0746a883          	lw	a7,116(a3)
    1a18:	5aa8                	lw	a0,112(a3)
    1a1a:	00f5b7b3          	sltu	a5,a1,a5
    1a1e:	981a                	add	a6,a6,t1
    1a20:	01078733          	add	a4,a5,a6
    1a24:	01355813          	srl	a6,a0,0x13
    1a28:	00d89793          	sll	a5,a7,0xd
    1a2c:	0138d313          	srl	t1,a7,0x13
    1a30:	0107e7b3          	or	a5,a5,a6
    1a34:	00d51813          	sll	a6,a0,0xd
    1a38:	00686833          	or	a6,a6,t1
    1a3c:	01d8de13          	srl	t3,a7,0x1d
    1a40:	00351313          	sll	t1,a0,0x3
    1a44:	006e6e33          	or	t3,t3,t1
    1a48:	00389e93          	sll	t4,a7,0x3
    1a4c:	01d55313          	srl	t1,a0,0x1d
    1a50:	01d36333          	or	t1,t1,t4
    1a54:	00684833          	xor	a6,a6,t1
    1a58:	8119                	srl	a0,a0,0x6
    1a5a:	01a89313          	sll	t1,a7,0x1a
    1a5e:	00a36533          	or	a0,t1,a0
    1a62:	01c7c7b3          	xor	a5,a5,t3
    1a66:	8fa9                	xor	a5,a5,a0
    1a68:	0068d893          	srl	a7,a7,0x6
    1a6c:	97ae                	add	a5,a5,a1
    1a6e:	01184533          	xor	a0,a6,a7
    1a72:	00b7b5b3          	sltu	a1,a5,a1
    1a76:	972a                	add	a4,a4,a0
    1a78:	95ba                	add	a1,a1,a4
    1a7a:	08068713          	add	a4,a3,128
    1a7e:	c31c                	sw	a5,0(a4)
    1a80:	c34c                	sw	a1,4(a4)
    1a82:	06a1                	add	a3,a3,8
    1a84:	0c9c                	add	a5,sp,592
    1a86:	f2d794e3          	bne	a5,a3,19ae <sha384_core+0x106>
    1a8a:	425c                	lw	a5,4(a2)
    1a8c:	cc3e                	sw	a5,24(sp)
    1a8e:	465c                	lw	a5,12(a2)
    1a90:	ce3e                	sw	a5,28(sp)
    1a92:	4a5c                	lw	a5,20(a2)
    1a94:	d03e                	sw	a5,32(sp)
    1a96:	4e1c                	lw	a5,24(a2)
    1a98:	c23e                	sw	a5,4(sp)
    1a9a:	4e5c                	lw	a5,28(a2)
    1a9c:	d23e                	sw	a5,36(sp)
    1a9e:	521c                	lw	a5,32(a2)
    1aa0:	c43e                	sw	a5,8(sp)
    1aa2:	525c                	lw	a5,36(a2)
    1aa4:	d43e                	sw	a5,40(sp)
    1aa6:	561c                	lw	a5,40(a2)
    1aa8:	c63e                	sw	a5,12(sp)
    1aaa:	565c                	lw	a5,44(a2)
    1aac:	d63e                	sw	a5,44(sp)
    1aae:	5a1c                	lw	a5,48(a2)
    1ab0:	c83e                	sw	a5,16(sp)
    1ab2:	5a5c                	lw	a5,52(a2)
    1ab4:	d83e                	sw	a5,48(sp)
    1ab6:	5e1c                	lw	a5,56(a2)
    1ab8:	ca3e                	sw	a5,20(sp)
    1aba:	5e5c                	lw	a5,60(a2)
    1abc:	4204                	lw	s1,0(a2)
    1abe:	4600                	lw	s0,8(a2)
    1ac0:	01062383          	lw	t2,16(a2) # 1010 <whisperPrintfImpl+0xf2>
    1ac4:	da3e                	sw	a5,52(sp)
    1ac6:	4352                	lw	t1,20(sp)
    1ac8:	8d3e                	mv	s10,a5
    1aca:	4fc2                	lw	t6,16(sp)
    1acc:	5c42                	lw	s8,48(sp)
    1ace:	42b2                	lw	t0,12(sp)
    1ad0:	4792                	lw	a5,4(sp)
    1ad2:	dc3e                	sw	a5,56(sp)
    1ad4:	5792                	lw	a5,36(sp)
    1ad6:	5cb2                	lw	s9,44(sp)
    1ad8:	46a2                	lw	a3,8(sp)
    1ada:	5522                	lw	a0,40(sp)
    1adc:	de3e                	sw	a5,60(sp)
    1ade:	8e9e                	mv	t4,t2
    1ae0:	5982                	lw	s3,32(sp)
    1ae2:	8f22                	mv	t5,s0
    1ae4:	4a72                	lw	s4,28(sp)
    1ae6:	85a6                	mv	a1,s1
    1ae8:	48e2                	lw	a7,24(sp)
    1aea:	4a81                	li	s5,0
    1aec:	500117b7          	lui	a5,0x50011
    1af0:	88078713          	add	a4,a5,-1920 # 50010880 <k>
    1af4:	050a8793          	add	a5,s5,80
    1af8:	9756                	add	a4,a4,s5
    1afa:	00278e33          	add	t3,a5,sp
    1afe:	00472803          	lw	a6,4(a4) # ffff0004 <_tbs_der_store_end+0xaffd0fe4>
    1b02:	431c                	lw	a5,0(a4)
    1b04:	000e2703          	lw	a4,0(t3)
    1b08:	973e                	add	a4,a4,a5
    1b0a:	004e2e03          	lw	t3,4(t3)
    1b0e:	9872                	add	a6,a6,t3
    1b10:	00f737b3          	sltu	a5,a4,a5
    1b14:	fff6cb13          	not	s6,a3
    1b18:	97c2                	add	a5,a5,a6
    1b1a:	01fb7b33          	and	s6,s6,t6
    1b1e:	fff54913          	not	s2,a0
    1b22:	0056f833          	and	a6,a3,t0
    1b26:	01897933          	and	s2,s2,s8
    1b2a:	010b4833          	xor	a6,s6,a6
    1b2e:	01957e33          	and	t3,a0,s9
    1b32:	01c94e33          	xor	t3,s2,t3
    1b36:	983a                	add	a6,a6,a4
    1b38:	97f2                	add	a5,a5,t3
    1b3a:	00e83733          	sltu	a4,a6,a4
    1b3e:	973e                	add	a4,a4,a5
    1b40:	01251913          	sll	s2,a0,0x12
    1b44:	00e6d793          	srl	a5,a3,0xe
    1b48:	00f96933          	or	s2,s2,a5
    1b4c:	01269e13          	sll	t3,a3,0x12
    1b50:	00e55793          	srl	a5,a0,0xe
    1b54:	00fe6e33          	or	t3,t3,a5
    1b58:	00e51b13          	sll	s6,a0,0xe
    1b5c:	0126d793          	srl	a5,a3,0x12
    1b60:	00fb6b33          	or	s6,s6,a5
    1b64:	01255d93          	srl	s11,a0,0x12
    1b68:	00e69793          	sll	a5,a3,0xe
    1b6c:	01b7e7b3          	or	a5,a5,s11
    1b70:	01694933          	xor	s2,s2,s6
    1b74:	00fe4e33          	xor	t3,t3,a5
    1b78:	01769b13          	sll	s6,a3,0x17
    1b7c:	00955793          	srl	a5,a0,0x9
    1b80:	0167e7b3          	or	a5,a5,s6
    1b84:	01751d93          	sll	s11,a0,0x17
    1b88:	0096db13          	srl	s6,a3,0x9
    1b8c:	01bb6b33          	or	s6,s6,s11
    1b90:	00f947b3          	xor	a5,s2,a5
    1b94:	016e4e33          	xor	t3,t3,s6
    1b98:	97c2                	add	a5,a5,a6
    1b9a:	0107b833          	sltu	a6,a5,a6
    1b9e:	9772                	add	a4,a4,t3
    1ba0:	933e                	add	t1,t1,a5
    1ba2:	9742                	add	a4,a4,a6
    1ba4:	976a                	add	a4,a4,s10
    1ba6:	00f337b3          	sltu	a5,t1,a5
    1baa:	97ba                	add	a5,a5,a4
    1bac:	00489813          	sll	a6,a7,0x4
    1bb0:	01c5d713          	srl	a4,a1,0x1c
    1bb4:	00e86833          	or	a6,a6,a4
    1bb8:	00459e13          	sll	t3,a1,0x4
    1bbc:	01c8d713          	srl	a4,a7,0x1c
    1bc0:	00ee6e33          	or	t3,t3,a4
    1bc4:	0028d913          	srl	s2,a7,0x2
    1bc8:	01e59713          	sll	a4,a1,0x1e
    1bcc:	00e96933          	or	s2,s2,a4
    1bd0:	01e89b13          	sll	s6,a7,0x1e
    1bd4:	0025d713          	srl	a4,a1,0x2
    1bd8:	01676733          	or	a4,a4,s6
    1bdc:	01284833          	xor	a6,a6,s2
    1be0:	00ee4e33          	xor	t3,t3,a4
    1be4:	0078d913          	srl	s2,a7,0x7
    1be8:	01959713          	sll	a4,a1,0x19
    1bec:	00e96933          	or	s2,s2,a4
    1bf0:	01989b13          	sll	s6,a7,0x19
    1bf4:	0075d713          	srl	a4,a1,0x7
    1bf8:	01676733          	or	a4,a4,s6
    1bfc:	01df4d33          	xor	s10,t5,t4
    1c00:	00ee4e33          	xor	t3,t3,a4
    1c04:	00bd7d33          	and	s10,s10,a1
    1c08:	013a4b33          	xor	s6,s4,s3
    1c0c:	01df7733          	and	a4,t5,t4
    1c10:	01284833          	xor	a6,a6,s2
    1c14:	011b7b33          	and	s6,s6,a7
    1c18:	00ed4733          	xor	a4,s10,a4
    1c1c:	013a7933          	and	s2,s4,s3
    1c20:	012b4933          	xor	s2,s6,s2
    1c24:	9742                	add	a4,a4,a6
    1c26:	9e4a                	add	t3,t3,s2
    1c28:	01073833          	sltu	a6,a4,a6
    1c2c:	9872                	add	a6,a6,t3
    1c2e:	5e62                	lw	t3,56(sp)
    1c30:	01c30933          	add	s2,t1,t3
    1c34:	971a                	add	a4,a4,t1
    1c36:	5e72                	lw	t3,60(sp)
    1c38:	00693b33          	sltu	s6,s2,t1
    1c3c:	9e3e                	add	t3,t3,a5
    1c3e:	00673333          	sltu	t1,a4,t1
    1c42:	97c2                	add	a5,a5,a6
    1c44:	0aa1                	add	s5,s5,8
    1c46:	dc76                	sw	t4,56(sp)
    1c48:	de4e                	sw	s3,60(sp)
    1c4a:	28000813          	li	a6,640
    1c4e:	979a                	add	a5,a5,t1
    1c50:	9b72                	add	s6,s6,t3
    1c52:	837e                	mv	t1,t6
    1c54:	8d62                	mv	s10,s8
    1c56:	0b0a9063          	bne	s5,a6,1cf6 <sha384_core+0x44e>
    1c5a:	9726                	add	a4,a4,s1
    1c5c:	4862                	lw	a6,24(sp)
    1c5e:	009734b3          	sltu	s1,a4,s1
    1c62:	97c2                	add	a5,a5,a6
    1c64:	94be                	add	s1,s1,a5
    1c66:	95a2                	add	a1,a1,s0
    1c68:	47f2                	lw	a5,28(sp)
    1c6a:	97c6                	add	a5,a5,a7
    1c6c:	0085b433          	sltu	s0,a1,s0
    1c70:	943e                	add	s0,s0,a5
    1c72:	9f1e                	add	t5,t5,t2
    1c74:	5782                	lw	a5,32(sp)
    1c76:	97d2                	add	a5,a5,s4
    1c78:	007f33b3          	sltu	t2,t5,t2
    1c7c:	93be                	add	t2,t2,a5
    1c7e:	4792                	lw	a5,4(sp)
    1c80:	9ebe                	add	t4,t4,a5
    1c82:	c218                	sw	a4,0(a2)
    1c84:	5712                	lw	a4,36(sp)
    1c86:	974e                	add	a4,a4,s3
    1c88:	00feb7b3          	sltu	a5,t4,a5
    1c8c:	97ba                	add	a5,a5,a4
    1c8e:	ce5c                	sw	a5,28(a2)
    1c90:	47a2                	lw	a5,8(sp)
    1c92:	993e                	add	s2,s2,a5
    1c94:	5722                	lw	a4,40(sp)
    1c96:	975a                	add	a4,a4,s6
    1c98:	00f937b3          	sltu	a5,s2,a5
    1c9c:	97ba                	add	a5,a5,a4
    1c9e:	d25c                	sw	a5,36(a2)
    1ca0:	47b2                	lw	a5,12(sp)
    1ca2:	96be                	add	a3,a3,a5
    1ca4:	5732                	lw	a4,44(sp)
    1ca6:	972a                	add	a4,a4,a0
    1ca8:	00f6b7b3          	sltu	a5,a3,a5
    1cac:	97ba                	add	a5,a5,a4
    1cae:	d65c                	sw	a5,44(a2)
    1cb0:	47c2                	lw	a5,16(sp)
    1cb2:	92be                	add	t0,t0,a5
    1cb4:	5742                	lw	a4,48(sp)
    1cb6:	9766                	add	a4,a4,s9
    1cb8:	00f2b7b3          	sltu	a5,t0,a5
    1cbc:	97ba                	add	a5,a5,a4
    1cbe:	da5c                	sw	a5,52(a2)
    1cc0:	47d2                	lw	a5,20(sp)
    1cc2:	9fbe                	add	t6,t6,a5
    1cc4:	5752                	lw	a4,52(sp)
    1cc6:	00ffb7b3          	sltu	a5,t6,a5
    1cca:	9762                	add	a4,a4,s8
    1ccc:	97ba                	add	a5,a5,a4
    1cce:	c244                	sw	s1,4(a2)
    1cd0:	c60c                	sw	a1,8(a2)
    1cd2:	c640                	sw	s0,12(a2)
    1cd4:	01e62823          	sw	t5,16(a2)
    1cd8:	00762a23          	sw	t2,20(a2)
    1cdc:	01d62c23          	sw	t4,24(a2)
    1ce0:	03262023          	sw	s2,32(a2)
    1ce4:	d614                	sw	a3,40(a2)
    1ce6:	02562823          	sw	t0,48(a2)
    1cea:	03f62c23          	sw	t6,56(a2)
    1cee:	de5c                	sw	a5,60(a2)
    1cf0:	080b8b93          	add	s7,s7,128
    1cf4:	b109                	j	18f6 <sha384_core+0x4e>
    1cf6:	8f96                	mv	t6,t0
    1cf8:	8c66                	mv	s8,s9
    1cfa:	82b6                	mv	t0,a3
    1cfc:	8caa                	mv	s9,a0
    1cfe:	8efa                	mv	t4,t5
    1d00:	89d2                	mv	s3,s4
    1d02:	8f2e                	mv	t5,a1
    1d04:	8a46                	mv	s4,a7
    1d06:	86ca                	mv	a3,s2
    1d08:	855a                	mv	a0,s6
    1d0a:	85ba                	mv	a1,a4
    1d0c:	88be                	mv	a7,a5
    1d0e:	bbf9                	j	1aec <sha384_core+0x244>

00001d10 <sha384_digest>:
    1d10:	7129                	add	sp,sp,-320
    1d12:	12812c23          	sw	s0,312(sp)
    1d16:	01058413          	add	s0,a1,16
    1d1a:	13412423          	sw	s4,296(sp)
    1d1e:	13612023          	sw	s6,288(sp)
    1d22:	8a36                	mv	s4,a3
    1d24:	07f47b13          	and	s6,s0,127
    1d28:	08000693          	li	a3,128
    1d2c:	416686b3          	sub	a3,a3,s6
    1d30:	13312623          	sw	s3,300(sp)
    1d34:	07000993          	li	s3,112
    1d38:	00d9b9b3          	sltu	s3,s3,a3
    1d3c:	12912a23          	sw	s1,308(sp)
    1d40:	13212823          	sw	s2,304(sp)
    1d44:	11712e23          	sw	s7,284(sp)
    1d48:	099e                	sll	s3,s3,0x7
    1d4a:	12112e23          	sw	ra,316(sp)
    1d4e:	13512223          	sw	s5,292(sp)
    1d52:	11812c23          	sw	s8,280(sp)
    1d56:	8baa                	mv	s7,a0
    1d58:	84ae                	mv	s1,a1
    1d5a:	8932                	mv	s2,a2
    1d5c:	08098993          	add	s3,s3,128
    1d60:	9436                	add	s0,s0,a3
    1d62:	000a0b63          	beqz	s4,1d78 <sha384_digest+0x68>
    1d66:	50010537          	lui	a0,0x50010
    1d6a:	862e                	mv	a2,a1
    1d6c:	874e                	mv	a4,s3
    1d6e:	85a2                	mv	a1,s0
    1d70:	7ac50513          	add	a0,a0,1964 # 500107ac <__func__.0+0x29c>
    1d74:	b16ff0ef          	jal	108a <printf>
    1d78:	500117b7          	lui	a5,0x50011
    1d7c:	2307a703          	lw	a4,560(a5) # 50011230 <__func__.2+0x5b0>
    1d80:	2347a783          	lw	a5,564(a5)
    1d84:	00f92223          	sw	a5,4(s2)
    1d88:	500117b7          	lui	a5,0x50011
    1d8c:	00e92023          	sw	a4,0(s2)
    1d90:	2387a703          	lw	a4,568(a5) # 50011238 <__func__.2+0x5b8>
    1d94:	23c7a783          	lw	a5,572(a5)
    1d98:	00f92623          	sw	a5,12(s2)
    1d9c:	500117b7          	lui	a5,0x50011
    1da0:	00e92423          	sw	a4,8(s2)
    1da4:	2407a703          	lw	a4,576(a5) # 50011240 <__func__.2+0x5c0>
    1da8:	2447a783          	lw	a5,580(a5)
    1dac:	00f92a23          	sw	a5,20(s2)
    1db0:	500117b7          	lui	a5,0x50011
    1db4:	00e92823          	sw	a4,16(s2)
    1db8:	2487a703          	lw	a4,584(a5) # 50011248 <__func__.2+0x5c8>
    1dbc:	24c7a783          	lw	a5,588(a5)
    1dc0:	00f92e23          	sw	a5,28(s2)
    1dc4:	500117b7          	lui	a5,0x50011
    1dc8:	00e92c23          	sw	a4,24(s2)
    1dcc:	2507a703          	lw	a4,592(a5) # 50011250 <__func__.2+0x5d0>
    1dd0:	2547a783          	lw	a5,596(a5)
    1dd4:	02f92223          	sw	a5,36(s2)
    1dd8:	500117b7          	lui	a5,0x50011
    1ddc:	02e92023          	sw	a4,32(s2)
    1de0:	2587a703          	lw	a4,600(a5) # 50011258 <__func__.2+0x5d8>
    1de4:	25c7a783          	lw	a5,604(a5)
    1de8:	02f92623          	sw	a5,44(s2)
    1dec:	500117b7          	lui	a5,0x50011
    1df0:	02e92423          	sw	a4,40(s2)
    1df4:	2607a703          	lw	a4,608(a5) # 50011260 <__func__.2+0x5e0>
    1df8:	2647a783          	lw	a5,612(a5)
    1dfc:	02f92a23          	sw	a5,52(s2)
    1e00:	500117b7          	lui	a5,0x50011
    1e04:	02e92823          	sw	a4,48(s2)
    1e08:	41340c33          	sub	s8,s0,s3
    1e0c:	2687a703          	lw	a4,616(a5) # 50011268 <__func__.2+0x5e8>
    1e10:	26c7a783          	lw	a5,620(a5)
    1e14:	02e92c23          	sw	a4,56(s2)
    1e18:	02f92e23          	sw	a5,60(s2)
    1e1c:	864a                	mv	a2,s2
    1e1e:	85e2                	mv	a1,s8
    1e20:	855e                	mv	a0,s7
    1e22:	a87ff0ef          	jal	18a8 <sha384_core>
    1e26:	000a0863          	beqz	s4,1e36 <sha384_digest+0x126>
    1e2a:	50011537          	lui	a0,0x50011
    1e2e:	80050513          	add	a0,a0,-2048 # 50010800 <__func__.0+0x2f0>
    1e32:	a56ff0ef          	jal	1088 <puts>
    1e36:	40848433          	sub	s0,s1,s0
    1e3a:	944e                	add	s0,s0,s3
    1e3c:	01010a93          	add	s5,sp,16
    1e40:	8622                	mv	a2,s0
    1e42:	018b85b3          	add	a1,s7,s8
    1e46:	8556                	mv	a0,s5
    1e48:	26a020ef          	jal	40b2 <memcpy>
    1e4c:	11040793          	add	a5,s0,272
    1e50:	978a                	add	a5,a5,sp
    1e52:	f8000713          	li	a4,-128
    1e56:	00140513          	add	a0,s0,1
    1e5a:	41640433          	sub	s0,s0,s6
    1e5e:	f0e78023          	sb	a4,-256(a5)
    1e62:	08840413          	add	s0,s0,136
    1e66:	4601                	li	a2,0
    1e68:	00a46663          	bltu	s0,a0,1e74 <sha384_digest+0x164>
    1e6c:	08700613          	li	a2,135
    1e70:	41660633          	sub	a2,a2,s6
    1e74:	4581                	li	a1,0
    1e76:	9556                	add	a0,a0,s5
    1e78:	192020ef          	jal	400a <memset>
    1e7c:	00349793          	sll	a5,s1,0x3
    1e80:	83c1                	srl	a5,a5,0x10
    1e82:	04ce                	sll	s1,s1,0x13
    1e84:	8cdd                	or	s1,s1,a5
    1e86:	ff010737          	lui	a4,0xff010
    1e8a:	00849793          	sll	a5,s1,0x8
    1e8e:	f0070713          	add	a4,a4,-256 # ff00ff00 <_tbs_der_store_end+0xaeff0ee0>
    1e92:	8ff9                	and	a5,a5,a4
    1e94:	00ff0737          	lui	a4,0xff0
    1e98:	80a1                	srl	s1,s1,0x8
    1e9a:	0ff70713          	add	a4,a4,255 # ff00ff <_bss_lma_end+0xfeac8b>
    1e9e:	8cf9                	and	s1,s1,a4
    1ea0:	4621                	li	a2,8
    1ea2:	8fc5                	or	a5,a5,s1
    1ea4:	00c105b3          	add	a1,sp,a2
    1ea8:	008a8533          	add	a0,s5,s0
    1eac:	c402                	sw	zero,8(sp)
    1eae:	c63e                	sw	a5,12(sp)
    1eb0:	202020ef          	jal	40b2 <memcpy>
    1eb4:	000a0863          	beqz	s4,1ec4 <sha384_digest+0x1b4>
    1eb8:	50011537          	lui	a0,0x50011
    1ebc:	83050513          	add	a0,a0,-2000 # 50010830 <__func__.0+0x320>
    1ec0:	9c8ff0ef          	jal	1088 <puts>
    1ec4:	864a                	mv	a2,s2
    1ec6:	85ce                	mv	a1,s3
    1ec8:	8556                	mv	a0,s5
    1eca:	9dfff0ef          	jal	18a8 <sha384_core>
    1ece:	020a0d63          	beqz	s4,1f08 <sha384_digest+0x1f8>
    1ed2:	13812403          	lw	s0,312(sp)
    1ed6:	50011537          	lui	a0,0x50011
    1eda:	13c12083          	lw	ra,316(sp)
    1ede:	13412483          	lw	s1,308(sp)
    1ee2:	13012903          	lw	s2,304(sp)
    1ee6:	12c12983          	lw	s3,300(sp)
    1eea:	12812a03          	lw	s4,296(sp)
    1eee:	12412a83          	lw	s5,292(sp)
    1ef2:	12012b03          	lw	s6,288(sp)
    1ef6:	11c12b83          	lw	s7,284(sp)
    1efa:	11812c03          	lw	s8,280(sp)
    1efe:	85050513          	add	a0,a0,-1968 # 50010850 <__func__.0+0x340>
    1f02:	6131                	add	sp,sp,320
    1f04:	984ff06f          	j	1088 <puts>
    1f08:	13c12083          	lw	ra,316(sp)
    1f0c:	13812403          	lw	s0,312(sp)
    1f10:	13412483          	lw	s1,308(sp)
    1f14:	13012903          	lw	s2,304(sp)
    1f18:	12c12983          	lw	s3,300(sp)
    1f1c:	12812a03          	lw	s4,296(sp)
    1f20:	12412a83          	lw	s5,292(sp)
    1f24:	12012b03          	lw	s6,288(sp)
    1f28:	11c12b83          	lw	s7,284(sp)
    1f2c:	11812c03          	lw	s8,280(sp)
    1f30:	6131                	add	sp,sp,320
    1f32:	8082                	ret

00001f34 <delay_second.constprop.0>:
    1f34:	300305b7          	lui	a1,0x30030
    1f38:	64058593          	add	a1,a1,1600 # 30030640 <_bss_lma_end+0x3002b1cc>
    1f3c:	02626737          	lui	a4,0x2626
    1f40:	4190                	lw	a2,0(a1)
    1f42:	a0070713          	add	a4,a4,-1536 # 2625a00 <_bss_lma_end+0x262058c>
    1f46:	9732                	add	a4,a4,a2
    1f48:	41d4                	lw	a3,4(a1)
    1f4a:	00c737b3          	sltu	a5,a4,a2
    1f4e:	863a                	mv	a2,a4
    1f50:	30030737          	lui	a4,0x30030
    1f54:	97b6                	add	a5,a5,a3
    1f56:	64c72423          	sw	a2,1608(a4) # 30030648 <_bss_lma_end+0x3002b1d4>
    1f5a:	64f72623          	sw	a5,1612(a4)
    1f5e:	0005a803          	lw	a6,0(a1)
    1f62:	0045a883          	lw	a7,4(a1)
    1f66:	00f8e763          	bltu	a7,a5,1f74 <delay_second.constprop.0+0x40>
    1f6a:	01179463          	bne	a5,a7,1f72 <delay_second.constprop.0+0x3e>
    1f6e:	00c86363          	bltu	a6,a2,1f74 <delay_second.constprop.0+0x40>
    1f72:	8082                	ret
    1f74:	10500073          	wfi
    1f78:	b7dd                	j	1f5e <delay_second.constprop.0+0x2a>

00001f7a <sha_init>:
    1f7a:	1141                	add	sp,sp,-16
    1f7c:	c422                	sw	s0,8(sp)
    1f7e:	842a                	mv	s0,a0
    1f80:	85aa                	mv	a1,a0
    1f82:	040a                	sll	s0,s0,0x2
    1f84:	50011537          	lui	a0,0x50011
    1f88:	b0050513          	add	a0,a0,-1280 # 50010b00 <k+0x280>
    1f8c:	8831                	and	s0,s0,12
    1f8e:	c606                	sw	ra,12(sp)
    1f90:	00146413          	or	s0,s0,1
    1f94:	8f6ff0ef          	jal	108a <printf>
    1f98:	0220000f          	fence	r,r
    1f9c:	0220000f          	fence	r,r
    1fa0:	100207b7          	lui	a5,0x10020
    1fa4:	cb80                	sw	s0,16(a5)
    1fa6:	40b2                	lw	ra,12(sp)
    1fa8:	4422                	lw	s0,8(sp)
    1faa:	0141                	add	sp,sp,16
    1fac:	8082                	ret

00001fae <sha_next>:
    1fae:	1141                	add	sp,sp,-16
    1fb0:	c422                	sw	s0,8(sp)
    1fb2:	842a                	mv	s0,a0
    1fb4:	85aa                	mv	a1,a0
    1fb6:	040a                	sll	s0,s0,0x2
    1fb8:	50011537          	lui	a0,0x50011
    1fbc:	b2450513          	add	a0,a0,-1244 # 50010b24 <k+0x2a4>
    1fc0:	8831                	and	s0,s0,12
    1fc2:	c606                	sw	ra,12(sp)
    1fc4:	00246413          	or	s0,s0,2
    1fc8:	8c2ff0ef          	jal	108a <printf>
    1fcc:	0220000f          	fence	r,r
    1fd0:	0220000f          	fence	r,r
    1fd4:	100207b7          	lui	a5,0x10020
    1fd8:	cb80                	sw	s0,16(a5)
    1fda:	40b2                	lw	ra,12(sp)
    1fdc:	4422                	lw	s0,8(sp)
    1fde:	0141                	add	sp,sp,16
    1fe0:	8082                	ret

00001fe2 <sha_next_last>:
    1fe2:	1141                	add	sp,sp,-16
    1fe4:	c422                	sw	s0,8(sp)
    1fe6:	842a                	mv	s0,a0
    1fe8:	85aa                	mv	a1,a0
    1fea:	040a                	sll	s0,s0,0x2
    1fec:	50011537          	lui	a0,0x50011
    1ff0:	b4850513          	add	a0,a0,-1208 # 50010b48 <k+0x2c8>
    1ff4:	8831                	and	s0,s0,12
    1ff6:	c606                	sw	ra,12(sp)
    1ff8:	02246413          	or	s0,s0,34
    1ffc:	88eff0ef          	jal	108a <printf>
    2000:	0220000f          	fence	r,r
    2004:	0220000f          	fence	r,r
    2008:	100207b7          	lui	a5,0x10020
    200c:	cb80                	sw	s0,16(a5)
    200e:	40b2                	lw	ra,12(sp)
    2010:	4422                	lw	s0,8(sp)
    2012:	0141                	add	sp,sp,16
    2014:	8082                	ret

00002016 <measure_soc>:
    2016:	712d                	add	sp,sp,-288
    2018:	11212823          	sw	s2,272(sp)
    201c:	11612023          	sw	s6,256(sp)
    2020:	892e                	mv	s2,a1
    2022:	08000613          	li	a2,128
    2026:	4581                	li	a1,0
    2028:	8b2a                	mv	s6,a0
    202a:	1088                	add	a0,sp,96
    202c:	10112e23          	sw	ra,284(sp)
    2030:	10812c23          	sw	s0,280(sp)
    2034:	10912a23          	sw	s1,276(sp)
    2038:	11312623          	sw	s3,268(sp)
    203c:	11412423          	sw	s4,264(sp)
    2040:	11512223          	sw	s5,260(sp)
    2044:	dfde                	sw	s7,252(sp)
    2046:	dde2                	sw	s8,248(sp)
    2048:	dbe6                	sw	s9,244(sp)
    204a:	d9ea                	sw	s10,240(sp)
    204c:	d7ee                	sw	s11,236(sp)
    204e:	c802                	sw	zero,16(sp)
    2050:	ca02                	sw	zero,20(sp)
    2052:	cc02                	sw	zero,24(sp)
    2054:	ce02                	sw	zero,28(sp)
    2056:	1000                	add	s0,sp,32
    2058:	7b3010ef          	jal	400a <memset>
    205c:	04000613          	li	a2,64
    2060:	4581                	li	a1,0
    2062:	8522                	mv	a0,s0
    2064:	7a7010ef          	jal	400a <memset>
    2068:	500115b7          	lui	a1,0x50011
    206c:	50010537          	lui	a0,0x50010
    2070:	0e900613          	li	a2,233
    2074:	c8058593          	add	a1,a1,-896 # 50010c80 <__func__.2>
    2078:	16450513          	add	a0,a0,356 # 50010164 <trap_msg+0x7c>
    207c:	80eff0ef          	jal	108a <printf>
    2080:	01d95a93          	srl	s5,s2,0x1d
    2084:	00391b93          	sll	s7,s2,0x3
    2088:	01010993          	add	s3,sp,16
    208c:	4481                	li	s1,0
    208e:	04000a13          	li	s4,64
    2092:	8626                	mv	a2,s1
    2094:	855e                	mv	a0,s7
    2096:	85d6                	mv	a1,s5
    2098:	67f010ef          	jal	3f16 <__lshrdi3>
    209c:	00a987a3          	sb	a0,15(s3)
    20a0:	04a1                	add	s1,s1,8
    20a2:	19fd                	add	s3,s3,-1
    20a4:	ff4497e3          	bne	s1,s4,2092 <measure_soc+0x7c>
    20a8:	09090a13          	add	s4,s2,144
    20ac:	10020737          	lui	a4,0x10020
    20b0:	f80a7a13          	and	s4,s4,-128
    20b4:	0761                	add	a4,a4,24 # 10020018 <_bss_lma_end+0x1001aba4>
    20b6:	431c                	lw	a5,0(a4)
    20b8:	8b85                	and	a5,a5,1
    20ba:	dff5                	beqz	a5,20b6 <measure_soc+0xa0>
    20bc:	450d                	li	a0,3
    20be:	3d75                	jal	1f7a <sha_init>
    20c0:	4a81                	li	s5,0
    20c2:	4b81                	li	s7,0
    20c4:	4481                	li	s1,0
    20c6:	08000c13          	li	s8,128
    20ca:	f8000c93          	li	s9,-128
    20ce:	07f00d13          	li	s10,127
    20d2:	4dbd                	li	s11,15
    20d4:	0144fc63          	bgeu	s1,s4,20ec <measure_soc+0xd6>
    20d8:	08000613          	li	a2,128
    20dc:	4581                	li	a1,0
    20de:	1088                	add	a0,sp,96
    20e0:	72b010ef          	jal	400a <memset>
    20e4:	409907b3          	sub	a5,s2,s1
    20e8:	0ef97c63          	bgeu	s2,a5,21e0 <measure_soc+0x1ca>
    20ec:	35a1                	jal	1f34 <delay_second.constprop.0>
    20ee:	100207b7          	lui	a5,0x10020
    20f2:	10020737          	lui	a4,0x10020
    20f6:	8922                	mv	s2,s0
    20f8:	86a2                	mv	a3,s0
    20fa:	10078793          	add	a5,a5,256 # 10020100 <_bss_lma_end+0x1001ac8c>
    20fe:	14070713          	add	a4,a4,320 # 10020140 <_bss_lma_end+0x1001accc>
    2102:	863e                	mv	a2,a5
    2104:	4210                	lw	a2,0(a2)
    2106:	c290                	sw	a2,0(a3)
    2108:	0791                	add	a5,a5,4
    210a:	0691                	add	a3,a3,4
    210c:	fee79be3          	bne	a5,a4,2102 <measure_soc+0xec>
    2110:	50011537          	lui	a0,0x50011
    2114:	b7450513          	add	a0,a0,-1164 # 50010b74 <k+0x2f4>
    2118:	f71fe0ef          	jal	1088 <puts>
    211c:	04040493          	add	s1,s0,64
    2120:	500119b7          	lui	s3,0x50011
    2124:	400c                	lw	a1,0(s0)
    2126:	b9098513          	add	a0,s3,-1136 # 50010b90 <k+0x310>
    212a:	0411                	add	s0,s0,4
    212c:	f5ffe0ef          	jal	108a <printf>
    2130:	fe849ae3          	bne	s1,s0,2124 <measure_soc+0x10e>
    2134:	4529                	li	a0,10
    2136:	f4dfe0ef          	jal	1082 <putchar>
    213a:	50010437          	lui	s0,0x50010
    213e:	50011537          	lui	a0,0x50011
    2142:	00040493          	mv	s1,s0
    2146:	b9850513          	add	a0,a0,-1128 # 50010b98 <k+0x318>
    214a:	f3ffe0ef          	jal	1088 <puts>
    214e:	04048a13          	add	s4,s1,64
    2152:	00040413          	mv	s0,s0
    2156:	400c                	lw	a1,0(s0)
    2158:	b9098513          	add	a0,s3,-1136
    215c:	0411                	add	s0,s0,4 # 50010004 <SOC_expected_digest+0x4>
    215e:	f2dfe0ef          	jal	108a <printf>
    2162:	ff441ae3          	bne	s0,s4,2156 <measure_soc+0x140>
    2166:	4529                	li	a0,10
    2168:	f1bfe0ef          	jal	1082 <putchar>
    216c:	50011537          	lui	a0,0x50011
    2170:	bb450513          	add	a0,a0,-1100 # 50010bb4 <k+0x334>
    2174:	f15fe0ef          	jal	1088 <puts>
    2178:	4401                	li	s0,0
    217a:	4785                	li	a5,1
    217c:	50011a37          	lui	s4,0x50011
    2180:	49c1                	li	s3,16
    2182:	00092603          	lw	a2,0(s2)
    2186:	4094                	lw	a3,0(s1)
    2188:	00d60863          	beq	a2,a3,2198 <measure_soc+0x182>
    218c:	85a2                	mv	a1,s0
    218e:	bd0a0513          	add	a0,s4,-1072 # 50010bd0 <k+0x350>
    2192:	ef9fe0ef          	jal	108a <printf>
    2196:	4781                	li	a5,0
    2198:	0405                	add	s0,s0,1
    219a:	0911                	add	s2,s2,4
    219c:	0491                	add	s1,s1,4
    219e:	ff3412e3          	bne	s0,s3,2182 <measure_soc+0x16c>
    21a2:	cff1                	beqz	a5,227e <measure_soc+0x268>
    21a4:	50011537          	lui	a0,0x50011
    21a8:	c1050513          	add	a0,a0,-1008 # 50010c10 <k+0x390>
    21ac:	eddfe0ef          	jal	1088 <puts>
    21b0:	4501                	li	a0,0
    21b2:	11c12083          	lw	ra,284(sp)
    21b6:	11812403          	lw	s0,280(sp)
    21ba:	11412483          	lw	s1,276(sp)
    21be:	11012903          	lw	s2,272(sp)
    21c2:	10c12983          	lw	s3,268(sp)
    21c6:	10812a03          	lw	s4,264(sp)
    21ca:	10412a83          	lw	s5,260(sp)
    21ce:	10012b03          	lw	s6,256(sp)
    21d2:	5bfe                	lw	s7,252(sp)
    21d4:	5c6e                	lw	s8,248(sp)
    21d6:	5cde                	lw	s9,244(sp)
    21d8:	5d4e                	lw	s10,240(sp)
    21da:	5dbe                	lw	s11,236(sp)
    21dc:	6115                	add	sp,sp,288
    21de:	8082                	ret
    21e0:	cfbd                	beqz	a5,225e <measure_soc+0x248>
    21e2:	89be                	mv	s3,a5
    21e4:	00fc7463          	bgeu	s8,a5,21ec <measure_soc+0x1d6>
    21e8:	08000993          	li	s3,128
    21ec:	009b05b3          	add	a1,s6,s1
    21f0:	864e                	mv	a2,s3
    21f2:	1088                	add	a0,sp,96
    21f4:	c63e                	sw	a5,12(sp)
    21f6:	6bd010ef          	jal	40b2 <memcpy>
    21fa:	47b2                	lw	a5,12(sp)
    21fc:	94ce                	add	s1,s1,s3
    21fe:	02fd6463          	bltu	s10,a5,2226 <measure_soc+0x210>
    2202:	0d098793          	add	a5,s3,208
    2206:	0818                	add	a4,sp,16
    2208:	97ba                	add	a5,a5,a4
    220a:	f9978023          	sb	s9,-128(a5)
    220e:	413d09b3          	sub	s3,s10,s3
    2212:	4b85                	li	s7,1
    2214:	013df963          	bgeu	s11,s3,2226 <measure_soc+0x210>
    2218:	4641                	li	a2,16
    221a:	85ba                	mv	a1,a4
    221c:	0988                	add	a0,sp,208
    221e:	695010ef          	jal	40b2 <memcpy>
    2222:	08048493          	add	s1,s1,128
    2226:	100207b7          	lui	a5,0x10020
    222a:	10020737          	lui	a4,0x10020
    222e:	1094                	add	a3,sp,96
    2230:	08078793          	add	a5,a5,128 # 10020080 <_bss_lma_end+0x1001ac0c>
    2234:	10070713          	add	a4,a4,256 # 10020100 <_bss_lma_end+0x1001ac8c>
    2238:	863e                	mv	a2,a5
    223a:	428c                	lw	a1,0(a3)
    223c:	0791                	add	a5,a5,4
    223e:	c20c                	sw	a1,0(a2)
    2240:	0691                	add	a3,a3,4
    2242:	fee79be3          	bne	a5,a4,2238 <measure_soc+0x222>
    2246:	450d                	li	a0,3
    2248:	020a9563          	bnez	s5,2272 <measure_soc+0x25c>
    224c:	333d                	jal	1f7a <sha_init>
    224e:	10020737          	lui	a4,0x10020
    2252:	0a85                	add	s5,s5,1
    2254:	0761                	add	a4,a4,24 # 10020018 <_bss_lma_end+0x1001aba4>
    2256:	431c                	lw	a5,0(a4)
    2258:	8b89                	and	a5,a5,2
    225a:	dff5                	beqz	a5,2256 <measure_soc+0x240>
    225c:	bda5                	j	20d4 <measure_soc+0xbe>
    225e:	000b8463          	beqz	s7,2266 <measure_soc+0x250>
    2262:	01891463          	bne	s2,s8,226a <measure_soc+0x254>
    2266:	07910023          	sb	s9,96(sp)
    226a:	4641                	li	a2,16
    226c:	00c105b3          	add	a1,sp,a2
    2270:	b775                	j	221c <measure_soc+0x206>
    2272:	0144f463          	bgeu	s1,s4,227a <measure_soc+0x264>
    2276:	3b25                	jal	1fae <sha_next>
    2278:	bfd9                	j	224e <measure_soc+0x238>
    227a:	33a5                	jal	1fe2 <sha_next_last>
    227c:	bfc9                	j	224e <measure_soc+0x238>
    227e:	50011537          	lui	a0,0x50011
    2282:	c2850513          	add	a0,a0,-984 # 50010c28 <k+0x3a8>
    2286:	e03fe0ef          	jal	1088 <puts>
    228a:	557d                	li	a0,-1
    228c:	b71d                	j	21b2 <measure_soc+0x19c>

0000228e <measure_fmc>:
    228e:	712d                	add	sp,sp,-288
    2290:	11212823          	sw	s2,272(sp)
    2294:	11612023          	sw	s6,256(sp)
    2298:	892e                	mv	s2,a1
    229a:	08000613          	li	a2,128
    229e:	4581                	li	a1,0
    22a0:	8b2a                	mv	s6,a0
    22a2:	1088                	add	a0,sp,96
    22a4:	10112e23          	sw	ra,284(sp)
    22a8:	10812c23          	sw	s0,280(sp)
    22ac:	10912a23          	sw	s1,276(sp)
    22b0:	11312623          	sw	s3,268(sp)
    22b4:	11412423          	sw	s4,264(sp)
    22b8:	11512223          	sw	s5,260(sp)
    22bc:	dfde                	sw	s7,252(sp)
    22be:	dde2                	sw	s8,248(sp)
    22c0:	dbe6                	sw	s9,244(sp)
    22c2:	d9ea                	sw	s10,240(sp)
    22c4:	d7ee                	sw	s11,236(sp)
    22c6:	c802                	sw	zero,16(sp)
    22c8:	ca02                	sw	zero,20(sp)
    22ca:	cc02                	sw	zero,24(sp)
    22cc:	ce02                	sw	zero,28(sp)
    22ce:	1000                	add	s0,sp,32
    22d0:	53b010ef          	jal	400a <memset>
    22d4:	04000613          	li	a2,64
    22d8:	4581                	li	a1,0
    22da:	8522                	mv	a0,s0
    22dc:	52f010ef          	jal	400a <memset>
    22e0:	500115b7          	lui	a1,0x50011
    22e4:	50010537          	lui	a0,0x50010
    22e8:	1cf00613          	li	a2,463
    22ec:	c7458593          	add	a1,a1,-908 # 50010c74 <__func__.0>
    22f0:	16450513          	add	a0,a0,356 # 50010164 <trap_msg+0x7c>
    22f4:	d97fe0ef          	jal	108a <printf>
    22f8:	01d95a93          	srl	s5,s2,0x1d
    22fc:	00391b93          	sll	s7,s2,0x3
    2300:	01010993          	add	s3,sp,16
    2304:	4481                	li	s1,0
    2306:	04000a13          	li	s4,64
    230a:	8626                	mv	a2,s1
    230c:	855e                	mv	a0,s7
    230e:	85d6                	mv	a1,s5
    2310:	407010ef          	jal	3f16 <__lshrdi3>
    2314:	00a987a3          	sb	a0,15(s3)
    2318:	04a1                	add	s1,s1,8
    231a:	19fd                	add	s3,s3,-1
    231c:	ff4497e3          	bne	s1,s4,230a <measure_fmc+0x7c>
    2320:	09090a13          	add	s4,s2,144
    2324:	10020737          	lui	a4,0x10020
    2328:	f80a7a13          	and	s4,s4,-128
    232c:	0761                	add	a4,a4,24 # 10020018 <_bss_lma_end+0x1001aba4>
    232e:	431c                	lw	a5,0(a4)
    2330:	8b85                	and	a5,a5,1
    2332:	dff5                	beqz	a5,232e <measure_fmc+0xa0>
    2334:	4a81                	li	s5,0
    2336:	4b81                	li	s7,0
    2338:	4481                	li	s1,0
    233a:	08000c13          	li	s8,128
    233e:	f8000c93          	li	s9,-128
    2342:	07f00d13          	li	s10,127
    2346:	4dbd                	li	s11,15
    2348:	0144fc63          	bgeu	s1,s4,2360 <measure_fmc+0xd2>
    234c:	08000613          	li	a2,128
    2350:	4581                	li	a1,0
    2352:	1088                	add	a0,sp,96
    2354:	4b7010ef          	jal	400a <memset>
    2358:	409907b3          	sub	a5,s2,s1
    235c:	0ef97d63          	bgeu	s2,a5,2456 <measure_fmc+0x1c8>
    2360:	bd5ff0ef          	jal	1f34 <delay_second.constprop.0>
    2364:	100207b7          	lui	a5,0x10020
    2368:	10020737          	lui	a4,0x10020
    236c:	8922                	mv	s2,s0
    236e:	86a2                	mv	a3,s0
    2370:	10078793          	add	a5,a5,256 # 10020100 <_bss_lma_end+0x1001ac8c>
    2374:	14070713          	add	a4,a4,320 # 10020140 <_bss_lma_end+0x1001accc>
    2378:	863e                	mv	a2,a5
    237a:	4210                	lw	a2,0(a2)
    237c:	c290                	sw	a2,0(a3)
    237e:	0791                	add	a5,a5,4
    2380:	0691                	add	a3,a3,4
    2382:	fee79be3          	bne	a5,a4,2378 <measure_fmc+0xea>
    2386:	50011537          	lui	a0,0x50011
    238a:	c3c50513          	add	a0,a0,-964 # 50010c3c <k+0x3bc>
    238e:	cfbfe0ef          	jal	1088 <puts>
    2392:	04040493          	add	s1,s0,64
    2396:	500119b7          	lui	s3,0x50011
    239a:	400c                	lw	a1,0(s0)
    239c:	b9098513          	add	a0,s3,-1136 # 50010b90 <k+0x310>
    23a0:	0411                	add	s0,s0,4
    23a2:	ce9fe0ef          	jal	108a <printf>
    23a6:	fe849ae3          	bne	s1,s0,239a <measure_fmc+0x10c>
    23aa:	4529                	li	a0,10
    23ac:	cd7fe0ef          	jal	1082 <putchar>
    23b0:	50010437          	lui	s0,0x50010
    23b4:	50011537          	lui	a0,0x50011
    23b8:	08040493          	add	s1,s0,128 # 50010080 <FMC_expected_digest>
    23bc:	c5850513          	add	a0,a0,-936 # 50010c58 <k+0x3d8>
    23c0:	cc9fe0ef          	jal	1088 <puts>
    23c4:	04048a13          	add	s4,s1,64
    23c8:	08040413          	add	s0,s0,128
    23cc:	400c                	lw	a1,0(s0)
    23ce:	b9098513          	add	a0,s3,-1136
    23d2:	0411                	add	s0,s0,4
    23d4:	cb7fe0ef          	jal	108a <printf>
    23d8:	ff441ae3          	bne	s0,s4,23cc <measure_fmc+0x13e>
    23dc:	4529                	li	a0,10
    23de:	ca5fe0ef          	jal	1082 <putchar>
    23e2:	50011537          	lui	a0,0x50011
    23e6:	bb450513          	add	a0,a0,-1100 # 50010bb4 <k+0x334>
    23ea:	c9ffe0ef          	jal	1088 <puts>
    23ee:	4401                	li	s0,0
    23f0:	4785                	li	a5,1
    23f2:	50011a37          	lui	s4,0x50011
    23f6:	49c1                	li	s3,16
    23f8:	00092603          	lw	a2,0(s2)
    23fc:	4094                	lw	a3,0(s1)
    23fe:	00d60863          	beq	a2,a3,240e <measure_fmc+0x180>
    2402:	85a2                	mv	a1,s0
    2404:	bd0a0513          	add	a0,s4,-1072 # 50010bd0 <k+0x350>
    2408:	c83fe0ef          	jal	108a <printf>
    240c:	4781                	li	a5,0
    240e:	0405                	add	s0,s0,1
    2410:	0911                	add	s2,s2,4
    2412:	0491                	add	s1,s1,4
    2414:	ff3412e3          	bne	s0,s3,23f8 <measure_fmc+0x16a>
    2418:	c3ed                	beqz	a5,24fa <measure_fmc+0x26c>
    241a:	50011537          	lui	a0,0x50011
    241e:	c1050513          	add	a0,a0,-1008 # 50010c10 <k+0x390>
    2422:	c67fe0ef          	jal	1088 <puts>
    2426:	4501                	li	a0,0
    2428:	11c12083          	lw	ra,284(sp)
    242c:	11812403          	lw	s0,280(sp)
    2430:	11412483          	lw	s1,276(sp)
    2434:	11012903          	lw	s2,272(sp)
    2438:	10c12983          	lw	s3,268(sp)
    243c:	10812a03          	lw	s4,264(sp)
    2440:	10412a83          	lw	s5,260(sp)
    2444:	10012b03          	lw	s6,256(sp)
    2448:	5bfe                	lw	s7,252(sp)
    244a:	5c6e                	lw	s8,248(sp)
    244c:	5cde                	lw	s9,244(sp)
    244e:	5d4e                	lw	s10,240(sp)
    2450:	5dbe                	lw	s11,236(sp)
    2452:	6115                	add	sp,sp,288
    2454:	8082                	ret
    2456:	c3c1                	beqz	a5,24d6 <measure_fmc+0x248>
    2458:	89be                	mv	s3,a5
    245a:	00fc7463          	bgeu	s8,a5,2462 <measure_fmc+0x1d4>
    245e:	08000993          	li	s3,128
    2462:	009b05b3          	add	a1,s6,s1
    2466:	864e                	mv	a2,s3
    2468:	1088                	add	a0,sp,96
    246a:	c63e                	sw	a5,12(sp)
    246c:	447010ef          	jal	40b2 <memcpy>
    2470:	47b2                	lw	a5,12(sp)
    2472:	94ce                	add	s1,s1,s3
    2474:	02fd6463          	bltu	s10,a5,249c <measure_fmc+0x20e>
    2478:	0d098793          	add	a5,s3,208
    247c:	0818                	add	a4,sp,16
    247e:	97ba                	add	a5,a5,a4
    2480:	f9978023          	sb	s9,-128(a5)
    2484:	413d09b3          	sub	s3,s10,s3
    2488:	4b85                	li	s7,1
    248a:	013df963          	bgeu	s11,s3,249c <measure_fmc+0x20e>
    248e:	4641                	li	a2,16
    2490:	85ba                	mv	a1,a4
    2492:	0988                	add	a0,sp,208
    2494:	41f010ef          	jal	40b2 <memcpy>
    2498:	08048493          	add	s1,s1,128
    249c:	100207b7          	lui	a5,0x10020
    24a0:	10020737          	lui	a4,0x10020
    24a4:	1094                	add	a3,sp,96
    24a6:	08078793          	add	a5,a5,128 # 10020080 <_bss_lma_end+0x1001ac0c>
    24aa:	10070713          	add	a4,a4,256 # 10020100 <_bss_lma_end+0x1001ac8c>
    24ae:	863e                	mv	a2,a5
    24b0:	428c                	lw	a1,0(a3)
    24b2:	0791                	add	a5,a5,4
    24b4:	c20c                	sw	a1,0(a2)
    24b6:	0691                	add	a3,a3,4
    24b8:	fee79be3          	bne	a5,a4,24ae <measure_fmc+0x220>
    24bc:	450d                	li	a0,3
    24be:	020a9663          	bnez	s5,24ea <measure_fmc+0x25c>
    24c2:	ab9ff0ef          	jal	1f7a <sha_init>
    24c6:	10020737          	lui	a4,0x10020
    24ca:	0a85                	add	s5,s5,1
    24cc:	0761                	add	a4,a4,24 # 10020018 <_bss_lma_end+0x1001aba4>
    24ce:	431c                	lw	a5,0(a4)
    24d0:	8b89                	and	a5,a5,2
    24d2:	dff5                	beqz	a5,24ce <measure_fmc+0x240>
    24d4:	bd95                	j	2348 <measure_fmc+0xba>
    24d6:	000b8463          	beqz	s7,24de <measure_fmc+0x250>
    24da:	01891463          	bne	s2,s8,24e2 <measure_fmc+0x254>
    24de:	07910023          	sb	s9,96(sp)
    24e2:	4641                	li	a2,16
    24e4:	00c105b3          	add	a1,sp,a2
    24e8:	b76d                	j	2492 <measure_fmc+0x204>
    24ea:	0144f563          	bgeu	s1,s4,24f4 <measure_fmc+0x266>
    24ee:	ac1ff0ef          	jal	1fae <sha_next>
    24f2:	bfd1                	j	24c6 <measure_fmc+0x238>
    24f4:	aefff0ef          	jal	1fe2 <sha_next_last>
    24f8:	b7f9                	j	24c6 <measure_fmc+0x238>
    24fa:	50011537          	lui	a0,0x50011
    24fe:	c2850513          	add	a0,a0,-984 # 50010c28 <k+0x3a8>
    2502:	b87fe0ef          	jal	1088 <puts>
    2506:	557d                	li	a0,-1
    2508:	b705                	j	2428 <measure_fmc+0x19a>

0000250a <soc_ifc_set_flow_status_field>:
    250a:	1141                	add	sp,sp,-16
    250c:	c422                	sw	s0,8(sp)
    250e:	85aa                	mv	a1,a0
    2510:	842a                	mv	s0,a0
    2512:	50011537          	lui	a0,0x50011
    2516:	c8c50513          	add	a0,a0,-884 # 50010c8c <__func__.2+0xc>
    251a:	c606                	sw	ra,12(sp)
    251c:	b6ffe0ef          	jal	108a <printf>
    2520:	300307b7          	lui	a5,0x30030
    2524:	5fdc                	lw	a5,60(a5)
    2526:	00841693          	sll	a3,s0,0x8
    252a:	00f46733          	or	a4,s0,a5
    252e:	c691                	beqz	a3,253a <soc_ifc_set_flow_status_field+0x30>
    2530:	ff000737          	lui	a4,0xff000
    2534:	8ff9                	and	a5,a5,a4
    2536:	0087e733          	or	a4,a5,s0
    253a:	0220000f          	fence	r,r
    253e:	0220000f          	fence	r,r
    2542:	300307b7          	lui	a5,0x30030
    2546:	40b2                	lw	ra,12(sp)
    2548:	4422                	lw	s0,8(sp)
    254a:	dfd8                	sw	a4,60(a5)
    254c:	0141                	add	sp,sp,16
    254e:	8082                	ret

00002550 <soc_ifc_read_mbox_cmd>:
    2550:	1141                	add	sp,sp,-16
    2552:	300207b7          	lui	a5,0x30020
    2556:	478c                	lw	a1,8(a5)
    2558:	47c8                	lw	a0,12(a5)
    255a:	0141                	add	sp,sp,16
    255c:	8082                	ret

0000255e <uart_tx>:
    255e:	20001737          	lui	a4,0x20001
    2562:	0751                	add	a4,a4,20 # 20001014 <_bss_lma_end+0x1fffbba0>
    2564:	431c                	lw	a5,0(a4)
    2566:	8b85                	and	a5,a5,1
    2568:	fff5                	bnez	a5,2564 <uart_tx+0x6>
    256a:	0220000f          	fence	r,r
    256e:	0220000f          	fence	r,r
    2572:	200017b7          	lui	a5,0x20001
    2576:	cfc8                	sw	a0,28(a5)
    2578:	8082                	ret

0000257a <enable_uart>:
    257a:	0220000f          	fence	r,r
    257e:	0220000f          	fence	r,r
    2582:	0bcb07b7          	lui	a5,0xbcb0
    2586:	20001737          	lui	a4,0x20001
    258a:	078d                	add	a5,a5,3 # bcb0003 <_bss_lma_end+0xbcaab8f>
    258c:	cb1c                	sw	a5,16(a4)
    258e:	8082                	ret

00002590 <end_sim_if_uart_disabled>:
    2590:	300307b7          	lui	a5,0x30030
    2594:	0e07a783          	lw	a5,224(a5) # 300300e0 <_bss_lma_end+0x3002ac6c>
    2598:	8ba1                	and	a5,a5,8
    259a:	e391                	bnez	a5,259e <end_sim_if_uart_disabled+0xe>
    259c:	a001                	j	259c <end_sim_if_uart_disabled+0xc>
    259e:	8082                	ret

000025a0 <init_uart>:
    25a0:	1141                	add	sp,sp,-16
    25a2:	c606                	sw	ra,12(sp)
    25a4:	37f5                	jal	2590 <end_sim_if_uart_disabled>
    25a6:	40b2                	lw	ra,12(sp)
    25a8:	0141                	add	sp,sp,16
    25aa:	bfc1                	j	257a <enable_uart>

000025ac <asn1_write_tag>:
    25ac:	411c                	lw	a5,0(a0)
    25ae:	1141                	add	sp,sp,-16
    25b0:	c422                	sw	s0,8(sp)
    25b2:	c226                	sw	s1,4(sp)
    25b4:	c606                	sw	ra,12(sp)
    25b6:	84b6                	mv	s1,a3
    25b8:	00178693          	add	a3,a5,1
    25bc:	872e                	mv	a4,a1
    25be:	c114                	sw	a3,0(a0)
    25c0:	00e78023          	sb	a4,0(a5)
    25c4:	07f00693          	li	a3,127
    25c8:	842a                	mv	s0,a0
    25ca:	85b2                	mv	a1,a2
    25cc:	0ff4f713          	zext.b	a4,s1
    25d0:	411c                	lw	a5,0(a0)
    25d2:	0296e363          	bltu	a3,s1,25f8 <asn1_write_tag+0x4c>
    25d6:	00178693          	add	a3,a5,1
    25da:	c014                	sw	a3,0(s0)
    25dc:	00e78023          	sb	a4,0(a5)
    25e0:	8626                	mv	a2,s1
    25e2:	4008                	lw	a0,0(s0)
    25e4:	2cf010ef          	jal	40b2 <memcpy>
    25e8:	401c                	lw	a5,0(s0)
    25ea:	97a6                	add	a5,a5,s1
    25ec:	c01c                	sw	a5,0(s0)
    25ee:	40b2                	lw	ra,12(sp)
    25f0:	4422                	lw	s0,8(sp)
    25f2:	4492                	lw	s1,4(sp)
    25f4:	0141                	add	sp,sp,16
    25f6:	8082                	ret
    25f8:	00178693          	add	a3,a5,1
    25fc:	c114                	sw	a3,0(a0)
    25fe:	f8200693          	li	a3,-126
    2602:	00d78023          	sb	a3,0(a5)
    2606:	411c                	lw	a5,0(a0)
    2608:	00178693          	add	a3,a5,1
    260c:	c114                	sw	a3,0(a0)
    260e:	0084d693          	srl	a3,s1,0x8
    2612:	00d78023          	sb	a3,0(a5)
    2616:	411c                	lw	a5,0(a0)
    2618:	bf7d                	j	25d6 <asn1_write_tag+0x2a>

0000261a <encode_dn>:
    261a:	7161                	add	sp,sp,-432
    261c:	1a912223          	sw	s1,420(sp)
    2620:	1b212023          	sw	s2,416(sp)
    2624:	19412c23          	sw	s4,408(sp)
    2628:	45500793          	li	a5,1109
    262c:	01010a13          	add	s4,sp,16
    2630:	84ae                	mv	s1,a1
    2632:	468d                	li	a3,3
    2634:	860a                	mv	a2,sp
    2636:	892a                	mv	s2,a0
    2638:	4599                	li	a1,6
    263a:	0048                	add	a0,sp,4
    263c:	1a112623          	sw	ra,428(sp)
    2640:	19312e23          	sw	s3,412(sp)
    2644:	1a812423          	sw	s0,424(sp)
    2648:	00f11023          	sh	a5,0(sp)
    264c:	00d10123          	sb	a3,2(sp)
    2650:	c252                	sw	s4,4(sp)
    2652:	3fa9                	jal	25ac <asn1_write_tag>
    2654:	8526                	mv	a0,s1
    2656:	349010ef          	jal	419e <strlen>
    265a:	86aa                	mv	a3,a0
    265c:	8626                	mv	a2,s1
    265e:	0048                	add	a0,sp,4
    2660:	45b1                	li	a1,12
    2662:	37a9                	jal	25ac <asn1_write_tag>
    2664:	4692                	lw	a3,4(sp)
    2666:	09010993          	add	s3,sp,144
    266a:	414686b3          	sub	a3,a3,s4
    266e:	8652                	mv	a2,s4
    2670:	0028                	add	a0,sp,8
    2672:	03000593          	li	a1,48
    2676:	c44e                	sw	s3,8(sp)
    2678:	3f15                	jal	25ac <asn1_write_tag>
    267a:	46a2                	lw	a3,8(sp)
    267c:	0a04                	add	s1,sp,272
    267e:	413686b3          	sub	a3,a3,s3
    2682:	864e                	mv	a2,s3
    2684:	0068                	add	a0,sp,12
    2686:	03100593          	li	a1,49
    268a:	c626                	sw	s1,12(sp)
    268c:	3705                	jal	25ac <asn1_write_tag>
    268e:	46b2                	lw	a3,12(sp)
    2690:	8e85                	sub	a3,a3,s1
    2692:	8626                	mv	a2,s1
    2694:	854a                	mv	a0,s2
    2696:	03000593          	li	a1,48
    269a:	3f09                	jal	25ac <asn1_write_tag>
    269c:	1ac12083          	lw	ra,428(sp)
    26a0:	1a812403          	lw	s0,424(sp)
    26a4:	1a412483          	lw	s1,420(sp)
    26a8:	1a012903          	lw	s2,416(sp)
    26ac:	19c12983          	lw	s3,412(sp)
    26b0:	19812a03          	lw	s4,408(sp)
    26b4:	615d                	add	sp,sp,432
    26b6:	8082                	ret

000026b8 <convert_le32_to_be_bytes>:
    26b8:	4781                	li	a5,0
    26ba:	00c79363          	bne	a5,a2,26c0 <convert_le32_to_be_bytes+0x8>
    26be:	8082                	ret
    26c0:	00279713          	sll	a4,a5,0x2
    26c4:	972e                	add	a4,a4,a1
    26c6:	4318                	lw	a4,0(a4)
    26c8:	01875693          	srl	a3,a4,0x18
    26cc:	00d50023          	sb	a3,0(a0)
    26d0:	01075693          	srl	a3,a4,0x10
    26d4:	00d500a3          	sb	a3,1(a0)
    26d8:	00875693          	srl	a3,a4,0x8
    26dc:	00d50123          	sb	a3,2(a0)
    26e0:	00e501a3          	sb	a4,3(a0)
    26e4:	0785                	add	a5,a5,1
    26e6:	0511                	add	a0,a0,4
    26e8:	bfc9                	j	26ba <convert_le32_to_be_bytes+0x2>

000026ea <generate_intermediate_tbs_der>:
    26ea:	81010113          	add	sp,sp,-2032
    26ee:	7e112623          	sw	ra,2028(sp)
    26f2:	7f212023          	sw	s2,2016(sp)
    26f6:	7e812423          	sw	s0,2024(sp)
    26fa:	7e912223          	sw	s1,2020(sp)
    26fe:	7d312e23          	sw	s3,2012(sp)
    2702:	7d412c23          	sw	s4,2008(sp)
    2706:	7d512a23          	sw	s5,2004(sp)
    270a:	7d612823          	sw	s6,2000(sp)
    270e:	7d712623          	sw	s7,1996(sp)
    2712:	7d812423          	sw	s8,1992(sp)
    2716:	7d912223          	sw	s9,1988(sp)
    271a:	7da12023          	sw	s10,1984(sp)
    271e:	7bb12e23          	sw	s11,1980(sp)
    2722:	c0010113          	add	sp,sp,-1024
    2726:	8bb2                	mv	s7,a2
    2728:	3b010a93          	add	s5,sp,944
    272c:	6605                	lui	a2,0x1
    272e:	8caa                	mv	s9,a0
    2730:	80060613          	add	a2,a2,-2048 # 800 <mfdc+0x7>
    2734:	89ae                	mv	s3,a1
    2736:	8556                	mv	a0,s5
    2738:	4581                	li	a1,0
    273a:	8b36                	mv	s6,a3
    273c:	8c42                	mv	s8,a6
    273e:	84ba                	mv	s1,a4
    2740:	8a3e                	mv	s4,a5
    2742:	6405                	lui	s0,0x1
    2744:	0c7010ef          	jal	400a <memset>
    2748:	0818                	add	a4,sp,16
    274a:	ba040793          	add	a5,s0,-1120 # ba0 <hmac_flow+0x14e>
    274e:	97ba                	add	a5,a5,a4
    2750:	40878433          	sub	s0,a5,s0
    2754:	010207b7          	lui	a5,0x1020
    2758:	50040913          	add	s2,s0,1280
    275c:	3a078793          	add	a5,a5,928 # 10203a0 <_bss_lma_end+0x101af2c>
    2760:	00f92e23          	sw	a5,28(s2)
    2764:	500115b7          	lui	a1,0x50011
    2768:	53c40793          	add	a5,s0,1340
    276c:	4631                	li	a2,12
    276e:	cc858593          	add	a1,a1,-824 # 50010cc8 <__func__.2+0x48>
    2772:	853e                	mv	a0,a5
    2774:	4d89                	li	s11,2
    2776:	c63e                	sw	a5,12(sp)
    2778:	53b40023          	sb	s11,1312(s0)
    277c:	137010ef          	jal	40b2 <memcpy>
    2780:	56840793          	add	a5,s0,1384
    2784:	500115b7          	lui	a1,0x50011
    2788:	02400613          	li	a2,36
    278c:	cd858593          	add	a1,a1,-808 # 50010cd8 <__func__.2+0x58>
    2790:	853e                	mv	a0,a5
    2792:	c63e                	sw	a5,12(sp)
    2794:	11f010ef          	jal	40b2 <memcpy>
    2798:	40000793          	li	a5,1024
    279c:	05e00613          	li	a2,94
    27a0:	4581                	li	a1,0
    27a2:	6a040513          	add	a0,s0,1696
    27a6:	68f42e23          	sw	a5,1692(s0)
    27aa:	061010ef          	jal	400a <memset>
    27ae:	500115b7          	lui	a1,0x50011
    27b2:	461d                	li	a2,7
    27b4:	d0058593          	add	a1,a1,-768 # 50010d00 <__func__.2+0x80>
    27b8:	53440513          	add	a0,s0,1332
    27bc:	0f7010ef          	jal	40b2 <memcpy>
    27c0:	000487b7          	lui	a5,0x48
    27c4:	12b78793          	add	a5,a5,299 # 4812b <_bss_lma_end+0x42cb7>
    27c8:	02f92223          	sw	a5,36(s2)
    27cc:	02000613          	li	a2,32
    27d0:	02200793          	li	a5,34
    27d4:	4581                	li	a1,0
    27d6:	54840513          	add	a0,s0,1352
    27da:	52f40423          	sb	a5,1320(s0)
    27de:	02d010ef          	jal	400a <memset>
    27e2:	10000613          	li	a2,256
    27e6:	4581                	li	a1,0
    27e8:	70040513          	add	a0,s0,1792
    27ec:	01f010ef          	jal	400a <memset>
    27f0:	61440793          	add	a5,s0,1556
    27f4:	853e                	mv	a0,a5
    27f6:	04400613          	li	a2,68
    27fa:	4581                	li	a1,0
    27fc:	c63e                	sw	a5,12(sp)
    27fe:	65840d13          	add	s10,s0,1624
    2802:	009010ef          	jal	400a <memset>
    2806:	04400613          	li	a2,68
    280a:	4581                	li	a1,0
    280c:	856a                	mv	a0,s10
    280e:	7fc010ef          	jal	400a <memset>
    2812:	500105b7          	lui	a1,0x50010
    2816:	40200793          	li	a5,1026
    281a:	02800613          	li	a2,40
    281e:	0c058593          	add	a1,a1,192 # 500100c0 <FMC_expected_digest+0x40>
    2822:	58c40513          	add	a0,s0,1420
    2826:	02f92623          	sw	a5,44(s2)
    282a:	52041823          	sh	zero,1328(s0)
    282e:	085010ef          	jal	40b2 <memcpy>
    2832:	020c8163          	beqz	s9,2854 <generate_intermediate_tbs_der+0x16a>
    2836:	00098f63          	beqz	s3,2854 <generate_intermediate_tbs_der+0x16a>
    283a:	000b8d63          	beqz	s7,2854 <generate_intermediate_tbs_der+0x16a>
    283e:	000b0b63          	beqz	s6,2854 <generate_intermediate_tbs_der+0x16a>
    2842:	c889                	beqz	s1,2854 <generate_intermediate_tbs_der+0x16a>
    2844:	000a0863          	beqz	s4,2854 <generate_intermediate_tbs_der+0x16a>
    2848:	000a2703          	lw	a4,0(s4)
    284c:	7ff00793          	li	a5,2047
    2850:	04e7e863          	bltu	a5,a4,28a0 <generate_intermediate_tbs_der+0x1b6>
    2854:	50011537          	lui	a0,0x50011
    2858:	cb450513          	add	a0,a0,-844 # 50010cb4 <__func__.2+0x34>
    285c:	82dfe0ef          	jal	1088 <puts>
    2860:	557d                	li	a0,-1
    2862:	40010113          	add	sp,sp,1024
    2866:	7ec12083          	lw	ra,2028(sp)
    286a:	7e812403          	lw	s0,2024(sp)
    286e:	7e412483          	lw	s1,2020(sp)
    2872:	7e012903          	lw	s2,2016(sp)
    2876:	7dc12983          	lw	s3,2012(sp)
    287a:	7d812a03          	lw	s4,2008(sp)
    287e:	7d412a83          	lw	s5,2004(sp)
    2882:	7d012b03          	lw	s6,2000(sp)
    2886:	7cc12b83          	lw	s7,1996(sp)
    288a:	7c812c03          	lw	s8,1992(sp)
    288e:	7c412c83          	lw	s9,1988(sp)
    2892:	7c012d03          	lw	s10,1984(sp)
    2896:	7bc12d83          	lw	s11,1980(sp)
    289a:	7f010113          	add	sp,sp,2032
    289e:	8082                	ret
    28a0:	85e6                	mv	a1,s9
    28a2:	4631                	li	a2,12
    28a4:	12c8                	add	a0,sp,356
    28a6:	3d09                	jal	26b8 <convert_le32_to_be_bytes>
    28a8:	85ce                	mv	a1,s3
    28aa:	4631                	li	a2,12
    28ac:	0b48                	add	a0,sp,404
    28ae:	3529                	jal	26b8 <convert_le32_to_be_bytes>
    28b0:	03000613          	li	a2,48
    28b4:	5b440593          	add	a1,s0,1460
    28b8:	69e40513          	add	a0,s0,1694
    28bc:	7f6010ef          	jal	40b2 <memcpy>
    28c0:	03000613          	li	a2,48
    28c4:	5e440593          	add	a1,s0,1508
    28c8:	6ce40513          	add	a0,s0,1742
    28cc:	7e6010ef          	jal	40b2 <memcpy>
    28d0:	0f810c93          	add	s9,sp,248
    28d4:	1968                	add	a0,sp,188
    28d6:	469d                	li	a3,7
    28d8:	11d0                	add	a2,sp,228
    28da:	4599                	li	a1,6
    28dc:	01992623          	sw	s9,12(s2)
    28e0:	ccdff0ef          	jal	25ac <asn1_write_tag>
    28e4:	4695                	li	a3,5
    28e6:	09d0                	add	a2,sp,212
    28e8:	4599                	li	a1,6
    28ea:	1968                	add	a0,sp,188
    28ec:	cc1ff0ef          	jal	25ac <asn1_write_tag>
    28f0:	00c92683          	lw	a3,12(s2)
    28f4:	2b010993          	add	s3,sp,688
    28f8:	419686b3          	sub	a3,a3,s9
    28fc:	8666                	mv	a2,s9
    28fe:	0188                	add	a0,sp,192
    2900:	03000593          	li	a1,48
    2904:	01392823          	sw	s3,16(s2)
    2908:	ca5ff0ef          	jal	25ac <asn1_write_tag>
    290c:	06200693          	li	a3,98
    2910:	04f0                	add	a2,sp,588
    2912:	458d                	li	a1,3
    2914:	0188                	add	a0,sp,192
    2916:	c97ff0ef          	jal	25ac <asn1_write_tag>
    291a:	01092683          	lw	a3,16(s2)
    291e:	413686b3          	sub	a3,a3,s3
    2922:	8636                	mv	a2,a3
    2924:	85ce                	mv	a1,s3
    2926:	03a8                	add	a0,sp,456
    2928:	c636                	sw	a3,12(sp)
    292a:	788010ef          	jal	40b2 <memcpy>
    292e:	04400613          	li	a2,68
    2932:	61440593          	add	a1,s0,1556
    2936:	4b040513          	add	a0,s0,1200
    293a:	778010ef          	jal	40b2 <memcpy>
    293e:	85ea                	mv	a1,s10
    2940:	04400613          	li	a2,68
    2944:	46040513          	add	a0,s0,1120
    2948:	76a010ef          	jal	40b2 <memcpy>
    294c:	0810                	add	a2,sp,16
    294e:	4585                	li	a1,1
    2950:	1088                	add	a0,sp,96
    2952:	ea5fe0ef          	jal	17f6 <sha256_flow_produce>
    2956:	65c42783          	lw	a5,1628(s0)
    295a:	52f41723          	sh	a5,1326(s0)
    295e:	000a2603          	lw	a2,0(s4)
    2962:	83c1                	srl	a5,a5,0x10
    2964:	4581                	li	a1,0
    2966:	8526                	mv	a0,s1
    2968:	52f41823          	sh	a5,1328(s0)
    296c:	4d15                	li	s10,5
    296e:	69c010ef          	jal	400a <memset>
    2972:	866a                	mv	a2,s10
    2974:	51c40593          	add	a1,s0,1308
    2978:	8526                	mv	a0,s1
    297a:	738010ef          	jal	40b2 <memcpy>
    297e:	4619                	li	a2,6
    2980:	52c40593          	add	a1,s0,1324
    2984:	01a48533          	add	a0,s1,s10
    2988:	72a010ef          	jal	40b2 <memcpy>
    298c:	4631                	li	a2,12
    298e:	53c40593          	add	a1,s0,1340
    2992:	00b48513          	add	a0,s1,11
    2996:	71c010ef          	jal	40b2 <memcpy>
    299a:	0c410c93          	add	s9,sp,196
    299e:	01748793          	add	a5,s1,23
    29a2:	85de                	mv	a1,s7
    29a4:	8566                	mv	a0,s9
    29a6:	00f92a23          	sw	a5,20(s2)
    29aa:	c71ff0ef          	jal	261a <encode_dn>
    29ae:	01492783          	lw	a5,20(s2)
    29b2:	02400613          	li	a2,36
    29b6:	56840593          	add	a1,s0,1384
    29ba:	853e                	mv	a0,a5
    29bc:	6f6010ef          	jal	40b2 <memcpy>
    29c0:	02450793          	add	a5,a0,36
    29c4:	85da                	mv	a1,s6
    29c6:	8566                	mv	a0,s9
    29c8:	00f92a23          	sw	a5,20(s2)
    29cc:	c4fff0ef          	jal	261a <encode_dn>
    29d0:	46b2                	lw	a3,12(sp)
    29d2:	864e                	mv	a2,s3
    29d4:	03000593          	li	a1,48
    29d8:	8566                	mv	a0,s9
    29da:	bd3ff0ef          	jal	25ac <asn1_write_tag>
    29de:	040c1363          	bnez	s8,2a24 <generate_intermediate_tbs_der+0x33a>
    29e2:	5ba409a3          	sb	s10,1459(s0)
    29e6:	02800693          	li	a3,40
    29ea:	1a70                	add	a2,sp,316
    29ec:	0a300593          	li	a1,163
    29f0:	01c8                	add	a0,sp,196
    29f2:	bbbff0ef          	jal	25ac <asn1_write_tag>
    29f6:	469e                	lw	a3,196(sp)
    29f8:	8e85                	sub	a3,a3,s1
    29fa:	00da2023          	sw	a3,0(s4)
    29fe:	8626                	mv	a2,s1
    2a00:	03000593          	li	a1,48
    2a04:	01a8                	add	a0,sp,200
    2a06:	c5d6                	sw	s5,200(sp)
    2a08:	ba5ff0ef          	jal	25ac <asn1_write_tag>
    2a0c:	442e                	lw	s0,200(sp)
    2a0e:	41540433          	sub	s0,s0,s5
    2a12:	8622                	mv	a2,s0
    2a14:	85d6                	mv	a1,s5
    2a16:	8526                	mv	a0,s1
    2a18:	69a010ef          	jal	40b2 <memcpy>
    2a1c:	4501                	li	a0,0
    2a1e:	008a2023          	sw	s0,0(s4)
    2a22:	b581                	j	2862 <generate_intermediate_tbs_der+0x178>
    2a24:	4785                	li	a5,1
    2a26:	00fc1663          	bne	s8,a5,2a32 <generate_intermediate_tbs_der+0x348>
    2a2a:	4791                	li	a5,4
    2a2c:	5af409a3          	sb	a5,1459(s0)
    2a30:	bf5d                	j	29e6 <generate_intermediate_tbs_der+0x2fc>
    2a32:	470d                	li	a4,3
    2a34:	01bc1563          	bne	s8,s11,2a3e <generate_intermediate_tbs_der+0x354>
    2a38:	16e101a3          	sb	a4,355(sp)
    2a3c:	b76d                	j	29e6 <generate_intermediate_tbs_der+0x2fc>
    2a3e:	faec14e3          	bne	s8,a4,29e6 <generate_intermediate_tbs_der+0x2fc>
    2a42:	4789                	li	a5,2
    2a44:	16f101a3          	sb	a5,355(sp)
    2a48:	bf79                	j	29e6 <generate_intermediate_tbs_der+0x2fc>

00002a4a <add_signature_to_cert>:
    2a4a:	710d                	add	sp,sp,-352
    2a4c:	15212823          	sw	s2,336(sp)
    2a50:	15512223          	sw	s5,324(sp)
    2a54:	892e                	mv	s2,a1
    2a56:	8aaa                	mv	s5,a0
    2a58:	85b2                	mv	a1,a2
    2a5a:	0828                	add	a0,sp,24
    2a5c:	03000613          	li	a2,48
    2a60:	14112e23          	sw	ra,348(sp)
    2a64:	14812c23          	sw	s0,344(sp)
    2a68:	14912a23          	sw	s1,340(sp)
    2a6c:	8436                	mv	s0,a3
    2a6e:	84ba                	mv	s1,a4
    2a70:	15312623          	sw	s3,332(sp)
    2a74:	15412423          	sw	s4,328(sp)
    2a78:	89be                	mv	s3,a5
    2a7a:	c3fff0ef          	jal	26b8 <convert_le32_to_be_bytes>
    2a7e:	85a2                	mv	a1,s0
    2a80:	03000613          	li	a2,48
    2a84:	00a8                	add	a0,sp,72
    2a86:	c33ff0ef          	jal	26b8 <convert_le32_to_be_bytes>
    2a8a:	03000413          	li	s0,48
    2a8e:	00448a13          	add	s4,s1,4
    2a92:	864a                	mv	a2,s2
    2a94:	85d6                	mv	a1,s5
    2a96:	00848023          	sb	s0,0(s1)
    2a9a:	8552                	mv	a0,s4
    2a9c:	616010ef          	jal	40b2 <memcpy>
    2aa0:	4631                	li	a2,12
    2aa2:	500115b7          	lui	a1,0x50011
    2aa6:	cc858593          	add	a1,a1,-824 # 50010cc8 <__func__.2+0x48>
    2aaa:	00c10533          	add	a0,sp,a2
    2aae:	604010ef          	jal	40b2 <memcpy>
    2ab2:	4631                	li	a2,12
    2ab4:	9952                	add	s2,s2,s4
    2ab6:	00c105b3          	add	a1,sp,a2
    2aba:	854a                	mv	a0,s2
    2abc:	5f6010ef          	jal	40b2 <memcpy>
    2ac0:	4789                	li	a5,2
    2ac2:	06f10d23          	sb	a5,122(sp)
    2ac6:	01810783          	lb	a5,24(sp)
    2aca:	06811c23          	sh	s0,120(sp)
    2ace:	0e07d363          	bgez	a5,2bb4 <add_signature_to_cert+0x16a>
    2ad2:	03100793          	li	a5,49
    2ad6:	8622                	mv	a2,s0
    2ad8:	082c                	add	a1,sp,24
    2ada:	07d10513          	add	a0,sp,125
    2ade:	06f10da3          	sb	a5,123(sp)
    2ae2:	06010e23          	sb	zero,124(sp)
    2ae6:	0ad10413          	add	s0,sp,173
    2aea:	5c8010ef          	jal	40b2 <memcpy>
    2aee:	4789                	li	a5,2
    2af0:	00f40023          	sb	a5,0(s0)
    2af4:	04810783          	lb	a5,72(sp)
    2af8:	0c07d763          	bgez	a5,2bc6 <add_signature_to_cert+0x17c>
    2afc:	03100793          	li	a5,49
    2b00:	00f400a3          	sb	a5,1(s0)
    2b04:	00040123          	sb	zero,2(s0)
    2b08:	00340513          	add	a0,s0,3
    2b0c:	03000613          	li	a2,48
    2b10:	00ac                	add	a1,sp,72
    2b12:	5a0010ef          	jal	40b2 <memcpy>
    2b16:	03340413          	add	s0,s0,51
    2b1a:	07810a93          	add	s5,sp,120
    2b1e:	41540633          	sub	a2,s0,s5
    2b22:	1679                	add	a2,a2,-2
    2b24:	07f00713          	li	a4,127
    2b28:	0ff67793          	zext.b	a5,a2
    2b2c:	0ac76963          	bltu	a4,a2,2bde <add_signature_to_cert+0x194>
    2b30:	06f10ca3          	sb	a5,121(sp)
    2b34:	478d                	li	a5,3
    2b36:	41540433          	sub	s0,s0,s5
    2b3a:	00f90623          	sb	a5,12(s2)
    2b3e:	07f00693          	li	a3,127
    2b42:	00140793          	add	a5,s0,1
    2b46:	0ff7f713          	zext.b	a4,a5
    2b4a:	0af6e863          	bltu	a3,a5,2bfa <add_signature_to_cert+0x1b0>
    2b4e:	00e90793          	add	a5,s2,14
    2b52:	00e906a3          	sb	a4,13(s2)
    2b56:	00178713          	add	a4,a5,1
    2b5a:	8622                	mv	a2,s0
    2b5c:	00078023          	sb	zero,0(a5)
    2b60:	853a                	mv	a0,a4
    2b62:	85d6                	mv	a1,s5
    2b64:	54e010ef          	jal	40b2 <memcpy>
    2b68:	942a                	add	s0,s0,a0
    2b6a:	40940633          	sub	a2,s0,s1
    2b6e:	1671                	add	a2,a2,-4
    2b70:	07f00713          	li	a4,127
    2b74:	0ff67793          	zext.b	a5,a2
    2b78:	08c76a63          	bltu	a4,a2,2c0c <add_signature_to_cert+0x1c2>
    2b7c:	00f480a3          	sb	a5,1(s1)
    2b80:	85d2                	mv	a1,s4
    2b82:	00248513          	add	a0,s1,2
    2b86:	3b8010ef          	jal	3f3e <memmove>
    2b8a:	1479                	add	s0,s0,-2
    2b8c:	8c05                	sub	s0,s0,s1
    2b8e:	0089a023          	sw	s0,0(s3)
    2b92:	15c12083          	lw	ra,348(sp)
    2b96:	15812403          	lw	s0,344(sp)
    2b9a:	15412483          	lw	s1,340(sp)
    2b9e:	15012903          	lw	s2,336(sp)
    2ba2:	14c12983          	lw	s3,332(sp)
    2ba6:	14812a03          	lw	s4,328(sp)
    2baa:	14412a83          	lw	s5,324(sp)
    2bae:	4501                	li	a0,0
    2bb0:	6135                	add	sp,sp,352
    2bb2:	8082                	ret
    2bb4:	8622                	mv	a2,s0
    2bb6:	082c                	add	a1,sp,24
    2bb8:	18e8                	add	a0,sp,124
    2bba:	06810da3          	sb	s0,123(sp)
    2bbe:	4f4010ef          	jal	40b2 <memcpy>
    2bc2:	1160                	add	s0,sp,172
    2bc4:	b72d                	j	2aee <add_signature_to_cert+0xa4>
    2bc6:	03000613          	li	a2,48
    2bca:	00c400a3          	sb	a2,1(s0)
    2bce:	00240513          	add	a0,s0,2
    2bd2:	00ac                	add	a1,sp,72
    2bd4:	4de010ef          	jal	40b2 <memcpy>
    2bd8:	03240413          	add	s0,s0,50
    2bdc:	bf3d                	j	2b1a <add_signature_to_cert+0xd0>
    2bde:	f8100713          	li	a4,-127
    2be2:	07a10593          	add	a1,sp,122
    2be6:	07b10513          	add	a0,sp,123
    2bea:	06e10ca3          	sb	a4,121(sp)
    2bee:	06f10d23          	sb	a5,122(sp)
    2bf2:	0405                	add	s0,s0,1
    2bf4:	34a010ef          	jal	3f3e <memmove>
    2bf8:	bf35                	j	2b34 <add_signature_to_cert+0xea>
    2bfa:	f8100793          	li	a5,-127
    2bfe:	00f906a3          	sb	a5,13(s2)
    2c02:	00e90723          	sb	a4,14(s2)
    2c06:	00f90793          	add	a5,s2,15
    2c0a:	b7b1                	j	2b56 <add_signature_to_cert+0x10c>
    2c0c:	0ff00713          	li	a4,255
    2c10:	00c76963          	bltu	a4,a2,2c22 <add_signature_to_cert+0x1d8>
    2c14:	f8100713          	li	a4,-127
    2c18:	00e480a3          	sb	a4,1(s1)
    2c1c:	00f48123          	sb	a5,2(s1)
    2c20:	b7b5                	j	2b8c <add_signature_to_cert+0x142>
    2c22:	f8200713          	li	a4,-126
    2c26:	8221                	srl	a2,a2,0x8
    2c28:	00e480a3          	sb	a4,1(s1)
    2c2c:	00c48123          	sb	a2,2(s1)
    2c30:	00f481a3          	sb	a5,3(s1)
    2c34:	bfa1                	j	2b8c <add_signature_to_cert+0x142>

00002c36 <ldevid>:
    2c36:	72f9                	lui	t0,0xffffe
    2c38:	c5010113          	add	sp,sp,-944
    2c3c:	6785                	lui	a5,0x1
    2c3e:	3a112623          	sw	ra,940(sp)
    2c42:	37078793          	add	a5,a5,880 # 1370 <sd_send_cmd+0xb2>
    2c46:	3a812423          	sw	s0,936(sp)
    2c4a:	3a912223          	sw	s1,932(sp)
    2c4e:	3b212023          	sw	s2,928(sp)
    2c52:	39312e23          	sw	s3,924(sp)
    2c56:	39412c23          	sw	s4,920(sp)
    2c5a:	6985                	lui	s3,0x1
    2c5c:	39512a23          	sw	s5,916(sp)
    2c60:	39612823          	sw	s6,912(sp)
    2c64:	39712623          	sw	s7,908(sp)
    2c68:	39812423          	sw	s8,904(sp)
    2c6c:	39912223          	sw	s9,900(sp)
    2c70:	39a12023          	sw	s10,896(sp)
    2c74:	37b12e23          	sw	s11,892(sp)
    2c78:	9116                	add	sp,sp,t0
    2c7a:	002784b3          	add	s1,a5,sp
    2c7e:	80098913          	add	s2,s3,-2048 # 800 <mfdc+0x7>
    2c82:	864a                	mv	a2,s2
    2c84:	4581                	li	a1,0
    2c86:	80048513          	add	a0,s1,-2048
    2c8a:	380010ef          	jal	400a <memset>
    2c8e:	1e80                	add	s0,sp,880
    2c90:	864e                	mv	a2,s3
    2c92:	4581                	li	a1,0
    2c94:	8526                	mv	a0,s1
    2c96:	03242623          	sw	s2,44(s0)
    2c9a:	370010ef          	jal	400a <memset>
    2c9e:	08200613          	li	a2,130
    2ca2:	4581                	li	a1,0
    2ca4:	2da40513          	add	a0,s0,730
    2ca8:	35c40913          	add	s2,s0,860
    2cac:	03342823          	sw	s3,48(s0)
    2cb0:	35a010ef          	jal	400a <memset>
    2cb4:	4485                	li	s1,1
    2cb6:	4d99                	li	s11,6
    2cb8:	08400613          	li	a2,132
    2cbc:	4581                	li	a1,0
    2cbe:	854a                	mv	a0,s2
    2cc0:	2c940c23          	sb	s1,728(s0)
    2cc4:	2db40ca3          	sb	s11,729(s0)
    2cc8:	342010ef          	jal	400a <memset>
    2ccc:	500115b7          	lui	a1,0x50011
    2cd0:	462d                	li	a2,11
    2cd2:	d0c58593          	add	a1,a1,-756 # 50010d0c <__func__.2+0x8c>
    2cd6:	6d010513          	add	a0,sp,1744
    2cda:	3d8010ef          	jal	40b2 <memcpy>
    2cde:	3e040a93          	add	s5,s0,992
    2ce2:	08400613          	li	a2,132
    2ce6:	4581                	li	a1,0
    2ce8:	8556                	mv	a0,s5
    2cea:	320010ef          	jal	400a <memset>
    2cee:	08200613          	li	a2,130
    2cf2:	4581                	li	a1,0
    2cf4:	46640513          	add	a0,s0,1126
    2cf8:	312010ef          	jal	400a <memset>
    2cfc:	f9040d13          	add	s10,s0,-112
    2d00:	2d840593          	add	a1,s0,728
    2d04:	08400613          	li	a2,132
    2d08:	856a                	mv	a0,s10
    2d0a:	f0040c93          	add	s9,s0,-256
    2d0e:	46940223          	sb	s1,1124(s0)
    2d12:	47b402a3          	sb	s11,1125(s0)
    2d16:	39c010ef          	jal	40b2 <memcpy>
    2d1a:	85ca                	mv	a1,s2
    2d1c:	08400613          	li	a2,132
    2d20:	8566                	mv	a0,s9
    2d22:	390010ef          	jal	40b2 <memcpy>
    2d26:	e7040c13          	add	s8,s0,-400
    2d2a:	85d6                	mv	a1,s5
    2d2c:	08400613          	li	a2,132
    2d30:	8562                	mv	a0,s8
    2d32:	380010ef          	jal	40b2 <memcpy>
    2d36:	de040b13          	add	s6,s0,-544
    2d3a:	46440b93          	add	s7,s0,1124
    2d3e:	85de                	mv	a1,s7
    2d40:	08400613          	li	a2,132
    2d44:	855a                	mv	a0,s6
    2d46:	36c010ef          	jal	40b2 <memcpy>
    2d4a:	86da                	mv	a3,s6
    2d4c:	8662                	mv	a2,s8
    2d4e:	85e6                	mv	a1,s9
    2d50:	856a                	mv	a0,s10
    2d52:	d01fd0ef          	jal	a52 <hmac_flow>
    2d56:	50011537          	lui	a0,0x50011
    2d5a:	d1850513          	add	a0,a0,-744 # 50010d18 <__func__.2+0x98>
    2d5e:	b2afe0ef          	jal	1088 <puts>
    2d62:	08200613          	li	a2,130
    2d66:	4581                	li	a1,0
    2d68:	4ea40513          	add	a0,s0,1258
    2d6c:	29e010ef          	jal	400a <memset>
    2d70:	08200613          	li	a2,130
    2d74:	4581                	li	a1,0
    2d76:	56e40513          	add	a0,s0,1390
    2d7a:	4e940423          	sb	s1,1256(s0)
    2d7e:	4fb404a3          	sb	s11,1257(s0)
    2d82:	288010ef          	jal	400a <memset>
    2d86:	4e840593          	add	a1,s0,1256
    2d8a:	08400613          	li	a2,132
    2d8e:	856a                	mv	a0,s10
    2d90:	56940623          	sb	s1,1388(s0)
    2d94:	569406a3          	sb	s1,1389(s0)
    2d98:	31a010ef          	jal	40b2 <memcpy>
    2d9c:	56c40593          	add	a1,s0,1388
    2da0:	08400613          	li	a2,132
    2da4:	8566                	mv	a0,s9
    2da6:	30c010ef          	jal	40b2 <memcpy>
    2daa:	85d6                	mv	a1,s5
    2dac:	08400613          	li	a2,132
    2db0:	8562                	mv	a0,s8
    2db2:	300010ef          	jal	40b2 <memcpy>
    2db6:	85de                	mv	a1,s7
    2db8:	08400613          	li	a2,132
    2dbc:	855a                	mv	a0,s6
    2dbe:	2f4010ef          	jal	40b2 <memcpy>
    2dc2:	86da                	mv	a3,s6
    2dc4:	8662                	mv	a2,s8
    2dc6:	85e6                	mv	a1,s9
    2dc8:	856a                	mv	a0,s10
    2dca:	c89fd0ef          	jal	a52 <hmac_flow>
    2dce:	50011537          	lui	a0,0x50011
    2dd2:	d4450513          	add	a0,a0,-700 # 50010d44 <__func__.2+0xc4>
    2dd6:	ab2fe0ef          	jal	1088 <puts>
    2dda:	50011537          	lui	a0,0x50011
    2dde:	d7450513          	add	a0,a0,-652 # 50010d74 <__func__.2+0xf4>
    2de2:	aa6fe0ef          	jal	1088 <puts>
    2de6:	0220000f          	fence	r,r
    2dea:	0220000f          	fence	r,r
    2dee:	100187b7          	lui	a5,0x10018
    2df2:	0791                	add	a5,a5,4 # 10018004 <_bss_lma_end+0x10012b90>
    2df4:	4711                	li	a4,4
    2df6:	c398                	sw	a4,0(a5)
    2df8:	4398                	lw	a4,0(a5)
    2dfa:	8b11                	and	a4,a4,4
    2dfc:	ff75                	bnez	a4,2df8 <ldevid+0x1c2>
    2dfe:	50011537          	lui	a0,0x50011
    2e02:	da050513          	add	a0,a0,-608 # 50010da0 <__func__.2+0x120>
    2e06:	1e80                	add	s0,sp,880
    2e08:	a80fe0ef          	jal	1088 <puts>
    2e0c:	08200613          	li	a2,130
    2e10:	4581                	li	a1,0
    2e12:	5f240513          	add	a0,s0,1522
    2e16:	1f4010ef          	jal	400a <memset>
    2e1a:	67440a13          	add	s4,s0,1652
    2e1e:	4485                	li	s1,1
    2e20:	4799                	li	a5,6
    2e22:	08400613          	li	a2,132
    2e26:	4581                	li	a1,0
    2e28:	8552                	mv	a0,s4
    2e2a:	5ef408a3          	sb	a5,1521(s0)
    2e2e:	5e940823          	sb	s1,1520(s0)
    2e32:	1d8010ef          	jal	400a <memset>
    2e36:	6785                	lui	a5,0x1
    2e38:	9e878793          	add	a5,a5,-1560 # 9e8 <ecc_verifying_flow+0x12a>
    2e3c:	500115b7          	lui	a1,0x50011
    2e40:	00278533          	add	a0,a5,sp
    2e44:	4639                	li	a2,14
    2e46:	dc458593          	add	a1,a1,-572 # 50010dc4 <__func__.2+0x144>
    2e4a:	268010ef          	jal	40b2 <memcpy>
    2e4e:	6f840993          	add	s3,s0,1784
    2e52:	08400613          	li	a2,132
    2e56:	4581                	li	a1,0
    2e58:	854e                	mv	a0,s3
    2e5a:	1b0010ef          	jal	400a <memset>
    2e5e:	08200613          	li	a2,130
    2e62:	4581                	li	a1,0
    2e64:	77e40513          	add	a0,s0,1918
    2e68:	1a2010ef          	jal	400a <memset>
    2e6c:	490d                	li	s2,3
    2e6e:	5f040593          	add	a1,s0,1520
    2e72:	08400613          	li	a2,132
    2e76:	f9040513          	add	a0,s0,-112
    2e7a:	76940e23          	sb	s1,1916(s0)
    2e7e:	77240ea3          	sb	s2,1917(s0)
    2e82:	230010ef          	jal	40b2 <memcpy>
    2e86:	85d2                	mv	a1,s4
    2e88:	08400613          	li	a2,132
    2e8c:	f0040513          	add	a0,s0,-256
    2e90:	222010ef          	jal	40b2 <memcpy>
    2e94:	85ce                	mv	a1,s3
    2e96:	08400613          	li	a2,132
    2e9a:	e7040513          	add	a0,s0,-400
    2e9e:	214010ef          	jal	40b2 <memcpy>
    2ea2:	77c40593          	add	a1,s0,1916
    2ea6:	08400613          	li	a2,132
    2eaa:	de040513          	add	a0,s0,-544
    2eae:	204010ef          	jal	40b2 <memcpy>
    2eb2:	0a94                	add	a3,sp,336
    2eb4:	1390                	add	a2,sp,480
    2eb6:	1c8c                	add	a1,sp,624
    2eb8:	0608                	add	a0,sp,768
    2eba:	b99fd0ef          	jal	a52 <hmac_flow>
    2ebe:	50011537          	lui	a0,0x50011
    2ec2:	dd450513          	add	a0,a0,-556 # 50010dd4 <__func__.2+0x154>
    2ec6:	9c2fe0ef          	jal	1088 <puts>
    2eca:	03200613          	li	a2,50
    2ece:	4581                	li	a1,0
    2ed0:	06640513          	add	a0,s0,102
    2ed4:	136010ef          	jal	400a <memset>
    2ed8:	03400613          	li	a2,52
    2edc:	4581                	li	a1,0
    2ede:	09840513          	add	a0,s0,152
    2ee2:	06940223          	sb	s1,100(s0)
    2ee6:	072402a3          	sb	s2,101(s0)
    2eea:	120010ef          	jal	400a <memset>
    2eee:	03400613          	li	a2,52
    2ef2:	4581                	li	a1,0
    2ef4:	0cc40513          	add	a0,s0,204
    2ef8:	112010ef          	jal	400a <memset>
    2efc:	03200613          	li	a2,50
    2f00:	4581                	li	a1,0
    2f02:	10240513          	add	a0,s0,258
    2f06:	104010ef          	jal	400a <memset>
    2f0a:	4795                	li	a5,5
    2f0c:	03400613          	li	a2,52
    2f10:	4581                	li	a1,0
    2f12:	13440513          	add	a0,s0,308
    2f16:	10f400a3          	sb	a5,257(s0)
    2f1a:	10940023          	sb	s1,256(s0)
    2f1e:	0ec010ef          	jal	400a <memset>
    2f22:	03400613          	li	a2,52
    2f26:	4581                	li	a1,0
    2f28:	16840513          	add	a0,s0,360
    2f2c:	12940a23          	sb	s1,308(s0)
    2f30:	0da010ef          	jal	400a <memset>
    2f34:	4d810793          	add	a5,sp,1240
    2f38:	4a410713          	add	a4,sp,1188
    2f3c:	47010693          	add	a3,sp,1136
    2f40:	43c10613          	add	a2,sp,1084
    2f44:	40810593          	add	a1,sp,1032
    2f48:	0fc8                	add	a0,sp,980
    2f4a:	16940423          	sb	s1,360(s0)
    2f4e:	bb4fd0ef          	jal	302 <ecc_keygen_flow>
    2f52:	50011537          	lui	a0,0x50011
    2f56:	e0050513          	add	a0,a0,-512 # 50010e00 <__func__.2+0x180>
    2f5a:	92efe0ef          	jal	1088 <puts>
    2f5e:	0220000f          	fence	r,r
    2f62:	0220000f          	fence	r,r
    2f66:	100187b7          	lui	a5,0x10018
    2f6a:	07b1                	add	a5,a5,12 # 1001800c <_bss_lma_end+0x10012b98>
    2f6c:	4711                	li	a4,4
    2f6e:	c398                	sw	a4,0(a5)
    2f70:	4380                	lw	s0,0(a5)
    2f72:	8811                	and	s0,s0,4
    2f74:	fc75                	bnez	s0,2f70 <ldevid+0x33a>
    2f76:	50011537          	lui	a0,0x50011
    2f7a:	e3c50513          	add	a0,a0,-452 # 50010e3c <__func__.2+0x1bc>
    2f7e:	90afe0ef          	jal	1088 <puts>
    2f82:	4a810493          	add	s1,sp,1192
    2f86:	4dc10593          	add	a1,sp,1244
    2f8a:	468d                	li	a3,3
    2f8c:	4609                	li	a2,2
    2f8e:	8526                	mv	a0,s1
    2f90:	c62e                	sw	a1,12(sp)
    2f92:	9d6fd0ef          	jal	168 <store_to_datavault>
    2f96:	6785                	lui	a5,0x1
    2f98:	b7078793          	add	a5,a5,-1168 # b70 <hmac_flow+0x11e>
    2f9c:	00278a33          	add	s4,a5,sp
    2fa0:	500116b7          	lui	a3,0x50011
    2fa4:	50011637          	lui	a2,0x50011
    2fa8:	4805                	li	a6,1
    2faa:	0f7c                	add	a5,sp,924
    2fac:	8752                	mv	a4,s4
    2fae:	e6068693          	add	a3,a3,-416 # 50010e60 <__func__.2+0x1e0>
    2fb2:	e7460613          	add	a2,a2,-396 # 50010e74 <__func__.2+0x1f4>
    2fb6:	45b2                	lw	a1,12(sp)
    2fb8:	8526                	mv	a0,s1
    2fba:	f30ff0ef          	jal	26ea <generate_intermediate_tbs_der>
    2fbe:	892a                	mv	s2,a0
    2fc0:	30051563          	bnez	a0,32ca <ldevid+0x694>
    2fc4:	6785                	lui	a5,0x1
    2fc6:	80078793          	add	a5,a5,-2048 # 800 <mfdc+0x7>
    2fca:	39c12583          	lw	a1,924(sp)
    2fce:	37010993          	add	s3,sp,880
    2fd2:	2eb7ec63          	bltu	a5,a1,32ca <ldevid+0x694>
    2fd6:	500114b7          	lui	s1,0x50011
    2fda:	e8848513          	add	a0,s1,-376 # 50010e88 <__func__.2+0x208>
    2fde:	8acfe0ef          	jal	108a <printf>
    2fe2:	50011537          	lui	a0,0x50011
    2fe6:	e9c50513          	add	a0,a0,-356 # 50010e9c <__func__.2+0x21c>
    2fea:	89efe0ef          	jal	1088 <puts>
    2fee:	4abd                	li	s5,15
    2ff0:	50011b37          	lui	s6,0x50011
    2ff4:	50011bb7          	lui	s7,0x50011
    2ff8:	50011c37          	lui	s8,0x50011
    2ffc:	02c9a783          	lw	a5,44(s3)
    3000:	2af96563          	bltu	s2,a5,32aa <ldevid+0x674>
    3004:	4529                	li	a0,10
    3006:	87cfe0ef          	jal	1082 <putchar>
    300a:	5001f7b7          	lui	a5,0x5001f
    300e:	02c9aa83          	lw	s5,44(s3)
    3012:	82078793          	add	a5,a5,-2016 # 5001e820 <tbs_der_store>
    3016:	4685                	li	a3,1
    3018:	40d78623          	sb	a3,1036(a5)
    301c:	4157a423          	sw	s5,1032(a5)
    3020:	6785                	lui	a5,0x1
    3022:	b7078793          	add	a5,a5,-1168 # b70 <hmac_flow+0x11e>
    3026:	00278a33          	add	s4,a5,sp
    302a:	5001f537          	lui	a0,0x5001f
    302e:	8656                	mv	a2,s5
    3030:	85d2                	mv	a1,s4
    3032:	a2850513          	add	a0,a0,-1496 # 5001ea28 <tbs_der_store+0x208>
    3036:	07c010ef          	jal	40b2 <memcpy>
    303a:	3a410913          	add	s2,sp,932
    303e:	4685                	li	a3,1
    3040:	864a                	mv	a2,s2
    3042:	85d6                	mv	a1,s5
    3044:	8552                	mv	a0,s4
    3046:	ccbfe0ef          	jal	1d10 <sha384_digest>
    304a:	03400613          	li	a2,52
    304e:	4581                	li	a1,0
    3050:	19c98513          	add	a0,s3,412
    3054:	7b7000ef          	jal	400a <memset>
    3058:	1e94                	add	a3,sp,880
    305a:	03000513          	li	a0,48
    305e:	008907b3          	add	a5,s2,s0
    3062:	4390                	lw	a2,0(a5)
    3064:	43cc                	lw	a1,4(a5)
    3066:	28068793          	add	a5,a3,640
    306a:	d38c                	sw	a1,32(a5)
    306c:	d3d0                	sw	a2,36(a5)
    306e:	51010793          	add	a5,sp,1296
    3072:	97a2                	add	a5,a5,s0
    3074:	c38c                	sw	a1,0(a5)
    3076:	c3d0                	sw	a2,4(a5)
    3078:	0421                	add	s0,s0,8
    307a:	50c10993          	add	s3,sp,1292
    307e:	fea410e3          	bne	s0,a0,305e <ldevid+0x428>
    3082:	50011537          	lui	a0,0x50011
    3086:	ed450513          	add	a0,a0,-300 # 50010ed4 <__func__.2+0x254>
    308a:	ffffd0ef          	jal	1088 <puts>
    308e:	53c10413          	add	s0,sp,1340
    3092:	50011937          	lui	s2,0x50011
    3096:	0049a583          	lw	a1,4(s3)
    309a:	b9090513          	add	a0,s2,-1136 # 50010b90 <k+0x310>
    309e:	0991                	add	s3,s3,4
    30a0:	febfd0ef          	jal	108a <printf>
    30a4:	fe8999e3          	bne	s3,s0,3096 <ldevid+0x460>
    30a8:	4529                	li	a0,10
    30aa:	fd9fd0ef          	jal	1082 <putchar>
    30ae:	03200613          	li	a2,50
    30b2:	4581                	li	a1,0
    30b4:	54210513          	add	a0,sp,1346
    30b8:	753000ef          	jal	400a <memset>
    30bc:	479d                	li	a5,7
    30be:	4985                	li	s3,1
    30c0:	03400613          	li	a2,52
    30c4:	4581                	li	a1,0
    30c6:	57410513          	add	a0,sp,1396
    30ca:	54f100a3          	sb	a5,1345(sp)
    30ce:	55310023          	sb	s3,1344(sp)
    30d2:	739000ef          	jal	400a <memset>
    30d6:	03400613          	li	a2,52
    30da:	4581                	li	a1,0
    30dc:	5a810513          	add	a0,sp,1448
    30e0:	57310a23          	sb	s3,1396(sp)
    30e4:	57410413          	add	s0,sp,1396
    30e8:	723000ef          	jal	400a <memset>
    30ec:	5a810713          	add	a4,sp,1448
    30f0:	86a2                	mv	a3,s0
    30f2:	43c10613          	add	a2,sp,1084
    30f6:	50c10593          	add	a1,sp,1292
    30fa:	54010513          	add	a0,sp,1344
    30fe:	5b310423          	sb	s3,1448(sp)
    3102:	d5cfd0ef          	jal	65e <ecc_signing_flow>
    3106:	50011537          	lui	a0,0x50011
    310a:	ee450513          	add	a0,a0,-284 # 50010ee4 <__func__.2+0x264>
    310e:	f7bfd0ef          	jal	1088 <puts>
    3112:	5a410a13          	add	s4,sp,1444
    3116:	500119b7          	lui	s3,0x50011
    311a:	404c                	lw	a1,4(s0)
    311c:	ef498513          	add	a0,s3,-268 # 50010ef4 <__func__.2+0x274>
    3120:	0411                	add	s0,s0,4
    3122:	f69fd0ef          	jal	108a <printf>
    3126:	ff441ae3          	bne	s0,s4,311a <ldevid+0x4e4>
    312a:	50011537          	lui	a0,0x50011
    312e:	efc50513          	add	a0,a0,-260 # 50010efc <__func__.2+0x27c>
    3132:	f57fd0ef          	jal	1088 <puts>
    3136:	5a810413          	add	s0,sp,1448
    313a:	5d810a13          	add	s4,sp,1496
    313e:	404c                	lw	a1,4(s0)
    3140:	ef498513          	add	a0,s3,-268
    3144:	0411                	add	s0,s0,4
    3146:	f45fd0ef          	jal	108a <printf>
    314a:	ff441ae3          	bne	s0,s4,313e <ldevid+0x508>
    314e:	4529                	li	a0,10
    3150:	f33fd0ef          	jal	1082 <putchar>
    3154:	0220000f          	fence	r,r
    3158:	0220000f          	fence	r,r
    315c:	100187b7          	lui	a5,0x10018
    3160:	07f1                	add	a5,a5,28 # 1001801c <_bss_lma_end+0x10012ba8>
    3162:	4711                	li	a4,4
    3164:	c398                	sw	a4,0(a5)
    3166:	4398                	lw	a4,0(a5)
    3168:	8b11                	and	a4,a4,4
    316a:	ff75                	bnez	a4,3166 <ldevid+0x530>
    316c:	50011537          	lui	a0,0x50011
    3170:	f0c50513          	add	a0,a0,-244 # 50010f0c <__func__.2+0x28c>
    3174:	f15fd0ef          	jal	1088 <puts>
    3178:	03400613          	li	a2,52
    317c:	4581                	li	a1,0
    317e:	5dc10513          	add	a0,sp,1500
    3182:	689000ef          	jal	400a <memset>
    3186:	03400613          	li	a2,52
    318a:	4581                	li	a1,0
    318c:	61010513          	add	a0,sp,1552
    3190:	67b000ef          	jal	400a <memset>
    3194:	46a5                	li	a3,9
    3196:	4621                	li	a2,8
    3198:	61410593          	add	a1,sp,1556
    319c:	5e010513          	add	a0,sp,1504
    31a0:	8b0fd0ef          	jal	250 <read_from_datavault>
    31a4:	50011537          	lui	a0,0x50011
    31a8:	f3050513          	add	a0,a0,-208 # 50010f30 <__func__.2+0x2b0>
    31ac:	5dc10413          	add	s0,sp,1500
    31b0:	ed9fd0ef          	jal	1088 <puts>
    31b4:	60c10993          	add	s3,sp,1548
    31b8:	404c                	lw	a1,4(s0)
    31ba:	b9090513          	add	a0,s2,-1136
    31be:	0411                	add	s0,s0,4
    31c0:	ecbfd0ef          	jal	108a <printf>
    31c4:	ff341ae3          	bne	s0,s3,31b8 <ldevid+0x582>
    31c8:	4529                	li	a0,10
    31ca:	eb9fd0ef          	jal	1082 <putchar>
    31ce:	50011537          	lui	a0,0x50011
    31d2:	f4850513          	add	a0,a0,-184 # 50010f48 <__func__.2+0x2c8>
    31d6:	eb3fd0ef          	jal	1088 <puts>
    31da:	61010413          	add	s0,sp,1552
    31de:	64010993          	add	s3,sp,1600
    31e2:	404c                	lw	a1,4(s0)
    31e4:	b9090513          	add	a0,s2,-1136
    31e8:	0411                	add	s0,s0,4
    31ea:	ea1fd0ef          	jal	108a <printf>
    31ee:	ff341ae3          	bne	s0,s3,31e2 <ldevid+0x5ac>
    31f2:	4529                	li	a0,10
    31f4:	1e80                	add	s0,sp,880
    31f6:	e8dfd0ef          	jal	1082 <putchar>
    31fa:	03400613          	li	a2,52
    31fe:	19c40593          	add	a1,s0,412
    3202:	da040513          	add	a0,s0,-608
    3206:	6ad000ef          	jal	40b2 <memcpy>
    320a:	03400613          	li	a2,52
    320e:	26c40593          	add	a1,s0,620
    3212:	d6040513          	add	a0,s0,-672
    3216:	69d000ef          	jal	40b2 <memcpy>
    321a:	03400613          	li	a2,52
    321e:	2a040593          	add	a1,s0,672
    3222:	d2040513          	add	a0,s0,-736
    3226:	68d000ef          	jal	40b2 <memcpy>
    322a:	03400613          	li	a2,52
    322e:	20440593          	add	a1,s0,516
    3232:	ce040513          	add	a0,s0,-800
    3236:	67d000ef          	jal	40b2 <memcpy>
    323a:	03400613          	li	a2,52
    323e:	23840593          	add	a1,s0,568
    3242:	ca040513          	add	a0,s0,-864
    3246:	66d000ef          	jal	40b2 <memcpy>
    324a:	0818                	add	a4,sp,16
    324c:	0894                	add	a3,sp,80
    324e:	0910                	add	a2,sp,144
    3250:	098c                	add	a1,sp,208
    3252:	0a08                	add	a0,sp,272
    3254:	e6afd0ef          	jal	8be <ecc_verifying_flow>
    3258:	e141                	bnez	a0,32d8 <ldevid+0x6a2>
    325a:	50011537          	lui	a0,0x50011
    325e:	f6050513          	add	a0,a0,-160 # 50010f60 <__func__.2+0x2e0>
    3262:	e27fd0ef          	jal	1088 <puts>
    3266:	57810913          	add	s2,sp,1400
    326a:	5ac10993          	add	s3,sp,1452
    326e:	4685                	li	a3,1
    3270:	4601                	li	a2,0
    3272:	85ce                	mv	a1,s3
    3274:	854a                	mv	a0,s2
    3276:	ef3fc0ef          	jal	168 <store_to_datavault>
    327a:	6505                	lui	a0,0x1
    327c:	37050793          	add	a5,a0,880 # 1370 <sd_send_cmd+0xb2>
    3280:	00278a33          	add	s4,a5,sp
    3284:	b7050513          	add	a0,a0,-1168
    3288:	864a                	mv	a2,s2
    328a:	171c                	add	a5,sp,928
    328c:	8752                	mv	a4,s4
    328e:	86ce                	mv	a3,s3
    3290:	544c                	lw	a1,44(s0)
    3292:	950a                	add	a0,a0,sp
    3294:	fb6ff0ef          	jal	2a4a <add_signature_to_cert>
    3298:	892a                	mv	s2,a0
    329a:	c531                	beqz	a0,32e6 <ldevid+0x6b0>
    329c:	50011537          	lui	a0,0x50011
    32a0:	eb450513          	add	a0,a0,-332 # 50010eb4 <__func__.2+0x234>
    32a4:	de5fd0ef          	jal	1088 <puts>
    32a8:	a001                	j	32a8 <ldevid+0x672>
    32aa:	012a07b3          	add	a5,s4,s2
    32ae:	0007c603          	lbu	a2,0(a5)
    32b2:	cd4b0593          	add	a1,s6,-812 # 50010cd4 <__func__.2+0x54>
    32b6:	00cae463          	bltu	s5,a2,32be <ldevid+0x688>
    32ba:	d08b8593          	add	a1,s7,-760 # 50010d08 <__func__.2+0x88>
    32be:	eacc0513          	add	a0,s8,-340 # 50010eac <__func__.2+0x22c>
    32c2:	dc9fd0ef          	jal	108a <printf>
    32c6:	0905                	add	s2,s2,1
    32c8:	bb15                	j	2ffc <ldevid+0x3c6>
    32ca:	50011537          	lui	a0,0x50011
    32ce:	eb450513          	add	a0,a0,-332 # 50010eb4 <__func__.2+0x234>
    32d2:	db7fd0ef          	jal	1088 <puts>
    32d6:	a001                	j	32d6 <ldevid+0x6a0>
    32d8:	50011537          	lui	a0,0x50011
    32dc:	f8450513          	add	a0,a0,-124 # 50010f84 <__func__.2+0x304>
    32e0:	da9fd0ef          	jal	1088 <puts>
    32e4:	a001                	j	32e4 <ldevid+0x6ae>
    32e6:	580c                	lw	a1,48(s0)
    32e8:	6785                	lui	a5,0x1
    32ea:	fab7e9e3          	bltu	a5,a1,329c <ldevid+0x666>
    32ee:	e8848513          	add	a0,s1,-376
    32f2:	d99fd0ef          	jal	108a <printf>
    32f6:	50011537          	lui	a0,0x50011
    32fa:	fa450513          	add	a0,a0,-92 # 50010fa4 <__func__.2+0x324>
    32fe:	d8bfd0ef          	jal	1088 <puts>
    3302:	44bd                	li	s1,15
    3304:	500119b7          	lui	s3,0x50011
    3308:	50011ab7          	lui	s5,0x50011
    330c:	50011b37          	lui	s6,0x50011
    3310:	581c                	lw	a5,48(s0)
    3312:	06f96963          	bltu	s2,a5,3384 <ldevid+0x74e>
    3316:	4529                	li	a0,10
    3318:	d6bfd0ef          	jal	1082 <putchar>
    331c:	5001e7b7          	lui	a5,0x5001e
    3320:	5810                	lw	a2,48(s0)
    3322:	00078793          	mv	a5,a5
    3326:	4705                	li	a4,1
    3328:	40c7a423          	sw	a2,1032(a5) # 5001e408 <cert_store+0x408>
    332c:	40e78623          	sb	a4,1036(a5)
    3330:	6785                	lui	a5,0x1
    3332:	37078793          	add	a5,a5,880 # 1370 <sd_send_cmd+0xb2>
    3336:	5001e537          	lui	a0,0x5001e
    333a:	002785b3          	add	a1,a5,sp
    333e:	20850513          	add	a0,a0,520 # 5001e208 <cert_store+0x208>
    3342:	571000ef          	jal	40b2 <memcpy>
    3346:	6289                	lui	t0,0x2
    3348:	9116                	add	sp,sp,t0
    334a:	3ac12083          	lw	ra,940(sp)
    334e:	3a812403          	lw	s0,936(sp)
    3352:	3a412483          	lw	s1,932(sp)
    3356:	3a012903          	lw	s2,928(sp)
    335a:	39c12983          	lw	s3,924(sp)
    335e:	39812a03          	lw	s4,920(sp)
    3362:	39412a83          	lw	s5,916(sp)
    3366:	39012b03          	lw	s6,912(sp)
    336a:	38c12b83          	lw	s7,908(sp)
    336e:	38812c03          	lw	s8,904(sp)
    3372:	38412c83          	lw	s9,900(sp)
    3376:	38012d03          	lw	s10,896(sp)
    337a:	37c12d83          	lw	s11,892(sp)
    337e:	3b010113          	add	sp,sp,944
    3382:	8082                	ret
    3384:	012a07b3          	add	a5,s4,s2
    3388:	0007c603          	lbu	a2,0(a5)
    338c:	cd498593          	add	a1,s3,-812 # 50010cd4 <__func__.2+0x54>
    3390:	00c4e463          	bltu	s1,a2,3398 <ldevid+0x762>
    3394:	d08a8593          	add	a1,s5,-760 # 50010d08 <__func__.2+0x88>
    3398:	eacb0513          	add	a0,s6,-340 # 50010eac <__func__.2+0x22c>
    339c:	ceffd0ef          	jal	108a <printf>
    33a0:	0905                	add	s2,s2,1
    33a2:	b7bd                	j	3310 <ldevid+0x6da>

000033a4 <idevid>:
    33a4:	710d                	add	sp,sp,-352
    33a6:	72f9                	lui	t0,0xffffe
    33a8:	6785                	lui	a5,0x1
    33aa:	14112e23          	sw	ra,348(sp)
    33ae:	13078793          	add	a5,a5,304 # 1130 <check_spi_status+0x88>
    33b2:	14812c23          	sw	s0,344(sp)
    33b6:	14912a23          	sw	s1,340(sp)
    33ba:	15212823          	sw	s2,336(sp)
    33be:	15312623          	sw	s3,332(sp)
    33c2:	15412423          	sw	s4,328(sp)
    33c6:	6985                	lui	s3,0x1
    33c8:	15512223          	sw	s5,324(sp)
    33cc:	15612023          	sw	s6,320(sp)
    33d0:	13712e23          	sw	s7,316(sp)
    33d4:	13812c23          	sw	s8,312(sp)
    33d8:	13912a23          	sw	s9,308(sp)
    33dc:	9116                	add	sp,sp,t0
    33de:	00f104b3          	add	s1,sp,a5
    33e2:	80098913          	add	s2,s3,-2048 # 800 <mfdc+0x7>
    33e6:	864a                	mv	a2,s2
    33e8:	4581                	li	a1,0
    33ea:	80048513          	add	a0,s1,-2048
    33ee:	41d000ef          	jal	400a <memset>
    33f2:	864e                	mv	a2,s3
    33f4:	4581                	li	a1,0
    33f6:	8526                	mv	a0,s1
    33f8:	39212423          	sw	s2,904(sp)
    33fc:	40f000ef          	jal	400a <memset>
    3400:	08400613          	li	a2,132
    3404:	4581                	li	a1,0
    3406:	59410513          	add	a0,sp,1428
    340a:	39312623          	sw	s3,908(sp)
    340e:	3fd000ef          	jal	400a <memset>
    3412:	4785                	li	a5,1
    3414:	08400613          	li	a2,132
    3418:	4581                	li	a1,0
    341a:	61810513          	add	a0,sp,1560
    341e:	58f10a23          	sb	a5,1428(sp)
    3422:	3e9000ef          	jal	400a <memset>
    3426:	61810413          	add	s0,sp,1560
    342a:	500115b7          	lui	a1,0x50011
    342e:	462d                	li	a2,11
    3430:	fb458593          	add	a1,a1,-76 # 50010fb4 <__func__.2+0x334>
    3434:	00440513          	add	a0,s0,4
    3438:	47b000ef          	jal	40b2 <memcpy>
    343c:	50011537          	lui	a0,0x50011
    3440:	fc050513          	add	a0,a0,-64 # 50010fc0 <__func__.2+0x340>
    3444:	c45fd0ef          	jal	1088 <puts>
    3448:	4901                	li	s2,0
    344a:	500114b7          	lui	s1,0x50011
    344e:	4a3d                	li	s4,15
    3450:	02000993          	li	s3,32
    3454:	404c                	lw	a1,4(s0)
    3456:	b9048513          	add	a0,s1,-1136 # 50010b90 <k+0x310>
    345a:	c31fd0ef          	jal	108a <printf>
    345e:	00f97793          	and	a5,s2,15
    3462:	01479563          	bne	a5,s4,346c <idevid+0xc8>
    3466:	4529                	li	a0,10
    3468:	c1bfd0ef          	jal	1082 <putchar>
    346c:	0905                	add	s2,s2,1
    346e:	0411                	add	s0,s0,4
    3470:	ff3912e3          	bne	s2,s3,3454 <idevid+0xb0>
    3474:	4529                	li	a0,10
    3476:	c0dfd0ef          	jal	1082 <putchar>
    347a:	69c10913          	add	s2,sp,1692
    347e:	08400613          	li	a2,132
    3482:	4581                	li	a1,0
    3484:	854a                	mv	a0,s2
    3486:	385000ef          	jal	400a <memset>
    348a:	08200613          	li	a2,130
    348e:	4581                	li	a1,0
    3490:	72210513          	add	a0,sp,1826
    3494:	377000ef          	jal	400a <memset>
    3498:	4785                	li	a5,1
    349a:	72f10023          	sb	a5,1824(sp)
    349e:	59410593          	add	a1,sp,1428
    34a2:	4799                	li	a5,6
    34a4:	08400613          	li	a2,132
    34a8:	1d88                	add	a0,sp,752
    34aa:	72f100a3          	sb	a5,1825(sp)
    34ae:	405000ef          	jal	40b2 <memcpy>
    34b2:	61810593          	add	a1,sp,1560
    34b6:	08400613          	li	a2,132
    34ba:	1488                	add	a0,sp,608
    34bc:	3f7000ef          	jal	40b2 <memcpy>
    34c0:	85ca                	mv	a1,s2
    34c2:	08400613          	li	a2,132
    34c6:	0b88                	add	a0,sp,464
    34c8:	3eb000ef          	jal	40b2 <memcpy>
    34cc:	72010593          	add	a1,sp,1824
    34d0:	08400613          	li	a2,132
    34d4:	0288                	add	a0,sp,320
    34d6:	3dd000ef          	jal	40b2 <memcpy>
    34da:	0294                	add	a3,sp,320
    34dc:	0b90                	add	a2,sp,464
    34de:	148c                	add	a1,sp,608
    34e0:	1d88                	add	a0,sp,752
    34e2:	d70fd0ef          	jal	a52 <hmac_flow>
    34e6:	50011537          	lui	a0,0x50011
    34ea:	fd050513          	add	a0,a0,-48 # 50010fd0 <__func__.2+0x350>
    34ee:	b9bfd0ef          	jal	1088 <puts>
    34f2:	0220000f          	fence	r,r
    34f6:	0220000f          	fence	r,r
    34fa:	10018737          	lui	a4,0x10018
    34fe:	4791                	li	a5,4
    3500:	c31c                	sw	a5,0(a4)
    3502:	431c                	lw	a5,0(a4)
    3504:	8b91                	and	a5,a5,4
    3506:	fff5                	bnez	a5,3502 <idevid+0x15e>
    3508:	50011537          	lui	a0,0x50011
    350c:	ffc50513          	add	a0,a0,-4 # 50010ffc <__func__.2+0x37c>
    3510:	b79fd0ef          	jal	1088 <puts>
    3514:	08200613          	li	a2,130
    3518:	4581                	li	a1,0
    351a:	7a610513          	add	a0,sp,1958
    351e:	2ed000ef          	jal	400a <memset>
    3522:	1a00                	add	s0,sp,304
    3524:	4785                	li	a5,1
    3526:	7af10223          	sb	a5,1956(sp)
    352a:	08400613          	li	a2,132
    352e:	4799                	li	a5,6
    3530:	4581                	li	a1,0
    3532:	6f840513          	add	a0,s0,1784
    3536:	7af102a3          	sb	a5,1957(sp)
    353a:	2d1000ef          	jal	400a <memset>
    353e:	6785                	lui	a5,0x1
    3540:	82878793          	add	a5,a5,-2008 # 828 <mfdc+0x2f>
    3544:	00f10433          	add	s0,sp,a5
    3548:	500115b7          	lui	a1,0x50011
    354c:	4639                	li	a2,14
    354e:	01858593          	add	a1,a1,24 # 50011018 <__func__.2+0x398>
    3552:	00440513          	add	a0,s0,4
    3556:	35d000ef          	jal	40b2 <memcpy>
    355a:	50011537          	lui	a0,0x50011
    355e:	02850513          	add	a0,a0,40 # 50011028 <__func__.2+0x3a8>
    3562:	b27fd0ef          	jal	1088 <puts>
    3566:	4901                	li	s2,0
    3568:	4a3d                	li	s4,15
    356a:	02000993          	li	s3,32
    356e:	404c                	lw	a1,4(s0)
    3570:	b9048513          	add	a0,s1,-1136
    3574:	b17fd0ef          	jal	108a <printf>
    3578:	00f97793          	and	a5,s2,15
    357c:	01479563          	bne	a5,s4,3586 <idevid+0x1e2>
    3580:	4529                	li	a0,10
    3582:	b01fd0ef          	jal	1082 <putchar>
    3586:	0905                	add	s2,s2,1
    3588:	0411                	add	s0,s0,4
    358a:	ff3912e3          	bne	s2,s3,356e <idevid+0x1ca>
    358e:	4529                	li	a0,10
    3590:	1a00                	add	s0,sp,304
    3592:	af1fd0ef          	jal	1082 <putchar>
    3596:	08200613          	li	a2,130
    359a:	4581                	li	a1,0
    359c:	77e40513          	add	a0,s0,1918
    35a0:	26b000ef          	jal	400a <memset>
    35a4:	4905                	li	s2,1
    35a6:	67440593          	add	a1,s0,1652
    35aa:	498d                	li	s3,3
    35ac:	08400613          	li	a2,132
    35b0:	1c040513          	add	a0,s0,448
    35b4:	77240e23          	sb	s2,1916(s0)
    35b8:	77340ea3          	sb	s3,1917(s0)
    35bc:	2f7000ef          	jal	40b2 <memcpy>
    35c0:	6f840593          	add	a1,s0,1784
    35c4:	08400613          	li	a2,132
    35c8:	13040513          	add	a0,s0,304
    35cc:	2e7000ef          	jal	40b2 <memcpy>
    35d0:	56c40593          	add	a1,s0,1388
    35d4:	08400613          	li	a2,132
    35d8:	0a040513          	add	a0,s0,160
    35dc:	2d7000ef          	jal	40b2 <memcpy>
    35e0:	77c40593          	add	a1,s0,1916
    35e4:	08400613          	li	a2,132
    35e8:	01040513          	add	a0,s0,16
    35ec:	2c7000ef          	jal	40b2 <memcpy>
    35f0:	0294                	add	a3,sp,320
    35f2:	0b90                	add	a2,sp,464
    35f4:	148c                	add	a1,sp,608
    35f6:	1d88                	add	a0,sp,752
    35f8:	c5afd0ef          	jal	a52 <hmac_flow>
    35fc:	50011537          	lui	a0,0x50011
    3600:	dd450513          	add	a0,a0,-556 # 50010dd4 <__func__.2+0x154>
    3604:	a85fd0ef          	jal	1088 <puts>
    3608:	03200613          	li	a2,50
    360c:	4581                	li	a1,0
    360e:	29240513          	add	a0,s0,658
    3612:	1f9000ef          	jal	400a <memset>
    3616:	03400613          	li	a2,52
    361a:	4581                	li	a1,0
    361c:	2c440513          	add	a0,s0,708
    3620:	29240823          	sb	s2,656(s0)
    3624:	293408a3          	sb	s3,657(s0)
    3628:	1e3000ef          	jal	400a <memset>
    362c:	03400613          	li	a2,52
    3630:	4581                	li	a1,0
    3632:	2f840513          	add	a0,s0,760
    3636:	1d5000ef          	jal	400a <memset>
    363a:	03200613          	li	a2,50
    363e:	4581                	li	a1,0
    3640:	32e40513          	add	a0,s0,814
    3644:	1c7000ef          	jal	400a <memset>
    3648:	479d                	li	a5,7
    364a:	03400613          	li	a2,52
    364e:	4581                	li	a1,0
    3650:	36040513          	add	a0,s0,864
    3654:	32f406a3          	sb	a5,813(s0)
    3658:	33240623          	sb	s2,812(s0)
    365c:	1af000ef          	jal	400a <memset>
    3660:	03400613          	li	a2,52
    3664:	4581                	li	a1,0
    3666:	39440513          	add	a0,s0,916
    366a:	37240023          	sb	s2,864(s0)
    366e:	19d000ef          	jal	400a <memset>
    3672:	39240a23          	sb	s2,916(s0)
    3676:	49010413          	add	s0,sp,1168
    367a:	4c410793          	add	a5,sp,1220
    367e:	8722                	mv	a4,s0
    3680:	45c10693          	add	a3,sp,1116
    3684:	42810613          	add	a2,sp,1064
    3688:	1fcc                	add	a1,sp,1012
    368a:	0788                	add	a0,sp,960
    368c:	c77fc0ef          	jal	302 <ecc_keygen_flow>
    3690:	50011537          	lui	a0,0x50011
    3694:	03c50513          	add	a0,a0,60 # 5001103c <__func__.2+0x3bc>
    3698:	9f1fd0ef          	jal	1088 <puts>
    369c:	50011537          	lui	a0,0x50011
    36a0:	07850513          	add	a0,a0,120 # 50011078 <__func__.2+0x3f8>
    36a4:	9e5fd0ef          	jal	1088 <puts>
    36a8:	4c010913          	add	s2,sp,1216
    36ac:	404c                	lw	a1,4(s0)
    36ae:	b9048513          	add	a0,s1,-1136
    36b2:	0411                	add	s0,s0,4
    36b4:	9d7fd0ef          	jal	108a <printf>
    36b8:	ff241ae3          	bne	s0,s2,36ac <idevid+0x308>
    36bc:	4529                	li	a0,10
    36be:	9c5fd0ef          	jal	1082 <putchar>
    36c2:	50011537          	lui	a0,0x50011
    36c6:	08850513          	add	a0,a0,136 # 50011088 <__func__.2+0x408>
    36ca:	9bffd0ef          	jal	1088 <puts>
    36ce:	4c410413          	add	s0,sp,1220
    36d2:	4f410913          	add	s2,sp,1268
    36d6:	404c                	lw	a1,4(s0)
    36d8:	b9048513          	add	a0,s1,-1136
    36dc:	0411                	add	s0,s0,4
    36de:	9adfd0ef          	jal	108a <printf>
    36e2:	ff241ae3          	bne	s0,s2,36d6 <idevid+0x332>
    36e6:	4529                	li	a0,10
    36e8:	99bfd0ef          	jal	1082 <putchar>
    36ec:	0220000f          	fence	r,r
    36f0:	0220000f          	fence	r,r
    36f4:	100187b7          	lui	a5,0x10018
    36f8:	07b1                	add	a5,a5,12 # 1001800c <_bss_lma_end+0x10012b98>
    36fa:	4711                	li	a4,4
    36fc:	c398                	sw	a4,0(a5)
    36fe:	4380                	lw	s0,0(a5)
    3700:	8811                	and	s0,s0,4
    3702:	fc75                	bnez	s0,36fe <idevid+0x35a>
    3704:	50011537          	lui	a0,0x50011
    3708:	e3c50513          	add	a0,a0,-452 # 50010e3c <__func__.2+0x1bc>
    370c:	97dfd0ef          	jal	1088 <puts>
    3710:	6785                	lui	a5,0x1
    3712:	93078793          	add	a5,a5,-1744 # 930 <ecc_verifying_flow+0x72>
    3716:	00f10a33          	add	s4,sp,a5
    371a:	50011637          	lui	a2,0x50011
    371e:	e7460693          	add	a3,a2,-396 # 50010e74 <__func__.2+0x1f4>
    3722:	4801                	li	a6,0
    3724:	073c                	add	a5,sp,904
    3726:	8752                	mv	a4,s4
    3728:	e7460613          	add	a2,a2,-396
    372c:	4c810593          	add	a1,sp,1224
    3730:	49410513          	add	a0,sp,1172
    3734:	fb7fe0ef          	jal	26ea <generate_intermediate_tbs_der>
    3738:	89aa                	mv	s3,a0
    373a:	24051263          	bnez	a0,397e <idevid+0x5da>
    373e:	6785                	lui	a5,0x1
    3740:	80078793          	add	a5,a5,-2048 # 800 <mfdc+0x7>
    3744:	38812583          	lw	a1,904(sp)
    3748:	13010a93          	add	s5,sp,304
    374c:	22b7e963          	bltu	a5,a1,397e <idevid+0x5da>
    3750:	50011937          	lui	s2,0x50011
    3754:	e8890513          	add	a0,s2,-376 # 50010e88 <__func__.2+0x208>
    3758:	933fd0ef          	jal	108a <printf>
    375c:	50011537          	lui	a0,0x50011
    3760:	09850513          	add	a0,a0,152 # 50011098 <__func__.2+0x418>
    3764:	925fd0ef          	jal	1088 <puts>
    3768:	4b3d                	li	s6,15
    376a:	50011bb7          	lui	s7,0x50011
    376e:	50011c37          	lui	s8,0x50011
    3772:	50011cb7          	lui	s9,0x50011
    3776:	258aa783          	lw	a5,600(s5)
    377a:	1ef9e263          	bltu	s3,a5,395e <idevid+0x5ba>
    377e:	4529                	li	a0,10
    3780:	903fd0ef          	jal	1082 <putchar>
    3784:	5001f537          	lui	a0,0x5001f
    3788:	258aab03          	lw	s6,600(s5)
    378c:	82050793          	add	a5,a0,-2016 # 5001e820 <tbs_der_store>
    3790:	2167a023          	sw	s6,512(a5)
    3794:	20078223          	sb	zero,516(a5)
    3798:	6785                	lui	a5,0x1
    379a:	93078793          	add	a5,a5,-1744 # 930 <ecc_verifying_flow+0x72>
    379e:	00f109b3          	add	s3,sp,a5
    37a2:	865a                	mv	a2,s6
    37a4:	85ce                	mv	a1,s3
    37a6:	82050513          	add	a0,a0,-2016
    37aa:	109000ef          	jal	40b2 <memcpy>
    37ae:	39010a13          	add	s4,sp,912
    37b2:	4685                	li	a3,1
    37b4:	8652                	mv	a2,s4
    37b6:	85da                	mv	a1,s6
    37b8:	854e                	mv	a0,s3
    37ba:	d56fe0ef          	jal	1d10 <sha384_digest>
    37be:	03400613          	li	a2,52
    37c2:	4581                	li	a1,0
    37c4:	3c8a8513          	add	a0,s5,968
    37c8:	043000ef          	jal	400a <memset>
    37cc:	1a14                	add	a3,sp,304
    37ce:	03000513          	li	a0,48
    37d2:	008a07b3          	add	a5,s4,s0
    37d6:	4390                	lw	a2,0(a5)
    37d8:	43cc                	lw	a1,4(a5)
    37da:	40068793          	add	a5,a3,1024
    37de:	db8c                	sw	a1,48(a5)
    37e0:	dbd0                	sw	a2,52(a5)
    37e2:	4fc10793          	add	a5,sp,1276
    37e6:	97a2                	add	a5,a5,s0
    37e8:	c38c                	sw	a1,0(a5)
    37ea:	c3d0                	sw	a2,4(a5)
    37ec:	0421                	add	s0,s0,8
    37ee:	4f810993          	add	s3,sp,1272
    37f2:	fea410e3          	bne	s0,a0,37d2 <idevid+0x42e>
    37f6:	50011537          	lui	a0,0x50011
    37fa:	ed450513          	add	a0,a0,-300 # 50010ed4 <__func__.2+0x254>
    37fe:	88bfd0ef          	jal	1088 <puts>
    3802:	52810413          	add	s0,sp,1320
    3806:	0049a583          	lw	a1,4(s3)
    380a:	b9048513          	add	a0,s1,-1136
    380e:	0991                	add	s3,s3,4
    3810:	87bfd0ef          	jal	108a <printf>
    3814:	fe8999e3          	bne	s3,s0,3806 <idevid+0x462>
    3818:	4529                	li	a0,10
    381a:	869fd0ef          	jal	1082 <putchar>
    381e:	03400613          	li	a2,52
    3822:	4581                	li	a1,0
    3824:	52c10513          	add	a0,sp,1324
    3828:	7e2000ef          	jal	400a <memset>
    382c:	4485                	li	s1,1
    382e:	03400613          	li	a2,52
    3832:	4581                	li	a1,0
    3834:	56010513          	add	a0,sp,1376
    3838:	52910623          	sb	s1,1324(sp)
    383c:	52c10413          	add	s0,sp,1324
    3840:	7ca000ef          	jal	400a <memset>
    3844:	56010713          	add	a4,sp,1376
    3848:	86a2                	mv	a3,s0
    384a:	42810613          	add	a2,sp,1064
    384e:	4f810593          	add	a1,sp,1272
    3852:	45c10513          	add	a0,sp,1116
    3856:	56910023          	sb	s1,1376(sp)
    385a:	e05fc0ef          	jal	65e <ecc_signing_flow>
    385e:	50011537          	lui	a0,0x50011
    3862:	ee450513          	add	a0,a0,-284 # 50010ee4 <__func__.2+0x264>
    3866:	823fd0ef          	jal	1088 <puts>
    386a:	55c10993          	add	s3,sp,1372
    386e:	500114b7          	lui	s1,0x50011
    3872:	404c                	lw	a1,4(s0)
    3874:	ef448513          	add	a0,s1,-268 # 50010ef4 <__func__.2+0x274>
    3878:	0411                	add	s0,s0,4
    387a:	811fd0ef          	jal	108a <printf>
    387e:	fe899ae3          	bne	s3,s0,3872 <idevid+0x4ce>
    3882:	50011537          	lui	a0,0x50011
    3886:	efc50513          	add	a0,a0,-260 # 50010efc <__func__.2+0x27c>
    388a:	ffefd0ef          	jal	1088 <puts>
    388e:	56010413          	add	s0,sp,1376
    3892:	59010993          	add	s3,sp,1424
    3896:	404c                	lw	a1,4(s0)
    3898:	ef448513          	add	a0,s1,-268
    389c:	0411                	add	s0,s0,4
    389e:	fecfd0ef          	jal	108a <printf>
    38a2:	ff341ae3          	bne	s0,s3,3896 <idevid+0x4f2>
    38a6:	4529                	li	a0,10
    38a8:	1a00                	add	s0,sp,304
    38aa:	fd8fd0ef          	jal	1082 <putchar>
    38ae:	03400613          	li	a2,52
    38b2:	3c840593          	add	a1,s0,968
    38b6:	fd040513          	add	a0,s0,-48
    38ba:	7f8000ef          	jal	40b2 <memcpy>
    38be:	03400613          	li	a2,52
    38c2:	36040593          	add	a1,s0,864
    38c6:	f9040513          	add	a0,s0,-112
    38ca:	7e8000ef          	jal	40b2 <memcpy>
    38ce:	03400613          	li	a2,52
    38d2:	39440593          	add	a1,s0,916
    38d6:	f5040513          	add	a0,s0,-176
    38da:	7d8000ef          	jal	40b2 <memcpy>
    38de:	03400613          	li	a2,52
    38e2:	3fc40593          	add	a1,s0,1020
    38e6:	f1040513          	add	a0,s0,-240
    38ea:	7c8000ef          	jal	40b2 <memcpy>
    38ee:	03400613          	li	a2,52
    38f2:	43040593          	add	a1,s0,1072
    38f6:	850a                	mv	a0,sp
    38f8:	7ba000ef          	jal	40b2 <memcpy>
    38fc:	870a                	mv	a4,sp
    38fe:	0094                	add	a3,sp,64
    3900:	0110                	add	a2,sp,128
    3902:	018c                	add	a1,sp,192
    3904:	0208                	add	a0,sp,256
    3906:	fb9fc0ef          	jal	8be <ecc_verifying_flow>
    390a:	e149                	bnez	a0,398c <idevid+0x5e8>
    390c:	50011537          	lui	a0,0x50011
    3910:	f6050513          	add	a0,a0,-160 # 50010f60 <__func__.2+0x2e0>
    3914:	f74fd0ef          	jal	1088 <puts>
    3918:	46a5                	li	a3,9
    391a:	4621                	li	a2,8
    391c:	4c810593          	add	a1,sp,1224
    3920:	49410513          	add	a0,sp,1172
    3924:	845fc0ef          	jal	168 <store_to_datavault>
    3928:	6505                	lui	a0,0x1
    392a:	13050793          	add	a5,a0,304 # 1130 <check_spi_status+0x88>
    392e:	00f109b3          	add	s3,sp,a5
    3932:	93050513          	add	a0,a0,-1744
    3936:	077c                	add	a5,sp,908
    3938:	874e                	mv	a4,s3
    393a:	56410693          	add	a3,sp,1380
    393e:	53010613          	add	a2,sp,1328
    3942:	25842583          	lw	a1,600(s0)
    3946:	950a                	add	a0,a0,sp
    3948:	902ff0ef          	jal	2a4a <add_signature_to_cert>
    394c:	84aa                	mv	s1,a0
    394e:	c531                	beqz	a0,399a <idevid+0x5f6>
    3950:	50011537          	lui	a0,0x50011
    3954:	0a850513          	add	a0,a0,168 # 500110a8 <__func__.2+0x428>
    3958:	f30fd0ef          	jal	1088 <puts>
    395c:	a001                	j	395c <idevid+0x5b8>
    395e:	013a07b3          	add	a5,s4,s3
    3962:	0007c603          	lbu	a2,0(a5)
    3966:	cd4b8593          	add	a1,s7,-812 # 50010cd4 <__func__.2+0x54>
    396a:	00cb6463          	bltu	s6,a2,3972 <idevid+0x5ce>
    396e:	d08c0593          	add	a1,s8,-760 # 50010d08 <__func__.2+0x88>
    3972:	eacc8513          	add	a0,s9,-340 # 50010eac <__func__.2+0x22c>
    3976:	f14fd0ef          	jal	108a <printf>
    397a:	0985                	add	s3,s3,1
    397c:	bbed                	j	3776 <idevid+0x3d2>
    397e:	50011537          	lui	a0,0x50011
    3982:	0a850513          	add	a0,a0,168 # 500110a8 <__func__.2+0x428>
    3986:	f02fd0ef          	jal	1088 <puts>
    398a:	a001                	j	398a <idevid+0x5e6>
    398c:	50011537          	lui	a0,0x50011
    3990:	f8450513          	add	a0,a0,-124 # 50010f84 <__func__.2+0x304>
    3994:	ef4fd0ef          	jal	1088 <puts>
    3998:	a001                	j	3998 <idevid+0x5f4>
    399a:	25c42583          	lw	a1,604(s0)
    399e:	6785                	lui	a5,0x1
    39a0:	fab7e8e3          	bltu	a5,a1,3950 <idevid+0x5ac>
    39a4:	e8890513          	add	a0,s2,-376
    39a8:	ee2fd0ef          	jal	108a <printf>
    39ac:	50011537          	lui	a0,0x50011
    39b0:	0c850513          	add	a0,a0,200 # 500110c8 <__func__.2+0x448>
    39b4:	ed4fd0ef          	jal	1088 <puts>
    39b8:	493d                	li	s2,15
    39ba:	50011a37          	lui	s4,0x50011
    39be:	50011ab7          	lui	s5,0x50011
    39c2:	50011b37          	lui	s6,0x50011
    39c6:	25c42783          	lw	a5,604(s0)
    39ca:	06f4e163          	bltu	s1,a5,3a2c <idevid+0x688>
    39ce:	4529                	li	a0,10
    39d0:	eb2fd0ef          	jal	1082 <putchar>
    39d4:	5001e537          	lui	a0,0x5001e
    39d8:	00050793          	mv	a5,a0
    39dc:	25c42603          	lw	a2,604(s0)
    39e0:	20c7a023          	sw	a2,512(a5) # 1200 <write_tx_fifo+0x24>
    39e4:	20078223          	sb	zero,516(a5)
    39e8:	6785                	lui	a5,0x1
    39ea:	13078793          	add	a5,a5,304 # 1130 <check_spi_status+0x88>
    39ee:	00f105b3          	add	a1,sp,a5
    39f2:	00050513          	mv	a0,a0
    39f6:	2d75                	jal	40b2 <memcpy>
    39f8:	6289                	lui	t0,0x2
    39fa:	9116                	add	sp,sp,t0
    39fc:	15c12083          	lw	ra,348(sp)
    3a00:	15812403          	lw	s0,344(sp)
    3a04:	15412483          	lw	s1,340(sp)
    3a08:	15012903          	lw	s2,336(sp)
    3a0c:	14c12983          	lw	s3,332(sp)
    3a10:	14812a03          	lw	s4,328(sp)
    3a14:	14412a83          	lw	s5,324(sp)
    3a18:	14012b03          	lw	s6,320(sp)
    3a1c:	13c12b83          	lw	s7,316(sp)
    3a20:	13812c03          	lw	s8,312(sp)
    3a24:	13412c83          	lw	s9,308(sp)
    3a28:	6135                	add	sp,sp,352
    3a2a:	8082                	ret
    3a2c:	009987b3          	add	a5,s3,s1
    3a30:	0007c603          	lbu	a2,0(a5)
    3a34:	cd4a0593          	add	a1,s4,-812 # 50010cd4 <__func__.2+0x54>
    3a38:	00c96463          	bltu	s2,a2,3a40 <idevid+0x69c>
    3a3c:	d08a8593          	add	a1,s5,-760 # 50010d08 <__func__.2+0x88>
    3a40:	eacb0513          	add	a0,s6,-340 # 50010eac <__func__.2+0x22c>
    3a44:	e46fd0ef          	jal	108a <printf>
    3a48:	0485                	add	s1,s1,1
    3a4a:	bfb5                	j	39c6 <idevid+0x622>

00003a4c <init_doe>:
    3a4c:	2eb94737          	lui	a4,0x2eb94
    3a50:	100007b7          	lui	a5,0x10000
    3a54:	29770713          	add	a4,a4,663 # 2eb94297 <_bss_lma_end+0x2eb8ee23>
    3a58:	772856b7          	lui	a3,0x77285
    3a5c:	c398                	sw	a4,0(a5)
    3a5e:	19668693          	add	a3,a3,406 # 77285196 <_tbs_der_store_end+0x27266176>
    3a62:	c3d4                	sw	a3,4(a5)
    3a64:	3dd3a6b7          	lui	a3,0x3dd3a
    3a68:	a1e68693          	add	a3,a3,-1506 # 3dd39a1e <_bss_lma_end+0x3dd345aa>
    3a6c:	c794                	sw	a3,8(a5)
    3a6e:	b95d46b7          	lui	a3,0xb95d4
    3a72:	38f68693          	add	a3,a3,911 # b95d438f <_tbs_der_store_end+0x695b536f>
    3a76:	c7d4                	sw	a3,12(a5)
    3a78:	0220000f          	fence	r,r
    3a7c:	0220000f          	fence	r,r
    3a80:	4685                	li	a3,1
    3a82:	cb94                	sw	a3,16(a5)
    3a84:	01478693          	add	a3,a5,20 # 10000014 <_bss_lma_end+0xfffaba0>
    3a88:	4298                	lw	a4,0(a3)
    3a8a:	8b09                	and	a4,a4,2
    3a8c:	df75                	beqz	a4,3a88 <init_doe+0x3c>
    3a8e:	14451737          	lui	a4,0x14451
    3a92:	62470713          	add	a4,a4,1572 # 14451624 <_bss_lma_end+0x1444c1b0>
    3a96:	c398                	sw	a4,0(a5)
    3a98:	6a753737          	lui	a4,0x6a753
    3a9c:	c3270713          	add	a4,a4,-974 # 6a752c32 <_tbs_der_store_end+0x1a733c12>
    3aa0:	c3d8                	sw	a4,4(a5)
    3aa2:	9056e737          	lui	a4,0x9056e
    3aa6:	88470713          	add	a4,a4,-1916 # 9056d884 <_tbs_der_store_end+0x4054e864>
    3aaa:	c798                	sw	a4,8(a5)
    3aac:	daf3d737          	lui	a4,0xdaf3d
    3ab0:	89d70713          	add	a4,a4,-1891 # daf3c89d <_tbs_der_store_end+0x8af1d87d>
    3ab4:	c7d8                	sw	a4,12(a5)
    3ab6:	0220000f          	fence	r,r
    3aba:	0220000f          	fence	r,r
    3abe:	100007b7          	lui	a5,0x10000
    3ac2:	4719                	li	a4,6
    3ac4:	cb98                	sw	a4,16(a5)
    3ac6:	01478713          	add	a4,a5,20 # 10000014 <_bss_lma_end+0xfffaba0>
    3aca:	431c                	lw	a5,0(a4)
    3acc:	8b89                	and	a5,a5,2
    3ace:	dff5                	beqz	a5,3aca <init_doe+0x7e>
    3ad0:	0220000f          	fence	r,r
    3ad4:	0220000f          	fence	r,r
    3ad8:	100007b7          	lui	a5,0x10000
    3adc:	470d                	li	a4,3
    3ade:	cb98                	sw	a4,16(a5)
    3ae0:	8082                	ret

00003ae2 <main>:
    3ae2:	db010113          	add	sp,sp,-592
    3ae6:	24112623          	sw	ra,588(sp)
    3aea:	24812423          	sw	s0,584(sp)
    3aee:	24912223          	sw	s1,580(sp)
    3af2:	23412c23          	sw	s4,568(sp)
    3af6:	25212023          	sw	s2,576(sp)
    3afa:	50011a37          	lui	s4,0x50011
    3afe:	23312e23          	sw	s3,572(sp)
    3b02:	23512a23          	sw	s5,564(sp)
    3b06:	23612823          	sw	s6,560(sp)
    3b0a:	23712623          	sw	s7,556(sp)
    3b0e:	23812423          	sw	s8,552(sp)
    3b12:	23912223          	sw	s9,548(sp)
    3b16:	23a12023          	sw	s10,544(sp)
    3b1a:	21b12e23          	sw	s11,540(sp)
    3b1e:	a83fe0ef          	jal	25a0 <init_uart>
    3b22:	f6efd0ef          	jal	1290 <init_qspi>
    3b26:	0d8a0513          	add	a0,s4,216 # 500110d8 <__func__.2+0x458>
    3b2a:	d5efd0ef          	jal	1088 <puts>
    3b2e:	50011537          	lui	a0,0x50011
    3b32:	10050513          	add	a0,a0,256 # 50011100 <__func__.2+0x480>
    3b36:	d52fd0ef          	jal	1088 <puts>
    3b3a:	0d8a0513          	add	a0,s4,216
    3b3e:	d4afd0ef          	jal	1088 <puts>
    3b42:	50011637          	lui	a2,0x50011
    3b46:	500115b7          	lui	a1,0x50011
    3b4a:	50011537          	lui	a0,0x50011
    3b4e:	12860613          	add	a2,a2,296 # 50011128 <__func__.2+0x4a8>
    3b52:	13458593          	add	a1,a1,308 # 50011134 <__func__.2+0x4b4>
    3b56:	14050513          	add	a0,a0,320 # 50011140 <__func__.2+0x4c0>
    3b5a:	d30fd0ef          	jal	108a <printf>
    3b5e:	eefff0ef          	jal	3a4c <init_doe>
    3b62:	843ff0ef          	jal	33a4 <idevid>
    3b66:	8d0ff0ef          	jal	2c36 <ldevid>
    3b6a:	b59fd0ef          	jal	16c2 <init_sd_card>
    3b6e:	500134b7          	lui	s1,0x50013
    3b72:	0800                	add	s0,sp,16
    3b74:	1c051a63          	bnez	a0,3d48 <main+0x266>
    3b78:	892a                	mv	s2,a0
    3b7a:	50011537          	lui	a0,0x50011
    3b7e:	15850513          	add	a0,a0,344 # 50011158 <__func__.2+0x4d8>
    3b82:	6b85                	lui	s7,0x1
    3b84:	d04fd0ef          	jal	1088 <puts>
    3b88:	47048a93          	add	s5,s1,1136 # 50013470 <FMC_data>
    3b8c:	47048b13          	add	s6,s1,1136
    3b90:	4981                	li	s3,0
    3b92:	800b8b93          	add	s7,s7,-2048 # 800 <mfdc+0x7>
    3b96:	50011cb7          	lui	s9,0x50011
    3b9a:	50011d37          	lui	s10,0x50011
    3b9e:	4dbd                	li	s11,15
    3ba0:	20000613          	li	a2,512
    3ba4:	0ff00593          	li	a1,255
    3ba8:	8522                	mv	a0,s0
    3baa:	2185                	jal	400a <memset>
    3bac:	4681                	li	a3,0
    3bae:	4601                	li	a2,0
    3bb0:	85a2                	mv	a1,s0
    3bb2:	01798533          	add	a0,s3,s7
    3bb6:	bfffd0ef          	jal	17b4 <read_sd_card>
    3bba:	c42a                	sw	a0,8(sp)
    3bbc:	02099c63          	bnez	s3,3bf4 <main+0x112>
    3bc0:	4581                	li	a1,0
    3bc2:	168c8513          	add	a0,s9,360 # 50011168 <__func__.2+0x4e8>
    3bc6:	cc4fd0ef          	jal	108a <printf>
    3bca:	4c01                	li	s8,0
    3bcc:	01840733          	add	a4,s0,s8
    3bd0:	00074583          	lbu	a1,0(a4)
    3bd4:	170d0513          	add	a0,s10,368 # 50011170 <__func__.2+0x4f0>
    3bd8:	cb2fd0ef          	jal	108a <printf>
    3bdc:	00fc7713          	and	a4,s8,15
    3be0:	01b71563          	bne	a4,s11,3bea <main+0x108>
    3be4:	4529                	li	a0,10
    3be6:	c9cfd0ef          	jal	1082 <putchar>
    3bea:	0c05                	add	s8,s8,1
    3bec:	20000793          	li	a5,512
    3bf0:	fcfc1ee3          	bne	s8,a5,3bcc <main+0xea>
    3bf4:	855a                	mv	a0,s6
    3bf6:	20000613          	li	a2,512
    3bfa:	85a2                	mv	a1,s0
    3bfc:	295d                	jal	40b2 <memcpy>
    3bfe:	0985                	add	s3,s3,1
    3c00:	02800793          	li	a5,40
    3c04:	200b0b13          	add	s6,s6,512
    3c08:	f8f99ce3          	bne	s3,a5,3ba0 <main+0xbe>
    3c0c:	4529                	li	a0,10
    3c0e:	c74fd0ef          	jal	1082 <putchar>
    3c12:	47a2                	lw	a5,8(sp)
    3c14:	eb9d                	bnez	a5,3c4a <main+0x168>
    3c16:	50011537          	lui	a0,0x50011
    3c1a:	17850513          	add	a0,a0,376 # 50011178 <__func__.2+0x4f8>
    3c1e:	c6afd0ef          	jal	1088 <puts>
    3c22:	6595                	lui	a1,0x5
    3c24:	47048513          	add	a0,s1,1136
    3c28:	e66fe0ef          	jal	228e <measure_fmc>
    3c2c:	0ff57513          	zext.b	a0,a0
    3c30:	ed09                	bnez	a0,3c4a <main+0x168>
    3c32:	400007b7          	lui	a5,0x40000
    3c36:	40005737          	lui	a4,0x40005
    3c3a:	000aa683          	lw	a3,0(s5)
    3c3e:	c394                	sw	a3,0(a5)
    3c40:	0791                	add	a5,a5,4 # 40000004 <_bss_lma_end+0x3fffab90>
    3c42:	0a91                	add	s5,s5,4
    3c44:	fee79be3          	bne	a5,a4,3c3a <main+0x158>
    3c48:	4905                	li	s2,1
    3c4a:	50011537          	lui	a0,0x50011
    3c4e:	18c50513          	add	a0,a0,396 # 5001118c <__func__.2+0x50c>
    3c52:	50011bb7          	lui	s7,0x50011
    3c56:	6b09                	lui	s6,0x2
    3c58:	c30fd0ef          	jal	1088 <puts>
    3c5c:	270b8a93          	add	s5,s7,624 # 50011270 <SOC_FW_data>
    3c60:	4981                	li	s3,0
    3c62:	20000d93          	li	s11,512
    3c66:	800b0b13          	add	s6,s6,-2048 # 1800 <sha256_flow_produce+0xa>
    3c6a:	50011c37          	lui	s8,0x50011
    3c6e:	50011cb7          	lui	s9,0x50011
    3c72:	4d3d                	li	s10,15
    3c74:	20000613          	li	a2,512
    3c78:	0ff00593          	li	a1,255
    3c7c:	8522                	mv	a0,s0
    3c7e:	2671                	jal	400a <memset>
    3c80:	4601                	li	a2,0
    3c82:	4681                	li	a3,0
    3c84:	85a2                	mv	a1,s0
    3c86:	01698533          	add	a0,s3,s6
    3c8a:	b2bfd0ef          	jal	17b4 <read_sd_card>
    3c8e:	c42a                	sw	a0,8(sp)
    3c90:	85ce                	mv	a1,s3
    3c92:	168c0513          	add	a0,s8,360 # 50011168 <__func__.2+0x4e8>
    3c96:	bf4fd0ef          	jal	108a <printf>
    3c9a:	4601                	li	a2,0
    3c9c:	00c407b3          	add	a5,s0,a2
    3ca0:	0007c583          	lbu	a1,0(a5)
    3ca4:	170c8513          	add	a0,s9,368 # 50011170 <__func__.2+0x4f0>
    3ca8:	c632                	sw	a2,12(sp)
    3caa:	be0fd0ef          	jal	108a <printf>
    3cae:	4632                	lw	a2,12(sp)
    3cb0:	00f67793          	and	a5,a2,15
    3cb4:	01a79663          	bne	a5,s10,3cc0 <main+0x1de>
    3cb8:	4529                	li	a0,10
    3cba:	bc8fd0ef          	jal	1082 <putchar>
    3cbe:	4632                	lw	a2,12(sp)
    3cc0:	0605                	add	a2,a2,1
    3cc2:	fdb61de3          	bne	a2,s11,3c9c <main+0x1ba>
    3cc6:	8556                	mv	a0,s5
    3cc8:	85a2                	mv	a1,s0
    3cca:	26e5                	jal	40b2 <memcpy>
    3ccc:	0985                	add	s3,s3,1
    3cce:	47c5                	li	a5,17
    3cd0:	200a8a93          	add	s5,s5,512
    3cd4:	faf990e3          	bne	s3,a5,3c74 <main+0x192>
    3cd8:	4529                	li	a0,10
    3cda:	ba8fd0ef          	jal	1082 <putchar>
    3cde:	47a2                	lw	a5,8(sp)
    3ce0:	e3b5                	bnez	a5,3d44 <main+0x262>
    3ce2:	50011537          	lui	a0,0x50011
    3ce6:	19c50513          	add	a0,a0,412 # 5001119c <__func__.2+0x51c>
    3cea:	b9efd0ef          	jal	1088 <puts>
    3cee:	6589                	lui	a1,0x2
    3cf0:	20058593          	add	a1,a1,512 # 2200 <measure_soc+0x1ea>
    3cf4:	270b8513          	add	a0,s7,624
    3cf8:	b1efe0ef          	jal	2016 <measure_soc>
    3cfc:	0ff57513          	zext.b	a0,a0
    3d00:	e131                	bnez	a0,3d44 <main+0x262>
    3d02:	6589                	lui	a1,0x2
    3d04:	50011537          	lui	a0,0x50011
    3d08:	20058593          	add	a1,a1,512 # 2200 <measure_soc+0x1ea>
    3d0c:	27050513          	add	a0,a0,624 # 50011270 <SOC_FW_data>
    3d10:	eeffc0ef          	jal	bfe <mailbox_send_data>
    3d14:	50011537          	lui	a0,0x50011
    3d18:	1b050513          	add	a0,a0,432 # 500111b0 <__func__.2+0x530>
    3d1c:	b6cfd0ef          	jal	1088 <puts>
    3d20:	400007b7          	lui	a5,0x40000
    3d24:	9782                	jalr	a5
    3d26:	0d8a0513          	add	a0,s4,216
    3d2a:	b5efd0ef          	jal	1088 <puts>
    3d2e:	50011537          	lui	a0,0x50011
    3d32:	20850513          	add	a0,a0,520 # 50011208 <__func__.2+0x588>
    3d36:	b52fd0ef          	jal	1088 <puts>
    3d3a:	0d8a0513          	add	a0,s4,216
    3d3e:	b4afd0ef          	jal	1088 <puts>
    3d42:	a001                	j	3d42 <main+0x260>
    3d44:	fc0918e3          	bnez	s2,3d14 <main+0x232>
    3d48:	50011537          	lui	a0,0x50011
    3d4c:	1c050513          	add	a0,a0,448 # 500111c0 <__func__.2+0x540>
    3d50:	b38fd0ef          	jal	1088 <puts>
    3d54:	500137b7          	lui	a5,0x50013
    3d58:	6b85                	lui	s7,0x1
    3d5a:	47078993          	add	s3,a5,1136 # 50013470 <FMC_data>
    3d5e:	47048b13          	add	s6,s1,1136
    3d62:	4901                	li	s2,0
    3d64:	20000c13          	li	s8,512
    3d68:	800b8b93          	add	s7,s7,-2048 # 800 <mfdc+0x7>
    3d6c:	50011cb7          	lui	s9,0x50011
    3d70:	50011d37          	lui	s10,0x50011
    3d74:	4dbd                	li	s11,15
    3d76:	20000613          	li	a2,512
    3d7a:	0ff00593          	li	a1,255
    3d7e:	8522                	mv	a0,s0
    3d80:	2469                	jal	400a <memset>
    3d82:	4681                	li	a3,0
    3d84:	4601                	li	a2,0
    3d86:	85a2                	mv	a1,s0
    3d88:	01790533          	add	a0,s2,s7
    3d8c:	a29fd0ef          	jal	17b4 <read_sd_card>
    3d90:	c42a                	sw	a0,8(sp)
    3d92:	02091a63          	bnez	s2,3dc6 <main+0x2e4>
    3d96:	4581                	li	a1,0
    3d98:	168c8513          	add	a0,s9,360 # 50011168 <__func__.2+0x4e8>
    3d9c:	aeefd0ef          	jal	108a <printf>
    3da0:	4a81                	li	s5,0
    3da2:	01540733          	add	a4,s0,s5
    3da6:	00074583          	lbu	a1,0(a4) # 40005000 <_bss_lma_end+0x3ffffb8c>
    3daa:	170d0513          	add	a0,s10,368 # 50011170 <__func__.2+0x4f0>
    3dae:	adcfd0ef          	jal	108a <printf>
    3db2:	00faf713          	and	a4,s5,15
    3db6:	01b71563          	bne	a4,s11,3dc0 <main+0x2de>
    3dba:	4529                	li	a0,10
    3dbc:	ac6fd0ef          	jal	1082 <putchar>
    3dc0:	0a85                	add	s5,s5,1
    3dc2:	ff8a90e3          	bne	s5,s8,3da2 <main+0x2c0>
    3dc6:	855a                	mv	a0,s6
    3dc8:	20000613          	li	a2,512
    3dcc:	85a2                	mv	a1,s0
    3dce:	24d5                	jal	40b2 <memcpy>
    3dd0:	0905                	add	s2,s2,1
    3dd2:	02800793          	li	a5,40
    3dd6:	200b0b13          	add	s6,s6,512
    3dda:	f8f91ee3          	bne	s2,a5,3d76 <main+0x294>
    3dde:	4529                	li	a0,10
    3de0:	aa2fd0ef          	jal	1082 <putchar>
    3de4:	47a2                	lw	a5,8(sp)
    3de6:	0e079d63          	bnez	a5,3ee0 <main+0x3fe>
    3dea:	50011537          	lui	a0,0x50011
    3dee:	1d050513          	add	a0,a0,464 # 500111d0 <__func__.2+0x550>
    3df2:	a96fd0ef          	jal	1088 <puts>
    3df6:	6595                	lui	a1,0x5
    3df8:	47048513          	add	a0,s1,1136
    3dfc:	c92fe0ef          	jal	228e <measure_fmc>
    3e00:	0ff57513          	zext.b	a0,a0
    3e04:	0c051e63          	bnez	a0,3ee0 <main+0x3fe>
    3e08:	400007b7          	lui	a5,0x40000
    3e0c:	40005737          	lui	a4,0x40005
    3e10:	0009a683          	lw	a3,0(s3)
    3e14:	c394                	sw	a3,0(a5)
    3e16:	0791                	add	a5,a5,4 # 40000004 <_bss_lma_end+0x3fffab90>
    3e18:	0991                	add	s3,s3,4
    3e1a:	fee79be3          	bne	a5,a4,3e10 <main+0x32e>
    3e1e:	4b05                	li	s6,1
    3e20:	50011537          	lui	a0,0x50011
    3e24:	1e450513          	add	a0,a0,484 # 500111e4 <__func__.2+0x564>
    3e28:	50011bb7          	lui	s7,0x50011
    3e2c:	6a89                	lui	s5,0x2
    3e2e:	a5afd0ef          	jal	1088 <puts>
    3e32:	270b8993          	add	s3,s7,624 # 50011270 <SOC_FW_data>
    3e36:	4481                	li	s1,0
    3e38:	20000c13          	li	s8,512
    3e3c:	800a8a93          	add	s5,s5,-2048 # 1800 <sha256_flow_produce+0xa>
    3e40:	50011cb7          	lui	s9,0x50011
    3e44:	50011d37          	lui	s10,0x50011
    3e48:	4dbd                	li	s11,15
    3e4a:	20000613          	li	a2,512
    3e4e:	0ff00593          	li	a1,255
    3e52:	8522                	mv	a0,s0
    3e54:	2a5d                	jal	400a <memset>
    3e56:	4681                	li	a3,0
    3e58:	4601                	li	a2,0
    3e5a:	85a2                	mv	a1,s0
    3e5c:	01548533          	add	a0,s1,s5
    3e60:	955fd0ef          	jal	17b4 <read_sd_card>
    3e64:	c42a                	sw	a0,8(sp)
    3e66:	e88d                	bnez	s1,3e98 <main+0x3b6>
    3e68:	4581                	li	a1,0
    3e6a:	168c8513          	add	a0,s9,360 # 50011168 <__func__.2+0x4e8>
    3e6e:	a1cfd0ef          	jal	108a <printf>
    3e72:	4901                	li	s2,0
    3e74:	01240733          	add	a4,s0,s2
    3e78:	00074583          	lbu	a1,0(a4) # 40005000 <_bss_lma_end+0x3ffffb8c>
    3e7c:	170d0513          	add	a0,s10,368 # 50011170 <__func__.2+0x4f0>
    3e80:	a0afd0ef          	jal	108a <printf>
    3e84:	00f97713          	and	a4,s2,15
    3e88:	01b71563          	bne	a4,s11,3e92 <main+0x3b0>
    3e8c:	4529                	li	a0,10
    3e8e:	9f4fd0ef          	jal	1082 <putchar>
    3e92:	0905                	add	s2,s2,1
    3e94:	ff8910e3          	bne	s2,s8,3e74 <main+0x392>
    3e98:	854e                	mv	a0,s3
    3e9a:	20000613          	li	a2,512
    3e9e:	85a2                	mv	a1,s0
    3ea0:	2c09                	jal	40b2 <memcpy>
    3ea2:	0485                	add	s1,s1,1
    3ea4:	47c5                	li	a5,17
    3ea6:	20098993          	add	s3,s3,512
    3eaa:	faf490e3          	bne	s1,a5,3e4a <main+0x368>
    3eae:	4529                	li	a0,10
    3eb0:	9d2fd0ef          	jal	1082 <putchar>
    3eb4:	47a2                	lw	a5,8(sp)
    3eb6:	e395                	bnez	a5,3eda <main+0x3f8>
    3eb8:	50011537          	lui	a0,0x50011
    3ebc:	1f450513          	add	a0,a0,500 # 500111f4 <__func__.2+0x574>
    3ec0:	9c8fd0ef          	jal	1088 <puts>
    3ec4:	6589                	lui	a1,0x2
    3ec6:	20058593          	add	a1,a1,512 # 2200 <measure_soc+0x1ea>
    3eca:	270b8513          	add	a0,s7,624
    3ece:	948fe0ef          	jal	2016 <measure_soc>
    3ed2:	0ff57513          	zext.b	a0,a0
    3ed6:	e20506e3          	beqz	a0,3d02 <main+0x220>
    3eda:	e20b1de3          	bnez	s6,3d14 <main+0x232>
    3ede:	b5a1                	j	3d26 <main+0x244>
    3ee0:	4b01                	li	s6,0
    3ee2:	bf3d                	j	3e20 <main+0x33e>

00003ee4 <early_trap_vector>:
    3ee4:	342022f3          	csrr	t0,mcause
    3ee8:	34102373          	csrr	t1,mepc
    3eec:	343023f3          	csrr	t2,mtval
    3ef0:	30030e37          	lui	t3,0x30030
    3ef4:	0cce0e13          	add	t3,t3,204 # 300300cc <_bss_lma_end+0x3002ac58>
    3ef8:	5000ce97          	auipc	t4,0x5000c
    3efc:	1f0e8e93          	add	t4,t4,496 # 500100e8 <trap_msg>

00003f00 <trap_print_loop>:
    3f00:	000e8283          	lb	t0,0(t4)
    3f04:	005e0023          	sb	t0,0(t3)
    3f08:	0e85                	add	t4,t4,1
    3f0a:	fe029be3          	bnez	t0,3f00 <trap_print_loop>
    3f0e:	4f05                	li	t5,1
    3f10:	01ee0023          	sb	t5,0(t3)
    3f14:	bfc1                	j	3ee4 <early_trap_vector>

00003f16 <__lshrdi3>:
    3f16:	ca19                	beqz	a2,3f2c <__lshrdi3+0x16>
    3f18:	02000793          	li	a5,32
    3f1c:	8f91                	sub	a5,a5,a2
    3f1e:	00f04863          	bgtz	a5,3f2e <__lshrdi3+0x18>
    3f22:	1601                	add	a2,a2,-32
    3f24:	00c5d533          	srl	a0,a1,a2
    3f28:	4701                	li	a4,0
    3f2a:	85ba                	mv	a1,a4
    3f2c:	8082                	ret
    3f2e:	00c5d733          	srl	a4,a1,a2
    3f32:	00c55533          	srl	a0,a0,a2
    3f36:	00f595b3          	sll	a1,a1,a5
    3f3a:	8d4d                	or	a0,a0,a1
    3f3c:	b7fd                	j	3f2a <__lshrdi3+0x14>

00003f3e <memmove>:
    3f3e:	02a5f263          	bgeu	a1,a0,3f62 <memmove+0x24>
    3f42:	00c58733          	add	a4,a1,a2
    3f46:	00e57e63          	bgeu	a0,a4,3f62 <memmove+0x24>
    3f4a:	00c507b3          	add	a5,a0,a2
    3f4e:	ca1d                	beqz	a2,3f84 <memmove+0x46>
    3f50:	17fd                	add	a5,a5,-1
    3f52:	fff74683          	lbu	a3,-1(a4)
    3f56:	00d78023          	sb	a3,0(a5)
    3f5a:	177d                	add	a4,a4,-1
    3f5c:	fef51ae3          	bne	a0,a5,3f50 <memmove+0x12>
    3f60:	8082                	ret
    3f62:	47bd                	li	a5,15
    3f64:	02c7e163          	bltu	a5,a2,3f86 <memmove+0x48>
    3f68:	87aa                	mv	a5,a0
    3f6a:	fff60693          	add	a3,a2,-1
    3f6e:	ca59                	beqz	a2,4004 <memmove+0xc6>
    3f70:	0685                	add	a3,a3,1
    3f72:	96be                	add	a3,a3,a5
    3f74:	0785                	add	a5,a5,1
    3f76:	0005c703          	lbu	a4,0(a1)
    3f7a:	fee78fa3          	sb	a4,-1(a5)
    3f7e:	0585                	add	a1,a1,1
    3f80:	fed79ae3          	bne	a5,a3,3f74 <memmove+0x36>
    3f84:	8082                	ret
    3f86:	00b567b3          	or	a5,a0,a1
    3f8a:	8b8d                	and	a5,a5,3
    3f8c:	eba5                	bnez	a5,3ffc <memmove+0xbe>
    3f8e:	ff060893          	add	a7,a2,-16
    3f92:	ff08f893          	and	a7,a7,-16
    3f96:	08c1                	add	a7,a7,16
    3f98:	011506b3          	add	a3,a0,a7
    3f9c:	872e                	mv	a4,a1
    3f9e:	87aa                	mv	a5,a0
    3fa0:	00072803          	lw	a6,0(a4)
    3fa4:	0107a023          	sw	a6,0(a5)
    3fa8:	00472803          	lw	a6,4(a4)
    3fac:	0107a223          	sw	a6,4(a5)
    3fb0:	00872803          	lw	a6,8(a4)
    3fb4:	0107a423          	sw	a6,8(a5)
    3fb8:	00c72803          	lw	a6,12(a4)
    3fbc:	07c1                	add	a5,a5,16
    3fbe:	ff07ae23          	sw	a6,-4(a5)
    3fc2:	0741                	add	a4,a4,16
    3fc4:	fcd79ee3          	bne	a5,a3,3fa0 <memmove+0x62>
    3fc8:	00c67813          	and	a6,a2,12
    3fcc:	95c6                	add	a1,a1,a7
    3fce:	00f67713          	and	a4,a2,15
    3fd2:	02080a63          	beqz	a6,4006 <memmove+0xc8>
    3fd6:	ffc70813          	add	a6,a4,-4
    3fda:	ffc87813          	and	a6,a6,-4
    3fde:	0811                	add	a6,a6,4
    3fe0:	010687b3          	add	a5,a3,a6
    3fe4:	872e                	mv	a4,a1
    3fe6:	0691                	add	a3,a3,4
    3fe8:	00072883          	lw	a7,0(a4)
    3fec:	ff16ae23          	sw	a7,-4(a3)
    3ff0:	0711                	add	a4,a4,4
    3ff2:	fef69ae3          	bne	a3,a5,3fe6 <memmove+0xa8>
    3ff6:	8a0d                	and	a2,a2,3
    3ff8:	95c2                	add	a1,a1,a6
    3ffa:	bf85                	j	3f6a <memmove+0x2c>
    3ffc:	fff60693          	add	a3,a2,-1
    4000:	87aa                	mv	a5,a0
    4002:	b7bd                	j	3f70 <memmove+0x32>
    4004:	8082                	ret
    4006:	863a                	mv	a2,a4
    4008:	b78d                	j	3f6a <memmove+0x2c>

0000400a <memset>:
    400a:	433d                	li	t1,15
    400c:	872a                	mv	a4,a0
    400e:	02c37363          	bgeu	t1,a2,4034 <memset+0x2a>
    4012:	00f77793          	and	a5,a4,15
    4016:	efbd                	bnez	a5,4094 <memset+0x8a>
    4018:	e5ad                	bnez	a1,4082 <memset+0x78>
    401a:	ff067693          	and	a3,a2,-16
    401e:	8a3d                	and	a2,a2,15
    4020:	96ba                	add	a3,a3,a4
    4022:	c30c                	sw	a1,0(a4)
    4024:	c34c                	sw	a1,4(a4)
    4026:	c70c                	sw	a1,8(a4)
    4028:	c74c                	sw	a1,12(a4)
    402a:	0741                	add	a4,a4,16
    402c:	fed76be3          	bltu	a4,a3,4022 <memset+0x18>
    4030:	e211                	bnez	a2,4034 <memset+0x2a>
    4032:	8082                	ret
    4034:	40c306b3          	sub	a3,t1,a2
    4038:	068a                	sll	a3,a3,0x2
    403a:	00000297          	auipc	t0,0x0
    403e:	9696                	add	a3,a3,t0
    4040:	00a68067          	jr	10(a3)
    4044:	00b70723          	sb	a1,14(a4)
    4048:	00b706a3          	sb	a1,13(a4)
    404c:	00b70623          	sb	a1,12(a4)
    4050:	00b705a3          	sb	a1,11(a4)
    4054:	00b70523          	sb	a1,10(a4)
    4058:	00b704a3          	sb	a1,9(a4)
    405c:	00b70423          	sb	a1,8(a4)
    4060:	00b703a3          	sb	a1,7(a4)
    4064:	00b70323          	sb	a1,6(a4)
    4068:	00b702a3          	sb	a1,5(a4)
    406c:	00b70223          	sb	a1,4(a4)
    4070:	00b701a3          	sb	a1,3(a4)
    4074:	00b70123          	sb	a1,2(a4)
    4078:	00b700a3          	sb	a1,1(a4)
    407c:	00b70023          	sb	a1,0(a4)
    4080:	8082                	ret
    4082:	0ff5f593          	zext.b	a1,a1
    4086:	00859693          	sll	a3,a1,0x8
    408a:	8dd5                	or	a1,a1,a3
    408c:	01059693          	sll	a3,a1,0x10
    4090:	8dd5                	or	a1,a1,a3
    4092:	b761                	j	401a <memset+0x10>
    4094:	00279693          	sll	a3,a5,0x2
    4098:	00000297          	auipc	t0,0x0
    409c:	9696                	add	a3,a3,t0
    409e:	8286                	mv	t0,ra
    40a0:	fa8680e7          	jalr	-88(a3)
    40a4:	8096                	mv	ra,t0
    40a6:	17c1                	add	a5,a5,-16
    40a8:	8f1d                	sub	a4,a4,a5
    40aa:	963e                	add	a2,a2,a5
    40ac:	f8c374e3          	bgeu	t1,a2,4034 <memset+0x2a>
    40b0:	b7a5                	j	4018 <memset+0xe>

000040b2 <memcpy>:
    40b2:	00a5c7b3          	xor	a5,a1,a0
    40b6:	8b8d                	and	a5,a5,3
    40b8:	00c508b3          	add	a7,a0,a2
    40bc:	e7b1                	bnez	a5,4108 <memcpy+0x56>
    40be:	478d                	li	a5,3
    40c0:	04c7f463          	bgeu	a5,a2,4108 <memcpy+0x56>
    40c4:	00357793          	and	a5,a0,3
    40c8:	872a                	mv	a4,a0
    40ca:	e7dd                	bnez	a5,4178 <memcpy+0xc6>
    40cc:	ffc8f613          	and	a2,a7,-4
    40d0:	40e606b3          	sub	a3,a2,a4
    40d4:	02000793          	li	a5,32
    40d8:	04d7c463          	blt	a5,a3,4120 <memcpy+0x6e>
    40dc:	86ae                	mv	a3,a1
    40de:	87ba                	mv	a5,a4
    40e0:	02c77163          	bgeu	a4,a2,4102 <memcpy+0x50>
    40e4:	0006a803          	lw	a6,0(a3)
    40e8:	0791                	add	a5,a5,4
    40ea:	ff07ae23          	sw	a6,-4(a5)
    40ee:	0691                	add	a3,a3,4
    40f0:	fec7eae3          	bltu	a5,a2,40e4 <memcpy+0x32>
    40f4:	fff60793          	add	a5,a2,-1
    40f8:	8f99                	sub	a5,a5,a4
    40fa:	9bf1                	and	a5,a5,-4
    40fc:	0791                	add	a5,a5,4
    40fe:	973e                	add	a4,a4,a5
    4100:	95be                	add	a1,a1,a5
    4102:	01176663          	bltu	a4,a7,410e <memcpy+0x5c>
    4106:	8082                	ret
    4108:	872a                	mv	a4,a0
    410a:	ff157ee3          	bgeu	a0,a7,4106 <memcpy+0x54>
    410e:	0005c783          	lbu	a5,0(a1)
    4112:	0705                	add	a4,a4,1
    4114:	fef70fa3          	sb	a5,-1(a4)
    4118:	0585                	add	a1,a1,1
    411a:	fee89ae3          	bne	a7,a4,410e <memcpy+0x5c>
    411e:	8082                	ret
    4120:	02470713          	add	a4,a4,36
    4124:	5194                	lw	a3,32(a1)
    4126:	0005a383          	lw	t2,0(a1)
    412a:	0045a283          	lw	t0,4(a1)
    412e:	0085af83          	lw	t6,8(a1)
    4132:	00c5af03          	lw	t5,12(a1)
    4136:	0105ae83          	lw	t4,16(a1)
    413a:	0145ae03          	lw	t3,20(a1)
    413e:	0185a303          	lw	t1,24(a1)
    4142:	01c5a803          	lw	a6,28(a1)
    4146:	fed72e23          	sw	a3,-4(a4)
    414a:	fc772e23          	sw	t2,-36(a4)
    414e:	fe572023          	sw	t0,-32(a4)
    4152:	fff72223          	sw	t6,-28(a4)
    4156:	ffe72423          	sw	t5,-24(a4)
    415a:	ffd72623          	sw	t4,-20(a4)
    415e:	ffc72823          	sw	t3,-16(a4)
    4162:	fe672a23          	sw	t1,-12(a4)
    4166:	ff072c23          	sw	a6,-8(a4)
    416a:	40e606b3          	sub	a3,a2,a4
    416e:	02458593          	add	a1,a1,36
    4172:	fad7c7e3          	blt	a5,a3,4120 <memcpy+0x6e>
    4176:	b79d                	j	40dc <memcpy+0x2a>
    4178:	0005c783          	lbu	a5,0(a1)
    417c:	0705                	add	a4,a4,1
    417e:	fef70fa3          	sb	a5,-1(a4)
    4182:	00377793          	and	a5,a4,3
    4186:	0585                	add	a1,a1,1
    4188:	d3b1                	beqz	a5,40cc <memcpy+0x1a>
    418a:	0005c783          	lbu	a5,0(a1)
    418e:	0705                	add	a4,a4,1
    4190:	fef70fa3          	sb	a5,-1(a4)
    4194:	00377793          	and	a5,a4,3
    4198:	0585                	add	a1,a1,1
    419a:	fff9                	bnez	a5,4178 <memcpy+0xc6>
    419c:	bf05                	j	40cc <memcpy+0x1a>

0000419e <strlen>:
    419e:	00357793          	and	a5,a0,3
    41a2:	872a                	mv	a4,a0
    41a4:	ef9d                	bnez	a5,41e2 <strlen+0x44>
    41a6:	7f7f86b7          	lui	a3,0x7f7f8
    41aa:	f7f68693          	add	a3,a3,-129 # 7f7f7f7f <_tbs_der_store_end+0x2f7d8f5f>
    41ae:	55fd                	li	a1,-1
    41b0:	4310                	lw	a2,0(a4)
    41b2:	00d677b3          	and	a5,a2,a3
    41b6:	97b6                	add	a5,a5,a3
    41b8:	8fd1                	or	a5,a5,a2
    41ba:	8fd5                	or	a5,a5,a3
    41bc:	0711                	add	a4,a4,4
    41be:	feb789e3          	beq	a5,a1,41b0 <strlen+0x12>
    41c2:	ffc74683          	lbu	a3,-4(a4)
    41c6:	40a707b3          	sub	a5,a4,a0
    41ca:	ca8d                	beqz	a3,41fc <strlen+0x5e>
    41cc:	ffd74683          	lbu	a3,-3(a4)
    41d0:	c29d                	beqz	a3,41f6 <strlen+0x58>
    41d2:	ffe74503          	lbu	a0,-2(a4)
    41d6:	00a03533          	snez	a0,a0
    41da:	953e                	add	a0,a0,a5
    41dc:	1579                	add	a0,a0,-2
    41de:	8082                	ret
    41e0:	d2f9                	beqz	a3,41a6 <strlen+0x8>
    41e2:	00074783          	lbu	a5,0(a4)
    41e6:	0705                	add	a4,a4,1
    41e8:	00377693          	and	a3,a4,3
    41ec:	fbf5                	bnez	a5,41e0 <strlen+0x42>
    41ee:	8f09                	sub	a4,a4,a0
    41f0:	fff70513          	add	a0,a4,-1
    41f4:	8082                	ret
    41f6:	ffd78513          	add	a0,a5,-3
    41fa:	8082                	ret
    41fc:	ffc78513          	add	a0,a5,-4
    4200:	8082                	ret
