@00000000
73 10 20 B0 73 10 20 B8 B7 A2 AA AA 93 82 92 0A
73 90 02 7C 91 42 0F 10 00 00 73 90 92 7F 0F 10
00 00 97 42 00 00 93 82 22 EC 73 90 52 30 97 42
00 00 93 82 62 1D 17 53 00 00 13 03 E3 43 97 03
01 50 93 83 23 FC 03 AE 02 00 23 A0 C3 01 91 02
91 03 E3 EA 62 FE 97 52 00 00 93 82 E2 41 17 53
00 00 13 03 63 41 97 13 01 50 93 83 A3 20 03 AE
02 00 23 A0 C3 01 91 02 91 03 E3 EA 62 FE 17 C1
01 50 13 01 21 3F EF 30 D0 25 B7 02 03 30 93 82
C2 0C 13 0F F0 0F 23 80 E2 01 E3 08 00 FE 01 00
01 00 01 00 01 00 01 00 01 00 01 00 01 00 01 00
01 00 01 00 01 00 01 00 01 00 01 00 01 00 01 00
01 00 01 00 01 00 01 00 01 00 01 00 01 00 01 00
01 00 01 00 01 00 01 00 01 00 01 00 01 00 01 00
01 00 01 00 01 00 01 00 01 00 01 00 01 00 01 00
01 00 01 00 01 00 01 00 01 00 01 00 01 00 01 00
01 00 01 00 01 00 01 00 01 00 01 00 01 00 01 00
01 00 01 00 01 00 01 00 01 00 01 00 01 00 01 00
01 00 01 00 01 00 01 00 01 00 01 00 01 00 01 00
01 00 01 00 01 00 01 00 01 00 01 00 01 00 01 00
01 00 01 00 01 00 01 00 01 00 01 00 01 00 01 00
01 00 01 00 01 00 01 00 01 00 01 00 01 00 01 00
01 00 01 00 01 00
@00000168
01 11 B7 77 00 04 4E C6 56 C2 93 87 27 08 AA 8A
AE 89 37 05 01 50 B7 05 01 50 26 CA 52 C4 B2 84
33 0A F6 00 93 85 05 25 B6 97 13 06 10 0D 13 05
45 16 22 CC 4A C8 13 94 27 00 06 CE 36 89 EF 00
50 6E A5 47 63 E4 97 00 63 F2 27 03 37 05 01 50
13 05 85 17 EF 00 D0 6C 7D 55 F2 40 62 44 D2 44
42 49 B2 49 22 4A 92 4A 05 61 82 80 13 07 00 03
B3 86 E4 02 B7 C7 01 10 93 87 07 23 0A 0A BE 96
81 47 B3 85 FA 00 33 86 F6 00 8C 41 0C C2 91 07
E3 99 E7 FE 0F 00 20 02 0F 00 20 02 B3 07 F9 02
05 47 23 20 EA 00 37 C7 01 10 13 07 07 23 93 06
00 03 BA 97 01 47 B3 85 E9 00 33 86 E7 00 8C 41
0C C2 11 07 E3 19 D7 FE 0F 00 20 02 0F 00 20 02
85 47 37 05 01 50 1C C0 4A 86 A6 85 13 05 45 1A
EF 00 30 64 01 45 95 BF 01 11 4A C8 4E C6 2E 89
AA 89 B7 05 01 50 37 05 01 50 22 CC 93 85 C5 23
32 84 13 05 45 16 13 06 C0 0E 26 CA 06 CE B6 84
EF 00 30 61 A5 47 63 E4 87 00 63 F0 97 02 37 05
01 50 13 05 85 17 EF 00 B0 5F 7D 55 F2 40 62 44
D2 44 42 49 B2 49 05 61 82 80 13 07 00 03 B3 06
E4 02 B7 C7 01 10 93 87 07 23 BE 96 81 47 33 86
F6 00 0C 42 33 86 F9 00 0C C2 91 07 E3 99 E7 FE
B3 87 F4 02 37 C7 01 10 13 07 07 23 93 06 00 03
BA 97 01 47 33 86 E7 00 0C 42 33 06 E9 00 0C C2
11 07 E3 19 D7 FE 37 05 01 50 26 86 A2 85 13 05
05 1F EF 00 10 59 01 45 51 BF 79 71 4E CE BA 89
37 87 00 10 22 D4 26 D2 4A D0 52 CC 56 CA 06 D6
5A C8 5E C6 AA 8A 2E 8A 32 84 36 89 BE 84 61 07
1C 43 85 8B F5 DF 83 C7 0A 00 B7 0B 01 50 37 0B
01 50 63 8C 07 18 13 06 90 03 93 85 0B 51 13 05
4B 16 EF 00 10 54 83 C7 1A 00 86 07 93 F7 E7 03
93 E7 17 00 0F 00 20 02 0F 00 20 02 37 87 00 10
23 24 F7 60 13 07 C7 60 1C 43 89 8B F5 DF 83 47
09 00 85 CB 13 06 B0 04 93 85 0B 51 13 05 4B 16
EF 00 30 50 83 47 19 00 86 07 93 F7 E7 03 93 E7
17 20 0F 00 20 02 0F 00 20 02 37 87 00 10 23 28
F7 60 B7 87 00 10 37 86 FF EF 37 87 00 10 93 87
07 50 13 06 06 B0 13 07 07 53 BE 85 91 07 B3 86
C7 00 D2 96 94 42 94 C1 E3 99 E7 FE B7 87 00 10
37 86 FF EF 37 87 00 10 93 87 07 48 13 06 06 B8
13 07 07 4B BE 85 91 07 B3 86 C7 00 A2 96 94 42
94 C1 E3 99 E7 FE 37 05 01 50 13 05 45 26 EF 00
30 48 0F 00 20 02 0F 00 20 02 B7 87 00 10 05 47
98 CB 13 87 87 01 1C 43 89 8B F5 DF 83 47 09 00
FD C3 37 05 01 50 13 05 05 27 EF 00 70 45 37 87
00 10 13 07 47 61 1C 43 89 8B F5 DF 37 05 01 50
13 05 C5 2F EF 00 D0 43 83 C7 09 00 63 89 07 12
B7 86 00 10 37 86 FF EF B7 87 00 10 93 86 06 20
13 06 46 E0 93 87 07 23 33 87 C6 00 8C 42 4E 97
0C C3 91 06 E3 9A F6 FE 37 05 01 50 13 05 85 34
EF 00 10 40 83 C7 04 00 63 81 07 16 37 87 00 10
37 86 FF EF B7 87 00 10 13 07 07 28 13 06 46 D8
93 87 07 2B B3 06 C7 00 0C 43 A6 96 8C C2 11 07
E3 1A F7 FE B2 50 22 54 92 54 02 59 F2 49 62 4A
D2 4A 42 4B B2 4B 45 61 82 80 13 06 20 04 93 85
0B 51 13 05 4B 16 EF 00 D0 3A B7 87 00 10 37 86
FF EF 37 87 00 10 93 87 07 08 13 06 06 F8 13 07
07 0B BE 85 91 07 B3 86 C7 00 D6 96 94 42 94 C1
E3 99 E7 FE AD B5 37 05 01 50 13 05 45 28 EF 00
30 37 B7 87 00 10 B7 86 FF EF 37 87 00 10 01 44
93 87 07 18 93 86 46 E8 13 07 07 1B 33 86 D7 00
4A 96 03 AA 07 00 10 42 63 0E CA 02 37 05 01 50
A2 85 13 05 05 2A EF 00 D0 33 37 05 01 50 D2 85
13 05 C5 2C EF 00 F0 32 0A 04 B3 06 89 00 37 05
01 50 CC 42 13 05 45 2E EF 00 B0 31 05 45 EF 00
D0 30 01 A0 91 07 05 04 E3 9A E7 FA C1 B5 B7 86
00 10 37 87 FF EF B7 87 00 10 01 44 93 86 06 20
13 07 47 E0 93 87 07 23 33 86 E6 00 4E 96 03 A9
06 00 10 42 63 0E C9 02 37 05 01 50 A2 85 13 05
85 31 EF 00 10 2D 37 05 01 50 CA 85 13 05 C5 2C
EF 00 30 2C 0A 04 33 87 89 00 37 05 01 50 4C 43
13 05 45 2E EF 00 F0 2A 05 45 EF 00 10 2A 01 A0
91 06 05 04 E3 9A F6 FA 41 BD 37 87 00 10 B7 86
FF EF B7 87 00 10 01 44 13 07 07 28 93 86 46 D8
93 87 07 2B 33 06 D7 00 26 96 03 29 07 00 10 42
63 0E C9 02 37 05 01 50 A2 85 13 05 45 36 EF 00
50 26 37 05 01 50 CA 85 13 05 C5 2C EF 00 70 25
0A 04 B3 87 84 00 37 05 01 50 CC 43 13 05 45 2E
EF 00 30 24 05 45 EF 00 50 23 01 A0 11 07 05 04
E3 1A F7 FA 85 B5 01 11 26 CA BA 84 37 87 00 10
22 CC 4A C8 4E C6 52 C4 06 CE 2A 84 2E 8A B2 89
36 89 61 07 1C 43 85 8B F5 DF B7 87 00 10 03 47
04 00 93 87 07 58 1D E3 37 86 FF EF 37 87 00 10
13 06 06 A8 13 07 07 5B BE 85 91 07 B3 86 C7 00
A2 96 94 42 94 C1 E3 99 E7 FE 1D A8 37 05 01 50
13 05 45 39 EF 00 D0 1C 83 47 14 00 86 07 93 F7
E7 03 93 E7 17 00 0F 00 20 02 0F 00 20 02 37 87
00 10 23 20 F7 60 13 07 47 60 1C 43 89 8B F5 DF
B7 87 00 10 37 86 FF EF 37 87 00 10 93 87 07 10
13 06 06 F0 13 07 07 13 BE 85 91 07 B3 86 C7 00
D2 96 94 42 94 C1 E3 99 E7 FE B7 87 00 10 37 86
FF EF 37 87 00 10 93 87 07 48 13 06 06 B8 13 07
07 4B BE 85 91 07 B3 86 C7 00 CE 96 94 42 94 C1
E3 99 E7 FE 37 05 01 50 13 05 45 3B EF 00 50 14
0F 00 20 02 0F 00 20 02 B7 87 00 10 09 47 98 CB
13 87 87 01 1C 43 89 8B F5 DF 37 05 01 50 13 05
45 3C EF 00 F0 11 83 47 09 00 B5 CB B7 87 00 10
37 86 FF EF 37 87 00 10 93 87 07 30 13 06 46 D0
13 07 07 33 B3 86 C7 00 8C 43 CA 96 8C C2 91 07
E3 9A E7 FE 37 05 01 50 13 05 C5 43 EF 00 50 0E
83 C7 04 00 DD C3 B7 87 00 10 37 86 FF EF 37 87
00 10 93 87 07 38 13 06 46 C8 13 07 07 3B B3 86
C7 00 8C 43 A6 96 8C C2 91 07 E3 9A E7 FE F2 40
62 44 D2 44 42 49 B2 49 22 4A 05 61 82 80 B7 87
00 10 B7 86 FF EF 37 87 00 10 01 44 93 87 07 30
93 86 46 D0 13 07 07 33 33 86 D7 00 4A 96 83 A9
07 00 10 42 63 8E C9 02 37 05 01 50 A2 85 13 05
05 3E EF 00 10 07 37 05 01 50 CE 85 13 05 C5 40
EF 00 30 06 0A 04 B3 06 89 00 37 05 01 50 CC 42
13 05 45 42 EF 00 F0 04 05 45 EF 00 10 04 01 A0
91 07 05 04 E3 9A E7 FA B1 B7 B7 87 00 10 B7 86
FF EF 37 87 00 10 01 44 93 87 07 38 93 86 46 C8
13 07 07 3B 33 86 D7 00 26 96 03 A9 07 00 10 42
63 0E C9 02 37 05 01 50 A2 85 13 05 85 45 EF 00
50 00 37 05 01 50 CA 85 13 05 C5 2C EF 00 60 7F
0A 04 33 87 84 00 37 05 01 50 4C 43 13 05 45 2E
EF 00 20 7E 05 45 EF 00 40 7D 01 A0 91 07 05 04
E3 9A E7 FA 29 BF 41 11 22 C4 36 84 B7 86 00 10
06 C6 26 C2 4A C0 E1 06 9C 42 85 8B F5 DF B7 87
00 10 B7 86 00 10 93 87 07 10 93 86 06 13 3E 88
83 28 45 00 91 07 23 20 18 01 11 05 E3 99 D7 FE
B7 87 00 10 B7 86 00 10 93 87 07 20 93 86 06 23
3E 85 03 A8 45 00 91 07 23 20 05 01 91 05 E3 99
D7 FE B7 87 00 10 B7 86 00 10 93 87 07 28 93 86
06 2B BE 85 48 42 91 07 88 C1 11 06 E3 9B D7 FE
B7 87 00 10 B7 86 00 10 22 86 93 87 07 30 93 86
06 33 BE 85 48 42 91 07 88 C1 11 06 E3 9B D7 FE
B7 87 00 10 B7 86 00 10 93 87 07 38 93 86 06 3B
3E 86 4C 43 91 07 0C C2 11 07 E3 9B D7 FE 37 05
01 50 13 05 45 48 29 27 0F 00 20 02 0F 00 20 02
B7 87 00 10 0D 47 98 CB 37 28 06 00 37 07 03 30
B7 08 03 30 13 05 90 3E 93 85 87 01 13 07 07 64
13 08 08 A8 93 88 88 64 9C 41 89 8B B1 CF 37 05
01 50 13 05 45 49 E9 25 B7 87 00 10 81 45 93 87
07 40 B1 46 13 97 25 00 3E 97 03 29 07 00 44 40
63 07 99 06 37 05 01 50 13 05 05 4B 5D 25 37 05
01 50 CA 85 13 05 05 4E 69 2D 37 05 01 50 A6 85
13 05 85 4F 79 25 05 45 49 25 7D 55 B2 40 22 44
92 44 02 49 41 01 82 80 7D 15 65 D9 10 43 33 03
06 01 54 43 B3 37 C3 00 B6 97 23 A0 68 00 1A 86
23 A2 F8 00 03 23 07 00 83 23 47 00 63 E6 F3 00
E3 9C 77 F6 E3 7A C3 F6 73 00 50 10 E5 B7 85 05
11 04 E3 91 D5 F8 01 45 55 BF 01 11 22 CC 26 CA
4A C8 4E C6 06 CE 52 C4 37 07 01 10 2A 89 AE 84
B2 89 36 84 03 CA 06 00 61 07 1C 43 85 8B F5 DF
83 47 09 00 F9 CF 83 47 19 00 86 07 93 F7 E7 03
93 E7 17 00 0F 00 20 02 0F 00 20 02 37 07 01 10
23 20 F7 60 13 07 47 60 1C 43 89 8B F5 DF 83 C7
04 00 F1 CF 83 C7 14 00 86 07 93 F7 E7 03 93 E7
17 00 0F 00 20 02 0F 00 20 02 37 07 01 10 23 24
F7 60 13 07 C7 60 1C 43 89 8B F5 DF 03 A7 49 00
B7 07 01 10 23 A8 E7 12 03 A7 89 00 93 87 47 13
98 C3 03 A7 C9 00 D8 C3 03 A7 09 01 98 C7 03 A7
49 01 D8 C7 63 01 0A 02 83 47 14 00 86 07 93 F7
F7 0F 93 E7 17 7C 0F 00 20 02 0F 00 20 02 37 07
01 10 23 28 F7 60 0F 00 20 02 0F 00 20 02 B7 07
01 10 05 47 98 CB 63 0C 0A 06 37 05 01 50 13 05
85 53 B9 23 37 07 01 10 13 07 47 61 1C 43 89 8B
F5 DF F2 40 62 44 D2 44 42 49 B2 49 22 4A 05 61
82 80 37 05 01 50 13 05 05 52 1D 23 B7 07 01 10
37 07 01 10 93 87 07 04 13 07 07 07 BE 86 03 26
49 00 91 07 90 C2 11 09 E3 9A E7 FE 0D B7 B7 07
01 10 37 07 01 10 93 87 07 08 13 07 07 10 BE 86
D0 40 91 07 90 C2 91 04 E3 9B E7 FE 05 BF 37 05
01 50 13 05 85 55 E9 29 B7 07 01 10 81 45 93 87
07 10 B1 46 13 97 25 00 3E 97 03 29 07 00 44 40
63 06 99 02 37 05 01 50 13 05 05 57 5D 29 37 05
01 50 CA 85 13 05 C5 2C 6D 21 37 05 01 50 A6 85
13 05 45 2E 79 29 05 45 49 29 01 A0 85 05 11 04
E3 92 D5 FC B9 B7 79 71 4A D0 2A 89 37 05 00 10
06 D6 26 D2 22 D4 AE 84 4E CE 52 CC 56 CA EF 10
50 0F 37 05 01 50 13 05 C5 59 9D 21 37 07 02 30
61 07 1C 43 85 8B F5 DF EF 10 10 12 2A C4 2E C6
2A 84 AA 85 37 05 01 50 13 05 85 5A B7 09 02 30
89 21 D1 09 37 0A 01 50 91 4A 49 E0 0F 00 20 02
0F 00 20 02 B7 47 2B 1A 37 07 02 30 93 87 D7 C4
1C C7 0F 00 20 02 0F 00 20 02 37 05 01 50 44 C7
A6 85 13 05 45 5E 31 21 B7 06 02 30 81 47 11 48
C1 06 63 EF 97 04 37 05 01 50 13 05 C5 60 CD 2E
0F 00 20 02 0F 00 20 02 B7 07 02 30 05 47 D8 CF
CC 4F 99 81 9D 89 11 46 63 88 C5 06 37 05 01 50
13 05 85 62 F9 26 7D 54 22 85 B2 50 22 54 92 54
02 59 F2 49 62 4A D2 4A 45 61 82 80 83 A5 09 00
13 05 0A 5D 7D 26 63 73 54 01 11 44 71 14 B5 B7
B3 85 F4 40 63 73 B8 00 91 45 01 47 01 46 33 03
F9 00 33 05 E3 00 93 18 37 00 03 45 05 00 33 15
15 01 05 07 49 8E E3 96 E5 FE 0F 00 20 02 0F 00
20 02 90 C2 91 07 B5 B7 37 05 01 50 13 05 C5 67
85 26 59 BF 41 11 22 C4 06 C6 A9 47 2A 84 63 16
F5 00 35 45 EF 10 30 02 22 85 EF 10 D0 01 22 85
B2 40 22 44 41 01 82 80 41 11 22 C4 06 C6 2A 84
03 45 04 00 01 E9 29 45 F1 37 B2 40 22 44 05 45
41 01 82 80 05 04 7D 3F E5 B7 39 71 26 DA 4E D6
06 DE 22 DC 4A D8 AE 84 B2 89 15 ED 93 07 00 03
23 06 F1 00 05 44 22 89 63 49 99 04 93 07 04 02
B3 84 27 00 AD 14 33 89 84 40 03 C5 04 00 FD 14
51 37 E3 1C 99 FE 22 85 F2 50 62 54 D2 54 42 59
B2 59 21 61 82 80 7C 00 01 44 A9 46 25 46 33 77
D5 02 AA 85 05 04 85 07 13 07 07 03 A3 8F E7 FE
33 55 D5 02 E3 65 B6 FE 7D B7 4E 85 A1 37 05 09
65 B7 39 71 26 DA 52 D4 06 DE 22 DC 4A D8 4E D6
AE 84 32 8A 63 5C 05 02 33 05 A0 40 93 84 F5 FF
05 49 7C 00 01 44 A9 46 33 67 D5 02 05 04 85 07
33 45 D5 02 13 07 07 03 A3 8F E7 FE 75 F5 63 0E
09 00 13 05 D0 02 EF 10 00 73 01 A8 29 E1 93 07
00 03 23 06 F1 00 01 49 05 44 A2 89 63 CB 99 02
93 07 04 02 B3 84 27 00 AD 14 B3 89 84 40 03 C5
04 00 FD 14 C1 3D E3 9C 99 FE 33 05 24 01 F2 50
62 54 D2 54 42 59 B2 59 22 5A 21 61 82 80 01 49
49 BF 52 85 45 3D 85 09 D1 B7 A9 47 63 95 F6 00
13 76 F6 0F B9 BF 01 11 4A C8 06 CE 22 CC 26 CA
4E C6 52 C4 A1 47 2A 89 63 9F F6 02 F9 44 81 47
01 44 93 09 D0 0F 33 55 99 00 1D 89 11 E1 91 C7
13 05 05 03 85 3D 05 04 85 47 F5 14 93 F4 F4 0F
E3 93 34 FF 22 85 F2 40 62 44 D2 44 42 49 B2 49
22 4A 05 61 82 80 C1 47 7D 54 E3 95 F6 FE F1 44
01 47 01 44 25 4A 93 09 C0 0F B3 57 99 00 BD 8B
91 E7 11 E3 99 E8 13 85 07 03 29 A0 13 85 77 03
E3 7B FA FE 05 35 05 04 05 47 F1 14 93 F4 F4 0F
E3 9D 34 FD 45 BF 79 71 22 D4 26 D2 4A D0 4E CE
52 CC 56 CA 5A C8 5E C6 62 C4 06 D6 66 C2 6A C0
2A 84 AE 84 01 49 93 09 50 02 93 0A 00 03 13 0B
D0 02 93 0B A0 02 13 0A F0 06 13 0C 50 07 03 45
04 00 05 E1 B2 50 22 54 4A 85 92 54 02 59 F2 49
62 4A D2 4A 42 4B B2 4B 22 4C 92 4C 02 4D 45 61
82 80 63 06 35 01 7D 33 05 09 05 04 C9 BF 03 47
14 00 69 DB 05 04 93 07 00 02 63 16 37 01 4E 85
EF 10 60 5C DD B7 3E 86 83 47 04 00 22 87 05 04
E3 8B 57 FF 63 83 67 01 3A 84 83 47 04 00 63 9C
77 03 05 04 81 45 83 47 04 00 63 82 47 0B 63 6D
FA 04 13 07 30 06 63 80 E7 0A 13 07 40 06 63 8C
E7 06 13 07 80 05 E3 92 E7 FA 93 8C 44 00 C1 46
88 40 61 3D AD A0 93 87 07 FD 93 F7 F7 0F 25 47
81 45 E3 62 F7 FC 29 48 29 A0 B3 85 05 03 2A 84
BE 95 83 47 04 00 93 87 07 FD 93 F6 F7 0F 13 05
14 00 E3 74 D7 FE 45 B7 63 8E 87 03 13 07 80 07
E3 8D E7 FA 13 07 30 07 E3 99 E7 F4 13 8D 44 00
CA 8C 84 40 B3 87 2C 41 A6 97 03 C5 07 00 1D E9
EA 84 66 89 1D BF 88 40 93 8C 44 00 59 3B 2A 99
E6 84 25 B7 88 40 93 8C 44 00 01 3B CD BF 93 8C
44 00 A1 46 B5 BF 03 C5 04 00 93 8C 44 00 5D 39
05 09 F9 BF 45 39 85 0C 75 BF 13 75 F5 0F 5D B1
E1 B1 39 71 2E D2 4C 10 06 CE 32 D4 36 D6 3A D8
3E DA 42 DC 46 DE 2E C6 BD 3D F2 40 21 61 82 80
B7 06 00 20 41 11 B7 07 00 20 37 06 03 30 A9 68
37 03 03 30 22 C4 D1 06 98 42 06 C6 C0 5B B7 0F
00 03 37 0F 00 01 13 88 87 02 13 06 06 64 93 88
08 C4 13 03 83 64 B3 77 F7 01 63 9C E7 07 B7 07
00 20 D1 07 93 16 17 00 63 C2 06 0A 9C 43 31 CC
37 05 01 50 A2 85 13 05 85 6C 61 37 93 77 04 01
91 C7 37 05 01 50 13 05 05 6E 9D 3F 93 77 84 00
91 C7 37 05 01 50 13 05 45 6F 9D 37 93 77 04 02
91 C7 37 05 01 50 13 05 45 70 99 3F 93 77 24 00
91 C7 37 05 01 50 13 05 85 71 99 37 0F 00 20 02
0F 00 20 02 B7 07 00 20 C0 DB B2 40 22 44 41 01
82 80 83 27 08 00 08 42 33 07 15 01 4C 42 B3 37
A7 00 AE 97 23 20 E3 00 3A 85 23 22 F3 00 03 2E
06 00 83 2E 46 00 63 E8 FE 00 63 94 D7 01 63 64
AE 00 98 42 89 BF 73 00 50 10 D5 B7 98 43 99 BF
B7 06 00 20 13 07 90 3E D1 06 9C 42 A1 83 7D 17
93 F7 F7 0F 09 C7 E3 1A F5 FE 01 45 82 80 05 45
82 80 B7 07 00 20 D1 07 98 43 93 16 17 00 E3 DD
06 FE 82 80 0F 00 20 02 0F 00 20 02 B7 07 00 20
88 D3 82 80 37 07 00 20 93 07 80 3E 51 07 14 43
FD 17 91 CF 13 96 26 00 E3 4B 06 FE 0F 00 20 02
0F 00 20 02 B7 07 00 20 C8 D7 01 45 82 80 7D 55
82 80 37 07 00 20 93 07 80 3E 51 07 03 28 07 00
FD 17 99 C3 E3 5C 08 FE A6 05 2A 06 4D 8E 49 8E
B2 06 55 8E 0F 00 20 02 0F 00 20 02 B7 07 00 20
D0 D3 82 80 B7 07 00 20 13 07 80 3E D1 07 94 43
13 96 76 00 63 49 06 00 B7 07 00 20 88 57 21 81
13 75 F5 0F 82 80 7D 17 7D F3 13 05 F0 0F 82 80
B7 07 03 30 83 A7 07 0E 89 8B 91 E3 01 A0 82 80
0F 00 20 02 0F 00 20 02 B7 07 00 A0 37 07 00 20
93 87 F7 07 1C CB 82 80 41 11 06 C6 D1 3F B2 40
41 01 F9 BF B7 07 00 20 F1 07 01 E5 B7 07 00 20
E1 07 0F 00 20 02 0F 00 20 02 37 07 00 C0 13 07
17 03 98 C3 82 80 5D 71 FD 72 86 C6 A2 C4 A6 C2
4E DE 62 D4 CA C0 52 DC 56 DA 5A D8 5E D6 66 D2
6A D0 6E CE 2A 84 16 91 01 45 AE 89 32 8C B6 84
D5 35 22 85 C5 3D 89 46 01 46 85 45 01 45 11 3F
13 D5 89 01 C5 35 89 46 01 46 85 45 01 45 11 37
13 D5 09 01 C1 3D 89 46 01 46 85 45 01 45 D5 3D
13 D5 89 00 C1 35 89 46 01 46 85 45 01 45 D5 35
4E 85 4D 3D 01 45 89 46 01 46 85 45 D9 3D 93 07
00 04 13 05 50 09 63 0A F4 00 93 07 80 04 13 05
70 08 63 04 F4 00 13 05 F0 0F 69 35 89 46 01 46
85 45 01 45 7D 35 B1 3D 93 07 20 05 63 1E F4 12
05 66 81 45 08 08 A5 80 EF 20 B0 49 13 04 00 04
7D 55 7D 14 85 35 6D FC 8D 46 01 46 85 45 13 05
F0 0F 41 35 81 49 35 35 01 4A 93 0A 00 40 63 9F
99 02 05 45 05 3D 13 05 F0 0F 2D 3D 89 46 01 46
81 45 01 45 B9 3D 01 44 85 62 16 91 B6 40 22 85
96 44 26 44 06 49 F2 59 62 5A D2 5A 42 5B B2 5B
22 5C 92 5C 02 5D F2 4D 61 61 82 80 13 09 01 01
37 0B 00 20 B7 0B 00 20 4A 8D 81 4C 51 0B 93 8B
8B 02 8D 46 01 46 85 45 13 05 F0 0F 19 3D D1 33
13 05 00 04 71 3B EA 8D 81 46 03 24 0B 00 B7 07
00 01 7D 8C 7D F8 83 A7 0B 00 13 F6 F7 0F 23 A0
CD 00 13 D6 87 00 13 76 F6 0F 23 A2 CD 00 13 D6
07 01 13 76 F6 0F E1 83 23 A4 CD 00 23 A6 FD 00
7D 55 36 C6 45 33 B2 46 91 06 93 05 00 10 C1 0D
E3 9D B6 FA AE 9C 13 0D 0D 40 E3 9C 5C F9 93 07
E0 0F 83 26 09 00 05 04 63 8E F6 02 11 09 E3 1A
54 FF 8D 46 01 46 85 45 13 05 F0 0F 59 3B 63 01
0A 02 93 07 0A 20 63 ED FA 00 13 95 99 00 93 07
0A 01 13 06 00 20 B3 85 27 00 62 95 EF 20 F0 41
85 09 F5 BD 22 8A F1 B7 93 07 10 05 63 11 F4 1E
13 06 00 40 81 45 08 08 EF 20 B0 35 13 04 00 04
7D 55 7D 14 05 33 6D FC 8D 46 01 46 85 45 13 05
F0 0F 81 33 FD 31 B7 87 02 10 9C 4F 8D 46 01 46
85 45 13 05 F0 0F 35 33 E9 39 00 08 13 05 00 04
B7 0A 00 20 37 0A 00 20 65 31 93 09 04 10 A2 84
D1 0A 13 0A 8A 02 83 A7 0A 00 13 97 77 00 E3 4C
07 FE 83 27 0A 00 13 D7 87 00 23 80 F4 00 A3 80
E4 00 13 D7 07 01 E1 83 23 81 E4 00 A3 81 F4 00
7D 55 91 04 45 39 E3 98 34 FD 8D 46 01 46 85 45
13 05 F0 0F F9 31 B5 39 13 05 00 04 B7 0A 00 20
37 0A 00 20 B1 31 A2 84 D1 0A 13 0A 8A 02 83 A7
0A 00 13 97 77 00 E3 4C 07 FE 83 27 0A 00 13 D7
87 00 23 80 F4 10 A3 80 E4 10 13 D7 07 01 E1 83
23 81 E4 10 A3 81 F4 10 7D 55 91 04 A1 39 E3 98
34 FD 8D 46 01 46 85 45 13 05 F0 0F 9D 39 15 31
13 05 00 04 B7 0A 00 20 37 0A 00 20 D5 3E A2 84
D1 0A 13 0A 8A 02 83 A7 0A 00 13 97 77 00 E3 4C
07 FE 83 27 0A 00 13 D7 87 00 23 80 F4 20 A3 80
E4 20 13 D7 07 01 E1 83 23 81 E4 20 A3 81 F4 20
7D 55 91 04 01 31 E3 98 34 FD 8D 46 01 46 81 45
13 05 F0 0F 39 39 05 45 F1 3E E1 36 13 05 00 04
B7 0A 00 20 37 0A 00 20 61 3E D1 0A 37 0B 00 01
13 0A 8A 02 83 A4 0A 00 B3 F4 64 01 E5 FC 83 27
0A 00 13 D7 87 00 23 00 F4 30 A3 00 E4 30 13 D7
07 01 E1 83 23 01 E4 30 A3 01 F4 30 7D 55 11 04
55 36 E3 19 34 FD 7D 55 71 3E 7D 55 61 3E 89 46
81 45 01 46 1D 45 75 3E 0C 08 93 06 E0 0F 13 07
00 40 B3 87 95 00 03 C6 07 00 A6 87 85 04 63 1D
D6 00 93 87 17 20 E3 60 F7 D4 13 06 00 20 A6 95
62 85 EF 20 90 23 05 BB E3 9D E4 FC 2D B3 85 46
36 85 01 46 81 45 B5 3E 05 45 2D 3E 1D 36 5D 36
2A 84 13 05 F0 0F 3D 3E 89 46 01 46 81 45 01 45
8D 36 19 B3 41 11 7D 55 06 C6 2D 36 B2 40 89 46
01 46 81 45 0D 45 41 01 A9 B6 41 11 06 C6 22 C4
26 C2 4A C0 75 36 01 45 F1 36 05 45 E1 36 05 45
EF F0 5F AF 51 44 F9 37 05 49 E9 37 FD 54 D9 37
81 46 01 46 81 45 13 05 00 04 F1 36 63 15 25 07
85 44 81 46 01 46 93 05 A0 1A 13 05 80 04 65 3E
63 07 95 06 93 07 F4 FF 2D E0 81 46 01 46 81 45
13 05 90 06 4D 36 33 B4 A4 00 33 04 80 40 13 74
84 FD 13 04 94 06 93 04 80 3E 7D 59 81 46 01 46
81 45 22 85 49 36 2D C9 FD 14 E3 99 24 FF 81 46
01 46 93 05 00 20 13 05 00 05 B5 36 33 35 A0 00
33 05 A0 40 29 A0 7D 14 E3 14 94 F8 7D 55 B2 40
22 44 92 44 02 49 41 01 82 80 3E 84 59 B7 93 04
90 3E 05 44 81 46 01 46 81 45 13 05 70 07 EF F0
9F B3 63 11 85 02 81 46 01 46 B7 05 00 40 13 05
90 06 EF F0 5F B2 01 C5 FD 14 E9 FC 01 44 13 05
F4 FF 75 BF 75 F9 DD BF D5 D8 51 BF 01 11 4E C6
B6 89 22 CC 26 CA 4A C8 06 CE 2A 84 AE 84 32 89
EF F0 1F 8E 63 9F 09 00 81 46 26 86 A2 85 13 05
10 05 62 44 F2 40 D2 44 42 49 B2 49 05 61 6F F0
9F AD CA 86 26 86 A2 85 13 05 20 05 DD B7 41 11
37 87 02 10 22 C4 06 C6 2E 84 61 07 1C 43 85 8B
F5 DF B7 87 02 10 37 87 02 10 93 87 07 08 13 07
07 0C BE 86 50 41 91 07 90 C2 11 05 E3 9B E7 FE
37 05 01 50 0A 04 13 05 85 72 11 88 EF F0 5F 85
13 64 14 00 0F 00 20 02 0F 00 20 02 B7 87 02 10
80 CB 13 87 87 01 1C 43 89 8B F5 DF 37 05 01 50
13 05 85 73 EF F0 DF 82 B7 87 02 10 83 A7 07 10
B7 87 02 10 83 A7 47 10 B7 87 02 10 83 A7 87 10
B7 87 02 10 83 A7 C7 10 B7 87 02 10 83 A7 07 11
B7 87 02 10 83 A7 47 11 B7 87 02 10 83 A7 87 11
B2 40 22 44 B7 87 02 10 83 A7 C7 11 41 01 82 80
B7 07 01 FF 13 01 01 D0 93 87 07 F0 BE C0 B7 07
FF 00 93 87 F7 0F 23 20 71 2F 23 2E 81 2E 23 2C
91 2E 23 2A 21 2F 23 28 31 2F 23 26 41 2F 23 24
51 2F 23 22 61 2F 23 2E 81 2D 23 2C 91 2D 23 2A
A1 2D 23 28 B1 2D AA C4 AE C6 81 4B BE C2 B6 47
63 ED FB 02 03 24 C1 2F 83 24 81 2F 03 29 41 2F
83 29 01 2F 03 2A C1 2E 83 2A 81 2E 03 2B 41 2E
83 2B 01 2E 03 2C C1 2D 83 2C 81 2D 03 2D 41 2D
83 2D 01 2D 13 01 01 30 82 80 A6 47 81 45 33 85
77 01 B3 07 B5 00 D4 43 03 A8 07 00 13 D7 06 01
93 17 08 01 D9 8F 41 77 7D 8F 13 58 08 01 C2 07
33 67 07 01 C2 06 C1 83 D5 8F 13 D8 86 01 93 16
87 00 06 44 93 18 87 01 B3 66 D8 00 13 98 87 00
A1 83 33 78 88 00 E1 8E B3 E7 F8 00 16 44 21 83
E1 8F 61 8F 13 84 05 05 B3 08 24 00 B3 67 F8 00
D9 8E 23 A0 F8 00 23 A2 D8 00 A1 05 93 07 00 08
E3 99 F5 F8 94 08 CC 46 98 46 13 58 17 00 93 97
F5 01 13 D3 15 00 B3 E7 07 01 13 18 F7 01 33 68
68 00 13 9E 85 01 13 53 87 00 33 6E 6E 00 93 DE
85 00 13 13 87 01 33 63 D3 01 33 48 68 00 1D 83
13 93 95 01 33 67 E3 00 B3 C7 C7 01 9D 81 B9 8F
33 48 B8 00 98 42 AC 46 03 AE C6 04 03 A3 46 00
BA 95 33 B7 E5 00 72 93 3A 93 BE 95 83 A8 46 07
A8 5A B3 B7 F5 00 1A 98 33 87 07 01 13 58 35 01
93 97 D8 00 13 D3 38 01 B3 E7 07 01 13 18 D5 00
33 68 68 00 13 DE D8 01 13 13 35 00 33 6E 6E 00
93 9E 38 00 13 53 D5 01 33 63 D3 01 33 48 68 00
19 81 13 93 A8 01 33 65 A3 00 B3 C7 C7 01 A9 8F
93 D8 68 00 AE 97 33 45 18 01 B3 B5 B7 00 2A 97
BA 95 13 87 06 08 1C C3 4C C3 A1 06 9C 0C E3 94
D7 F2 5C 42 3E CC 5C 46 3E CE 5C 4A 3E D0 1C 4E
3E C2 5C 4E 3E D2 1C 52 3E C4 5C 52 3E D4 1C 56
3E C6 5C 56 3E D6 1C 5A 3E C8 5C 5A 3E D8 1C 5E
3E CA 5C 5E 04 42 00 46 83 23 06 01 3E DA 52 43
3E 8D C2 4F 42 5C B2 42 92 47 3E DC 92 57 B2 5C
A2 46 22 55 3E DE 9E 8E 82 59 22 8F 72 4A A6 85
E2 48 81 4A B7 17 01 50 13 87 07 88 93 87 0A 05
56 97 33 8E 27 00 03 28 47 00 1C 43 03 27 0E 00
3E 97 03 2E 4E 00 72 98 B3 37 F7 00 13 CB F6 FF
C2 97 33 7B FB 01 13 49 F5 FF 33 F8 56 00 33 79
89 01 33 48 0B 01 33 7E 95 01 33 4E C9 01 3A 98
F2 97 33 37 E8 00 3E 97 13 19 25 01 93 D7 E6 00
33 69 F9 00 13 9E 26 01 93 57 E5 00 33 6E FE 00
13 1B E5 00 93 D7 26 01 33 6B FB 00 93 5D 25 01
93 97 E6 00 B3 E7 B7 01 33 49 69 01 33 4E FE 00
13 9B 76 01 93 57 95 00 B3 E7 67 01 93 1D 75 01
13 DB 96 00 33 6B BB 01 B3 47 F9 00 33 4E 6E 01
C2 97 33 B8 07 01 72 97 3E 93 42 97 6A 97 B3 37
F3 00 BA 97 13 98 48 00 13 D7 C5 01 33 68 E8 00
13 9E 45 00 13 D7 C8 01 33 6E EE 00 13 D9 28 00
13 97 E5 01 33 69 E9 00 13 9B E8 01 13 D7 25 00
33 67 67 01 33 48 28 01 33 4E EE 00 13 D9 78 00
13 97 95 01 33 69 E9 00 13 9B 98 01 13 D7 75 00
33 67 67 01 33 4D DF 01 33 4E EE 00 33 7D BD 00
33 4B 3A 01 33 77 DF 01 33 48 28 01 33 7B 1B 01
33 47 ED 00 33 79 3A 01 33 49 2B 01 42 97 4A 9E
33 38 07 01 72 98 62 5E 33 09 C3 01 1A 97 72 5E
33 3B 69 00 3E 9E 33 33 67 00 C2 97 A1 0A 76 DC
4E DE 13 08 00 28 9A 97 72 9B 7E 83 62 8D 63 90
0A 0B 26 97 62 48 B3 34 97 00 C2 97 BE 94 A2 95
F2 47 C6 97 33 B4 85 00 3E 94 1E 9F 82 57 D2 97
B3 33 7F 00 BE 93 92 47 BE 9E 18 C2 12 57 4E 97
B3 B7 FE 00 BA 97 5C CE A2 47 3E 99 22 57 5A 97
B3 37 F9 00 BA 97 5C D2 B2 47 BE 96 32 57 2A 97
B3 B7 F6 00 BA 97 5C D6 C2 47 BE 92 42 57 66 97
B3 B7 F2 00 BA 97 5C DA D2 47 BE 9F 52 57 B3 B7
FF 00 62 97 BA 97 44 C2 0C C6 40 C6 23 28 E6 01
23 2A 76 00 23 2C D6 01 23 20 26 03 14 D6 23 28
56 02 23 2C F6 03 5C DE 93 8B 0B 08 09 B1 96 8F
66 8C B6 82 AA 8C FA 8E D2 89 2E 8F 46 8A CA 86
5A 85 BA 85 BE 88 F9 BB 29 71 23 2C 81 12 13 84
05 01 23 24 41 13 23 20 61 13 36 8A 13 7B F4 07
93 06 00 08 B3 86 66 41 23 26 31 13 93 09 00 07
B3 B9 D9 00 23 2A 91 12 23 28 21 13 23 2E 71 11
9E 09 23 2E 11 12 23 22 51 13 23 2C 81 11 AA 8B
AE 84 32 89 93 89 09 08 36 94 63 0B 0A 00 37 05
01 50 2E 86 4E 87 A2 85 13 05 C5 7A EF F0 6F B1
B7 17 01 50 03 A7 07 23 83 A7 47 23 23 22 F9 00
B7 17 01 50 23 20 E9 00 03 A7 87 23 83 A7 C7 23
23 26 F9 00 B7 17 01 50 23 24 E9 00 03 A7 07 24
83 A7 47 24 23 2A F9 00 B7 17 01 50 23 28 E9 00
03 A7 87 24 83 A7 C7 24 23 2E F9 00 B7 17 01 50
23 2C E9 00 03 A7 07 25 83 A7 47 25 23 22 F9 02
B7 17 01 50 23 20 E9 02 03 A7 87 25 83 A7 C7 25
23 26 F9 02 B7 17 01 50 23 24 E9 02 03 A7 07 26
83 A7 47 26 23 2A F9 02 B7 17 01 50 23 28 E9 02
33 0C 34 41 03 A7 87 26 83 A7 C7 26 23 2C E9 02
23 2E F9 02 4A 86 E2 85 5E 85 EF F0 7F A8 63 08
0A 00 37 15 01 50 13 05 05 80 EF F0 6F A5 33 84
84 40 4E 94 93 0A 01 01 22 86 B3 85 8B 01 56 85
EF 20 A0 26 93 07 04 11 8A 97 13 07 00 F8 13 05
14 00 33 04 64 41 23 80 E7 F0 13 04 84 08 01 46
63 66 A4 00 13 06 70 08 33 06 66 41 81 45 56 95
EF 20 20 19 93 97 34 00 C1 83 CE 04 DD 8C 37 07
01 FF 93 97 84 00 13 07 07 F0 F9 8F 37 07 FF 00
A1 80 13 07 F7 0F F9 8C 21 46 C5 8F B3 05 C1 00
33 85 8A 00 02 C4 3E C6 EF 20 20 20 63 08 0A 00
37 15 01 50 13 05 05 83 EF F0 8F 9C 4A 86 CE 85
56 85 EF F0 FF 9D 63 0D 0A 02 03 24 81 13 37 15
01 50 83 20 C1 13 83 24 41 13 03 29 01 13 83 29
C1 12 03 2A 81 12 83 2A 41 12 03 2B 01 12 83 2B
C1 11 03 2C 81 11 13 05 05 85 31 61 6F F0 4F 98
83 20 C1 13 03 24 81 13 83 24 41 13 03 29 01 13
83 29 C1 12 03 2A 81 12 83 2A 41 12 03 2B 01 12
83 2B C1 11 03 2C 81 11 31 61 82 80 B7 05 03 30
93 85 05 64 37 67 62 02 90 41 13 07 07 A0 32 97
D4 41 B3 37 C7 00 3A 86 37 07 03 30 B6 97 23 24
C7 64 23 26 F7 64 03 A8 05 00 83 A8 45 00 63 E7
F8 00 63 94 17 01 63 63 C8 00 82 80 73 00 50 10
DD B7 41 11 22 C4 2A 84 AA 85 0A 04 37 15 01 50
13 05 05 B0 31 88 06 C6 13 64 14 00 EF F0 6F 8F
0F 00 20 02 0F 00 20 02 B7 07 02 10 80 CB B2 40
22 44 41 01 82 80 41 11 22 C4 2A 84 AA 85 0A 04
37 15 01 50 13 05 45 B2 31 88 06 C6 13 64 24 00
EF F0 2F 8C 0F 00 20 02 0F 00 20 02 B7 07 02 10
80 CB B2 40 22 44 41 01 82 80 41 11 22 C4 2A 84
AA 85 0A 04 37 15 01 50 13 05 85 B4 31 88 06 C6
13 64 24 02 EF F0 EF 88 0F 00 20 02 0F 00 20 02
B7 07 02 10 80 CB B2 40 22 44 41 01 82 80 2D 71
23 28 21 11 23 20 61 11 2E 89 13 06 00 08 81 45
2A 8B 88 10 23 2E 11 10 23 2C 81 10 23 2A 91 10
23 26 31 11 23 24 41 11 23 22 51 11 DE DF E2 DD
E6 DB EA D9 EE D7 02 C8 02 CA 02 CC 02 CE 00 10
EF 10 30 7B 13 06 00 04 81 45 22 85 EF 10 70 7A
B7 15 01 50 37 05 01 50 13 06 90 0E 93 85 05 C8
13 05 45 16 EF F0 EF 80 93 5A D9 01 93 1B 39 00
93 09 01 01 81 44 13 0A 00 04 26 86 5E 85 D6 85
EF 10 F0 67 A3 87 A9 00 A1 04 FD 19 E3 97 44 FF
13 0A 09 09 37 07 02 10 13 7A 0A F8 61 07 1C 43
85 8B F5 DF 0D 45 75 3D 81 4A 81 4B 81 44 13 0C
00 08 93 0C 00 F8 13 0D F0 07 BD 4D 63 FC 44 01
13 06 00 08 81 45 88 10 EF 10 B0 72 B3 07 99 40
63 7C F9 0E A1 35 B7 07 02 10 37 07 02 10 22 89
A2 86 93 87 07 10 13 07 07 14 3E 86 10 42 90 C2
91 07 91 06 E3 9B E7 FE 37 15 01 50 13 05 45 B7
EF E0 1F F7 93 04 04 04 B7 19 01 50 0C 40 13 85
09 B9 11 04 EF E0 FF F5 E3 9A 84 FE 29 45 EF E0
DF F4 37 04 01 50 37 15 01 50 93 04 04 00 13 05
85 B9 EF E0 FF F3 13 8A 04 04 13 04 04 00 0C 40
13 85 09 B9 11 04 EF E0 DF F2 E3 1A 44 FF 29 45
EF E0 BF F1 37 15 01 50 13 05 45 BB EF E0 5F F1
01 44 85 47 37 1A 01 50 C1 49 03 26 09 00 94 40
63 08 D6 00 A2 85 13 05 0A BD EF E0 9F EF 81 47
05 04 11 09 91 04 E3 12 34 FF F1 CF 37 15 01 50
13 05 05 C1 EF E0 DF ED 01 45 83 20 C1 11 03 24
81 11 83 24 41 11 03 29 01 11 83 29 C1 10 03 2A
81 10 83 2A 41 10 03 2B 01 10 FE 5B 6E 5C DE 5C
4E 5D BE 5D 15 61 82 80 BD CF BE 89 63 74 FC 00
93 09 00 08 B3 05 9B 00 4E 86 88 10 3E C6 EF 10
D0 6B B2 47 CE 94 63 64 FD 02 93 87 09 0D 18 08
BA 97 23 80 97 F9 B3 09 3D 41 85 4B 63 F9 3D 01
41 46 BA 85 88 09 EF 10 50 69 93 84 04 08 B7 07
02 10 37 07 02 10 94 10 93 87 07 08 13 07 07 10
3E 86 8C 42 91 07 0C C2 91 06 E3 9B E7 FE 0D 45
63 95 0A 02 3D 33 37 07 02 10 85 0A 61 07 1C 43
89 8B F5 DF A5 BD 63 84 0B 00 63 14 89 01 23 00
91 07 41 46 B3 05 C1 00 75 B7 63 F4 44 01 25 3B
D9 BF A5 33 C9 BF 37 15 01 50 13 05 85 C2 EF E0
3F E0 7D 55 1D B7 2D 71 23 28 21 11 23 20 61 11
2E 89 13 06 00 08 81 45 2A 8B 88 10 23 2E 11 10
23 2C 81 10 23 2A 91 10 23 26 31 11 23 24 41 11
23 22 51 11 DE DF E2 DD E6 DB EA D9 EE D7 02 C8
02 CA 02 CC 02 CE 00 10 EF 10 B0 53 13 06 00 04
81 45 22 85 EF 10 F0 52 B7 15 01 50 37 05 01 50
13 06 F0 1C 93 85 45 C7 13 05 45 16 EF E0 7F D9
93 5A D9 01 93 1B 39 00 93 09 01 01 81 44 13 0A
00 04 26 86 5E 85 D6 85 EF 10 70 40 A3 87 A9 00
A1 04 FD 19 E3 97 44 FF 13 0A 09 09 37 07 02 10
13 7A 0A F8 61 07 1C 43 85 8B F5 DF 81 4A 81 4B
81 44 13 0C 00 08 93 0C 00 F8 13 0D F0 07 BD 4D
63 FC 44 01 13 06 00 08 81 45 88 10 EF 10 70 4B
B3 07 99 40 63 7D F9 0E EF F0 5F BD B7 07 02 10
37 07 02 10 22 89 A2 86 93 87 07 10 13 07 07 14
3E 86 10 42 90 C2 91 07 91 06 E3 9B E7 FE 37 15
01 50 13 05 C5 C3 EF E0 BF CF 93 04 04 04 B7 19
01 50 0C 40 13 85 09 B9 11 04 EF E0 9F CE E3 9A
84 FE 29 45 EF E0 7F CD 37 04 01 50 37 15 01 50
93 04 04 08 13 05 85 C5 EF E0 9F CC 13 8A 04 04
13 04 04 08 0C 40 13 85 09 B9 11 04 EF E0 7F CB
E3 1A 44 FF 29 45 EF E0 5F CA 37 15 01 50 13 05
45 BB EF E0 FF C9 01 44 85 47 37 1A 01 50 C1 49
03 26 09 00 94 40 63 08 D6 00 A2 85 13 05 0A BD
EF E0 3F C8 81 47 05 04 11 09 91 04 E3 12 34 FF
ED C3 37 15 01 50 13 05 05 C1 EF E0 7F C6 01 45
83 20 C1 11 03 24 81 11 83 24 41 11 03 29 01 11
83 29 C1 10 03 2A 81 10 83 2A 41 10 03 2B 01 10
FE 5B 6E 5C DE 5C 4E 5D BE 5D 15 61 82 80 C1 C3
BE 89 63 74 FC 00 93 09 00 08 B3 05 9B 00 4E 86
88 10 3E C6 EF 10 70 44 B2 47 CE 94 63 64 FD 02
93 87 09 0D 18 08 BA 97 23 80 97 F9 B3 09 3D 41
85 4B 63 F9 3D 01 41 46 BA 85 88 09 EF 10 F0 41
93 84 04 08 B7 07 02 10 37 07 02 10 94 10 93 87
07 08 13 07 07 10 3E 86 8C 42 91 07 0C C2 91 06
E3 9B E7 FE 0D 45 63 96 0A 02 EF F0 9F AB 37 07
02 10 85 0A 61 07 1C 43 89 8B F5 DF 95 BD 63 84
0B 00 63 14 89 01 23 00 91 07 41 46 B3 05 C1 00
6D B7 63 F5 44 01 EF F0 1F AC D1 BF EF F0 FF AE
F9 B7 37 15 01 50 13 05 85 C2 EF E0 7F B8 7D 55
05 B7 41 11 22 C4 AA 85 2A 84 37 15 01 50 13 05
C5 C8 06 C6 EF E0 FF B6 B7 07 03 30 DC 5F 93 16
84 00 33 67 F4 00 91 C6 37 07 00 FF F9 8F 33 E7
87 00 0F 00 20 02 0F 00 20 02 B7 07 03 30 B2 40
22 44 D8 DF 41 01 82 80 41 11 B7 07 02 30 8C 47
C8 47 41 01 82 80 37 17 00 20 51 07 1C 43 85 8B
F5 FF 0F 00 20 02 0F 00 20 02 B7 17 00 20 C8 CF
82 80 0F 00 20 02 0F 00 20 02 B7 07 CB 0B 37 17
00 20 8D 07 1C CB 82 80 B7 07 03 30 83 A7 07 0E
A1 8B 91 E3 01 A0 82 80 41 11 06 C6 F5 37 B2 40
41 01 C1 BF 1C 41 41 11 22 C4 26 C2 06 C6 B6 84
93 86 17 00 2E 87 14 C1 23 80 E7 00 93 06 F0 07
2A 84 B2 85 13 F7 F4 0F 1C 41 63 E3 96 02 93 86
17 00 14 C0 23 80 E7 00 26 86 08 40 EF 10 F0 2C
1C 40 A6 97 1C C0 B2 40 22 44 92 44 41 01 82 80
93 86 17 00 14 C1 93 06 20 F8 23 80 D7 00 1C 41
93 86 17 00 14 C1 93 D6 84 00 23 80 D7 00 1C 41
7D BF 61 71 23 22 91 1A 23 20 21 1B 23 2C 41 19
93 07 50 45 13 0A 01 01 AE 84 8D 46 0A 86 2A 89
99 45 48 00 23 26 11 1A 23 2E 31 19 23 24 81 1A
23 10 F1 00 23 01 D1 00 52 C2 A9 3F 26 85 EF 10
90 34 AA 86 26 86 48 00 B1 45 A9 37 92 46 93 09
01 09 B3 86 46 41 52 86 28 00 93 05 00 03 4E C4
15 3F A2 46 04 0A B3 86 36 41 4E 86 68 00 93 05
10 03 26 C6 05 37 B2 46 85 8E 26 86 4A 85 93 05
00 03 09 3F 83 20 C1 1A 03 24 81 1A 83 24 41 1A
03 29 01 1A 83 29 C1 19 03 2A 81 19 5D 61 82 80
81 47 63 93 C7 00 82 80 13 97 27 00 2E 97 18 43
93 56 87 01 23 00 D5 00 93 56 07 01 A3 00 D5 00
93 56 87 00 23 01 D5 00 A3 01 E5 00 85 07 11 05
C9 BF 13 01 01 81 23 26 11 7E 23 20 21 7F 23 24
81 7E 23 22 91 7E 23 2E 31 7D 23 2C 41 7D 23 2A
51 7D 23 28 61 7D 23 26 71 7D 23 24 81 7D 23 22
91 7D 23 20 A1 7D 23 2E B1 7B 13 01 01 C0 B2 8B
93 0A 01 3B 05 66 AA 8C 13 06 06 80 AE 89 56 85
81 45 36 8B 42 8C BA 84 3E 8A 05 64 EF 10 70 0C
18 08 93 07 04 BA BA 97 33 84 87 40 B7 07 02 01
13 09 04 50 93 87 07 3A 23 2E F9 00 B7 15 01 50
93 07 C4 53 31 46 93 85 85 CC 3E 85 89 4D 3E C6
23 00 B4 53 EF 10 70 13 93 07 84 56 B7 15 01 50
13 06 40 02 93 85 85 CD 3E 85 3E C6 EF 10 F0 11
93 07 00 40 13 06 E0 05 81 45 13 05 04 6A 23 2E
F4 68 EF 10 10 06 B7 15 01 50 1D 46 93 85 05 D0
13 05 44 53 EF 10 70 0F B7 87 04 00 93 87 B7 12
23 22 F9 02 13 06 00 02 93 07 20 02 81 45 13 05
84 54 23 04 F4 52 EF 10 D0 02 13 06 00 10 81 45
13 05 04 70 EF 10 F0 01 93 07 44 61 3E 85 13 06
40 04 81 45 3E C6 13 0D 84 65 EF 10 90 00 13 06
40 04 81 45 6A 85 EF 10 C0 7F B7 05 01 50 93 07
20 40 13 06 80 02 93 85 05 0C 13 05 C4 58 23 26
F9 02 23 18 04 52 EF 10 50 08 63 81 0C 02 63 8F
09 00 63 8D 0B 00 63 0B 0B 00 89 C8 63 08 0A 00
03 27 0A 00 93 07 F0 7F 63 E8 E7 04 37 15 01 50
13 05 45 CB EF E0 DF 82 7D 55 13 01 01 40 83 20
C1 7E 03 24 81 7E 83 24 41 7E 03 29 01 7E 83 29
C1 7D 03 2A 81 7D 83 2A 41 7D 03 2B 01 7D 83 2B
C1 7C 03 2C 81 7C 83 2C 41 7C 03 2D 01 7C 83 2D
C1 7B 13 01 01 7F 82 80 E6 85 31 46 C8 12 09 3D
CE 85 31 46 48 0B 29 35 13 06 00 03 93 05 44 5B
13 05 E4 69 EF 10 60 7F 13 06 00 03 93 05 44 5E
13 05 E4 6C EF 10 60 7E 93 0C 81 0F 68 19 9D 46
D0 11 99 45 23 26 99 01 EF F0 DF CC 95 46 D0 09
99 45 68 19 EF F0 1F CC 83 26 C9 00 93 09 01 2B
B3 86 96 41 66 86 88 01 93 05 00 03 23 28 39 01
EF F0 5F CA 93 06 20 06 F0 04 8D 45 88 01 EF F0
7F C9 83 26 09 01 B3 86 36 41 36 86 CE 85 A8 03
36 C6 EF 10 80 78 13 06 40 04 93 05 44 61 13 05
04 4B EF 10 80 77 EA 85 13 06 40 04 13 05 04 46
EF 10 A0 76 10 08 85 45 88 10 EF E0 5F EA 83 27
C4 65 23 17 F4 52 03 26 0A 00 C1 83 81 45 26 85
23 18 F4 52 15 4D EF 10 C0 69 6A 86 93 05 C4 51
26 85 EF 10 80 73 19 46 93 05 C4 52 33 85 A4 01
EF 10 A0 72 31 46 93 05 C4 53 13 85 B4 00 EF 10
C0 71 93 0C 41 0C 93 87 74 01 DE 85 66 85 23 2A
F9 00 EF F0 1F C7 83 27 49 01 13 06 40 02 93 05
84 56 3E 85 EF 10 60 6F 93 07 45 02 DA 85 66 85
23 2A F9 00 EF F0 FF C4 B2 46 4E 86 93 05 00 03
66 85 EF F0 3F BD 63 13 0C 04 A3 09 A4 5B 93 06
80 02 70 1A 93 05 30 0A C8 01 EF F0 BF BB 9E 46
85 8E 23 20 DA 00 26 86 93 05 00 03 A8 01 D6 C5
EF F0 5F BA 2E 44 33 04 54 41 22 86 D6 85 26 85
EF 10 A0 69 01 45 23 20 8A 00 81 B5 85 47 63 16
FC 00 91 47 A3 09 F4 5A 5D BF 0D 47 63 15 BC 01
A3 01 E1 16 6D B7 E3 14 EC FA 89 47 A3 01 F1 16
79 BF 0D 71 23 28 21 15 23 22 51 15 2E 89 AA 8A
B2 85 28 08 13 06 00 03 23 2E 11 14 23 2C 81 14
23 2A 91 14 36 84 BA 84 23 26 31 15 23 24 41 15
BE 89 EF F0 FF C3 A2 85 13 06 00 03 A8 00 EF F0
3F C3 13 04 00 03 13 8A 44 00 4A 86 D6 85 23 80
84 00 52 85 EF 10 60 61 31 46 B7 15 01 50 93 85
85 CC 33 05 C1 00 EF 10 40 60 31 46 52 99 B3 05
C1 00 4A 85 EF 10 60 5F 89 47 23 0D F1 06 83 07
81 01 23 1C 81 06 63 D3 07 0E 93 07 10 03 22 86
2C 08 13 05 D1 07 A3 0D F1 06 23 0E 01 06 13 04
D1 0A EF 10 80 5C 89 47 23 00 F4 00 83 07 81 04
63 D7 07 0C 93 07 10 03 A3 00 F4 00 23 01 04 00
13 05 34 00 13 06 00 03 AC 00 EF 10 00 5A 13 04
34 03 93 0A 81 07 33 06 54 41 79 16 13 07 F0 07
93 77 F6 0F 63 69 C7 0A A3 0C F1 06 8D 47 33 04
54 41 23 06 F9 00 93 06 F0 07 93 07 14 00 13 F7
F7 0F 63 E8 F6 0A 93 07 E9 00 A3 06 E9 00 13 87
17 00 22 86 23 80 07 00 3A 85 D6 85 EF 10 E0 54
2A 94 33 06 94 40 71 16 13 07 F0 07 93 77 F6 0F
63 6A C7 08 A3 80 F4 00 D2 85 13 85 24 00 EF 10
80 3B 79 14 05 8C 23 A0 89 00 83 20 C1 15 03 24
81 15 83 24 41 15 03 29 01 15 83 29 C1 14 03 2A
81 14 83 2A 41 14 01 45 35 61 82 80 22 86 2C 08
E8 18 A3 0D 81 06 EF 10 40 4F 60 11 2D B7 13 06
00 03 A3 00 C4 00 13 05 24 00 AC 00 EF 10 E0 4D
13 04 24 03 3D BF 13 07 10 F8 93 05 A1 07 13 05
B1 07 A3 0C E1 06 23 0D F1 06 05 04 EF 10 A0 34
35 BF 93 07 10 F8 A3 06 F9 00 23 07 E9 00 93 07
F9 00 B1 B7 13 07 F0 0F 63 69 C7 00 13 07 10 F8
A3 80 E4 00 23 81 F4 00 B5 B7 13 07 20 F8 21 82
A3 80 E4 00 23 81 C4 00 A3 81 F4 00 A1 BF F9 72
13 01 01 C5 85 67 23 26 11 3A 93 87 07 37 23 24
81 3A 23 22 91 3A 23 20 21 3B 23 2E 31 39 23 2C
41 39 85 69 23 2A 51 39 23 28 61 39 23 26 71 39
23 24 81 39 23 22 91 39 23 20 A1 39 23 2E B1 37
16 91 B3 84 27 00 13 89 09 80 4A 86 81 45 13 85
04 80 EF 10 00 38 80 1E 4E 86 81 45 26 85 23 26
24 03 EF 10 00 37 13 06 20 08 81 45 13 05 A4 2D
13 09 C4 35 23 28 34 03 EF 10 A0 35 85 44 99 4D
13 06 40 08 81 45 4A 85 23 0C 94 2C A3 0C B4 2D
EF 10 20 34 B7 15 01 50 2D 46 93 85 C5 D0 13 05
01 6D EF 10 80 3D 93 0A 04 3E 13 06 40 08 81 45
56 85 EF 10 00 32 13 06 20 08 81 45 13 05 64 46
EF 10 20 31 13 0D 04 F9 93 05 84 2D 13 06 40 08
6A 85 93 0C 04 F0 23 02 94 46 A3 02 B4 47 EF 10
C0 39 CA 85 13 06 40 08 66 85 EF 10 00 39 13 0C
04 E7 D6 85 13 06 40 08 62 85 EF 10 00 38 13 0B
04 DE 93 0B 44 46 DE 85 13 06 40 08 5A 85 EF 10
C0 36 DA 86 62 86 E6 85 6A 85 EF D0 1F D0 37 15
01 50 13 05 85 D1 EF E0 AF B2 13 06 20 08 81 45
13 05 A4 4E EF 10 E0 29 13 06 20 08 81 45 13 05
E4 56 23 04 94 4E A3 04 B4 4F EF 10 80 28 93 05
84 4E 13 06 40 08 6A 85 23 06 94 56 A3 06 94 56
EF 10 A0 31 93 05 C4 56 13 06 40 08 66 85 EF 10
C0 30 D6 85 13 06 40 08 62 85 EF 10 00 30 DE 85
13 06 40 08 5A 85 EF 10 40 2F DA 86 62 86 E6 85
6A 85 EF D0 9F C8 37 15 01 50 13 05 45 D4 EF E0
2F AB 37 15 01 50 13 05 45 D7 EF E0 6F AA 0F 00
20 02 0F 00 20 02 B7 87 01 10 91 07 11 47 98 C3
98 43 11 8B 75 FF 37 15 01 50 13 05 05 DA 80 1E
EF E0 0F A8 13 06 20 08 81 45 13 05 24 5F EF 10
40 1F 13 0A 44 67 85 44 99 47 13 06 40 08 81 45
52 85 A3 08 F4 5E 23 08 94 5E EF 10 80 1D 85 67
93 87 87 9E B7 15 01 50 33 85 27 00 39 46 93 85
45 DC EF 10 80 26 93 09 84 6F 13 06 40 08 81 45
4E 85 EF 10 00 1B 13 06 20 08 81 45 13 05 E4 77
EF 10 20 1A 0D 49 93 05 04 5F 13 06 40 08 13 05
04 F9 23 0E 94 76 A3 0E 24 77 EF 10 00 23 D2 85
13 06 40 08 13 05 04 F0 EF 10 20 22 CE 85 13 06
40 08 13 05 04 E7 EF 10 40 21 93 05 C4 77 13 06
40 08 13 05 04 DE EF 10 40 20 94 0A 90 13 8C 1C
08 06 EF D0 9F B9 37 15 01 50 13 05 45 DD EF E0
2F 9C 13 06 20 03 81 45 13 05 64 06 EF 10 60 13
13 06 40 03 81 45 13 05 84 09 23 02 94 06 A3 02
24 07 EF 10 00 12 13 06 40 03 81 45 13 05 C4 0C
EF 10 20 11 13 06 20 03 81 45 13 05 24 10 EF 10
40 10 95 47 13 06 40 03 81 45 13 05 44 13 A3 00
F4 10 23 00 94 10 EF 10 C0 0E 13 06 40 03 81 45
13 05 84 16 23 0A 94 12 EF 10 A0 0D 93 07 81 4D
13 07 41 4A 93 06 01 47 13 06 C1 43 93 05 81 40
C8 0F 23 04 94 16 EF D0 4F BB 37 15 01 50 13 05
05 E0 EF E0 EF 92 0F 00 20 02 0F 00 20 02 B7 87
01 10 B1 07 11 47 98 C3 80 43 11 88 75 FC 37 15
01 50 13 05 C5 E3 EF E0 AF 90 93 04 81 4A 93 05
C1 4D 8D 46 09 46 26 85 2E C6 EF D0 6F 9D 85 67
93 87 07 B7 33 8A 27 00 B7 16 01 50 37 16 01 50
05 48 7C 0F 52 87 93 86 06 E6 13 06 46 E7 B2 45
26 85 EF F0 0F F3 2A 89 63 15 05 30 85 67 93 87
07 80 83 25 C1 39 93 09 01 37 63 EC B7 2E B7 14
01 50 13 85 84 E8 EF E0 CF 8A 37 15 01 50 13 05
C5 E9 EF E0 EF 89 BD 4A 37 1B 01 50 B7 1B 01 50
37 1C 01 50 83 A7 C9 02 63 65 F9 2A 29 45 EF E0
CF 87 B7 F7 01 50 83 AA C9 02 93 87 07 82 85 46
23 86 D7 40 23 A4 57 41 85 67 93 87 07 B7 33 8A
27 00 37 F5 01 50 56 86 D2 85 13 05 85 A2 EF 10
C0 07 13 09 41 3A 85 46 4A 86 D6 85 52 85 EF E0
BF CC 13 06 40 03 81 45 13 85 C9 19 EF 00 70 7B
94 1E 13 05 00 03 B3 07 89 00 90 43 CC 43 93 87
06 28 8C D3 D0 D3 93 07 01 51 A2 97 8C C3 D0 C3
21 04 93 09 C1 50 E3 10 A4 FE 37 15 01 50 13 05
45 ED EF D0 FF FF 13 04 C1 53 37 19 01 50 83 A5
49 00 13 05 09 B9 91 09 EF D0 BF FE E3 99 89 FE
29 45 EF D0 9F FD 13 06 20 03 81 45 13 05 21 54
EF 00 30 75 9D 47 85 49 13 06 40 03 81 45 13 05
41 57 A3 00 F1 54 23 00 31 55 EF 00 90 73 13 06
40 03 81 45 13 05 81 5A 23 0A 31 57 13 04 41 57
EF 00 30 72 13 07 81 5A A2 86 13 06 C1 43 93 05
C1 50 13 05 01 54 23 04 31 5B EF D0 CF D5 37 15
01 50 13 05 45 EE EF D0 BF F7 13 0A 41 5A B7 19
01 50 4C 40 13 85 49 EF 11 04 EF D0 9F F6 E3 1A
44 FF 37 15 01 50 13 05 C5 EF EF D0 7F F5 13 04
81 5A 13 0A 81 5D 4C 40 13 85 49 EF 11 04 EF D0
5F F4 E3 1A 44 FF 29 45 EF D0 3F F3 0F 00 20 02
0F 00 20 02 B7 87 01 10 F1 07 11 47 98 C3 98 43
11 8B 75 FF 37 15 01 50 13 05 C5 F0 EF D0 5F F1
13 06 40 03 81 45 13 05 C1 5D EF 00 90 68 13 06
40 03 81 45 13 05 01 61 EF 00 B0 67 A5 46 21 46
93 05 41 61 13 05 01 5E EF D0 0F 8B 37 15 01 50
13 05 05 F3 13 04 C1 5D EF D0 9F ED 93 09 C1 60
4C 40 13 05 09 B9 11 04 EF D0 BF EC E3 1A 34 FF
29 45 EF D0 9F EB 37 15 01 50 13 05 85 F4 EF D0
3F EB 13 04 01 61 93 09 01 64 4C 40 13 05 09 B9
11 04 EF D0 1F EA E3 1A 34 FF 29 45 80 1E EF D0
DF E8 13 06 40 03 93 05 C4 19 13 05 04 DA EF 00
D0 6A 13 06 40 03 93 05 C4 26 13 05 04 D6 EF 00
D0 69 13 06 40 03 93 05 04 2A 13 05 04 D2 EF 00
D0 68 13 06 40 03 93 05 44 20 13 05 04 CE EF 00
D0 67 13 06 40 03 93 05 84 23 13 05 04 CA EF 00
D0 66 18 08 94 08 10 09 8C 09 08 0A EF D0 AF E6
41 E1 37 15 01 50 13 05 05 F6 EF D0 7F E2 13 09
81 57 93 09 C1 5A 85 46 01 46 CE 85 4A 85 EF C0
3F EF 05 65 93 07 05 37 33 8A 27 00 13 05 05 B7
4A 86 1C 17 52 87 CE 86 4C 54 0A 95 EF F0 6F FB
2A 89 31 C5 37 15 01 50 13 05 45 EB EF D0 5F DE
01 A0 B3 07 2A 01 03 C6 07 00 93 05 4B CD 63 E4
CA 00 93 85 8B D0 13 05 CC EA EF D0 9F DC 05 09
15 BB 37 15 01 50 13 05 45 EB EF D0 7F DB 01 A0
37 15 01 50 13 05 45 F8 EF D0 9F DA 01 A0 0C 58
85 67 E3 E9 B7 FA 13 85 84 E8 EF D0 9F D9 37 15
01 50 13 05 45 FA EF D0 BF D8 BD 44 B7 19 01 50
B7 1A 01 50 37 1B 01 50 1C 58 63 69 F9 06 29 45
EF D0 BF D6 B7 E7 01 50 10 58 93 87 07 00 05 47
23 A4 C7 40 23 86 E7 40 85 67 93 87 07 37 37 E5
01 50 B3 85 27 00 13 05 85 20 EF 00 10 57 89 62
16 91 83 20 C1 3A 03 24 81 3A 83 24 41 3A 03 29
01 3A 83 29 C1 39 03 2A 81 39 83 2A 41 39 03 2B
01 39 83 2B C1 38 03 2C 81 38 83 2C 41 38 03 2D
01 38 83 2D C1 37 13 01 01 3B 82 80 B3 07 2A 01
03 C6 07 00 93 85 49 CD 63 E4 C4 00 93 85 8A D0
13 05 CB EA EF D0 FF CE 05 09 BD B7 0D 71 F9 72
85 67 23 2E 11 14 93 87 07 13 23 2C 81 14 23 2A
91 14 23 28 21 15 23 26 31 15 23 24 41 15 85 69
23 22 51 15 23 20 61 15 23 2E 71 13 23 2C 81 13
23 2A 91 13 16 91 B3 04 F1 00 13 89 09 80 4A 86
81 45 13 85 04 80 EF 00 D0 41 4E 86 81 45 26 85
23 24 21 39 EF 00 F0 40 13 06 40 08 81 45 13 05
41 59 23 26 31 39 EF 00 D0 3F 85 47 13 06 40 08
81 45 13 05 81 61 23 0A F1 58 EF 00 90 3E 13 04
81 61 B7 15 01 50 2D 46 93 85 45 FB 13 05 44 00
EF 00 B0 47 37 15 01 50 13 05 05 FC EF D0 5F C4
01 49 B7 14 01 50 3D 4A 93 09 00 02 4C 40 13 85
04 B9 EF D0 1F C3 93 77 F9 00 63 95 47 01 29 45
EF D0 BF C1 05 09 11 04 E3 12 39 FF 29 45 EF D0
DF C0 13 09 C1 69 13 06 40 08 81 45 4A 85 EF 00
50 38 13 06 20 08 81 45 13 05 21 72 EF 00 70 37
85 47 23 00 F1 72 93 05 41 59 99 47 13 06 40 08
88 1D A3 00 F1 72 EF 00 50 40 93 05 81 61 13 06
40 08 88 14 EF 00 70 3F CA 85 13 06 40 08 88 0B
EF 00 B0 3E 93 05 01 72 13 06 40 08 88 02 EF 00
D0 3D 94 02 90 0B 8C 14 88 1D EF D0 0F D7 37 15
01 50 13 05 05 FD EF D0 BF B9 0F 00 20 02 0F 00
20 02 37 87 01 10 91 47 1C C3 1C 43 91 8B F5 FF
37 15 01 50 13 05 C5 FF EF D0 9F B7 13 06 20 08
81 45 13 05 61 7A EF 00 D0 2E 00 1A 85 47 23 02
F1 7A 13 06 40 08 99 47 81 45 13 05 84 6F A3 02
F1 7A EF 00 10 2D 85 67 93 87 87 82 33 04 F1 00
B7 15 01 50 39 46 93 85 85 01 13 05 44 00 EF 00
D0 35 37 15 01 50 13 05 85 02 EF D0 7F B2 01 49
3D 4A 93 09 00 02 4C 40 13 85 04 B9 EF D0 7F B1
93 77 F9 00 63 95 47 01 29 45 EF D0 1F B0 05 09
11 04 E3 12 39 FF 29 45 00 1A EF D0 1F AF 13 06
20 08 81 45 13 05 E4 77 EF 00 B0 26 05 49 93 05
44 67 8D 49 13 06 40 08 13 05 04 1C 23 0E 24 77
A3 0E 34 77 EF 00 70 2F 93 05 84 6F 13 06 40 08
13 05 04 13 EF 00 70 2E 93 05 C4 56 13 06 40 08
13 05 04 0A EF 00 70 2D 93 05 C4 77 13 06 40 08
13 05 04 01 EF 00 70 2C 94 02 90 0B 8C 14 88 1D
EF D0 AF C5 37 15 01 50 13 05 45 DD EF D0 5F A8
13 06 20 03 81 45 13 05 24 29 EF 00 90 1F 13 06
40 03 81 45 13 05 44 2C 23 08 24 29 A3 08 34 29
EF 00 30 1E 13 06 40 03 81 45 13 05 84 2F EF 00
50 1D 13 06 20 03 81 45 13 05 E4 32 EF 00 70 1C
9D 47 13 06 40 03 81 45 13 05 04 36 A3 06 F4 32
23 06 24 33 EF 00 F0 1A 13 06 40 03 81 45 13 05
44 39 23 00 24 37 EF 00 D0 19 23 0A 24 39 13 04
01 49 93 07 41 4C 22 87 93 06 C1 45 13 06 81 42
CC 1F 88 07 EF C0 7F C7 37 15 01 50 13 05 C5 03
EF D0 1F 9F 37 15 01 50 13 05 85 07 EF D0 5F 9E
13 09 01 4C 4C 40 13 85 04 B9 11 04 EF D0 7F 9D
E3 1A 24 FF 29 45 EF D0 5F 9C 37 15 01 50 13 05
85 08 EF D0 FF 9B 13 04 41 4C 13 09 41 4F 4C 40
13 85 04 B9 11 04 EF D0 DF 9A E3 1A 24 FF 29 45
EF D0 BF 99 0F 00 20 02 0F 00 20 02 B7 87 01 10
B1 07 11 47 98 C3 80 43 11 88 75 FC 37 15 01 50
13 05 C5 E3 EF D0 DF 97 85 67 93 87 07 93 33 0A
F1 00 37 16 01 50 93 06 46 E7 01 48 3C 07 52 87
13 06 46 E7 93 05 81 4C 13 05 41 49 EF E0 7F FB
AA 89 63 12 05 24 85 67 93 87 07 80 83 25 81 38
93 0A 01 13 63 E9 B7 22 37 19 01 50 13 05 89 E8
EF D0 3F 93 37 15 01 50 13 05 85 09 EF D0 5F 92
3D 4B B7 1B 01 50 37 1C 01 50 B7 1C 01 50 83 A7
8A 25 63 E2 F9 1E 29 45 EF D0 3F 90 37 F5 01 50
03 AB 8A 25 93 07 05 82 23 A0 67 21 23 82 07 20
85 67 93 87 07 93 B3 09 F1 00 5A 86 CE 85 13 05
05 82 EF 00 90 10 13 0A 01 39 85 46 52 86 DA 85
4E 85 EF E0 6F D5 13 06 40 03 81 45 13 85 8A 3C
EF 00 30 04 14 1A 13 05 00 03 B3 07 8A 00 90 43
CC 43 93 87 06 40 8C DB D0 DB 93 07 C1 4F A2 97
8C C3 D0 C3 21 04 93 09 81 4F E3 10 A4 FE 37 15
01 50 13 05 45 ED EF D0 BF 88 13 04 81 52 83 A5
49 00 13 85 04 B9 91 09 EF D0 BF 87 E3 99 89 FE
29 45 EF D0 9F 86 13 06 40 03 81 45 13 05 C1 52
EF 00 20 7E 85 44 13 06 40 03 81 45 13 05 01 56
23 06 91 52 13 04 C1 52 EF 00 A0 7C 13 07 01 56
A2 86 13 06 81 42 93 05 81 4F 13 05 C1 45 23 00
91 56 EF C0 5F E0 37 15 01 50 13 05 45 EE EF D0
3F 82 93 09 C1 55 B7 14 01 50 4C 40 13 85 44 EF
11 04 EF D0 1F 81 E3 9A 89 FE 37 15 01 50 13 05
C5 EF EF D0 EF FF 13 04 01 56 93 09 01 59 4C 40
13 85 44 EF 11 04 EF D0 CF FE E3 1A 34 FF 29 45
00 1A EF D0 8F FD 13 06 40 03 93 05 84 3C 13 05
04 FD EF 00 80 7F 13 06 40 03 93 05 04 36 13 05
04 F9 EF 00 80 7E 13 06 40 03 93 05 44 39 13 05
04 F5 EF 00 80 7D 13 06 40 03 93 05 C4 3F 13 05
04 F1 EF 00 80 7C 13 06 40 03 93 05 04 43 0A 85
EF 00 A0 7B 0A 87 94 00 10 01 8C 01 08 02 EF C0
9F FB 49 E1 37 15 01 50 13 05 05 F6 EF D0 4F F7
A5 46 21 46 93 05 81 4C 13 05 41 49 EF C0 5F 84
05 65 93 07 05 13 B3 09 F1 00 13 05 05 93 7C 07
4E 87 93 06 41 56 13 06 01 53 83 25 84 25 0A 95
EF F0 2F 90 AA 84 31 C5 37 15 01 50 13 05 85 0A
EF D0 0F F3 01 A0 B3 07 3A 01 03 C6 07 00 93 85
4B CD 63 64 CB 00 93 05 8C D0 13 85 CC EA EF D0
4F F1 85 09 ED BB 37 15 01 50 13 05 85 0A EF D0
2F F0 01 A0 37 15 01 50 13 05 45 F8 EF D0 4F EF
01 A0 83 25 C4 25 85 67 E3 E8 B7 FA 13 05 89 E8
EF D0 2F EE 37 15 01 50 13 05 85 0C EF D0 4F ED
3D 49 37 1A 01 50 B7 1A 01 50 37 1B 01 50 83 27
C4 25 63 E1 F4 06 29 45 EF D0 2F EB 37 E5 01 50
93 07 05 00 03 26 C4 25 23 A0 C7 20 23 82 07 20
85 67 93 87 07 13 B3 05 F1 00 13 05 05 00 75 2D
89 62 16 91 83 20 C1 15 03 24 81 15 83 24 41 15
03 29 01 15 83 29 C1 14 03 2A 81 14 83 2A 41 14
03 2B 01 14 83 2B C1 13 03 2C 81 13 83 2C 41 13
35 61 82 80 B3 87 99 00 03 C6 07 00 93 05 4A CD
63 64 C9 00 93 85 8A D0 13 05 CB EA EF D0 6F E4
85 04 B5 BF 37 47 B9 2E B7 07 00 10 13 07 77 29
B7 56 28 77 98 C3 93 86 66 19 D4 C3 B7 A6 D3 3D
93 86 E6 A1 94 C7 B7 46 5D B9 93 86 F6 38 D4 C7
0F 00 20 02 0F 00 20 02 85 46 94 CB 93 86 47 01
98 42 09 8B 75 DF 37 17 45 14 13 07 47 62 98 C3
37 37 75 6A 13 07 27 C3 D8 C3 37 E7 56 90 13 07
47 88 98 C7 37 D7 F3 DA 13 07 D7 89 D8 C7 0F 00
20 02 0F 00 20 02 B7 07 00 10 19 47 98 CB 13 87
47 01 1C 43 89 8B F5 DF 0F 00 20 02 0F 00 20 02
B7 07 00 10 0D 47 98 CB 82 80 13 01 01 DB 23 26
11 24 23 24 81 24 23 22 91 24 23 2C 41 23 23 20
21 25 37 1A 01 50 23 2E 31 23 23 2A 51 23 23 28
61 23 23 26 71 23 23 24 81 23 23 22 91 23 23 20
A1 23 23 2E B1 21 EF E0 3F A8 EF D0 EF F6 13 05
8A 0D EF D0 EF D5 37 15 01 50 13 05 05 10 EF D0
2F D5 13 05 8A 0D EF D0 AF D4 37 16 01 50 B7 15
01 50 37 15 01 50 13 06 86 12 93 85 45 13 13 05
05 14 EF D0 0F D3 EF F0 FF EE EF F0 3F 84 EF F0
0F 8D EF D0 9F B5 B7 34 01 50 00 08 63 1A 05 1C
2A 89 37 15 01 50 13 05 85 15 85 6B EF D0 4F D0
93 8A 04 47 13 8B 04 47 81 49 93 8B 0B 80 B7 1C
01 50 37 1D 01 50 BD 4D 13 06 00 20 93 05 F0 0F
22 85 85 21 81 46 01 46 A2 85 33 85 79 01 EF D0
FF BF 2A C4 63 9C 09 02 81 45 13 85 8C 16 EF D0
4F CC 01 4C 33 07 84 01 83 45 07 00 13 05 0D 17
EF D0 2F CB 13 77 FC 00 63 15 B7 01 29 45 EF D0
CF C9 05 0C 93 07 00 20 E3 1E FC FC 5A 85 13 06
00 20 A2 85 5D 29 85 09 93 07 80 02 13 0B 0B 20
E3 9C F9 F8 29 45 EF D0 4F C7 A2 47 9D EB 37 15
01 50 13 05 85 17 EF D0 AF C6 95 65 13 85 04 47
EF E0 6F E6 13 75 F5 0F 09 ED B7 07 00 40 37 57
00 40 83 A6 0A 00 94 C3 91 07 91 0A E3 9B E7 FE
05 49 37 15 01 50 13 05 C5 18 B7 1B 01 50 09 6B
EF D0 0F C3 93 8A 0B 27 81 49 93 0D 00 20 13 0B
0B 80 37 1C 01 50 B7 1C 01 50 3D 4D 13 06 00 20
93 05 F0 0F 22 85 71 26 01 46 81 46 A2 85 33 85
69 01 EF D0 BF B2 2A C4 CE 85 13 05 8C 16 EF D0
4F BF 01 46 B3 07 C4 00 83 C5 07 00 13 85 0C 17
32 C6 EF D0 0F BE 32 46 93 77 F6 00 63 96 A7 01
29 45 EF D0 8F BC 32 46 05 06 E3 1D B6 FD 56 85
A2 85 E5 26 85 09 C5 47 93 8A 0A 20 E3 90 F9 FA
29 45 EF D0 8F BA A2 47 B5 E3 37 15 01 50 13 05
C5 19 EF D0 EF B9 89 65 93 85 05 20 13 85 0B 27
EF E0 EF B1 13 75 F5 0F 31 E1 89 65 37 15 01 50
93 85 05 20 13 05 05 27 EF C0 FF EE 37 15 01 50
13 05 05 1B EF D0 CF B6 B7 07 00 40 82 97 13 05
8A 0D EF D0 EF B5 37 15 01 50 13 05 85 20 EF D0
2F B5 13 05 8A 0D EF D0 AF B4 01 A0 E3 18 09 FC
37 15 01 50 13 05 05 1C EF D0 8F B3 B7 37 01 50
85 6B 93 89 07 47 13 8B 04 47 01 49 13 0C 00 20
93 8B 0B 80 B7 1C 01 50 37 1D 01 50 BD 4D 13 06
00 20 93 05 F0 0F 22 85 69 24 81 46 01 46 A2 85
33 05 79 01 EF D0 9F A2 2A C4 63 1A 09 02 81 45
13 85 8C 16 EF D0 EF AE 81 4A 33 07 54 01 83 45
07 00 13 05 0D 17 EF D0 CF AD 13 F7 FA 00 63 15
B7 01 29 45 EF D0 6F AC 85 0A E3 90 8A FF 5A 85
13 06 00 20 A2 85 D5 24 05 09 93 07 80 02 13 0B
0B 20 E3 1E F9 F8 29 45 EF D0 2F AA A2 47 63 9D
07 0E 37 15 01 50 13 05 05 1D EF D0 6F A9 95 65
13 85 04 47 EF E0 2F C9 13 75 F5 0F 63 1E 05 0C
B7 07 00 40 37 57 00 40 83 A6 09 00 94 C3 91 07
91 09 E3 9B E7 FE 05 4B 37 15 01 50 13 05 45 1E
B7 1B 01 50 89 6A EF D0 AF A5 93 89 0B 27 81 44
13 0C 00 20 93 8A 0A 80 B7 1C 01 50 37 1D 01 50
BD 4D 13 06 00 20 93 05 F0 0F 22 85 5D 2A 81 46
01 46 A2 85 33 85 54 01 EF D0 5F 95 2A C4 8D E8
81 45 13 85 8C 16 EF D0 CF A1 01 49 33 07 24 01
83 45 07 00 13 05 0D 17 EF D0 AF A0 13 77 F9 00
63 15 B7 01 29 45 EF D0 4F 9F 05 09 E3 10 89 FF
4E 85 13 06 00 20 A2 85 09 2C 85 04 C5 47 93 89
09 20 E3 90 F4 FA 29 45 EF D0 2F 9D A2 47 95 E3
37 15 01 50 13 05 45 1F EF D0 8F 9C 89 65 93 85
05 20 13 85 0B 27 EF E0 8F 94 13 75 F5 0F E3 06
05 E2 E3 1D 0B E2 A1 B5 01 4B 3D BF F3 22 20 34
73 23 10 34 F3 23 30 34 37 0E 03 30 13 0E CE 0C
97 CE 00 50 93 8E 0E 1F 83 82 0E 00 23 00 5E 00
85 0E E3 9B 02 FE 05 4F 23 00 EE 01 C1 BF 19 CA
93 07 00 02 91 8F 63 48 F0 00 01 16 33 D5 C5 00
01 47 BA 85 82 80 33 D7 C5 00 33 55 C5 00 B3 95
F5 00 4D 8D FD B7 63 F2 A5 02 33 87 C5 00 63 7E
E5 00 B3 07 C5 00 1D CA FD 17 83 46 F7 FF 23 80
D7 00 7D 17 E3 1A F5 FE 82 80 BD 47 63 E1 C7 02
AA 87 93 06 F6 FF 59 CA 85 06 BE 96 85 07 03 C7
05 00 A3 8F E7 FE 85 05 E3 9A D7 FE 82 80 B3 67
B5 00 8D 8B A5 EB 93 08 06 FF 93 F8 08 FF C1 08
B3 06 15 01 2E 87 AA 87 03 28 07 00 23 A0 07 01
03 28 47 00 23 A2 07 01 03 28 87 00 23 A4 07 01
03 28 C7 00 C1 07 23 AE 07 FF 41 07 E3 9E D7 FC
13 78 C6 00 C6 95 13 77 F6 00 63 0A 08 02 13 08
C7 FF 13 78 C8 FF 11 08 B3 87 06 01 2E 87 91 06
83 28 07 00 23 AE 16 FF 11 07 E3 9A F6 FE 0D 8A
C2 95 85 BF 93 06 F6 FF AA 87 BD B7 82 80 3A 86
8D B7 3D 43 2A 87 63 73 C3 02 93 77 F7 00 BD EF
AD E5 93 76 06 FF 3D 8A BA 96 0C C3 4C C3 0C C7
4C C7 41 07 E3 6B D7 FE 11 E2 82 80 B3 06 C3 40
8A 06 97 02 00 00 96 96 67 80 A6 00 23 07 B7 00
A3 06 B7 00 23 06 B7 00 A3 05 B7 00 23 05 B7 00
A3 04 B7 00 23 04 B7 00 A3 03 B7 00 23 03 B7 00
A3 02 B7 00 23 02 B7 00 A3 01 B7 00 23 01 B7 00
A3 00 B7 00 23 00 B7 00 82 80 93 F5 F5 0F 93 96
85 00 D5 8D 93 96 05 01 D5 8D 61 B7 93 96 27 00
97 02 00 00 96 96 86 82 E7 80 86 FA 96 80 C1 17
1D 8F 3E 96 E3 74 C3 F8 A5 B7 B3 C7 A5 00 8D 8B
B3 08 C5 00 B1 E7 8D 47 63 F4 C7 04 93 77 35 00
2A 87 DD E7 13 F6 C8 FF B3 06 E6 40 93 07 00 02
63 C4 D7 04 AE 86 BA 87 63 71 C7 02 03 A8 06 00
91 07 23 AE 07 FF 91 06 E3 EA C7 FE 93 07 F6 FF
99 8F F1 9B 91 07 3E 97 BE 95 63 66 17 01 82 80
2A 87 E3 7E 15 FF 83 C7 05 00 05 07 A3 0F F7 FE
85 05 E3 9A E8 FE 82 80 13 07 47 02 94 51 83 A3
05 00 83 A2 45 00 83 AF 85 00 03 AF C5 00 83 AE
05 01 03 AE 45 01 03 A3 85 01 03 A8 C5 01 23 2E
D7 FE 23 2E 77 FC 23 20 57 FE 23 22 F7 FF 23 24
E7 FF 23 26 D7 FF 23 28 C7 FF 23 2A 67 FE 23 2C
07 FF B3 06 E6 40 93 85 45 02 E3 C7 D7 FA 9D B7
83 C7 05 00 05 07 A3 0F F7 FE 93 77 37 00 85 05
B1 D3 83 C7 05 00 05 07 A3 0F F7 FE 93 77 37 00
85 05 F9 FF 05 BF 93 77 35 00 2A 87 9D EF B7 86
7F 7F 93 86 F6 F7 FD 55 10 43 B3 77 D6 00 B6 97
D1 8F D5 8F 11 07 E3 89 B7 FE 83 46 C7 FF B3 07
A7 40 8D CA 83 46 D7 FF 9D C2 03 45 E7 FF 33 35
A0 00 3E 95 79 15 82 80 F9 D2 83 47 07 00 05 07
93 76 37 00 F5 FB 09 8F 13 05 F7 FF 82 80 13 85
D7 FF 82 80 13 85 C7 FF 82 80
@00004204
31 95 ED 69 C9 2D 72 AE 56 BA 65 55 EB 21 93 FF
2E 06 84 B7 34 BD F2 06 9B E1 99 8B FD 9C 0F E9
E1 D8 EF 21 53 73 12 8B A4 93 E6 C8 BF 96 A5 6C
ED C6 D5 40 FE 17 3D 9B 99 EB DC 7B 70 01 7E 1E
3D BC DE 61 D2 6D 83 D9 FD AE CE 24 71 60 4A 96
D2 CF 48 CB 4F E8 5A F3 87 73 77 6E 3C 99 52 32
AB 8E EC 55 9E 0A 48 C8 EA A6 59 C9 62 BE B7 3A
C4 EF 3D A5 65 1B 36 18 CC 4B B1 5B 4F 1A C6 98
E1 FD 88 36 B5 12 29 40 18 E4 3E C8 1F 86 F9 BE
65 86 0C 14 41 C2 55 DB 3D 61 64 81 6E BA E5 EF
AE 2B AE C3 25 AD 85 C8 2D 87 53 5F AE C7 FC AA
6D 6A 92 6D BF 19 36 7C 26 AF EE 82 41 C8 E7 A0
30 26 30 10 06 03 55 1D 0F 01 01 FF 04 06 03 04
04 06 00 00 30 12 06 03 55 1D 13 01 01 FF 04 08
30 06 01 01 FF 02 01 00 78 78 78 78 78 78 78 78
78 78 78 78 78 78 78 78 78 78 78 78 78 78 78 78
78 78 78 78 78 78 78 78 78 78 78 78 78 78 78 78
0A 20 20 20 54 52 41 50 20 56 45 43 54 4F 52 20
45 58 45 43 55 54 49 4E 47 21 20 4B 49 4C 4C 20
53 49 4D 21 21 21 20 20 20 0A 78 78 78 78 78 78
78 78 78 78 78 78 78 78 78 78 78 78 78 78 78 78
78 78 78 78 78 78 78 78 78 78 78 78 78 78 78 78
78 78 0A 00 66 75 6E 63 3A 20 25 73 2C 20 6C 69
6E 65 3A 20 25 64 0A 00 45 72 72 6F 72 3A 20 52
65 67 69 73 74 65 72 20 69 6E 64 65 78 20 6F 75
74 20 6F 66 20 72 61 6E 67 65 20 28 30 2D 39 29
00 00 00 00 53 75 63 63 65 73 73 3A 20 44 61 74
61 20 73 74 6F 72 65 64 20 74 6F 20 44 41 54 41
5F 56 41 55 4C 54 5F 45 4E 54 52 59 5F 25 30 38
78 20 61 6E 64 20 44 41 54 41 5F 56 41 55 4C 54
5F 45 4E 54 52 59 5F 25 30 38 78 0A 00 00 00 00
53 75 63 63 65 73 73 3A 20 44 61 74 61 20 72 65
61 64 20 66 72 6F 6D 20 44 41 54 41 5F 56 41 55
4C 54 5F 45 4E 54 52 59 5F 25 30 38 78 20 61 6E
64 20 44 41 54 41 5F 56 41 55 4C 54 5F 45 4E 54
52 59 5F 25 30 38 78 0A 00 00 00 00 72 65 61 64
5F 66 72 6F 6D 5F 64 61 74 61 76 61 75 6C 74 00
73 74 6F 72 65 5F 74 6F 5F 64 61 74 61 76 61 75
6C 74 00 00 0A 45 43 43 20 4B 45 59 47 45 4E 00
57 61 69 74 20 66 6F 72 20 4B 56 20 77 72 69 74
65 00 00 00 4C 6F 61 64 20 50 52 49 56 4B 45 59
20 64 61 74 61 20 66 72 6F 6D 20 45 43 43 00 00
41 74 20 6F 66 66 73 65 74 20 5B 25 64 5D 2C 20
65 63 63 5F 70 72 69 76 6B 65 79 20 64 61 74 61
20 6D 69 73 6D 61 74 63 68 21 0A 00 41 63 74 75
61 6C 20 20 20 64 61 74 61 3A 20 30 78 25 6C 78
0A 00 00 00 45 78 70 65 63 74 65 64 20 64 61 74
61 3A 20 30 78 25 6C 78 0A 00 00 00 4C 6F 61 64
20 50 55 42 4B 45 59 5F 58 20 64 61 74 61 20 66
72 6F 6D 20 45 43 43 00 41 74 20 6F 66 66 73 65
74 20 5B 25 64 5D 2C 20 65 63 63 5F 70 75 62 6B
65 79 5F 78 20 64 61 74 61 20 6D 69 73 6D 61 74
63 68 21 0A 00 00 00 00 4C 6F 61 64 20 50 55 42
4B 45 59 5F 59 20 64 61 74 61 20 66 72 6F 6D 20
45 43 43 00 41 74 20 6F 66 66 73 65 74 20 5B 25
64 5D 2C 20 65 63 63 5F 70 75 62 6B 65 79 5F 79
20 64 61 74 61 20 6D 69 73 6D 61 74 63 68 21 0A
00 00 00 00 49 6E 6A 65 63 74 20 50 52 49 56 4B
45 59 20 66 72 6F 6D 20 6B 76 20 74 6F 20 45 43
43 00 00 00 0A 45 43 43 20 53 49 47 4E 49 4E 47
00 00 00 00 4C 6F 61 64 20 53 49 47 4E 5F 52 20
64 61 74 61 20 66 72 6F 6D 20 45 43 43 00 00 00
41 74 20 6F 66 66 73 65 74 20 5B 25 64 5D 2C 20
65 63 63 5F 73 69 67 6E 5F 72 20 64 61 74 61 20
6D 69 73 6D 61 74 63 68 21 0A 00 00 41 63 74 75
61 6C 20 20 20 64 61 74 61 3A 20 30 78 25 30 38
6C 78 0A 00 45 78 70 65 63 74 65 64 20 64 61 74
61 3A 20 30 78 25 30 38 6C 78 0A 00 4C 6F 61 64
20 53 49 47 4E 5F 53 20 64 61 74 61 20 66 72 6F
6D 20 45 43 43 00 00 00 41 74 20 6F 66 66 73 65
74 20 5B 25 64 5D 2C 20 65 63 63 5F 73 69 67 6E
5F 73 20 64 61 74 61 20 6D 69 73 6D 61 74 63 68
21 0A 00 00 0A 45 43 43 20 56 45 52 49 46 59 49
4E 47 00 00 4C 6F 61 64 20 56 45 52 49 46 59 5F
52 20 64 61 74 61 20 66 72 6F 6D 20 45 43 43 00
41 74 20 6F 66 66 73 65 74 20 5B 25 64 5D 2C 20
65 63 63 5F 76 65 72 69 66 79 5F 72 20 64 61 74
61 20 6D 69 73 6D 61 74 63 68 21 0A 00 00 00 00
41 63 74 75 61 6C 20 20 20 64 61 74 61 3A 20 30
78 25 38 78 0A 00 00 00 45 78 70 65 63 74 65 64
20 64 61 74 61 3A 20 30 78 25 38 78 0A 00 00 00
65 63 63 5F 6B 65 79 67 65 6E 5F 66 6C 6F 77 00
4C 6F 61 64 20 4B 65 79 20 64 61 74 61 20 74 6F
20 48 4D 41 43 00 00 00 4C 6F 61 64 20 54 41 47
20 64 61 74 61 20 66 72 6F 6D 20 48 4D 41 43 20
74 6F 20 4B 56 00 00 00 4C 6F 61 64 20 54 41 47
20 64 61 74 61 20 66 72 6F 6D 20 48 4D 41 43 00
41 74 20 6F 66 66 73 65 74 20 5B 25 64 5D 2C 20
68 6D 61 63 5F 74 61 67 20 64 61 74 61 20 6D 69
73 6D 61 74 63 68 21 0A 00 00 00 00 46 57 3A 20
57 61 69 74 00 00 00 00 46 57 3A 20 52 65 61 64
69 6E 67 20 25 30 38 64 20 62 79 74 65 73 20 66
72 6F 6D 20 6D 61 69 6C 62 6F 78 0A 00 00 00 00
20 20 64 61 74 61 6F 75 74 3A 20 30 78 25 30 38
78 0A 00 00 46 57 3A 20 57 72 69 74 69 6E 67 20
30 78 25 30 38 78 20 62 79 74 65 73 20 74 6F 20
6D 61 69 6C 62 6F 78 0A 00 00 00 00 46 57 3A 20
53 65 74 20 64 61 74 61 20 72 65 61 64 79 20 73
74 61 74 75 73 00 00 00 45 52 52 4F 52 3A 20 6D
61 69 6C 62 6F 78 20 69 6E 20 75 6E 65 78 70 65
63 74 65 64 20 73 74 61 74 65 20 28 25 30 38 78
29 20 77 68 65 6E 20 65 78 70 65 63 74 69 6E 67
20 4D 42 4F 58 5F 45 58 45 43 55 54 45 5F 53 4F
43 20 28 30 78 25 30 38 78 29 0A 00 46 57 3A 20
4D 61 69 6C 62 6F 78 20 69 6E 20 65 78 70 65 63
74 65 64 20 73 74 61 74 65 2C 20 4D 42 4F 58 5F
45 58 45 43 55 54 45 5F 53 4F 43 2C 20 65 6E 64
69 6E 67 20 74 65 73 74 20 77 69 74 68 20 73 75
63 63 65 73 73 00 00 00 53 50 49 20 45 72 72 6F
72 73 3A 20 30 78 25 30 38 6C 58 0A 00 00 00 00
20 20 43 6F 6D 6D 61 6E 64 20 49 6E 76 61 6C 69
64 00 00 00 20 20 43 53 49 44 20 49 6E 76 61 6C
69 64 00 00 20 20 41 63 63 65 73 73 20 49 6E 76
61 6C 69 64 00 00 00 00 20 20 46 49 46 4F 20 4F
76 65 72 66 6C 6F 77 00 45 6E 61 62 6C 65 20 53
48 41 32 35 36 00 00 00 4C 6F 61 64 20 44 49 47
45 53 54 20 64 61 74 61 20 66 72 6F 6D 20 53 48
41 32 35 36 00 00 00 00 53 74 6F 72 69 6E 67 20
53 48 41 32 35 36 20 64 69 67 65 73 74 20 74 6F
20 50 43 52 20 65 6E 74 72 79 20 25 64 0A 00 00
41 74 20 6F 66 66 73 65 74 20 5B 25 64 5D 2C 20
73 68 61 5F 64 69 67 65 73 74 20 64 61 74 61 20
6D 69 73 6D 61 74 63 68 21 0A 00 00 2D 20 28 31
2F 34 29 20 7C 20 74 6F 74 61 6C 5F 6C 65 6E 3A
20 25 64 2C 20 6D 65 73 73 61 67 65 5F 6C 65 6E
3A 20 25 64 2C 20 70 61 64 64 69 6E 67 5F 6C 65
6E 3A 20 25 64 2C 20 66 69 6E 61 6C 5F 62 6C 6F
63 6B 5F 6C 65 6E 3A 20 25 64 20 0A 00 00 00 00
2D 20 28 32 2F 34 29 20 7C 20 73 68 61 33 38 34
5F 63 6F 72 65 28 29 20 69 6E 69 74 69 61 6C 20
64 69 67 65 73 74 20 64 6F 6E 65 2E 00 00 00 00
2D 20 28 33 2F 34 29 20 7C 20 73 68 61 33 38 34
20 70 61 64 64 69 6E 67 20 64 6F 6E 65 2E 00 00
2D 20 28 34 2F 34 29 20 7C 20 73 68 61 33 38 34
5F 63 6F 72 65 28 29 20 66 69 6E 61 6C 20 64 69
67 65 73 74 20 64 6F 6E 65 2E 00 00 00 00 00 00
22 AE 28 D7 98 2F 8A 42 CD 65 EF 23 91 44 37 71
2F 3B 4D EC CF FB C0 B5 BC DB 89 81 A5 DB B5 E9
38 B5 48 F3 5B C2 56 39 19 D0 05 B6 F1 11 F1 59
9B 4F 19 AF A4 82 3F 92 18 81 6D DA D5 5E 1C AB
42 02 03 A3 98 AA 07 D8 BE 6F 70 45 01 5B 83 12
8C B2 E4 4E BE 85 31 24 E2 B4 FF D5 C3 7D 0C 55
6F 89 7B F2 74 5D BE 72 B1 96 16 3B FE B1 DE 80
35 12 C7 25 A7 06 DC 9B 94 26 69 CF 74 F1 9B C1
D2 4A F1 9E C1 69 9B E4 E3 25 4F 38 86 47 BE EF
B5 D5 8C 8B C6 9D C1 0F 65 9C AC 77 CC A1 0C 24
75 02 2B 59 6F 2C E9 2D 83 E4 A6 6E AA 84 74 4A
D4 FB 41 BD DC A9 B0 5C B5 53 11 83 DA 88 F9 76
AB DF 66 EE 52 51 3E 98 10 32 B4 2D 6D C6 31 A8
3F 21 FB 98 C8 27 03 B0 E4 0E EF BE C7 7F 59 BF
C2 8F A8 3D F3 0B E0 C6 25 A7 0A 93 47 91 A7 D5
6F 82 03 E0 51 63 CA 06 70 6E 0E 0A 67 29 29 14
FC 2F D2 46 85 0A B7 27 26 C9 26 5C 38 21 1B 2E
ED 2A C4 5A FC 6D 2C 4D DF B3 95 9D 13 0D 38 53
DE 63 AF 8B 54 73 0A 65 A8 B2 77 3C BB 0A 6A 76
E6 AE ED 47 2E C9 C2 81 3B 35 82 14 85 2C 72 92
64 03 F1 4C A1 E8 BF A2 01 30 42 BC 4B 66 1A A8
91 97 F8 D0 70 8B 4B C2 30 BE 54 06 A3 51 6C C7
18 52 EF D6 19 E8 92 D1 10 A9 65 55 24 06 99 D6
2A 20 71 57 85 35 0E F4 B8 D1 BB 32 70 A0 6A 10
C8 D0 D2 B8 16 C1 A4 19 53 AB 41 51 08 6C 37 1E
99 EB 8E DF 4C 77 48 27 A8 48 9B E1 B5 BC B0 34
63 5A C9 C5 B3 0C 1C 39 CB 8A 41 E3 4A AA D8 4E
73 E3 63 77 4F CA 9C 5B A3 B8 B2 D6 F3 6F 2E 68
FC B2 EF 5D EE 82 8F 74 60 2F 17 43 6F 63 A5 78
72 AB F0 A1 14 78 C8 84 EC 39 64 1A 08 02 C7 8C
28 1E 63 23 FA FF BE 90 E9 BD 82 DE EB 6C 50 A4
15 79 C6 B2 F7 A3 F9 BE 2B 53 72 E3 F2 78 71 C6
9C 61 26 EA CE 3E 27 CA 07 C2 C0 21 C7 B8 86 D1
1E EB E0 CD D6 7D DA EA 78 D1 6E EE 7F 4F 7D F5
BA 6F 17 72 AA 67 F0 06 A6 98 C8 A2 C5 7D 63 0A
AE 0D F9 BE 04 98 3F 11 1B 47 1C 13 35 0B 71 1B
84 7D 04 23 F5 77 DB 28 93 24 C7 40 7B AB CA 32
BC BE C9 15 0A BE 9E 3C 4C 0D 10 9C C4 67 1D 43
B6 42 3E CB BE D4 C5 4C 2A 7E 65 FC 9C 29 7F 59
EC FA D6 3A AB 6F CB 5F 17 58 47 4A 8C 19 44 6C
53 48 41 35 31 32 3A 20 53 65 74 20 6D 6F 64 65
3A 20 30 78 25 78 20 61 6E 64 20 69 6E 69 74 0A
00 00 00 00 53 48 41 35 31 32 3A 20 53 65 74 20
6D 6F 64 65 3A 20 30 78 25 78 20 61 6E 64 20 6E
65 78 74 0A 00 00 00 00 53 48 41 35 31 32 3A 20
53 65 74 20 6D 6F 64 65 3A 20 30 78 25 78 20 61
6E 64 20 6E 65 78 74 20 77 69 74 68 20 6C 61 73
74 0A 00 00 6D 65 61 73 75 72 65 53 4F 43 20 6D
65 61 73 75 72 65 20 76 61 6C 75 65 3A 00 00 00
30 78 25 30 38 78 20 00 6D 65 61 73 75 72 65 53
4F 43 20 65 78 70 65 63 74 5F 76 61 6C 75 65 3A
00 00 00 00 43 6F 6D 70 61 72 69 6E 67 20 53 48
41 35 31 32 20 64 69 67 65 73 74 2E 2E 2E 00 00
4D 69 73 6D 61 74 63 68 20 61 74 20 77 6F 72 64
20 25 64 3A 20 4D 65 61 73 75 72 65 6D 65 6E 74
20 76 61 6C 75 65 20 30 78 25 30 38 78 2C 20 45
78 70 65 63 74 65 64 20 30 78 25 30 38 78 0A 00
4D 65 61 73 75 72 65 6D 65 6E 74 20 73 75 63 63
65 73 73 21 00 00 00 00 4D 65 61 73 75 72 65 6D
65 6E 74 20 66 61 69 6C 65 64 21 00 6D 65 61 73
75 72 65 46 4D 43 20 6D 65 61 73 75 72 65 20 76
61 6C 75 65 3A 00 00 00 6D 65 61 73 75 72 65 46
4D 43 20 65 78 70 65 63 74 5F 76 61 6C 75 65 3A
00 00 00 00 6D 65 61 73 75 72 65 5F 66 6D 63 00
6D 65 61 73 75 72 65 5F 73 6F 63 00 53 4F 43 5F
49 46 43 3A 20 53 65 74 20 66 6C 6F 77 5F 73 74
61 74 75 73 20 66 69 65 6C 64 3A 20 30 78 25 30
38 78 0A 00 49 6E 76 61 6C 69 64 20 70 61 72 61
6D 65 74 65 72 73 00 00 30 0A 06 08 2A 86 48 CE
3D 04 03 03 00 00 00 00 30 22 18 0F 32 30 32 35
30 31 30 31 30 30 30 30 30 30 5A 18 0F 32 30 32
37 30 31 30 31 30 30 30 30 30 30 5A 00 00 00 00
2A 86 48 CE 3D 02 01 00 30 00 00 00 6C 64 65 76
69 64 5F 63 64 69 00 00 43 44 49 20 64 69 76 65
72 73 69 66 69 65 64 20 77 69 74 68 20 6C 61 62
65 6C 20 27 6C 64 65 76 69 64 5F 63 64 69 27 2E
00 00 00 00 43 44 49 20 64 69 76 65 72 73 69 66
69 65 64 20 77 69 74 68 20 46 69 65 6C 64 20 45
6E 74 72 6F 70 79 20 66 72 6F 6D 20 53 6C 6F 74
31 2E 00 00 4C 44 65 76 49 44 2E 43 44 49 20 64
65 72 69 76 65 64 20 61 6E 64 20 73 74 6F 72 65
64 20 69 6E 20 4B 65 79 53 6C 6F 74 36 2E 00 00
46 69 65 6C 64 20 45 6E 74 72 6F 70 79 20 63 6C
65 61 72 65 64 20 69 6E 20 4B 65 79 53 6C 6F 74
31 2E 00 00 6C 64 65 76 69 64 5F 6B 65 79 67 65
6E 00 00 00 45 43 43 20 73 65 65 64 20 64 65 72
69 76 65 64 20 61 6E 64 20 73 74 6F 72 65 64 20
69 6E 20 4B 65 79 53 6C 6F 74 33 2E 00 00 00 00
45 43 43 20 6B 65 79 20 70 61 69 72 20 67 65 6E
65 72 61 74 65 64 3A 20 50 72 69 76 61 74 65 20
69 6E 20 53 6C 6F 74 35 2C 20 50 75 62 6C 69 63
20 72 65 74 75 72 6E 65 64 2E 00 00 54 65 6D 70
6F 72 61 72 79 20 73 65 65 64 20 63 6C 65 61 72
65 64 20 69 6E 20 4B 65 79 53 6C 6F 74 33 2E 00
43 61 6C 69 70 74 72 61 20 31 2E 30 20 4C 44 65
76 49 44 00 43 61 6C 69 70 74 72 61 20 31 2E 30
20 49 44 65 76 49 44 00 63 65 72 74 5F 6C 65 6E
20 3D 20 30 78 25 78 0A 00 00 00 00 4C 64 65 56
49 44 20 74 62 73 20 64 65 72 3A 00 25 73 25 58
00 00 00 00 67 65 6E 65 72 61 74 65 20 4C 64 65
56 49 44 20 63 65 72 74 20 64 65 72 20 66 61 69
6C 64 21 00 64 65 72 5F 63 73 72 2E 64 69 67 65
73 74 3A 00 53 69 67 6E 61 74 75 72 65 20 52 3A
00 00 00 00 25 30 38 78 20 00 00 00 0A 53 69 67
6E 61 74 75 72 65 20 53 3A 00 00 00 54 65 6D 70
6F 72 61 72 79 20 73 65 65 64 20 63 6C 65 61 72
65 64 20 69 6E 20 4B 65 79 53 6C 6F 74 37 2E 00
69 64 65 76 69 64 5F 70 75 62 6B 65 79 5F 78 2E
64 61 74 61 3A 00 00 00 69 64 65 76 69 64 5F 70
75 62 6B 65 79 5F 79 2E 64 61 74 61 3A 00 00 00
53 69 67 6E 61 74 75 72 65 20 76 65 72 69 66 69
63 61 74 69 6F 6E 20 73 75 63 63 65 73 73 66 75
6C 21 00 00 53 69 67 6E 61 74 75 72 65 20 76 65
72 69 66 69 63 61 74 69 6F 6E 20 66 61 69 6C 65
64 21 00 00 4C 64 65 56 49 44 20 63 65 72 74 3A
00 00 00 00 69 64 65 76 69 64 5F 63 64 69 00 00
62 6C 6F 63 6B 5F 63 64 69 2E 64 61 74 61 3A 00
49 44 65 76 49 44 2E 43 44 49 20 64 65 72 69 76
65 64 20 61 6E 64 20 73 74 6F 72 65 64 20 69 6E
20 4B 65 79 53 6C 6F 74 36 2E 00 00 55 44 53 20
63 6C 65 61 72 65 64 20 69 6E 20 4B 65 79 53 6C
6F 74 30 2E 00 00 00 00 69 64 65 76 69 64 5F 6B
65 79 67 65 6E 00 00 00 62 6C 6F 63 6B 5F 73 65
65 64 2E 64 61 74 61 3A 00 00 00 00 45 43 43 20
6B 65 79 20 70 61 69 72 20 67 65 6E 65 72 61 74
65 64 3A 20 50 72 69 76 61 74 65 20 69 6E 20 53
6C 6F 74 37 2C 20 50 75 62 6C 69 63 20 72 65 74
75 72 6E 65 64 2E 00 00 70 75 62 6B 65 79 5F 78
2E 64 61 74 61 3A 00 00 70 75 62 6B 65 79 5F 79
2E 64 61 74 61 3A 00 00 49 64 65 56 49 44 20 74
62 73 20 64 65 72 3A 00 67 65 6E 65 72 61 74 65
20 49 64 65 56 49 44 20 63 65 72 74 20 64 65 72
20 66 61 69 6C 64 21 00 49 64 65 56 49 44 20 63
65 72 74 3A 00 00 00 00 2D 2D 2D 2D 2D 2D 2D 2D
2D 2D 2D 2D 2D 2D 2D 2D 2D 2D 2D 2D 2D 2D 2D 2D
2D 2D 2D 2D 2D 2D 2D 2D 2D 2D 2D 2D 00 00 00 00
20 20 20 20 20 20 20 20 20 20 20 20 43 61 6C 69
70 74 72 61 20 52 4F 4D 2E 2E 2E 20 20 20 20 20
20 20 20 20 00 00 00 00 31 35 3A 31 39 3A 35 35
00 00 00 00 53 65 70 20 31 37 20 32 30 32 35 00
43 6F 6D 70 69 6C 65 64 20 6F 6E 3A 20 25 73 20
61 74 20 25 73 0A 00 00 46 4D 43 20 66 69 72 6D
77 61 69 72 65 3A 00 00 25 64 3A 0A 00 00 00 00
30 78 25 30 32 78 20 00 4D 65 61 73 75 72 65 20
46 4D 43 20 73 74 61 72 74 3A 00 00 53 4F 43 20
66 69 72 6D 77 61 69 72 65 3A 00 00 4D 65 61 73
75 72 65 20 53 4F 43 20 73 74 61 72 74 3A 00 00
4A 75 6D 70 20 74 6F 20 46 4D 43 2E 2E 2E 00 00
46 4D 43 20 66 69 72 6D 77 61 69 72 65 32 3A 00
4D 65 61 73 75 72 65 20 46 4D 43 20 73 74 61 72
74 32 3A 00 53 4F 43 20 66 69 72 6D 77 61 69 72
65 32 3A 00 4D 65 61 73 75 72 65 20 53 4F 43 20
73 74 61 72 74 32 3A 00 20 52 65 61 63 68 65 64
20 65 6E 64 20 6F 66 20 52 4F 4D 20 46 57 20 75
6E 65 78 70 65 63 74 65 64 6C 79 21 00 00 00 00
D8 9E 05 C1 5D 9D BB CB 07 D5 7C 36 2A 29 9A 62
17 DD 70 30 5A 01 59 91 39 59 0E F7 D8 EC 2F 15
31 0B C0 FF 67 26 33 67 11 15 58 68 87 4A B4 8E
A7 8F F9 64 0D 2E 0C DB A4 4F FA BE 1D 48 B5 47
@00005474
00 00 00 00 00 00 00 00 00 00 00 00 00 00 00 00
00 00 00 00 00 00 00 00 00 00 00 00 00 00 00 00
00 00 00 00 00 00 00 00 00 00 00 00 00 00 00 00
00 00 00 00 00 00 00 00 00 00 00 00 00 00 00 00
00 00 00 00 00 00 00 00 00 00 00 00 00 00 00 00
00 00 00 00 00 00 00 00 00 00 00 00 00 00 00 00
00 00 00 00 00 00 00 00 00 00 00 00 00 00 00 00
00 00 00 00 00 00 00 00 00 00 00 00 00 00 00 00
00 00 00 00 00 00 00 00 00 00 00 00 00 00 00 00
00 00 00 00 00 00 00 00 00 00 00 00 00 00 00 00
00 00 00 00 00 00 00 00 00 00 00 00 00 00 00 00
00 00 00 00 00 00 00 00 00 00 00 00 00 00 00 00
00 00 00 00 00 00 00 00 00 00 00 00 00 00 00 00
00 00 00 00 00 00 00 00 00 00 00 00 00 00 00 00
00 00 00 00 00 00 00 00 00 00 00 00 00 00 00 00
00 00 00 00 00 00 00 00 00 00 00 00 00 00 00 00
00 00 00 00 00 00 00 00 00 00 00 00 00 00 00 00
00 00 00 00 00 00 00 00 00 00 00 00 00 00 00 00
00 00 00 00 00 00 00 00 00 00 00 00 00 00 00 00
00 00 00 00 00 00 00 00 00 00 00 00 00 00 00 00
00 00 00 00 00 00 00 00 00 00 00 00 00 00 00 00
00 00 00 00 00 00 00 00 00 00 00 00 00 00 00 00
00 00 00 00 00 00 00 00 00 00 00 00 00 00 00 00
00 00 00 00 00 00 00 00 00 00 00 00 00 00 00 00
00 00 00 00 00 00 00 00 00 00 00 00 00 00 00 00
00 00 00 00 00 00 00 00 00 00 00 00 00 00 00 00
00 00 00 00 00 00 00 00 00 00 00 00 00 00 00 00
00 00 00 00 00 00 00 00 00 00 00 00 00 00 00 00
00 00 00 00 00 00 00 00 00 00 00 00 00 00 00 00
00 00 00 00 00 00 00 00 00 00 00 00 00 00 00 00
00 00 00 00 00 00 00 00 00 00 00 00 00 00 00 00
00 00 00 00 00 00 00 00 00 00 00 00 00 00 00 00
00 00 00 00 00 00 00 00 00 00 00 00 00 00 00 00
00 00 00 00 00 00 00 00 00 00 00 00 00 00 00 00
00 00 00 00 00 00 00 00 00 00 00 00 00 00 00 00
00 00 00 00 00 00 00 00 00 00 00 00 00 00 00 00
00 00 00 00 00 00 00 00 00 00 00 00 00 00 00 00
00 00 00 00 00 00 00 00 00 00 00 00 00 00 00 00
00 00 00 00 00 00 00 00 00 00 00 00 00 00 00 00
00 00 00 00 00 00 00 00 00 00 00 00 00 00 00 00
00 00 00 00 00 00 00 00 00 00 00 00 00 00 00 00
00 00 00 00 00 00 00 00 00 00 00 00 00 00 00 00
00 00 00 00 00 00 00 00 00 00 00 00 00 00 00 00
00 00 00 00 00 00 00 00 00 00 00 00 00 00 00 00
00 00 00 00 00 00 00 00 00 00 00 00 00 00 00 00
00 00 00 00 00 00 00 00 00 00 00 00 00 00 00 00
00 00 00 00 00 00 00 00 00 00 00 00 00 00 00 00
00 00 00 00 00 00 00 00 00 00 00 00 00 00 00 00
00 00 00 00 00 00 00 00 00 00 00 00 00 00 00 00
00 00 00 00 00 00 00 00 00 00 00 00 00 00 00 00
00 00 00 00 00 00 00 00 00 00 00 00 00 00 00 00
00 00 00 00 00 00 00 00 00 00 00 00 00 00 00 00
00 00 00 00 00 00 00 00 00 00 00 00 00 00 00 00
00 00 00 00 00 00 00 00 00 00 00 00 00 00 00 00
00 00 00 00 00 00 00 00 00 00 00 00 00 00 00 00
00 00 00 00 00 00 00 00 00 00 00 00 00 00 00 00
00 00 00 00 00 00 00 00 00 00 00 00 00 00 00 00
00 00 00 00 00 00 00 00 00 00 00 00 00 00 00 00
00 00 00 00 00 00 00 00 00 00 00 00 00 00 00 00
00 00 00 00 00 00 00 00 00 00 00 00 00 00 00 00
00 00 00 00 00 00 00 00 00 00 00 00 00 00 00 00
00 00 00 00 00 00 00 00 00 00 00 00 00 00 00 00
00 00 00 00 00 00 00 00 00 00 00 00 00 00 00 00
00 00 00 00 00 00 00 00 00 00 00 00 00 00 00 00
00 00 00 00 00 00 00 00 00 00 00 00 00 00 00 00
00 00 00 00 00 00 00 00 00 00 00 00 00 00 00 00
00 00 00 00 00 00 00 00 00 00 00 00 00 00 00 00
00 00 00 00 00 00 00 00 00 00 00 00 00 00 00 00
00 00 00 00 00 00 00 00 00 00 00 00 00 00 00 00
00 00 00 00 00 00 00 00 00 00 00 00 00 00 00 00
00 00 00 00 00 00 00 00 00 00 00 00 00 00 00 00
00 00 00 00 00 00 00 00 00 00 00 00 00 00 00 00
00 00 00 00 00 00 00 00 00 00 00 00 00 00 00 00
00 00 00 00 00 00 00 00 00 00 00 00 00 00 00 00
00 00 00 00 00 00 00 00 00 00 00 00 00 00 00 00
00 00 00 00 00 00 00 00 00 00 00 00 00 00 00 00
00 00 00 00 00 00 00 00 00 00 00 00 00 00 00 00
00 00 00 00 00 00 00 00 00 00 00 00 00 00 00 00
00 00 00 00 00 00 00 00 00 00 00 00 00 00 00 00
00 00 00 00 00 00 00 00 00 00 00 00 00 00 00 00
00 00 00 00 00 00 00 00 00 00 00 00 00 00 00 00
00 00 00 00 00 00 00 00 00 00 00 00 00 00 00 00
00 00 00 00 00 00 00 00 00 00 00 00 00 00 00 00
00 00 00 00 00 00 00 00 00 00 00 00 00 00 00 00
00 00 00 00 00 00 00 00 00 00 00 00 00 00 00 00
00 00 00 00 00 00 00 00 00 00 00 00 00 00 00 00
00 00 00 00 00 00 00 00 00 00 00 00 00 00 00 00
00 00 00 00 00 00 00 00 00 00 00 00 00 00 00 00
00 00 00 00 00 00 00 00 00 00 00 00 00 00 00 00
00 00 00 00 00 00 00 00 00 00 00 00 00 00 00 00
00 00 00 00 00 00 00 00 00 00 00 00 00 00 00 00
00 00 00 00 00 00 00 00 00 00 00 00 00 00 00 00
00 00 00 00 00 00 00 00 00 00 00 00 00 00 00 00
00 00 00 00 00 00 00 00 00 00 00 00 00 00 00 00
00 00 00 00 00 00 00 00 00 00 00 00 00 00 00 00
00 00 00 00 00 00 00 00 00 00 00 00 00 00 00 00
00 00 00 00 00 00 00 00 00 00 00 00 00 00 00 00
00 00 00 00 00 00 00 00 00 00 00 00 00 00 00 00
00 00 00 00 00 00 00 00 00 00 00 00 00 00 00 00
00 00 00 00 00 00 00 00 00 00 00 00 00 00 00 00
00 00 00 00 00 00 00 00 00 00 00 00 00 00 00 00
00 00 00 00 00 00 00 00 00 00 00 00 00 00 00 00
00 00 00 00 00 00 00 00 00 00 00 00 00 00 00 00
00 00 00 00 00 00 00 00 00 00 00 00 00 00 00 00
00 00 00 00 00 00 00 00 00 00 00 00 00 00 00 00
00 00 00 00 00 00 00 00 00 00 00 00 00 00 00 00
00 00 00 00 00 00 00 00 00 00 00 00 00 00 00 00
00 00 00 00 00 00 00 00 00 00 00 00 00 00 00 00
00 00 00 00 00 00 00 00 00 00 00 00 00 00 00 00
00 00 00 00 00 00 00 00 00 00 00 00 00 00 00 00
00 00 00 00 00 00 00 00 00 00 00 00 00 00 00 00
00 00 00 00 00 00 00 00 00 00 00 00 00 00 00 00
00 00 00 00 00 00 00 00 00 00 00 00 00 00 00 00
00 00 00 00 00 00 00 00 00 00 00 00 00 00 00 00
00 00 00 00 00 00 00 00 00 00 00 00 00 00 00 00
00 00 00 00 00 00 00 00 00 00 00 00 00 00 00 00
00 00 00 00 00 00 00 00 00 00 00 00 00 00 00 00
00 00 00 00 00 00 00 00 00 00 00 00 00 00 00 00
00 00 00 00 00 00 00 00 00 00 00 00 00 00 00 00
00 00 00 00 00 00 00 00 00 00 00 00 00 00 00 00
00 00 00 00 00 00 00 00 00 00 00 00 00 00 00 00
00 00 00 00 00 00 00 00 00 00 00 00 00 00 00 00
00 00 00 00 00 00 00 00 00 00 00 00 00 00 00 00
00 00 00 00 00 00 00 00 00 00 00 00 00 00 00 00
00 00 00 00 00 00 00 00 00 00 00 00 00 00 00 00
00 00 00 00 00 00 00 00 00 00 00 00 00 00 00 00
00 00 00 00 00 00 00 00 00 00 00 00 00 00 00 00
00 00 00 00 00 00 00 00 00 00 00 00 00 00 00 00
00 00 00 00 00 00 00 00 00 00 00 00 00 00 00 00
00 00 00 00 00 00 00 00 00 00 00 00 00 00 00 00
00 00 00 00 00 00 00 00 00 00 00 00 00 00 00 00
00 00 00 00 00 00 00 00 00 00 00 00 00 00 00 00
00 00 00 00 00 00 00 00 00 00 00 00 00 00 00 00
00 00 00 00 00 00 00 00 00 00 00 00 00 00 00 00
00 00 00 00 00 00 00 00 00 00 00 00 00 00 00 00
00 00 00 00 00 00 00 00 00 00 00 00 00 00 00 00
00 00 00 00 00 00 00 00 00 00 00 00 00 00 00 00
00 00 00 00 00 00 00 00 00 00 00 00 00 00 00 00
00 00 00 00 00 00 00 00 00 00 00 00 00 00 00 00
00 00 00 00 00 00 00 00 00 00 00 00 00 00 00 00
00 00 00 00 00 00 00 00 00 00 00 00 00 00 00 00
00 00 00 00 00 00 00 00 00 00 00 00 00 00 00 00
00 00 00 00 00 00 00 00 00 00 00 00 00 00 00 00
00 00 00 00 00 00 00 00 00 00 00 00 00 00 00 00
00 00 00 00 00 00 00 00 00 00 00 00 00 00 00 00
00 00 00 00 00 00 00 00 00 00 00 00 00 00 00 00
00 00 00 00 00 00 00 00 00 00 00 00 00 00 00 00
00 00 00 00 00 00 00 00 00 00 00 00 00 00 00 00
00 00 00 00 00 00 00 00 00 00 00 00 00 00 00 00
00 00 00 00 00 00 00 00 00 00 00 00 00 00 00 00
00 00 00 00 00 00 00 00 00 00 00 00 00 00 00 00
00 00 00 00 00 00 00 00 00 00 00 00 00 00 00 00
00 00 00 00 00 00 00 00 00 00 00 00 00 00 00 00
00 00 00 00 00 00 00 00 00 00 00 00 00 00 00 00
00 00 00 00 00 00 00 00 00 00 00 00 00 00 00 00
00 00 00 00 00 00 00 00 00 00 00 00 00 00 00 00
00 00 00 00 00 00 00 00 00 00 00 00 00 00 00 00
00 00 00 00 00 00 00 00 00 00 00 00 00 00 00 00
00 00 00 00 00 00 00 00 00 00 00 00 00 00 00 00
00 00 00 00 00 00 00 00 00 00 00 00 00 00 00 00
00 00 00 00 00 00 00 00 00 00 00 00 00 00 00 00
00 00 00 00 00 00 00 00 00 00 00 00 00 00 00 00
00 00 00 00 00 00 00 00 00 00 00 00 00 00 00 00
00 00 00 00 00 00 00 00 00 00 00 00 00 00 00 00
00 00 00 00 00 00 00 00 00 00 00 00 00 00 00 00
00 00 00 00 00 00 00 00 00 00 00 00 00 00 00 00
00 00 00 00 00 00 00 00 00 00 00 00 00 00 00 00
00 00 00 00 00 00 00 00 00 00 00 00 00 00 00 00
00 00 00 00 00 00 00 00 00 00 00 00 00 00 00 00
00 00 00 00 00 00 00 00 00 00 00 00 00 00 00 00
00 00 00 00 00 00 00 00 00 00 00 00 00 00 00 00
00 00 00 00 00 00 00 00 00 00 00 00 00 00 00 00
00 00 00 00 00 00 00 00 00 00 00 00 00 00 00 00
00 00 00 00 00 00 00 00 00 00 00 00 00 00 00 00
00 00 00 00 00 00 00 00 00 00 00 00 00 00 00 00
00 00 00 00 00 00 00 00 00 00 00 00 00 00 00 00
00 00 00 00 00 00 00 00 00 00 00 00 00 00 00 00
00 00 00 00 00 00 00 00 00 00 00 00 00 00 00 00
00 00 00 00 00 00 00 00 00 00 00 00 00 00 00 00
00 00 00 00 00 00 00 00 00 00 00 00 00 00 00 00
00 00 00 00 00 00 00 00 00 00 00 00 00 00 00 00
00 00 00 00 00 00 00 00 00 00 00 00 00 00 00 00
00 00 00 00 00 00 00 00 00 00 00 00 00 00 00 00
00 00 00 00 00 00 00 00 00 00 00 00 00 00 00 00
00 00 00 00 00 00 00 00 00 00 00 00 00 00 00 00
00 00 00 00 00 00 00 00 00 00 00 00 00 00 00 00
00 00 00 00 00 00 00 00 00 00 00 00 00 00 00 00
00 00 00 00 00 00 00 00 00 00 00 00 00 00 00 00
00 00 00 00 00 00 00 00 00 00 00 00 00 00 00 00
00 00 00 00 00 00 00 00 00 00 00 00 00 00 00 00
00 00 00 00 00 00 00 00 00 00 00 00 00 00 00 00
00 00 00 00 00 00 00 00 00 00 00 00 00 00 00 00
00 00 00 00 00 00 00 00 00 00 00 00 00 00 00 00
00 00 00 00 00 00 00 00 00 00 00 00 00 00 00 00
00 00 00 00 00 00 00 00 00 00 00 00 00 00 00 00
00 00 00 00 00 00 00 00 00 00 00 00 00 00 00 00
00 00 00 00 00 00 00 00 00 00 00 00 00 00 00 00
00 00 00 00 00 00 00 00 00 00 00 00 00 00 00 00
00 00 00 00 00 00 00 00 00 00 00 00 00 00 00 00
00 00 00 00 00 00 00 00 00 00 00 00 00 00 00 00
00 00 00 00 00 00 00 00 00 00 00 00 00 00 00 00
00 00 00 00 00 00 00 00 00 00 00 00 00 00 00 00
00 00 00 00 00 00 00 00 00 00 00 00 00 00 00 00
00 00 00 00 00 00 00 00 00 00 00 00 00 00 00 00
00 00 00 00 00 00 00 00 00 00 00 00 00 00 00 00
00 00 00 00 00 00 00 00 00 00 00 00 00 00 00 00
00 00 00 00 00 00 00 00 00 00 00 00 00 00 00 00
00 00 00 00 00 00 00 00 00 00 00 00 00 00 00 00
00 00 00 00 00 00 00 00 00 00 00 00 00 00 00 00
00 00 00 00 00 00 00 00 00 00 00 00 00 00 00 00
00 00 00 00 00 00 00 00 00 00 00 00 00 00 00 00
00 00 00 00 00 00 00 00 00 00 00 00 00 00 00 00
00 00 00 00 00 00 00 00 00 00 00 00 00 00 00 00
00 00 00 00 00 00 00 00 00 00 00 00 00 00 00 00
00 00 00 00 00 00 00 00 00 00 00 00 00 00 00 00
00 00 00 00 00 00 00 00 00 00 00 00 00 00 00 00
00 00 00 00 00 00 00 00 00 00 00 00 00 00 00 00
00 00 00 00 00 00 00 00 00 00 00 00 00 00 00 00
00 00 00 00 00 00 00 00 00 00 00 00 00 00 00 00
00 00 00 00 00 00 00 00 00 00 00 00 00 00 00 00
00 00 00 00 00 00 00 00 00 00 00 00 00 00 00 00
00 00 00 00 00 00 00 00 00 00 00 00 00 00 00 00
00 00 00 00 00 00 00 00 00 00 00 00 00 00 00 00
00 00 00 00 00 00 00 00 00 00 00 00 00 00 00 00
00 00 00 00 00 00 00 00 00 00 00 00 00 00 00 00
00 00 00 00 00 00 00 00 00 00 00 00 00 00 00 00
00 00 00 00 00 00 00 00 00 00 00 00 00 00 00 00
00 00 00 00 00 00 00 00 00 00 00 00 00 00 00 00
00 00 00 00 00 00 00 00 00 00 00 00 00 00 00 00
00 00 00 00 00 00 00 00 00 00 00 00 00 00 00 00
00 00 00 00 00 00 00 00 00 00 00 00 00 00 00 00
00 00 00 00 00 00 00 00 00 00 00 00 00 00 00 00
00 00 00 00 00 00 00 00 00 00 00 00 00 00 00 00
00 00 00 00 00 00 00 00 00 00 00 00 00 00 00 00
00 00 00 00 00 00 00 00 00 00 00 00 00 00 00 00
00 00 00 00 00 00 00 00 00 00 00 00 00 00 00 00
00 00 00 00 00 00 00 00 00 00 00 00 00 00 00 00
00 00 00 00 00 00 00 00 00 00 00 00 00 00 00 00
00 00 00 00 00 00 00 00 00 00 00 00 00 00 00 00
00 00 00 00 00 00 00 00 00 00 00 00 00 00 00 00
00 00 00 00 00 00 00 00 00 00 00 00 00 00 00 00
00 00 00 00 00 00 00 00 00 00 00 00 00 00 00 00
00 00 00 00 00 00 00 00 00 00 00 00 00 00 00 00
00 00 00 00 00 00 00 00 00 00 00 00 00 00 00 00
00 00 00 00 00 00 00 00 00 00 00 00 00 00 00 00
00 00 00 00 00 00 00 00 00 00 00 00 00 00 00 00
00 00 00 00 00 00 00 00 00 00 00 00 00 00 00 00
00 00 00 00 00 00 00 00 00 00 00 00 00 00 00 00
00 00 00 00 00 00 00 00 00 00 00 00 00 00 00 00
00 00 00 00 00 00 00 00 00 00 00 00 00 00 00 00
00 00 00 00 00 00 00 00 00 00 00 00 00 00 00 00
00 00 00 00 00 00 00 00 00 00 00 00 00 00 00 00
00 00 00 00 00 00 00 00 00 00 00 00 00 00 00 00
00 00 00 00 00 00 00 00 00 00 00 00 00 00 00 00
00 00 00 00 00 00 00 00 00 00 00 00 00 00 00 00
00 00 00 00 00 00 00 00 00 00 00 00 00 00 00 00
00 00 00 00 00 00 00 00 00 00 00 00 00 00 00 00
00 00 00 00 00 00 00 00 00 00 00 00 00 00 00 00
00 00 00 00 00 00 00 00 00 00 00 00 00 00 00 00
00 00 00 00 00 00 00 00 00 00 00 00 00 00 00 00
00 00 00 00 00 00 00 00 00 00 00 00 00 00 00 00
00 00 00 00 00 00 00 00 00 00 00 00 00 00 00 00
00 00 00 00 00 00 00 00 00 00 00 00 00 00 00 00
00 00 00 00 00 00 00 00 00 00 00 00 00 00 00 00
00 00 00 00 00 00 00 00 00 00 00 00 00 00 00 00
00 00 00 00 00 00 00 00 00 00 00 00 00 00 00 00
00 00 00 00 00 00 00 00 00 00 00 00 00 00 00 00
00 00 00 00 00 00 00 00 00 00 00 00 00 00 00 00
00 00 00 00 00 00 00 00 00 00 00 00 00 00 00 00
00 00 00 00 00 00 00 00 00 00 00 00 00 00 00 00
00 00 00 00 00 00 00 00 00 00 00 00 00 00 00 00
00 00 00 00 00 00 00 00 00 00 00 00 00 00 00 00
00 00 00 00 00 00 00 00 00 00 00 00 00 00 00 00
00 00 00 00 00 00 00 00 00 00 00 00 00 00 00 00
00 00 00 00 00 00 00 00 00 00 00 00 00 00 00 00
00 00 00 00 00 00 00 00 00 00 00 00 00 00 00 00
00 00 00 00 00 00 00 00 00 00 00 00 00 00 00 00
00 00 00 00 00 00 00 00 00 00 00 00 00 00 00 00
00 00 00 00 00 00 00 00 00 00 00 00 00 00 00 00
00 00 00 00 00 00 00 00 00 00 00 00 00 00 00 00
00 00 00 00 00 00 00 00 00 00 00 00 00 00 00 00
00 00 00 00 00 00 00 00 00 00 00 00 00 00 00 00
00 00 00 00 00 00 00 00 00 00 00 00 00 00 00 00
00 00 00 00 00 00 00 00 00 00 00 00 00 00 00 00
00 00 00 00 00 00 00 00 00 00 00 00 00 00 00 00
00 00 00 00 00 00 00 00 00 00 00 00 00 00 00 00
00 00 00 00 00 00 00 00 00 00 00 00 00 00 00 00
00 00 00 00 00 00 00 00 00 00 00 00 00 00 00 00
00 00 00 00 00 00 00 00 00 00 00 00 00 00 00 00
00 00 00 00 00 00 00 00 00 00 00 00 00 00 00 00
00 00 00 00 00 00 00 00 00 00 00 00 00 00 00 00
00 00 00 00 00 00 00 00 00 00 00 00 00 00 00 00
00 00 00 00 00 00 00 00 00 00 00 00 00 00 00 00
00 00 00 00 00 00 00 00 00 00 00 00 00 00 00 00
00 00 00 00 00 00 00 00 00 00 00 00 00 00 00 00
00 00 00 00 00 00 00 00 00 00 00 00 00 00 00 00
00 00 00 00 00 00 00 00 00 00 00 00 00 00 00 00
00 00 00 00 00 00 00 00 00 00 00 00 00 00 00 00
00 00 00 00 00 00 00 00 00 00 00 00 00 00 00 00
00 00 00 00 00 00 00 00 00 00 00 00 00 00 00 00
00 00 00 00 00 00 00 00 00 00 00 00 00 00 00 00
00 00 00 00 00 00 00 00 00 00 00 00 00 00 00 00
00 00 00 00 00 00 00 00 00 00 00 00 00 00 00 00
00 00 00 00 00 00 00 00 00 00 00 00 00 00 00 00
00 00 00 00 00 00 00 00 00 00 00 00 00 00 00 00
00 00 00 00 00 00 00 00 00 00 00 00 00 00 00 00
00 00 00 00 00 00 00 00 00 00 00 00 00 00 00 00
00 00 00 00 00 00 00 00 00 00 00 00 00 00 00 00
00 00 00 00 00 00 00 00 00 00 00 00 00 00 00 00
00 00 00 00 00 00 00 00 00 00 00 00 00 00 00 00
00 00 00 00 00 00 00 00 00 00 00 00 00 00 00 00
00 00 00 00 00 00 00 00 00 00 00 00 00 00 00 00
00 00 00 00 00 00 00 00 00 00 00 00 00 00 00 00
00 00 00 00 00 00 00 00 00 00 00 00 00 00 00 00
00 00 00 00 00 00 00 00 00 00 00 00 00 00 00 00
00 00 00 00 00 00 00 00 00 00 00 00 00 00 00 00
00 00 00 00 00 00 00 00 00 00 00 00 00 00 00 00
00 00 00 00 00 00 00 00 00 00 00 00 00 00 00 00
00 00 00 00 00 00 00 00 00 00 00 00 00 00 00 00
00 00 00 00 00 00 00 00 00 00 00 00 00 00 00 00
00 00 00 00 00 00 00 00 00 00 00 00 00 00 00 00
00 00 00 00 00 00 00 00 00 00 00 00 00 00 00 00
00 00 00 00 00 00 00 00 00 00 00 00 00 00 00 00
00 00 00 00 00 00 00 00 00 00 00 00 00 00 00 00
00 00 00 00 00 00 00 00 00 00 00 00 00 00 00 00
00 00 00 00 00 00 00 00 00 00 00 00 00 00 00 00
00 00 00 00 00 00 00 00 00 00 00 00 00 00 00 00
00 00 00 00 00 00 00 00 00 00 00 00 00 00 00 00
00 00 00 00 00 00 00 00 00 00 00 00 00 00 00 00
00 00 00 00 00 00 00 00 00 00 00 00 00 00 00 00
00 00 00 00 00 00 00 00 00 00 00 00 00 00 00 00
00 00 00 00 00 00 00 00 00 00 00 00 00 00 00 00
00 00 00 00 00 00 00 00 00 00 00 00 00 00 00 00
00 00 00 00 00 00 00 00 00 00 00 00 00 00 00 00
00 00 00 00 00 00 00 00 00 00 00 00 00 00 00 00
00 00 00 00 00 00 00 00 00 00 00 00 00 00 00 00
00 00 00 00 00 00 00 00 00 00 00 00 00 00 00 00
00 00 00 00 00 00 00 00 00 00 00 00 00 00 00 00
00 00 00 00 00 00 00 00 00 00 00 00 00 00 00 00
00 00 00 00 00 00 00 00 00 00 00 00 00 00 00 00
00 00 00 00 00 00 00 00 00 00 00 00 00 00 00 00
00 00 00 00 00 00 00 00 00 00 00 00 00 00 00 00
00 00 00 00 00 00 00 00 00 00 00 00 00 00 00 00
00 00 00 00 00 00 00 00 00 00 00 00 00 00 00 00
00 00 00 00 00 00 00 00 00 00 00 00 00 00 00 00
00 00 00 00 00 00 00 00 00 00 00 00 00 00 00 00
00 00 00 00 00 00 00 00 00 00 00 00 00 00 00 00
00 00 00 00 00 00 00 00 00 00 00 00 00 00 00 00
00 00 00 00 00 00 00 00 00 00 00 00 00 00 00 00
00 00 00 00 00 00 00 00 00 00 00 00 00 00 00 00
00 00 00 00 00 00 00 00 00 00 00 00 00 00 00 00
00 00 00 00 00 00 00 00 00 00 00 00 00 00 00 00
00 00 00 00 00 00 00 00 00 00 00 00 00 00 00 00
00 00 00 00 00 00 00 00 00 00 00 00 00 00 00 00
00 00 00 00 00 00 00 00 00 00 00 00 00 00 00 00
00 00 00 00 00 00 00 00 00 00 00 00 00 00 00 00
00 00 00 00 00 00 00 00 00 00 00 00 00 00 00 00
00 00 00 00 00 00 00 00 00 00 00 00 00 00 00 00
00 00 00 00 00 00 00 00 00 00 00 00 00 00 00 00
00 00 00 00 00 00 00 00 00 00 00 00 00 00 00 00
00 00 00 00 00 00 00 00 00 00 00 00 00 00 00 00
00 00 00 00 00 00 00 00 00 00 00 00 00 00 00 00
00 00 00 00 00 00 00 00 00 00 00 00 00 00 00 00
00 00 00 00 00 00 00 00 00 00 00 00 00 00 00 00
00 00 00 00 00 00 00 00 00 00 00 00 00 00 00 00
00 00 00 00 00 00 00 00 00 00 00 00 00 00 00 00
00 00 00 00 00 00 00 00 00 00 00 00 00 00 00 00
00 00 00 00 00 00 00 00 00 00 00 00 00 00 00 00
00 00 00 00 00 00 00 00 00 00 00 00 00 00 00 00
00 00 00 00 00 00 00 00 00 00 00 00 00 00 00 00
00 00 00 00 00 00 00 00 00 00 00 00 00 00 00 00
00 00 00 00 00 00 00 00 00 00 00 00 00 00 00 00
00 00 00 00 00 00 00 00 00 00 00 00 00 00 00 00
00 00 00 00 00 00 00 00 00 00 00 00 00 00 00 00
00 00 00 00 00 00 00 00 00 00 00 00 00 00 00 00
00 00 00 00 00 00 00 00 00 00 00 00 00 00 00 00
00 00 00 00 00 00 00 00 00 00 00 00 00 00 00 00
00 00 00 00 00 00 00 00 00 00 00 00 00 00 00 00
00 00 00 00 00 00 00 00 00 00 00 00 00 00 00 00
00 00 00 00 00 00 00 00 00 00 00 00 00 00 00 00
00 00 00 00 00 00 00 00 00 00 00 00 00 00 00 00
00 00 00 00 00 00 00 00 00 00 00 00 00 00 00 00
00 00 00 00 00 00 00 00 00 00 00 00 00 00 00 00
00 00 00 00 00 00 00 00 00 00 00 00 00 00 00 00
00 00 00 00 00 00 00 00 00 00 00 00 00 00 00 00
00 00 00 00 00 00 00 00 00 00 00 00 00 00 00 00
00 00 00 00 00 00 00 00 00 00 00 00 00 00 00 00
00 00 00 00 00 00 00 00 00 00 00 00 00 00 00 00
00 00 00 00 00 00 00 00 00 00 00 00 00 00 00 00
00 00 00 00 00 00 00 00 00 00 00 00 00 00 00 00
00 00 00 00 00 00 00 00 00 00 00 00 00 00 00 00
00 00 00 00 00 00 00 00 00 00 00 00 00 00 00 00
00 00 00 00 00 00 00 00 00 00 00 00 00 00 00 00
00 00 00 00 00 00 00 00 00 00 00 00 00 00 00 00
00 00 00 00 00 00 00 00 00 00 00 00 00 00 00 00
00 00 00 00 00 00 00 00 00 00 00 00 00 00 00 00
00 00 00 00 00 00 00 00 00 00 00 00 00 00 00 00
00 00 00 00 00 00 00 00 00 00 00 00 00 00 00 00
00 00 00 00 00 00 00 00 00 00 00 00 00 00 00 00
00 00 00 00 00 00 00 00 00 00 00 00 00 00 00 00
00 00 00 00 00 00 00 00 00 00 00 00 00 00 00 00
00 00 00 00 00 00 00 00 00 00 00 00 00 00 00 00
00 00 00 00 00 00 00 00 00 00 00 00 00 00 00 00
00 00 00 00 00 00 00 00 00 00 00 00 00 00 00 00
00 00 00 00 00 00 00 00 00 00 00 00 00 00 00 00
00 00 00 00 00 00 00 00 00 00 00 00 00 00 00 00
00 00 00 00 00 00 00 00 00 00 00 00 00 00 00 00
00 00 00 00 00 00 00 00 00 00 00 00 00 00 00 00
00 00 00 00 00 00 00 00 00 00 00 00 00 00 00 00
00 00 00 00 00 00 00 00 00 00 00 00 00 00 00 00
00 00 00 00 00 00 00 00 00 00 00 00 00 00 00 00
00 00 00 00 00 00 00 00 00 00 00 00 00 00 00 00
00 00 00 00 00 00 00 00 00 00 00 00 00 00 00 00
00 00 00 00 00 00 00 00 00 00 00 00 00 00 00 00
00 00 00 00 00 00 00 00 00 00 00 00 00 00 00 00
00 00 00 00 00 00 00 00 00 00 00 00 00 00 00 00
00 00 00 00 00 00 00 00 00 00 00 00 00 00 00 00
00 00 00 00 00 00 00 00 00 00 00 00 00 00 00 00
00 00 00 00 00 00 00 00 00 00 00 00 00 00 00 00
00 00 00 00 00 00 00 00 00 00 00 00 00 00 00 00
00 00 00 00 00 00 00 00 00 00 00 00 00 00 00 00
00 00 00 00 00 00 00 00 00 00 00 00 00 00 00 00
00 00 00 00 00 00 00 00 00 00 00 00 00 00 00 00
00 00 00 00 00 00 00 00 00 00 00 00 00 00 00 00
00 00 00 00 00 00 00 00 00 00 00 00 00 00 00 00
00 00 00 00 00 00 00 00 00 00 00 00 00 00 00 00
00 00 00 00 00 00 00 00 00 00 00 00 00 00 00 00
00 00 00 00 00 00 00 00 00 00 00 00 00 00 00 00
00 00 00 00 00 00 00 00 00 00 00 00 00 00 00 00
00 00 00 00 00 00 00 00 00 00 00 00 00 00 00 00
00 00 00 00 00 00 00 00 00 00 00 00 00 00 00 00
00 00 00 00 00 00 00 00 00 00 00 00 00 00 00 00
00 00 00 00 00 00 00 00 00 00 00 00 00 00 00 00
00 00 00 00 00 00 00 00 00 00 00 00 00 00 00 00
00 00 00 00 00 00 00 00 00 00 00 00 00 00 00 00
00 00 00 00 00 00 00 00 00 00 00 00 00 00 00 00
00 00 00 00 00 00 00 00 00 00 00 00 00 00 00 00
00 00 00 00 00 00 00 00 00 00 00 00 00 00 00 00
00 00 00 00 00 00 00 00 00 00 00 00 00 00 00 00
00 00 00 00 00 00 00 00 00 00 00 00 00 00 00 00
00 00 00 00 00 00 00 00 00 00 00 00 00 00 00 00
00 00 00 00 00 00 00 00 00 00 00 00 00 00 00 00
00 00 00 00 00 00 00 00 00 00 00 00 00 00 00 00
00 00 00 00 00 00 00 00 00 00 00 00 00 00 00 00
00 00 00 00 00 00 00 00 00 00 00 00 00 00 00 00
00 00 00 00 00 00 00 00 00 00 00 00 00 00 00 00
00 00 00 00 00 00 00 00 00 00 00 00 00 00 00 00
00 00 00 00 00 00 00 00 00 00 00 00 00 00 00 00
00 00 00 00 00 00 00 00 00 00 00 00 00 00 00 00
00 00 00 00 00 00 00 00 00 00 00 00 00 00 00 00
00 00 00 00 00 00 00 00 00 00 00 00 00 00 00 00
00 00 00 00 00 00 00 00 00 00 00 00 00 00 00 00
00 00 00 00 00 00 00 00 00 00 00 00 00 00 00 00
00 00 00 00 00 00 00 00 00 00 00 00 00 00 00 00
00 00 00 00 00 00 00 00 00 00 00 00 00 00 00 00
00 00 00 00 00 00 00 00 00 00 00 00 00 00 00 00
00 00 00 00 00 00 00 00 00 00 00 00 00 00 00 00
00 00 00 00 00 00 00 00 00 00 00 00 00 00 00 00
00 00 00 00 00 00 00 00 00 00 00 00 00 00 00 00
00 00 00 00 00 00 00 00 00 00 00 00 00 00 00 00
00 00 00 00 00 00 00 00 00 00 00 00 00 00 00 00
00 00 00 00 00 00 00 00 00 00 00 00 00 00 00 00
00 00 00 00 00 00 00 00 00 00 00 00 00 00 00 00
00 00 00 00 00 00 00 00 00 00 00 00 00 00 00 00
00 00 00 00 00 00 00 00 00 00 00 00 00 00 00 00
00 00 00 00 00 00 00 00 00 00 00 00 00 00 00 00
00 00 00 00 00 00 00 00 00 00 00 00 00 00 00 00
00 00 00 00 00 00 00 00 00 00 00 00 00 00 00 00
00 00 00 00 00 00 00 00 00 00 00 00 00 00 00 00
00 00 00 00 00 00 00 00 00 00 00 00 00 00 00 00
00 00 00 00 00 00 00 00 00 00 00 00 00 00 00 00
00 00 00 00 00 00 00 00 00 00 00 00 00 00 00 00
00 00 00 00 00 00 00 00 00 00 00 00 00 00 00 00
00 00 00 00 00 00 00 00 00 00 00 00 00 00 00 00
00 00 00 00 00 00 00 00 00 00 00 00 00 00 00 00
00 00 00 00 00 00 00 00 00 00 00 00 00 00 00 00
00 00 00 00 00 00 00 00 00 00 00 00 00 00 00 00
00 00 00 00 00 00 00 00 00 00 00 00 00 00 00 00
00 00 00 00 00 00 00 00 00 00 00 00 00 00 00 00
00 00 00 00 00 00 00 00 00 00 00 00 00 00 00 00
00 00 00 00 00 00 00 00 00 00 00 00 00 00 00 00
00 00 00 00 00 00 00 00 00 00 00 00 00 00 00 00
00 00 00 00 00 00 00 00 00 00 00 00 00 00 00 00
00 00 00 00 00 00 00 00 00 00 00 00 00 00 00 00
00 00 00 00 00 00 00 00 00 00 00 00 00 00 00 00
00 00 00 00 00 00 00 00 00 00 00 00 00 00 00 00
00 00 00 00 00 00 00 00 00 00 00 00 00 00 00 00
00 00 00 00 00 00 00 00 00 00 00 00 00 00 00 00
00 00 00 00 00 00 00 00 00 00 00 00 00 00 00 00
00 00 00 00 00 00 00 00 00 00 00 00 00 00 00 00
00 00 00 00 00 00 00 00 00 00 00 00 00 00 00 00
00 00 00 00 00 00 00 00 00 00 00 00 00 00 00 00
00 00 00 00 00 00 00 00 00 00 00 00 00 00 00 00
00 00 00 00 00 00 00 00 00 00 00 00 00 00 00 00
00 00 00 00 00 00 00 00 00 00 00 00 00 00 00 00
00 00 00 00 00 00 00 00 00 00 00 00 00 00 00 00
00 00 00 00 00 00 00 00 00 00 00 00 00 00 00 00
00 00 00 00 00 00 00 00 00 00 00 00 00 00 00 00
00 00 00 00 00 00 00 00 00 00 00 00 00 00 00 00
00 00 00 00 00 00 00 00 00 00 00 00 00 00 00 00
00 00 00 00 00 00 00 00 00 00 00 00 00 00 00 00
00 00 00 00 00 00 00 00 00 00 00 00 00 00 00 00
00 00 00 00 00 00 00 00 00 00 00 00 00 00 00 00
00 00 00 00 00 00 00 00 00 00 00 00 00 00 00 00
00 00 00 00 00 00 00 00 00 00 00 00 00 00 00 00
00 00 00 00 00 00 00 00 00 00 00 00 00 00 00 00
00 00 00 00 00 00 00 00 00 00 00 00 00 00 00 00
00 00 00 00 00 00 00 00 00 00 00 00 00 00 00 00
00 00 00 00 00 00 00 00 00 00 00 00 00 00 00 00
00 00 00 00 00 00 00 00 00 00 00 00 00 00 00 00
00 00 00 00 00 00 00 00 00 00 00 00 00 00 00 00
00 00 00 00 00 00 00 00 00 00 00 00 00 00 00 00
@00007474
00 00 00 00 00 00 00 00 00 00 00 00 00 00 00 00
00 00 00 00 00 00 00 00 00 00 00 00 00 00 00 00
00 00 00 00 00 00 00 00 00 00 00 00 00 00 00 00
00 00 00 00 00 00 00 00 00 00 00 00 00 00 00 00
00 00 00 00 00 00 00 00 00 00 00 00 00 00 00 00
00 00 00 00 00 00 00 00 00 00 00 00 00 00 00 00
00 00 00 00 00 00 00 00 00 00 00 00 00 00 00 00
00 00 00 00 00 00 00 00 00 00 00 00 00 00 00 00
00 00 00 00 00 00 00 00 00 00 00 00 00 00 00 00
00 00 00 00 00 00 00 00 00 00 00 00 00 00 00 00
00 00 00 00 00 00 00 00 00 00 00 00 00 00 00 00
00 00 00 00 00 00 00 00 00 00 00 00 00 00 00 00
00 00 00 00 00 00 00 00 00 00 00 00 00 00 00 00
00 00 00 00 00 00 00 00 00 00 00 00 00 00 00 00
00 00 00 00 00 00 00 00 00 00 00 00 00 00 00 00
00 00 00 00 00 00 00 00 00 00 00 00 00 00 00 00
00 00 00 00 00 00 00 00 00 00 00 00 00 00 00 00
00 00 00 00 00 00 00 00 00 00 00 00 00 00 00 00
00 00 00 00 00 00 00 00 00 00 00 00 00 00 00 00
00 00 00 00 00 00 00 00 00 00 00 00 00 00 00 00
00 00 00 00 00 00 00 00 00 00 00 00 00 00 00 00
00 00 00 00 00 00 00 00 00 00 00 00 00 00 00 00
00 00 00 00 00 00 00 00 00 00 00 00 00 00 00 00
00 00 00 00 00 00 00 00 00 00 00 00 00 00 00 00
00 00 00 00 00 00 00 00 00 00 00 00 00 00 00 00
00 00 00 00 00 00 00 00 00 00 00 00 00 00 00 00
00 00 00 00 00 00 00 00 00 00 00 00 00 00 00 00
00 00 00 00 00 00 00 00 00 00 00 00 00 00 00 00
00 00 00 00 00 00 00 00 00 00 00 00 00 00 00 00
00 00 00 00 00 00 00 00 00 00 00 00 00 00 00 00
00 00 00 00 00 00 00 00 00 00 00 00 00 00 00 00
00 00 00 00 00 00 00 00 00 00 00 00 00 00 00 00
00 00 00 00 00 00 00 00 00 00 00 00 00 00 00 00
00 00 00 00 00 00 00 00 00 00 00 00 00 00 00 00
00 00 00 00 00 00 00 00 00 00 00 00 00 00 00 00
00 00 00 00 00 00 00 00 00 00 00 00 00 00 00 00
00 00 00 00 00 00 00 00 00 00 00 00 00 00 00 00
00 00 00 00 00 00 00 00 00 00 00 00 00 00 00 00
00 00 00 00 00 00 00 00 00 00 00 00 00 00 00 00
00 00 00 00 00 00 00 00 00 00 00 00 00 00 00 00
00 00 00 00 00 00 00 00 00 00 00 00 00 00 00 00
00 00 00 00 00 00 00 00 00 00 00 00 00 00 00 00
00 00 00 00 00 00 00 00 00 00 00 00 00 00 00 00
00 00 00 00 00 00 00 00 00 00 00 00 00 00 00 00
00 00 00 00 00 00 00 00 00 00 00 00 00 00 00 00
00 00 00 00 00 00 00 00 00 00 00 00 00 00 00 00
00 00 00 00 00 00 00 00 00 00 00 00 00 00 00 00
00 00 00 00 00 00 00 00 00 00 00 00 00 00 00 00
00 00 00 00 00 00 00 00 00 00 00 00 00 00 00 00
00 00 00 00 00 00 00 00 00 00 00 00 00 00 00 00
00 00 00 00 00 00 00 00 00 00 00 00 00 00 00 00
00 00 00 00 00 00 00 00 00 00 00 00 00 00 00 00
00 00 00 00 00 00 00 00 00 00 00 00 00 00 00 00
00 00 00 00 00 00 00 00 00 00 00 00 00 00 00 00
00 00 00 00 00 00 00 00 00 00 00 00 00 00 00 00
00 00 00 00 00 00 00 00 00 00 00 00 00 00 00 00
00 00 00 00 00 00 00 00 00 00 00 00 00 00 00 00
00 00 00 00 00 00 00 00 00 00 00 00 00 00 00 00
00 00 00 00 00 00 00 00 00 00 00 00 00 00 00 00
00 00 00 00 00 00 00 00 00 00 00 00 00 00 00 00
00 00 00 00 00 00 00 00 00 00 00 00 00 00 00 00
00 00 00 00 00 00 00 00 00 00 00 00 00 00 00 00
00 00 00 00 00 00 00 00 00 00 00 00 00 00 00 00
00 00 00 00 00 00 00 00 00 00 00 00 00 00 00 00
00 00 00 00 00 00 00 00 00 00 00 00 00 00 00 00
00 00 00 00 00 00 00 00 00 00 00 00 00 00 00 00
00 00 00 00 00 00 00 00 00 00 00 00 00 00 00 00
00 00 00 00 00 00 00 00 00 00 00 00 00 00 00 00
00 00 00 00 00 00 00 00 00 00 00 00 00 00 00 00
00 00 00 00 00 00 00 00 00 00 00 00 00 00 00 00
00 00 00 00 00 00 00 00 00 00 00 00 00 00 00 00
00 00 00 00 00 00 00 00 00 00 00 00 00 00 00 00
00 00 00 00 00 00 00 00 00 00 00 00 00 00 00 00
00 00 00 00 00 00 00 00 00 00 00 00 00 00 00 00
00 00 00 00 00 00 00 00 00 00 00 00 00 00 00 00
00 00 00 00 00 00 00 00 00 00 00 00 00 00 00 00
00 00 00 00 00 00 00 00 00 00 00 00 00 00 00 00
00 00 00 00 00 00 00 00 00 00 00 00 00 00 00 00
00 00 00 00 00 00 00 00 00 00 00 00 00 00 00 00
00 00 00 00 00 00 00 00 00 00 00 00 00 00 00 00
00 00 00 00 00 00 00 00 00 00 00 00 00 00 00 00
00 00 00 00 00 00 00 00 00 00 00 00 00 00 00 00
00 00 00 00 00 00 00 00 00 00 00 00 00 00 00 00
00 00 00 00 00 00 00 00 00 00 00 00 00 00 00 00
00 00 00 00 00 00 00 00 00 00 00 00 00 00 00 00
00 00 00 00 00 00 00 00 00 00 00 00 00 00 00 00
00 00 00 00 00 00 00 00 00 00 00 00 00 00 00 00
00 00 00 00 00 00 00 00 00 00 00 00 00 00 00 00
00 00 00 00 00 00 00 00 00 00 00 00 00 00 00 00
00 00 00 00 00 00 00 00 00 00 00 00 00 00 00 00
00 00 00 00 00 00 00 00 00 00 00 00 00 00 00 00
00 00 00 00 00 00 00 00 00 00 00 00 00 00 00 00
00 00 00 00 00 00 00 00 00 00 00 00 00 00 00 00
00 00 00 00 00 00 00 00 00 00 00 00 00 00 00 00
00 00 00 00 00 00 00 00 00 00 00 00 00 00 00 00
00 00 00 00 00 00 00 00 00 00 00 00 00 00 00 00
00 00 00 00 00 00 00 00 00 00 00 00 00 00 00 00
00 00 00 00 00 00 00 00 00 00 00 00 00 00 00 00
00 00 00 00 00 00 00 00 00 00 00 00 00 00 00 00
00 00 00 00 00 00 00 00 00 00 00 00 00 00 00 00
00 00 00 00 00 00 00 00 00 00 00 00 00 00 00 00
00 00 00 00 00 00 00 00 00 00 00 00 00 00 00 00
00 00 00 00 00 00 00 00 00 00 00 00 00 00 00 00
00 00 00 00 00 00 00 00 00 00 00 00 00 00 00 00
00 00 00 00 00 00 00 00 00 00 00 00 00 00 00 00
00 00 00 00 00 00 00 00 00 00 00 00 00 00 00 00
00 00 00 00 00 00 00 00 00 00 00 00 00 00 00 00
00 00 00 00 00 00 00 00 00 00 00 00 00 00 00 00
00 00 00 00 00 00 00 00 00 00 00 00 00 00 00 00
00 00 00 00 00 00 00 00 00 00 00 00 00 00 00 00
00 00 00 00 00 00 00 00 00 00 00 00 00 00 00 00
00 00 00 00 00 00 00 00 00 00 00 00 00 00 00 00
00 00 00 00 00 00 00 00 00 00 00 00 00 00 00 00
00 00 00 00 00 00 00 00 00 00 00 00 00 00 00 00
00 00 00 00 00 00 00 00 00 00 00 00 00 00 00 00
00 00 00 00 00 00 00 00 00 00 00 00 00 00 00 00
00 00 00 00 00 00 00 00 00 00 00 00 00 00 00 00
00 00 00 00 00 00 00 00 00 00 00 00 00 00 00 00
00 00 00 00 00 00 00 00 00 00 00 00 00 00 00 00
00 00 00 00 00 00 00 00 00 00 00 00 00 00 00 00
00 00 00 00 00 00 00 00 00 00 00 00 00 00 00 00
00 00 00 00 00 00 00 00 00 00 00 00 00 00 00 00
00 00 00 00 00 00 00 00 00 00 00 00 00 00 00 00
00 00 00 00 00 00 00 00 00 00 00 00 00 00 00 00
00 00 00 00 00 00 00 00 00 00 00 00 00 00 00 00
00 00 00 00 00 00 00 00 00 00 00 00 00 00 00 00
00 00 00 00 00 00 00 00 00 00 00 00 00 00 00 00
00 00 00 00 00 00 00 00 00 00 00 00 00 00 00 00
00 00 00 00 00 00 00 00 00 00 00 00 00 00 00 00
00 00 00 00 00 00 00 00 00 00 00 00 00 00 00 00
00 00 00 00 00 00 00 00 00 00 00 00 00 00 00 00
00 00 00 00 00 00 00 00 00 00 00 00 00 00 00 00
00 00 00 00 00 00 00 00 00 00 00 00 00 00 00 00
00 00 00 00 00 00 00 00 00 00 00 00 00 00 00 00
00 00 00 00 00 00 00 00 00 00 00 00 00 00 00 00
00 00 00 00 00 00 00 00 00 00 00 00 00 00 00 00
00 00 00 00 00 00 00 00 00 00 00 00 00 00 00 00
00 00 00 00 00 00 00 00 00 00 00 00 00 00 00 00
00 00 00 00 00 00 00 00 00 00 00 00 00 00 00 00
00 00 00 00 00 00 00 00 00 00 00 00 00 00 00 00
00 00 00 00 00 00 00 00 00 00 00 00 00 00 00 00
00 00 00 00 00 00 00 00 00 00 00 00 00 00 00 00
00 00 00 00 00 00 00 00 00 00 00 00 00 00 00 00
00 00 00 00 00 00 00 00 00 00 00 00 00 00 00 00
00 00 00 00 00 00 00 00 00 00 00 00 00 00 00 00
00 00 00 00 00 00 00 00 00 00 00 00 00 00 00 00
00 00 00 00 00 00 00 00 00 00 00 00 00 00 00 00
00 00 00 00 00 00 00 00 00 00 00 00 00 00 00 00
00 00 00 00 00 00 00 00 00 00 00 00 00 00 00 00
00 00 00 00 00 00 00 00 00 00 00 00 00 00 00 00
00 00 00 00 00 00 00 00 00 00 00 00 00 00 00 00
00 00 00 00 00 00 00 00 00 00 00 00 00 00 00 00
00 00 00 00 00 00 00 00 00 00 00 00 00 00 00 00
00 00 00 00 00 00 00 00 00 00 00 00 00 00 00 00
00 00 00 00 00 00 00 00 00 00 00 00 00 00 00 00
00 00 00 00 00 00 00 00 00 00 00 00 00 00 00 00
00 00 00 00 00 00 00 00 00 00 00 00 00 00 00 00
00 00 00 00 00 00 00 00 00 00 00 00 00 00 00 00
00 00 00 00 00 00 00 00 00 00 00 00 00 00 00 00
00 00 00 00 00 00 00 00 00 00 00 00 00 00 00 00
00 00 00 00 00 00 00 00 00 00 00 00 00 00 00 00
00 00 00 00 00 00 00 00 00 00 00 00 00 00 00 00
00 00 00 00 00 00 00 00 00 00 00 00 00 00 00 00
00 00 00 00 00 00 00 00 00 00 00 00 00 00 00 00
00 00 00 00 00 00 00 00 00 00 00 00 00 00 00 00
00 00 00 00 00 00 00 00 00 00 00 00 00 00 00 00
00 00 00 00 00 00 00 00 00 00 00 00 00 00 00 00
00 00 00 00 00 00 00 00 00 00 00 00 00 00 00 00
00 00 00 00 00 00 00 00 00 00 00 00 00 00 00 00
00 00 00 00 00 00 00 00 00 00 00 00 00 00 00 00
00 00 00 00 00 00 00 00 00 00 00 00 00 00 00 00
00 00 00 00 00 00 00 00 00 00 00 00 00 00 00 00
00 00 00 00 00 00 00 00 00 00 00 00 00 00 00 00
00 00 00 00 00 00 00 00 00 00 00 00 00 00 00 00
00 00 00 00 00 00 00 00 00 00 00 00 00 00 00 00
00 00 00 00 00 00 00 00 00 00 00 00 00 00 00 00
00 00 00 00 00 00 00 00 00 00 00 00 00 00 00 00
00 00 00 00 00 00 00 00 00 00 00 00 00 00 00 00
00 00 00 00 00 00 00 00 00 00 00 00 00 00 00 00
00 00 00 00 00 00 00 00 00 00 00 00 00 00 00 00
00 00 00 00 00 00 00 00 00 00 00 00 00 00 00 00
00 00 00 00 00 00 00 00 00 00 00 00 00 00 00 00
00 00 00 00 00 00 00 00 00 00 00 00 00 00 00 00
00 00 00 00 00 00 00 00 00 00 00 00 00 00 00 00
00 00 00 00 00 00 00 00 00 00 00 00 00 00 00 00
00 00 00 00 00 00 00 00 00 00 00 00 00 00 00 00
00 00 00 00 00 00 00 00 00 00 00 00 00 00 00 00
00 00 00 00 00 00 00 00 00 00 00 00 00 00 00 00
00 00 00 00 00 00 00 00 00 00 00 00 00 00 00 00
00 00 00 00 00 00 00 00 00 00 00 00 00 00 00 00
00 00 00 00 00 00 00 00 00 00 00 00 00 00 00 00
00 00 00 00 00 00 00 00 00 00 00 00 00 00 00 00
00 00 00 00 00 00 00 00 00 00 00 00 00 00 00 00
00 00 00 00 00 00 00 00 00 00 00 00 00 00 00 00
00 00 00 00 00 00 00 00 00 00 00 00 00 00 00 00
00 00 00 00 00 00 00 00 00 00 00 00 00 00 00 00
00 00 00 00 00 00 00 00 00 00 00 00 00 00 00 00
00 00 00 00 00 00 00 00 00 00 00 00 00 00 00 00
00 00 00 00 00 00 00 00 00 00 00 00 00 00 00 00
00 00 00 00 00 00 00 00 00 00 00 00 00 00 00 00
00 00 00 00 00 00 00 00 00 00 00 00 00 00 00 00
00 00 00 00 00 00 00 00 00 00 00 00 00 00 00 00
00 00 00 00 00 00 00 00 00 00 00 00 00 00 00 00
00 00 00 00 00 00 00 00 00 00 00 00 00 00 00 00
00 00 00 00 00 00 00 00 00 00 00 00 00 00 00 00
00 00 00 00 00 00 00 00 00 00 00 00 00 00 00 00
00 00 00 00 00 00 00 00 00 00 00 00 00 00 00 00
00 00 00 00 00 00 00 00 00 00 00 00 00 00 00 00
00 00 00 00 00 00 00 00 00 00 00 00 00 00 00 00
00 00 00 00 00 00 00 00 00 00 00 00 00 00 00 00
00 00 00 00 00 00 00 00 00 00 00 00 00 00 00 00
00 00 00 00 00 00 00 00 00 00 00 00 00 00 00 00
00 00 00 00 00 00 00 00 00 00 00 00 00 00 00 00
00 00 00 00 00 00 00 00 00 00 00 00 00 00 00 00
00 00 00 00 00 00 00 00 00 00 00 00 00 00 00 00
00 00 00 00 00 00 00 00 00 00 00 00 00 00 00 00
00 00 00 00 00 00 00 00 00 00 00 00 00 00 00 00
00 00 00 00 00 00 00 00 00 00 00 00 00 00 00 00
00 00 00 00 00 00 00 00 00 00 00 00 00 00 00 00
00 00 00 00 00 00 00 00 00 00 00 00 00 00 00 00
00 00 00 00 00 00 00 00 00 00 00 00 00 00 00 00
00 00 00 00 00 00 00 00 00 00 00 00 00 00 00 00
00 00 00 00 00 00 00 00 00 00 00 00 00 00 00 00
00 00 00 00 00 00 00 00 00 00 00 00 00 00 00 00
00 00 00 00 00 00 00 00 00 00 00 00 00 00 00 00
00 00 00 00 00 00 00 00 00 00 00 00 00 00 00 00
00 00 00 00 00 00 00 00 00 00 00 00 00 00 00 00
00 00 00 00 00 00 00 00 00 00 00 00 00 00 00 00
00 00 00 00 00 00 00 00 00 00 00 00 00 00 00 00
00 00 00 00 00 00 00 00 00 00 00 00 00 00 00 00
00 00 00 00 00 00 00 00 00 00 00 00 00 00 00 00
00 00 00 00 00 00 00 00 00 00 00 00 00 00 00 00
00 00 00 00 00 00 00 00 00 00 00 00 00 00 00 00
00 00 00 00 00 00 00 00 00 00 00 00 00 00 00 00
00 00 00 00 00 00 00 00 00 00 00 00 00 00 00 00
00 00 00 00 00 00 00 00 00 00 00 00 00 00 00 00
00 00 00 00 00 00 00 00 00 00 00 00 00 00 00 00
00 00 00 00 00 00 00 00 00 00 00 00 00 00 00 00
00 00 00 00 00 00 00 00 00 00 00 00 00 00 00 00
00 00 00 00 00 00 00 00 00 00 00 00 00 00 00 00
00 00 00 00 00 00 00 00 00 00 00 00 00 00 00 00
00 00 00 00 00 00 00 00 00 00 00 00 00 00 00 00
00 00 00 00 00 00 00 00 00 00 00 00 00 00 00 00
00 00 00 00 00 00 00 00 00 00 00 00 00 00 00 00
00 00 00 00 00 00 00 00 00 00 00 00 00 00 00 00
00 00 00 00 00 00 00 00 00 00 00 00 00 00 00 00
00 00 00 00 00 00 00 00 00 00 00 00 00 00 00 00
00 00 00 00 00 00 00 00 00 00 00 00 00 00 00 00
00 00 00 00 00 00 00 00 00 00 00 00 00 00 00 00
00 00 00 00 00 00 00 00 00 00 00 00 00 00 00 00
00 00 00 00 00 00 00 00 00 00 00 00 00 00 00 00
00 00 00 00 00 00 00 00 00 00 00 00 00 00 00 00
00 00 00 00 00 00 00 00 00 00 00 00 00 00 00 00
00 00 00 00 00 00 00 00 00 00 00 00 00 00 00 00
00 00 00 00 00 00 00 00 00 00 00 00 00 00 00 00
00 00 00 00 00 00 00 00 00 00 00 00 00 00 00 00
00 00 00 00 00 00 00 00 00 00 00 00 00 00 00 00
00 00 00 00 00 00 00 00 00 00 00 00 00 00 00 00
00 00 00 00 00 00 00 00 00 00 00 00 00 00 00 00
00 00 00 00 00 00 00 00 00 00 00 00 00 00 00 00
00 00 00 00 00 00 00 00 00 00 00 00 00 00 00 00
00 00 00 00 00 00 00 00 00 00 00 00 00 00 00 00
00 00 00 00 00 00 00 00 00 00 00 00 00 00 00 00
00 00 00 00 00 00 00 00 00 00 00 00 00 00 00 00
00 00 00 00 00 00 00 00 00 00 00 00 00 00 00 00
00 00 00 00 00 00 00 00 00 00 00 00 00 00 00 00
00 00 00 00 00 00 00 00 00 00 00 00 00 00 00 00
00 00 00 00 00 00 00 00 00 00 00 00 00 00 00 00
00 00 00 00 00 00 00 00 00 00 00 00 00 00 00 00
00 00 00 00 00 00 00 00 00 00 00 00 00 00 00 00
00 00 00 00 00 00 00 00 00 00 00 00 00 00 00 00
00 00 00 00 00 00 00 00 00 00 00 00 00 00 00 00
00 00 00 00 00 00 00 00 00 00 00 00 00 00 00 00
00 00 00 00 00 00 00 00 00 00 00 00 00 00 00 00
00 00 00 00 00 00 00 00 00 00 00 00 00 00 00 00
00 00 00 00 00 00 00 00 00 00 00 00 00 00 00 00
00 00 00 00 00 00 00 00 00 00 00 00 00 00 00 00
00 00 00 00 00 00 00 00 00 00 00 00 00 00 00 00
00 00 00 00 00 00 00 00 00 00 00 00 00 00 00 00
00 00 00 00 00 00 00 00 00 00 00 00 00 00 00 00
00 00 00 00 00 00 00 00 00 00 00 00 00 00 00 00
00 00 00 00 00 00 00 00 00 00 00 00 00 00 00 00
00 00 00 00 00 00 00 00 00 00 00 00 00 00 00 00
00 00 00 00 00 00 00 00 00 00 00 00 00 00 00 00
00 00 00 00 00 00 00 00 00 00 00 00 00 00 00 00
00 00 00 00 00 00 00 00 00 00 00 00 00 00 00 00
00 00 00 00 00 00 00 00 00 00 00 00 00 00 00 00
00 00 00 00 00 00 00 00 00 00 00 00 00 00 00 00
00 00 00 00 00 00 00 00 00 00 00 00 00 00 00 00
00 00 00 00 00 00 00 00 00 00 00 00 00 00 00 00
00 00 00 00 00 00 00 00 00 00 00 00 00 00 00 00
00 00 00 00 00 00 00 00 00 00 00 00 00 00 00 00
00 00 00 00 00 00 00 00 00 00 00 00 00 00 00 00
00 00 00 00 00 00 00 00 00 00 00 00 00 00 00 00
00 00 00 00 00 00 00 00 00 00 00 00 00 00 00 00
00 00 00 00 00 00 00 00 00 00 00 00 00 00 00 00
00 00 00 00 00 00 00 00 00 00 00 00 00 00 00 00
00 00 00 00 00 00 00 00 00 00 00 00 00 00 00 00
00 00 00 00 00 00 00 00 00 00 00 00 00 00 00 00
00 00 00 00 00 00 00 00 00 00 00 00 00 00 00 00
00 00 00 00 00 00 00 00 00 00 00 00 00 00 00 00
00 00 00 00 00 00 00 00 00 00 00 00 00 00 00 00
00 00 00 00 00 00 00 00 00 00 00 00 00 00 00 00
00 00 00 00 00 00 00 00 00 00 00 00 00 00 00 00
00 00 00 00 00 00 00 00 00 00 00 00 00 00 00 00
00 00 00 00 00 00 00 00 00 00 00 00 00 00 00 00
00 00 00 00 00 00 00 00 00 00 00 00 00 00 00 00
00 00 00 00 00 00 00 00 00 00 00 00 00 00 00 00
00 00 00 00 00 00 00 00 00 00 00 00 00 00 00 00
00 00 00 00 00 00 00 00 00 00 00 00 00 00 00 00
00 00 00 00 00 00 00 00 00 00 00 00 00 00 00 00
00 00 00 00 00 00 00 00 00 00 00 00 00 00 00 00
00 00 00 00 00 00 00 00 00 00 00 00 00 00 00 00
00 00 00 00 00 00 00 00 00 00 00 00 00 00 00 00
00 00 00 00 00 00 00 00 00 00 00 00 00 00 00 00
00 00 00 00 00 00 00 00 00 00 00 00 00 00 00 00
00 00 00 00 00 00 00 00 00 00 00 00 00 00 00 00
00 00 00 00 00 00 00 00 00 00 00 00 00 00 00 00
00 00 00 00 00 00 00 00 00 00 00 00 00 00 00 00
00 00 00 00 00 00 00 00 00 00 00 00 00 00 00 00
00 00 00 00 00 00 00 00 00 00 00 00 00 00 00 00
00 00 00 00 00 00 00 00 00 00 00 00 00 00 00 00
00 00 00 00 00 00 00 00 00 00 00 00 00 00 00 00
00 00 00 00 00 00 00 00 00 00 00 00 00 00 00 00
00 00 00 00 00 00 00 00 00 00 00 00 00 00 00 00
00 00 00 00 00 00 00 00 00 00 00 00 00 00 00 00
00 00 00 00 00 00 00 00 00 00 00 00 00 00 00 00
00 00 00 00 00 00 00 00 00 00 00 00 00 00 00 00
00 00 00 00 00 00 00 00 00 00 00 00 00 00 00 00
00 00 00 00 00 00 00 00 00 00 00 00 00 00 00 00
00 00 00 00 00 00 00 00 00 00 00 00 00 00 00 00
00 00 00 00 00 00 00 00 00 00 00 00 00 00 00 00
00 00 00 00 00 00 00 00 00 00 00 00 00 00 00 00
00 00 00 00 00 00 00 00 00 00 00 00 00 00 00 00
00 00 00 00 00 00 00 00 00 00 00 00 00 00 00 00
00 00 00 00 00 00 00 00 00 00 00 00 00 00 00 00
00 00 00 00 00 00 00 00 00 00 00 00 00 00 00 00
00 00 00 00 00 00 00 00 00 00 00 00 00 00 00 00
00 00 00 00 00 00 00 00 00 00 00 00 00 00 00 00
00 00 00 00 00 00 00 00 00 00 00 00 00 00 00 00
00 00 00 00 00 00 00 00 00 00 00 00 00 00 00 00
00 00 00 00 00 00 00 00 00 00 00 00 00 00 00 00
00 00 00 00 00 00 00 00 00 00 00 00 00 00 00 00
00 00 00 00 00 00 00 00 00 00 00 00 00 00 00 00
00 00 00 00 00 00 00 00 00 00 00 00 00 00 00 00
00 00 00 00 00 00 00 00 00 00 00 00 00 00 00 00
00 00 00 00 00 00 00 00 00 00 00 00 00 00 00 00
00 00 00 00 00 00 00 00 00 00 00 00 00 00 00 00
00 00 00 00 00 00 00 00 00 00 00 00 00 00 00 00
00 00 00 00 00 00 00 00 00 00 00 00 00 00 00 00
00 00 00 00 00 00 00 00 00 00 00 00 00 00 00 00
00 00 00 00 00 00 00 00 00 00 00 00 00 00 00 00
00 00 00 00 00 00 00 00 00 00 00 00 00 00 00 00
00 00 00 00 00 00 00 00 00 00 00 00 00 00 00 00
00 00 00 00 00 00 00 00 00 00 00 00 00 00 00 00
00 00 00 00 00 00 00 00 00 00 00 00 00 00 00 00
00 00 00 00 00 00 00 00 00 00 00 00 00 00 00 00
00 00 00 00 00 00 00 00 00 00 00 00 00 00 00 00
00 00 00 00 00 00 00 00 00 00 00 00 00 00 00 00
00 00 00 00 00 00 00 00 00 00 00 00 00 00 00 00
00 00 00 00 00 00 00 00 00 00 00 00 00 00 00 00
00 00 00 00 00 00 00 00 00 00 00 00 00 00 00 00
00 00 00 00 00 00 00 00 00 00 00 00 00 00 00 00
00 00 00 00 00 00 00 00 00 00 00 00 00 00 00 00
00 00 00 00 00 00 00 00 00 00 00 00 00 00 00 00
00 00 00 00 00 00 00 00 00 00 00 00 00 00 00 00
00 00 00 00 00 00 00 00 00 00 00 00 00 00 00 00
00 00 00 00 00 00 00 00 00 00 00 00 00 00 00 00
00 00 00 00 00 00 00 00 00 00 00 00 00 00 00 00
00 00 00 00 00 00 00 00 00 00 00 00 00 00 00 00
00 00 00 00 00 00 00 00 00 00 00 00 00 00 00 00
00 00 00 00 00 00 00 00 00 00 00 00 00 00 00 00
00 00 00 00 00 00 00 00 00 00 00 00 00 00 00 00
00 00 00 00 00 00 00 00 00 00 00 00 00 00 00 00
00 00 00 00 00 00 00 00 00 00 00 00 00 00 00 00
00 00 00 00 00 00 00 00 00 00 00 00 00 00 00 00
00 00 00 00 00 00 00 00 00 00 00 00 00 00 00 00
00 00 00 00 00 00 00 00 00 00 00 00 00 00 00 00
00 00 00 00 00 00 00 00 00 00 00 00 00 00 00 00
00 00 00 00 00 00 00 00 00 00 00 00 00 00 00 00
00 00 00 00 00 00 00 00 00 00 00 00 00 00 00 00
00 00 00 00 00 00 00 00 00 00 00 00 00 00 00 00
00 00 00 00 00 00 00 00 00 00 00 00 00 00 00 00
00 00 00 00 00 00 00 00 00 00 00 00 00 00 00 00
00 00 00 00 00 00 00 00 00 00 00 00 00 00 00 00
00 00 00 00 00 00 00 00 00 00 00 00 00 00 00 00
00 00 00 00 00 00 00 00 00 00 00 00 00 00 00 00
00 00 00 00 00 00 00 00 00 00 00 00 00 00 00 00
00 00 00 00 00 00 00 00 00 00 00 00 00 00 00 00
00 00 00 00 00 00 00 00 00 00 00 00 00 00 00 00
00 00 00 00 00 00 00 00 00 00 00 00 00 00 00 00
00 00 00 00 00 00 00 00 00 00 00 00 00 00 00 00
00 00 00 00 00 00 00 00 00 00 00 00 00 00 00 00
00 00 00 00 00 00 00 00 00 00 00 00 00 00 00 00
00 00 00 00 00 00 00 00 00 00 00 00 00 00 00 00
00 00 00 00 00 00 00 00 00 00 00 00 00 00 00 00
00 00 00 00 00 00 00 00 00 00 00 00 00 00 00 00
00 00 00 00 00 00 00 00 00 00 00 00 00 00 00 00
00 00 00 00 00 00 00 00 00 00 00 00 00 00 00 00
00 00 00 00 00 00 00 00 00 00 00 00 00 00 00 00
00 00 00 00 00 00 00 00 00 00 00 00 00 00 00 00
00 00 00 00 00 00 00 00 00 00 00 00 00 00 00 00
00 00 00 00 00 00 00 00 00 00 00 00 00 00 00 00
00 00 00 00 00 00 00 00 00 00 00 00 00 00 00 00
00 00 00 00 00 00 00 00 00 00 00 00 00 00 00 00
00 00 00 00 00 00 00 00 00 00 00 00 00 00 00 00
00 00 00 00 00 00 00 00 00 00 00 00 00 00 00 00
00 00 00 00 00 00 00 00 00 00 00 00 00 00 00 00
00 00 00 00 00 00 00 00 00 00 00 00 00 00 00 00
00 00 00 00 00 00 00 00 00 00 00 00 00 00 00 00
00 00 00 00 00 00 00 00 00 00 00 00 00 00 00 00
00 00 00 00 00 00 00 00 00 00 00 00 00 00 00 00
00 00 00 00 00 00 00 00 00 00 00 00 00 00 00 00
00 00 00 00 00 00 00 00 00 00 00 00 00 00 00 00
00 00 00 00 00 00 00 00 00 00 00 00 00 00 00 00
00 00 00 00 00 00 00 00 00 00 00 00 00 00 00 00
00 00 00 00 00 00 00 00 00 00 00 00 00 00 00 00
00 00 00 00 00 00 00 00 00 00 00 00 00 00 00 00
00 00 00 00 00 00 00 00 00 00 00 00 00 00 00 00
00 00 00 00 00 00 00 00 00 00 00 00 00 00 00 00
00 00 00 00 00 00 00 00 00 00 00 00 00 00 00 00
00 00 00 00 00 00 00 00 00 00 00 00 00 00 00 00
00 00 00 00 00 00 00 00 00 00 00 00 00 00 00 00
00 00 00 00 00 00 00 00 00 00 00 00 00 00 00 00
00 00 00 00 00 00 00 00 00 00 00 00 00 00 00 00
00 00 00 00 00 00 00 00 00 00 00 00 00 00 00 00
00 00 00 00 00 00 00 00 00 00 00 00 00 00 00 00
00 00 00 00 00 00 00 00 00 00 00 00 00 00 00 00
00 00 00 00 00 00 00 00 00 00 00 00 00 00 00 00
00 00 00 00 00 00 00 00 00 00 00 00 00 00 00 00
00 00 00 00 00 00 00 00 00 00 00 00 00 00 00 00
00 00 00 00 00 00 00 00 00 00 00 00 00 00 00 00
00 00 00 00 00 00 00 00 00 00 00 00 00 00 00 00
00 00 00 00 00 00 00 00 00 00 00 00 00 00 00 00
00 00 00 00 00 00 00 00 00 00 00 00 00 00 00 00
00 00 00 00 00 00 00 00 00 00 00 00 00 00 00 00
00 00 00 00 00 00 00 00 00 00 00 00 00 00 00 00
00 00 00 00 00 00 00 00 00 00 00 00 00 00 00 00
00 00 00 00 00 00 00 00 00 00 00 00 00 00 00 00
00 00 00 00 00 00 00 00 00 00 00 00 00 00 00 00
00 00 00 00 00 00 00 00 00 00 00 00 00 00 00 00
00 00 00 00 00 00 00 00 00 00 00 00 00 00 00 00
00 00 00 00 00 00 00 00 00 00 00 00 00 00 00 00
00 00 00 00 00 00 00 00 00 00 00 00 00 00 00 00
00 00 00 00 00 00 00 00 00 00 00 00 00 00 00 00
00 00 00 00 00 00 00 00 00 00 00 00 00 00 00 00
00 00 00 00 00 00 00 00 00 00 00 00 00 00 00 00
00 00 00 00 00 00 00 00 00 00 00 00 00 00 00 00
00 00 00 00 00 00 00 00 00 00 00 00 00 00 00 00
00 00 00 00 00 00 00 00 00 00 00 00 00 00 00 00
00 00 00 00 00 00 00 00 00 00 00 00 00 00 00 00
00 00 00 00 00 00 00 00 00 00 00 00 00 00 00 00
00 00 00 00 00 00 00 00 00 00 00 00 00 00 00 00
00 00 00 00 00 00 00 00 00 00 00 00 00 00 00 00
00 00 00 00 00 00 00 00 00 00 00 00 00 00 00 00
00 00 00 00 00 00 00 00 00 00 00 00 00 00 00 00
00 00 00 00 00 00 00 00 00 00 00 00 00 00 00 00
00 00 00 00 00 00 00 00 00 00 00 00 00 00 00 00
00 00 00 00 00 00 00 00 00 00 00 00 00 00 00 00
00 00 00 00 00 00 00 00 00 00 00 00 00 00 00 00
00 00 00 00 00 00 00 00 00 00 00 00 00 00 00 00
00 00 00 00 00 00 00 00 00 00 00 00 00 00 00 00
00 00 00 00 00 00 00 00 00 00 00 00 00 00 00 00
00 00 00 00 00 00 00 00 00 00 00 00 00 00 00 00
00 00 00 00 00 00 00 00 00 00 00 00 00 00 00 00
00 00 00 00 00 00 00 00 00 00 00 00 00 00 00 00
00 00 00 00 00 00 00 00 00 00 00 00 00 00 00 00
00 00 00 00 00 00 00 00 00 00 00 00 00 00 00 00
00 00 00 00 00 00 00 00 00 00 00 00 00 00 00 00
00 00 00 00 00 00 00 00 00 00 00 00 00 00 00 00
00 00 00 00 00 00 00 00 00 00 00 00 00 00 00 00
00 00 00 00 00 00 00 00 00 00 00 00 00 00 00 00
00 00 00 00 00 00 00 00 00 00 00 00 00 00 00 00
00 00 00 00 00 00 00 00 00 00 00 00 00 00 00 00
00 00 00 00 00 00 00 00 00 00 00 00 00 00 00 00
00 00 00 00 00 00 00 00 00 00 00 00 00 00 00 00
00 00 00 00 00 00 00 00 00 00 00 00 00 00 00 00
00 00 00 00 00 00 00 00 00 00 00 00 00 00 00 00
00 00 00 00 00 00 00 00 00 00 00 00 00 00 00 00
00 00 00 00 00 00 00 00 00 00 00 00 00 00 00 00
00 00 00 00 00 00 00 00 00 00 00 00 00 00 00 00
00 00 00 00 00 00 00 00 00 00 00 00 00 00 00 00
00 00 00 00 00 00 00 00 00 00 00 00 00 00 00 00
00 00 00 00 00 00 00 00 00 00 00 00 00 00 00 00
00 00 00 00 00 00 00 00 00 00 00 00 00 00 00 00
00 00 00 00 00 00 00 00 00 00 00 00 00 00 00 00
00 00 00 00 00 00 00 00 00 00 00 00 00 00 00 00
00 00 00 00 00 00 00 00 00 00 00 00 00 00 00 00
00 00 00 00 00 00 00 00 00 00 00 00 00 00 00 00
00 00 00 00 00 00 00 00 00 00 00 00 00 00 00 00
00 00 00 00 00 00 00 00 00 00 00 00 00 00 00 00
00 00 00 00 00 00 00 00 00 00 00 00 00 00 00 00
00 00 00 00 00 00 00 00 00 00 00 00 00 00 00 00
00 00 00 00 00 00 00 00 00 00 00 00 00 00 00 00
00 00 00 00 00 00 00 00 00 00 00 00 00 00 00 00
00 00 00 00 00 00 00 00 00 00 00 00 00 00 00 00
00 00 00 00 00 00 00 00 00 00 00 00 00 00 00 00
00 00 00 00 00 00 00 00 00 00 00 00 00 00 00 00
00 00 00 00 00 00 00 00 00 00 00 00 00 00 00 00
00 00 00 00 00 00 00 00 00 00 00 00 00 00 00 00
00 00 00 00 00 00 00 00 00 00 00 00 00 00 00 00
00 00 00 00 00 00 00 00 00 00 00 00 00 00 00 00
00 00 00 00 00 00 00 00 00 00 00 00 00 00 00 00
00 00 00 00 00 00 00 00 00 00 00 00 00 00 00 00
00 00 00 00 00 00 00 00 00 00 00 00 00 00 00 00
00 00 00 00 00 00 00 00 00 00 00 00 00 00 00 00
00 00 00 00 00 00 00 00 00 00 00 00 00 00 00 00
00 00 00 00 00 00 00 00 00 00 00 00 00 00 00 00
00 00 00 00 00 00 00 00 00 00 00 00 00 00 00 00
00 00 00 00 00 00 00 00 00 00 00 00 00 00 00 00
00 00 00 00 00 00 00 00 00 00 00 00 00 00 00 00
00 00 00 00 00 00 00 00 00 00 00 00 00 00 00 00
@00009474
00 00 00 00 00 00 00 00 00 00 00 00 00 00 00 00
00 00 00 00 00 00 00 00 00 00 00 00 00 00 00 00
00 00 00 00 00 00 00 00 00 00 00 00 00 00 00 00
00 00 00 00 00 00 00 00 00 00 00 00 00 00 00 00
00 00 00 00 00 00 00 00 00 00 00 00 00 00 00 00
00 00 00 00 00 00 00 00 00 00 00 00 00 00 00 00
00 00 00 00 00 00 00 00 00 00 00 00 00 00 00 00
00 00 00 00 00 00 00 00 00 00 00 00 00 00 00 00
00 00 00 00 00 00 00 00 00 00 00 00 00 00 00 00
00 00 00 00 00 00 00 00 00 00 00 00 00 00 00 00
00 00 00 00 00 00 00 00 00 00 00 00 00 00 00 00
00 00 00 00 00 00 00 00 00 00 00 00 00 00 00 00
00 00 00 00 00 00 00 00 00 00 00 00 00 00 00 00
00 00 00 00 00 00 00 00 00 00 00 00 00 00 00 00
00 00 00 00 00 00 00 00 00 00 00 00 00 00 00 00
00 00 00 00 00 00 00 00 00 00 00 00 00 00 00 00
00 00 00 00 00 00 00 00 00 00 00 00 00 00 00 00
00 00 00 00 00 00 00 00 00 00 00 00 00 00 00 00
00 00 00 00 00 00 00 00 00 00 00 00 00 00 00 00
00 00 00 00 00 00 00 00 00 00 00 00 00 00 00 00
00 00 00 00 00 00 00 00 00 00 00 00 00 00 00 00
00 00 00 00 00 00 00 00 00 00 00 00 00 00 00 00
00 00 00 00 00 00 00 00 00 00 00 00 00 00 00 00
00 00 00 00 00 00 00 00 00 00 00 00 00 00 00 00
00 00 00 00 00 00 00 00 00 00 00 00 00 00 00 00
00 00 00 00 00 00 00 00 00 00 00 00 00 00 00 00
00 00 00 00 00 00 00 00 00 00 00 00 00 00 00 00
00 00 00 00 00 00 00 00 00 00 00 00 00 00 00 00
00 00 00 00 00 00 00 00 00 00 00 00 00 00 00 00
00 00 00 00 00 00 00 00 00 00 00 00 00 00 00 00
00 00 00 00 00 00 00 00 00 00 00 00 00 00 00 00
00 00 00 00 00 00 00 00 00 00 00 00 00 00 00 00
00 00 00 00 00 00 00 00 00 00 00 00 00 00 00 00
00 00 00 00 00 00 00 00 00 00 00 00 00 00 00 00
00 00 00 00 00 00 00 00 00 00 00 00 00 00 00 00
00 00 00 00 00 00 00 00 00 00 00 00 00 00 00 00
00 00 00 00 00 00 00 00 00 00 00 00 00 00 00 00
00 00 00 00 00 00 00 00 00 00 00 00 00 00 00 00
00 00 00 00 00 00 00 00 00 00 00 00 00 00 00 00
00 00 00 00 00 00 00 00 00 00 00 00 00 00 00 00
00 00 00 00 00 00 00 00 00 00 00 00 00 00 00 00
00 00 00 00 00 00 00 00 00 00 00 00 00 00 00 00
00 00 00 00 00 00 00 00 00 00 00 00 00 00 00 00
00 00 00 00 00 00 00 00 00 00 00 00 00 00 00 00
00 00 00 00 00 00 00 00 00 00 00 00 00 00 00 00
00 00 00 00 00 00 00 00 00 00 00 00 00 00 00 00
00 00 00 00 00 00 00 00 00 00 00 00 00 00 00 00
00 00 00 00 00 00 00 00 00 00 00 00 00 00 00 00
00 00 00 00 00 00 00 00 00 00 00 00 00 00 00 00
00 00 00 00 00 00 00 00 00 00 00 00 00 00 00 00
00 00 00 00 00 00 00 00 00 00 00 00 00 00 00 00
00 00 00 00 00 00 00 00 00 00 00 00 00 00 00 00
00 00 00 00 00 00 00 00 00 00 00 00 00 00 00 00
00 00 00 00 00 00 00 00 00 00 00 00 00 00 00 00
00 00 00 00 00 00 00 00 00 00 00 00 00 00 00 00
00 00 00 00 00 00 00 00 00 00 00 00 00 00 00 00
00 00 00 00 00 00 00 00 00 00 00 00 00 00 00 00
00 00 00 00 00 00 00 00 00 00 00 00 00 00 00 00
00 00 00 00 00 00 00 00 00 00 00 00 00 00 00 00
00 00 00 00 00 00 00 00 00 00 00 00 00 00 00 00
00 00 00 00 00 00 00 00 00 00 00 00 00 00 00 00
00 00 00 00 00 00 00 00 00 00 00 00 00 00 00 00
00 00 00 00 00 00 00 00 00 00 00 00 00 00 00 00
00 00 00 00 00 00 00 00 00 00 00 00 00 00 00 00
00 00 00 00 00 00 00 00 00 00 00 00 00 00 00 00
00 00 00 00 00 00 00 00 00 00 00 00 00 00 00 00
00 00 00 00 00 00 00 00 00 00 00 00 00 00 00 00
00 00 00 00 00 00 00 00 00 00 00 00 00 00 00 00
00 00 00 00 00 00 00 00 00 00 00 00 00 00 00 00
00 00 00 00 00 00 00 00 00 00 00 00 00 00 00 00
00 00 00 00 00 00 00 00 00 00 00 00 00 00 00 00
00 00 00 00 00 00 00 00 00 00 00 00 00 00 00 00
00 00 00 00 00 00 00 00 00 00 00 00 00 00 00 00
00 00 00 00 00 00 00 00 00 00 00 00 00 00 00 00
00 00 00 00 00 00 00 00 00 00 00 00 00 00 00 00
00 00 00 00 00 00 00 00 00 00 00 00 00 00 00 00
00 00 00 00 00 00 00 00 00 00 00 00 00 00 00 00
00 00 00 00 00 00 00 00 00 00 00 00 00 00 00 00
00 00 00 00 00 00 00 00 00 00 00 00 00 00 00 00
00 00 00 00 00 00 00 00 00 00 00 00 00 00 00 00
00 00 00 00 00 00 00 00 00 00 00 00 00 00 00 00
00 00 00 00 00 00 00 00 00 00 00 00 00 00 00 00
00 00 00 00 00 00 00 00 00 00 00 00 00 00 00 00
00 00 00 00 00 00 00 00 00 00 00 00 00 00 00 00
00 00 00 00 00 00 00 00 00 00 00 00 00 00 00 00
00 00 00 00 00 00 00 00 00 00 00 00 00 00 00 00
00 00 00 00 00 00 00 00 00 00 00 00 00 00 00 00
00 00 00 00 00 00 00 00 00 00 00 00 00 00 00 00
00 00 00 00 00 00 00 00 00 00 00 00 00 00 00 00
00 00 00 00 00 00 00 00 00 00 00 00 00 00 00 00
00 00 00 00 00 00 00 00 00 00 00 00 00 00 00 00
00 00 00 00 00 00 00 00 00 00 00 00 00 00 00 00
00 00 00 00 00 00 00 00 00 00 00 00 00 00 00 00
00 00 00 00 00 00 00 00 00 00 00 00 00 00 00 00
00 00 00 00 00 00 00 00 00 00 00 00 00 00 00 00
00 00 00 00 00 00 00 00 00 00 00 00 00 00 00 00
00 00 00 00 00 00 00 00 00 00 00 00 00 00 00 00
00 00 00 00 00 00 00 00 00 00 00 00 00 00 00 00
00 00 00 00 00 00 00 00 00 00 00 00 00 00 00 00
00 00 00 00 00 00 00 00 00 00 00 00 00 00 00 00
00 00 00 00 00 00 00 00 00 00 00 00 00 00 00 00
00 00 00 00 00 00 00 00 00 00 00 00 00 00 00 00
00 00 00 00 00 00 00 00 00 00 00 00 00 00 00 00
00 00 00 00 00 00 00 00 00 00 00 00 00 00 00 00
00 00 00 00 00 00 00 00 00 00 00 00 00 00 00 00
00 00 00 00 00 00 00 00 00 00 00 00 00 00 00 00
00 00 00 00 00 00 00 00 00 00 00 00 00 00 00 00
00 00 00 00 00 00 00 00 00 00 00 00 00 00 00 00
00 00 00 00 00 00 00 00 00 00 00 00 00 00 00 00
00 00 00 00 00 00 00 00 00 00 00 00 00 00 00 00
00 00 00 00 00 00 00 00 00 00 00 00 00 00 00 00
00 00 00 00 00 00 00 00 00 00 00 00 00 00 00 00
00 00 00 00 00 00 00 00 00 00 00 00 00 00 00 00
00 00 00 00 00 00 00 00 00 00 00 00 00 00 00 00
00 00 00 00 00 00 00 00 00 00 00 00 00 00 00 00
00 00 00 00 00 00 00 00 00 00 00 00 00 00 00 00
00 00 00 00 00 00 00 00 00 00 00 00 00 00 00 00
00 00 00 00 00 00 00 00 00 00 00 00 00 00 00 00
00 00 00 00 00 00 00 00 00 00 00 00 00 00 00 00
00 00 00 00 00 00 00 00 00 00 00 00 00 00 00 00
00 00 00 00 00 00 00 00 00 00 00 00 00 00 00 00
00 00 00 00 00 00 00 00 00 00 00 00 00 00 00 00
00 00 00 00 00 00 00 00 00 00 00 00 00 00 00 00
00 00 00 00 00 00 00 00 00 00 00 00 00 00 00 00
00 00 00 00 00 00 00 00 00 00 00 00 00 00 00 00
00 00 00 00 00 00 00 00 00 00 00 00 00 00 00 00
00 00 00 00 00 00 00 00 00 00 00 00 00 00 00 00
00 00 00 00 00 00 00 00 00 00 00 00 00 00 00 00
00 00 00 00 00 00 00 00 00 00 00 00 00 00 00 00
00 00 00 00 00 00 00 00 00 00 00 00 00 00 00 00
00 00 00 00 00 00 00 00 00 00 00 00 00 00 00 00
00 00 00 00 00 00 00 00 00 00 00 00 00 00 00 00
00 00 00 00 00 00 00 00 00 00 00 00 00 00 00 00
00 00 00 00 00 00 00 00 00 00 00 00 00 00 00 00
00 00 00 00 00 00 00 00 00 00 00 00 00 00 00 00
00 00 00 00 00 00 00 00 00 00 00 00 00 00 00 00
00 00 00 00 00 00 00 00 00 00 00 00 00 00 00 00
00 00 00 00 00 00 00 00 00 00 00 00 00 00 00 00
00 00 00 00 00 00 00 00 00 00 00 00 00 00 00 00
00 00 00 00 00 00 00 00 00 00 00 00 00 00 00 00
00 00 00 00 00 00 00 00 00 00 00 00 00 00 00 00
00 00 00 00 00 00 00 00 00 00 00 00 00 00 00 00
00 00 00 00 00 00 00 00 00 00 00 00 00 00 00 00
00 00 00 00 00 00 00 00 00 00 00 00 00 00 00 00
00 00 00 00 00 00 00 00 00 00 00 00 00 00 00 00
00 00 00 00 00 00 00 00 00 00 00 00 00 00 00 00
00 00 00 00 00 00 00 00 00 00 00 00 00 00 00 00
00 00 00 00 00 00 00 00 00 00 00 00 00 00 00 00
00 00 00 00 00 00 00 00 00 00 00 00 00 00 00 00
00 00 00 00 00 00 00 00 00 00 00 00 00 00 00 00
00 00 00 00 00 00 00 00 00 00 00 00 00 00 00 00
00 00 00 00 00 00 00 00 00 00 00 00 00 00 00 00
00 00 00 00 00 00 00 00 00 00 00 00 00 00 00 00
00 00 00 00 00 00 00 00 00 00 00 00 00 00 00 00
00 00 00 00 00 00 00 00 00 00 00 00 00 00 00 00
00 00 00 00 00 00 00 00 00 00 00 00 00 00 00 00
00 00 00 00 00 00 00 00 00 00 00 00 00 00 00 00
00 00 00 00 00 00 00 00 00 00 00 00 00 00 00 00
00 00 00 00 00 00 00 00 00 00 00 00 00 00 00 00
00 00 00 00 00 00 00 00 00 00 00 00 00 00 00 00
00 00 00 00 00 00 00 00 00 00 00 00 00 00 00 00
00 00 00 00 00 00 00 00 00 00 00 00 00 00 00 00
00 00 00 00 00 00 00 00 00 00 00 00 00 00 00 00
00 00 00 00 00 00 00 00 00 00 00 00 00 00 00 00
00 00 00 00 00 00 00 00 00 00 00 00 00 00 00 00
00 00 00 00 00 00 00 00 00 00 00 00 00 00 00 00
00 00 00 00 00 00 00 00 00 00 00 00 00 00 00 00
00 00 00 00 00 00 00 00 00 00 00 00 00 00 00 00
00 00 00 00 00 00 00 00 00 00 00 00 00 00 00 00
00 00 00 00 00 00 00 00 00 00 00 00 00 00 00 00
00 00 00 00 00 00 00 00 00 00 00 00 00 00 00 00
00 00 00 00 00 00 00 00 00 00 00 00 00 00 00 00
00 00 00 00 00 00 00 00 00 00 00 00 00 00 00 00
00 00 00 00 00 00 00 00 00 00 00 00 00 00 00 00
00 00 00 00 00 00 00 00 00 00 00 00 00 00 00 00
00 00 00 00 00 00 00 00 00 00 00 00 00 00 00 00
00 00 00 00 00 00 00 00 00 00 00 00 00 00 00 00
00 00 00 00 00 00 00 00 00 00 00 00 00 00 00 00
00 00 00 00 00 00 00 00 00 00 00 00 00 00 00 00
00 00 00 00 00 00 00 00 00 00 00 00 00 00 00 00
00 00 00 00 00 00 00 00 00 00 00 00 00 00 00 00
00 00 00 00 00 00 00 00 00 00 00 00 00 00 00 00
00 00 00 00 00 00 00 00 00 00 00 00 00 00 00 00
00 00 00 00 00 00 00 00 00 00 00 00 00 00 00 00
00 00 00 00 00 00 00 00 00 00 00 00 00 00 00 00
00 00 00 00 00 00 00 00 00 00 00 00 00 00 00 00
00 00 00 00 00 00 00 00 00 00 00 00 00 00 00 00
00 00 00 00 00 00 00 00 00 00 00 00 00 00 00 00
00 00 00 00 00 00 00 00 00 00 00 00 00 00 00 00
00 00 00 00 00 00 00 00 00 00 00 00 00 00 00 00
00 00 00 00 00 00 00 00 00 00 00 00 00 00 00 00
00 00 00 00 00 00 00 00 00 00 00 00 00 00 00 00
00 00 00 00 00 00 00 00 00 00 00 00 00 00 00 00
00 00 00 00 00 00 00 00 00 00 00 00 00 00 00 00
00 00 00 00 00 00 00 00 00 00 00 00 00 00 00 00
00 00 00 00 00 00 00 00 00 00 00 00 00 00 00 00
00 00 00 00 00 00 00 00 00 00 00 00 00 00 00 00
00 00 00 00 00 00 00 00 00 00 00 00 00 00 00 00
00 00 00 00 00 00 00 00 00 00 00 00 00 00 00 00
00 00 00 00 00 00 00 00 00 00 00 00 00 00 00 00
00 00 00 00 00 00 00 00 00 00 00 00 00 00 00 00
00 00 00 00 00 00 00 00 00 00 00 00 00 00 00 00
00 00 00 00 00 00 00 00 00 00 00 00 00 00 00 00
00 00 00 00 00 00 00 00 00 00 00 00 00 00 00 00
00 00 00 00 00 00 00 00 00 00 00 00 00 00 00 00
00 00 00 00 00 00 00 00 00 00 00 00 00 00 00 00
00 00 00 00 00 00 00 00 00 00 00 00 00 00 00 00
00 00 00 00 00 00 00 00 00 00 00 00 00 00 00 00
00 00 00 00 00 00 00 00 00 00 00 00 00 00 00 00
00 00 00 00 00 00 00 00 00 00 00 00 00 00 00 00
00 00 00 00 00 00 00 00 00 00 00 00 00 00 00 00
00 00 00 00 00 00 00 00 00 00 00 00 00 00 00 00
00 00 00 00 00 00 00 00 00 00 00 00 00 00 00 00
00 00 00 00 00 00 00 00 00 00 00 00 00 00 00 00
00 00 00 00 00 00 00 00 00 00 00 00 00 00 00 00
00 00 00 00 00 00 00 00 00 00 00 00 00 00 00 00
00 00 00 00 00 00 00 00 00 00 00 00 00 00 00 00
00 00 00 00 00 00 00 00 00 00 00 00 00 00 00 00
00 00 00 00 00 00 00 00 00 00 00 00 00 00 00 00
00 00 00 00 00 00 00 00 00 00 00 00 00 00 00 00
00 00 00 00 00 00 00 00 00 00 00 00 00 00 00 00
00 00 00 00 00 00 00 00 00 00 00 00 00 00 00 00
00 00 00 00 00 00 00 00 00 00 00 00 00 00 00 00
00 00 00 00 00 00 00 00 00 00 00 00 00 00 00 00
00 00 00 00 00 00 00 00 00 00 00 00 00 00 00 00
00 00 00 00 00 00 00 00 00 00 00 00 00 00 00 00
00 00 00 00 00 00 00 00 00 00 00 00 00 00 00 00
00 00 00 00 00 00 00 00 00 00 00 00 00 00 00 00
00 00 00 00 00 00 00 00 00 00 00 00 00 00 00 00
00 00 00 00 00 00 00 00 00 00 00 00 00 00 00 00
00 00 00 00 00 00 00 00 00 00 00 00 00 00 00 00
00 00 00 00 00 00 00 00 00 00 00 00 00 00 00 00
00 00 00 00 00 00 00 00 00 00 00 00 00 00 00 00
00 00 00 00 00 00 00 00 00 00 00 00 00 00 00 00
00 00 00 00 00 00 00 00 00 00 00 00 00 00 00 00
00 00 00 00 00 00 00 00 00 00 00 00 00 00 00 00
00 00 00 00 00 00 00 00 00 00 00 00 00 00 00 00
00 00 00 00 00 00 00 00 00 00 00 00 00 00 00 00
00 00 00 00 00 00 00 00 00 00 00 00 00 00 00 00
00 00 00 00 00 00 00 00 00 00 00 00 00 00 00 00
00 00 00 00 00 00 00 00 00 00 00 00 00 00 00 00
00 00 00 00 00 00 00 00 00 00 00 00 00 00 00 00
00 00 00 00 00 00 00 00 00 00 00 00 00 00 00 00
00 00 00 00 00 00 00 00 00 00 00 00 00 00 00 00
00 00 00 00 00 00 00 00 00 00 00 00 00 00 00 00
00 00 00 00 00 00 00 00 00 00 00 00 00 00 00 00
00 00 00 00 00 00 00 00 00 00 00 00 00 00 00 00
00 00 00 00 00 00 00 00 00 00 00 00 00 00 00 00
00 00 00 00 00 00 00 00 00 00 00 00 00 00 00 00
00 00 00 00 00 00 00 00 00 00 00 00 00 00 00 00
00 00 00 00 00 00 00 00 00 00 00 00 00 00 00 00
00 00 00 00 00 00 00 00 00 00 00 00 00 00 00 00
00 00 00 00 00 00 00 00 00 00 00 00 00 00 00 00
00 00 00 00 00 00 00 00 00 00 00 00 00 00 00 00
00 00 00 00 00 00 00 00 00 00 00 00 00 00 00 00
00 00 00 00 00 00 00 00 00 00 00 00 00 00 00 00
00 00 00 00 00 00 00 00 00 00 00 00 00 00 00 00
00 00 00 00 00 00 00 00 00 00 00 00 00 00 00 00
00 00 00 00 00 00 00 00 00 00 00 00 00 00 00 00
00 00 00 00 00 00 00 00 00 00 00 00 00 00 00 00
00 00 00 00 00 00 00 00 00 00 00 00 00 00 00 00
00 00 00 00 00 00 00 00 00 00 00 00 00 00 00 00
00 00 00 00 00 00 00 00 00 00 00 00 00 00 00 00
00 00 00 00 00 00 00 00 00 00 00 00 00 00 00 00
00 00 00 00 00 00 00 00 00 00 00 00 00 00 00 00
00 00 00 00 00 00 00 00 00 00 00 00 00 00 00 00
00 00 00 00 00 00 00 00 00 00 00 00 00 00 00 00
00 00 00 00 00 00 00 00 00 00 00 00 00 00 00 00
00 00 00 00 00 00 00 00 00 00 00 00 00 00 00 00
00 00 00 00 00 00 00 00 00 00 00 00 00 00 00 00
00 00 00 00 00 00 00 00 00 00 00 00 00 00 00 00
00 00 00 00 00 00 00 00 00 00 00 00 00 00 00 00
00 00 00 00 00 00 00 00 00 00 00 00 00 00 00 00
00 00 00 00 00 00 00 00 00 00 00 00 00 00 00 00
00 00 00 00 00 00 00 00 00 00 00 00 00 00 00 00
00 00 00 00 00 00 00 00 00 00 00 00 00 00 00 00
00 00 00 00 00 00 00 00 00 00 00 00 00 00 00 00
00 00 00 00 00 00 00 00 00 00 00 00 00 00 00 00
00 00 00 00 00 00 00 00 00 00 00 00 00 00 00 00
00 00 00 00 00 00 00 00 00 00 00 00 00 00 00 00
00 00 00 00 00 00 00 00 00 00 00 00 00 00 00 00
00 00 00 00 00 00 00 00 00 00 00 00 00 00 00 00
00 00 00 00 00 00 00 00 00 00 00 00 00 00 00 00
00 00 00 00 00 00 00 00 00 00 00 00 00 00 00 00
00 00 00 00 00 00 00 00 00 00 00 00 00 00 00 00
00 00 00 00 00 00 00 00 00 00 00 00 00 00 00 00
00 00 00 00 00 00 00 00 00 00 00 00 00 00 00 00
00 00 00 00 00 00 00 00 00 00 00 00 00 00 00 00
00 00 00 00 00 00 00 00 00 00 00 00 00 00 00 00
00 00 00 00 00 00 00 00 00 00 00 00 00 00 00 00
00 00 00 00 00 00 00 00 00 00 00 00 00 00 00 00
00 00 00 00 00 00 00 00 00 00 00 00 00 00 00 00
00 00 00 00 00 00 00 00 00 00 00 00 00 00 00 00
00 00 00 00 00 00 00 00 00 00 00 00 00 00 00 00
00 00 00 00 00 00 00 00 00 00 00 00 00 00 00 00
00 00 00 00 00 00 00 00 00 00 00 00 00 00 00 00
00 00 00 00 00 00 00 00 00 00 00 00 00 00 00 00
00 00 00 00 00 00 00 00 00 00 00 00 00 00 00 00
00 00 00 00 00 00 00 00 00 00 00 00 00 00 00 00
00 00 00 00 00 00 00 00 00 00 00 00 00 00 00 00
00 00 00 00 00 00 00 00 00 00 00 00 00 00 00 00
00 00 00 00 00 00 00 00 00 00 00 00 00 00 00 00
00 00 00 00 00 00 00 00 00 00 00 00 00 00 00 00
00 00 00 00 00 00 00 00 00 00 00 00 00 00 00 00
00 00 00 00 00 00 00 00 00 00 00 00 00 00 00 00
00 00 00 00 00 00 00 00 00 00 00 00 00 00 00 00
00 00 00 00 00 00 00 00 00 00 00 00 00 00 00 00
00 00 00 00 00 00 00 00 00 00 00 00 00 00 00 00
00 00 00 00 00 00 00 00 00 00 00 00 00 00 00 00
00 00 00 00 00 00 00 00 00 00 00 00 00 00 00 00
00 00 00 00 00 00 00 00 00 00 00 00 00 00 00 00
00 00 00 00 00 00 00 00 00 00 00 00 00 00 00 00
00 00 00 00 00 00 00 00 00 00 00 00 00 00 00 00
00 00 00 00 00 00 00 00 00 00 00 00 00 00 00 00
00 00 00 00 00 00 00 00 00 00 00 00 00 00 00 00
00 00 00 00 00 00 00 00 00 00 00 00 00 00 00 00
00 00 00 00 00 00 00 00 00 00 00 00 00 00 00 00
00 00 00 00 00 00 00 00 00 00 00 00 00 00 00 00
00 00 00 00 00 00 00 00 00 00 00 00 00 00 00 00
00 00 00 00 00 00 00 00 00 00 00 00 00 00 00 00
00 00 00 00 00 00 00 00 00 00 00 00 00 00 00 00
00 00 00 00 00 00 00 00 00 00 00 00 00 00 00 00
00 00 00 00 00 00 00 00 00 00 00 00 00 00 00 00
00 00 00 00 00 00 00 00 00 00 00 00 00 00 00 00
00 00 00 00 00 00 00 00 00 00 00 00 00 00 00 00
00 00 00 00 00 00 00 00 00 00 00 00 00 00 00 00
00 00 00 00 00 00 00 00 00 00 00 00 00 00 00 00
00 00 00 00 00 00 00 00 00 00 00 00 00 00 00 00
00 00 00 00 00 00 00 00 00 00 00 00 00 00 00 00
00 00 00 00 00 00 00 00 00 00 00 00 00 00 00 00
00 00 00 00 00 00 00 00 00 00 00 00 00 00 00 00
00 00 00 00 00 00 00 00 00 00 00 00 00 00 00 00
00 00 00 00 00 00 00 00 00 00 00 00 00 00 00 00
00 00 00 00 00 00 00 00 00 00 00 00 00 00 00 00
00 00 00 00 00 00 00 00 00 00 00 00 00 00 00 00
00 00 00 00 00 00 00 00 00 00 00 00 00 00 00 00
00 00 00 00 00 00 00 00 00 00 00 00 00 00 00 00
00 00 00 00 00 00 00 00 00 00 00 00 00 00 00 00
00 00 00 00 00 00 00 00 00 00 00 00 00 00 00 00
00 00 00 00 00 00 00 00 00 00 00 00 00 00 00 00
00 00 00 00 00 00 00 00 00 00 00 00 00 00 00 00
00 00 00 00 00 00 00 00 00 00 00 00 00 00 00 00
00 00 00 00 00 00 00 00 00 00 00 00 00 00 00 00
00 00 00 00 00 00 00 00 00 00 00 00 00 00 00 00
00 00 00 00 00 00 00 00 00 00 00 00 00 00 00 00
00 00 00 00 00 00 00 00 00 00 00 00 00 00 00 00
00 00 00 00 00 00 00 00 00 00 00 00 00 00 00 00
00 00 00 00 00 00 00 00 00 00 00 00 00 00 00 00
00 00 00 00 00 00 00 00 00 00 00 00 00 00 00 00
00 00 00 00 00 00 00 00 00 00 00 00 00 00 00 00
00 00 00 00 00 00 00 00 00 00 00 00 00 00 00 00
00 00 00 00 00 00 00 00 00 00 00 00 00 00 00 00
00 00 00 00 00 00 00 00 00 00 00 00 00 00 00 00
00 00 00 00 00 00 00 00 00 00 00 00 00 00 00 00
00 00 00 00 00 00 00 00 00 00 00 00 00 00 00 00
00 00 00 00 00 00 00 00 00 00 00 00 00 00 00 00
00 00 00 00 00 00 00 00 00 00 00 00 00 00 00 00
00 00 00 00 00 00 00 00 00 00 00 00 00 00 00 00
00 00 00 00 00 00 00 00 00 00 00 00 00 00 00 00
00 00 00 00 00 00 00 00 00 00 00 00 00 00 00 00
00 00 00 00 00 00 00 00 00 00 00 00 00 00 00 00
00 00 00 00 00 00 00 00 00 00 00 00 00 00 00 00
00 00 00 00 00 00 00 00 00 00 00 00 00 00 00 00
00 00 00 00 00 00 00 00 00 00 00 00 00 00 00 00
00 00 00 00 00 00 00 00 00 00 00 00 00 00 00 00
00 00 00 00 00 00 00 00 00 00 00 00 00 00 00 00
00 00 00 00 00 00 00 00 00 00 00 00 00 00 00 00
00 00 00 00 00 00 00 00 00 00 00 00 00 00 00 00
00 00 00 00 00 00 00 00 00 00 00 00 00 00 00 00
00 00 00 00 00 00 00 00 00 00 00 00 00 00 00 00
00 00 00 00 00 00 00 00 00 00 00 00 00 00 00 00
00 00 00 00 00 00 00 00 00 00 00 00 00 00 00 00
00 00 00 00 00 00 00 00 00 00 00 00 00 00 00 00
00 00 00 00 00 00 00 00 00 00 00 00 00 00 00 00
00 00 00 00 00 00 00 00 00 00 00 00 00 00 00 00
00 00 00 00 00 00 00 00 00 00 00 00 00 00 00 00
00 00 00 00 00 00 00 00 00 00 00 00 00 00 00 00
00 00 00 00 00 00 00 00 00 00 00 00 00 00 00 00
00 00 00 00 00 00 00 00 00 00 00 00 00 00 00 00
00 00 00 00 00 00 00 00 00 00 00 00 00 00 00 00
00 00 00 00 00 00 00 00 00 00 00 00 00 00 00 00
00 00 00 00 00 00 00 00 00 00 00 00 00 00 00 00
00 00 00 00 00 00 00 00 00 00 00 00 00 00 00 00
00 00 00 00 00 00 00 00 00 00 00 00 00 00 00 00
00 00 00 00 00 00 00 00 00 00 00 00 00 00 00 00
00 00 00 00 00 00 00 00 00 00 00 00 00 00 00 00
00 00 00 00 00 00 00 00 00 00 00 00 00 00 00 00
00 00 00 00 00 00 00 00 00 00 00 00 00 00 00 00
00 00 00 00 00 00 00 00 00 00 00 00 00 00 00 00
00 00 00 00 00 00 00 00 00 00 00 00 00 00 00 00
00 00 00 00 00 00 00 00 00 00 00 00 00 00 00 00
00 00 00 00 00 00 00 00 00 00 00 00 00 00 00 00
00 00 00 00 00 00 00 00 00 00 00 00 00 00 00 00
00 00 00 00 00 00 00 00 00 00 00 00 00 00 00 00
00 00 00 00 00 00 00 00 00 00 00 00 00 00 00 00
00 00 00 00 00 00 00 00 00 00 00 00 00 00 00 00
00 00 00 00 00 00 00 00 00 00 00 00 00 00 00 00
00 00 00 00 00 00 00 00 00 00 00 00 00 00 00 00
00 00 00 00 00 00 00 00 00 00 00 00 00 00 00 00
00 00 00 00 00 00 00 00 00 00 00 00 00 00 00 00
00 00 00 00 00 00 00 00 00 00 00 00 00 00 00 00
00 00 00 00 00 00 00 00 00 00 00 00 00 00 00 00
00 00 00 00 00 00 00 00 00 00 00 00 00 00 00 00
00 00 00 00 00 00 00 00 00 00 00 00 00 00 00 00
00 00 00 00 00 00 00 00 00 00 00 00 00 00 00 00
00 00 00 00 00 00 00 00 00 00 00 00 00 00 00 00
00 00 00 00 00 00 00 00 00 00 00 00 00 00 00 00
00 00 00 00 00 00 00 00 00 00 00 00 00 00 00 00
00 00 00 00 00 00 00 00 00 00 00 00 00 00 00 00
00 00 00 00 00 00 00 00 00 00 00 00 00 00 00 00
00 00 00 00 00 00 00 00 00 00 00 00 00 00 00 00
00 00 00 00 00 00 00 00 00 00 00 00 00 00 00 00
00 00 00 00 00 00 00 00 00 00 00 00 00 00 00 00
00 00 00 00 00 00 00 00 00 00 00 00 00 00 00 00
00 00 00 00 00 00 00 00 00 00 00 00 00 00 00 00
00 00 00 00 00 00 00 00 00 00 00 00 00 00 00 00
00 00 00 00 00 00 00 00 00 00 00 00 00 00 00 00
00 00 00 00 00 00 00 00 00 00 00 00 00 00 00 00
00 00 00 00 00 00 00 00 00 00 00 00 00 00 00 00
00 00 00 00 00 00 00 00 00 00 00 00 00 00 00 00
00 00 00 00 00 00 00 00 00 00 00 00 00 00 00 00
00 00 00 00 00 00 00 00 00 00 00 00 00 00 00 00
00 00 00 00 00 00 00 00 00 00 00 00 00 00 00 00
00 00 00 00 00 00 00 00 00 00 00 00 00 00 00 00
00 00 00 00 00 00 00 00 00 00 00 00 00 00 00 00
00 00 00 00 00 00 00 00 00 00 00 00 00 00 00 00
00 00 00 00 00 00 00 00 00 00 00 00 00 00 00 00
00 00 00 00 00 00 00 00 00 00 00 00 00 00 00 00
00 00 00 00 00 00 00 00 00 00 00 00 00 00 00 00
00 00 00 00 00 00 00 00 00 00 00 00 00 00 00 00
00 00 00 00 00 00 00 00 00 00 00 00 00 00 00 00
00 00 00 00 00 00 00 00 00 00 00 00 00 00 00 00
00 00 00 00 00 00 00 00 00 00 00 00 00 00 00 00
00 00 00 00 00 00 00 00 00 00 00 00 00 00 00 00
00 00 00 00 00 00 00 00 00 00 00 00 00 00 00 00
00 00 00 00 00 00 00 00 00 00 00 00 00 00 00 00
00 00 00 00 00 00 00 00 00 00 00 00 00 00 00 00
00 00 00 00 00 00 00 00 00 00 00 00 00 00 00 00
00 00 00 00 00 00 00 00 00 00 00 00 00 00 00 00
00 00 00 00 00 00 00 00 00 00 00 00 00 00 00 00
00 00 00 00 00 00 00 00 00 00 00 00 00 00 00 00
00 00 00 00 00 00 00 00 00 00 00 00 00 00 00 00
00 00 00 00 00 00 00 00 00 00 00 00 00 00 00 00
00 00 00 00 00 00 00 00 00 00 00 00 00 00 00 00
00 00 00 00 00 00 00 00 00 00 00 00 00 00 00 00
00 00 00 00 00 00 00 00 00 00 00 00 00 00 00 00
00 00 00 00 00 00 00 00 00 00 00 00 00 00 00 00
00 00 00 00 00 00 00 00 00 00 00 00 00 00 00 00
00 00 00 00 00 00 00 00 00 00 00 00 00 00 00 00
00 00 00 00 00 00 00 00 00 00 00 00 00 00 00 00
00 00 00 00 00 00 00 00 00 00 00 00 00 00 00 00
00 00 00 00 00 00 00 00 00 00 00 00 00 00 00 00
00 00 00 00 00 00 00 00 00 00 00 00 00 00 00 00
00 00 00 00 00 00 00 00 00 00 00 00 00 00 00 00
00 00 00 00 00 00 00 00 00 00 00 00 00 00 00 00
00 00 00 00 00 00 00 00 00 00 00 00 00 00 00 00
00 00 00 00 00 00 00 00 00 00 00 00 00 00 00 00
00 00 00 00 00 00 00 00 00 00 00 00 00 00 00 00
00 00 00 00 00 00 00 00 00 00 00 00 00 00 00 00
00 00 00 00 00 00 00 00 00 00 00 00 00 00 00 00
00 00 00 00 00 00 00 00 00 00 00 00 00 00 00 00
00 00 00 00 00 00 00 00 00 00 00 00 00 00 00 00
00 00 00 00 00 00 00 00 00 00 00 00 00 00 00 00
00 00 00 00 00 00 00 00 00 00 00 00 00 00 00 00
00 00 00 00 00 00 00 00 00 00 00 00 00 00 00 00
00 00 00 00 00 00 00 00 00 00 00 00 00 00 00 00
00 00 00 00 00 00 00 00 00 00 00 00 00 00 00 00
00 00 00 00 00 00 00 00 00 00 00 00 00 00 00 00
00 00 00 00 00 00 00 00 00 00 00 00 00 00 00 00
00 00 00 00 00 00 00 00 00 00 00 00 00 00 00 00
00 00 00 00 00 00 00 00 00 00 00 00 00 00 00 00
00 00 00 00 00 00 00 00 00 00 00 00 00 00 00 00
00 00 00 00 00 00 00 00 00 00 00 00 00 00 00 00
00 00 00 00 00 00 00 00 00 00 00 00 00 00 00 00
00 00 00 00 00 00 00 00 00 00 00 00 00 00 00 00
00 00 00 00 00 00 00 00 00 00 00 00 00 00 00 00
00 00 00 00 00 00 00 00 00 00 00 00 00 00 00 00
00 00 00 00 00 00 00 00 00 00 00 00 00 00 00 00
00 00 00 00 00 00 00 00 00 00 00 00 00 00 00 00
00 00 00 00 00 00 00 00 00 00 00 00 00 00 00 00
00 00 00 00 00 00 00 00 00 00 00 00 00 00 00 00
00 00 00 00 00 00 00 00 00 00 00 00 00 00 00 00
00 00 00 00 00 00 00 00 00 00 00 00 00 00 00 00
00 00 00 00 00 00 00 00 00 00 00 00 00 00 00 00
00 00 00 00 00 00 00 00 00 00 00 00 00 00 00 00
00 00 00 00 00 00 00 00 00 00 00 00 00 00 00 00
00 00 00 00 00 00 00 00 00 00 00 00 00 00 00 00
00 00 00 00 00 00 00 00 00 00 00 00 00 00 00 00
00 00 00 00 00 00 00 00 00 00 00 00 00 00 00 00
00 00 00 00 00 00 00 00 00 00 00 00 00 00 00 00
00 00 00 00 00 00 00 00 00 00 00 00 00 00 00 00
00 00 00 00 00 00 00 00 00 00 00 00 00 00 00 00
00 00 00 00 00 00 00 00 00 00 00 00 00 00 00 00
00 00 00 00 00 00 00 00 00 00 00 00 00 00 00 00
00 00 00 00 00 00 00 00 00 00 00 00 00 00 00 00
00 00 00 00 00 00 00 00 00 00 00 00 00 00 00 00
00 00 00 00 00 00 00 00 00 00 00 00 00 00 00 00
00 00 00 00 00 00 00 00 00 00 00 00 00 00 00 00
00 00 00 00 00 00 00 00 00 00 00 00 00 00 00 00
00 00 00 00 00 00 00 00 00 00 00 00 00 00 00 00
00 00 00 00 00 00 00 00 00 00 00 00 00 00 00 00
00 00 00 00 00 00 00 00 00 00 00 00 00 00 00 00
00 00 00 00 00 00 00 00 00 00 00 00 00 00 00 00
00 00 00 00 00 00 00 00 00 00 00 00 00 00 00 00
00 00 00 00 00 00 00 00 00 00 00 00 00 00 00 00
00 00 00 00 00 00 00 00 00 00 00 00 00 00 00 00
00 00 00 00 00 00 00 00 00 00 00 00 00 00 00 00
00 00 00 00 00 00 00 00 00 00 00 00 00 00 00 00
00 00 00 00 00 00 00 00 00 00 00 00 00 00 00 00
00 00 00 00 00 00 00 00 00 00 00 00 00 00 00 00
00 00 00 00 00 00 00 00 00 00 00 00 00 00 00 00
00 00 00 00 00 00 00 00 00 00 00 00 00 00 00 00
@0000B474
00 00 00 00 00 00 00 00 00 00 00 00 00 00 00 00
00 00 00 00 00 00 00 00 00 00 00 00 00 00 00 00
00 00 00 00 00 00 00 00 00 00 00 00 00 00 00 00
00 00 00 00 00 00 00 00 00 00 00 00 00 00 00 00
00 00 00 00 00 00 00 00 00 00 00 00 00 00 00 00
00 00 00 00 00 00 00 00 00 00 00 00 00 00 00 00
00 00 00 00 00 00 00 00 00 00 00 00 00 00 00 00
00 00 00 00 00 00 00 00 00 00 00 00 00 00 00 00
00 00 00 00 00 00 00 00 00 00 00 00 00 00 00 00
00 00 00 00 00 00 00 00 00 00 00 00 00 00 00 00
00 00 00 00 00 00 00 00 00 00 00 00 00 00 00 00
00 00 00 00 00 00 00 00 00 00 00 00 00 00 00 00
00 00 00 00 00 00 00 00 00 00 00 00 00 00 00 00
00 00 00 00 00 00 00 00 00 00 00 00 00 00 00 00
00 00 00 00 00 00 00 00 00 00 00 00 00 00 00 00
00 00 00 00 00 00 00 00 00 00 00 00 00 00 00 00
00 00 00 00 00 00 00 00 00 00 00 00 00 00 00 00
00 00 00 00 00 00 00 00 00 00 00 00 00 00 00 00
00 00 00 00 00 00 00 00 00 00 00 00 00 00 00 00
00 00 00 00 00 00 00 00 00 00 00 00 00 00 00 00
00 00 00 00 00 00 00 00 00 00 00 00 00 00 00 00
00 00 00 00 00 00 00 00 00 00 00 00 00 00 00 00
00 00 00 00 00 00 00 00 00 00 00 00 00 00 00 00
00 00 00 00 00 00 00 00 00 00 00 00 00 00 00 00
00 00 00 00 00 00 00 00 00 00 00 00 00 00 00 00
00 00 00 00 00 00 00 00 00 00 00 00 00 00 00 00
00 00 00 00 00 00 00 00 00 00 00 00 00 00 00 00
00 00 00 00 00 00 00 00 00 00 00 00 00 00 00 00
00 00 00 00 00 00 00 00 00 00 00 00 00 00 00 00
00 00 00 00 00 00 00 00 00 00 00 00 00 00 00 00
00 00 00 00 00 00 00 00 00 00 00 00 00 00 00 00
00 00 00 00 00 00 00 00 00 00 00 00 00 00 00 00
00 00 00 00 00 00 00 00 00 00 00 00 00 00 00 00
00 00 00 00 00 00 00 00 00 00 00 00 00 00 00 00
00 00 00 00 00 00 00 00 00 00 00 00 00 00 00 00
00 00 00 00 00 00 00 00 00 00 00 00 00 00 00 00
00 00 00 00 00 00 00 00 00 00 00 00 00 00 00 00
00 00 00 00 00 00 00 00 00 00 00 00 00 00 00 00
00 00 00 00 00 00 00 00 00 00 00 00 00 00 00 00
00 00 00 00 00 00 00 00 00 00 00 00 00 00 00 00
00 00 00 00 00 00 00 00 00 00 00 00 00 00 00 00
00 00 00 00 00 00 00 00 00 00 00 00 00 00 00 00
00 00 00 00 00 00 00 00 00 00 00 00 00 00 00 00
00 00 00 00 00 00 00 00 00 00 00 00 00 00 00 00
00 00 00 00 00 00 00 00 00 00 00 00 00 00 00 00
00 00 00 00 00 00 00 00 00 00 00 00 00 00 00 00
00 00 00 00 00 00 00 00 00 00 00 00 00 00 00 00
00 00 00 00 00 00 00 00 00 00 00 00 00 00 00 00
00 00 00 00 00 00 00 00 00 00 00 00 00 00 00 00
00 00 00 00 00 00 00 00 00 00 00 00 00 00 00 00
00 00 00 00 00 00 00 00 00 00 00 00 00 00 00 00
00 00 00 00 00 00 00 00 00 00 00 00 00 00 00 00
00 00 00 00 00 00 00 00 00 00 00 00 00 00 00 00
00 00 00 00 00 00 00 00 00 00 00 00 00 00 00 00
00 00 00 00 00 00 00 00 00 00 00 00 00 00 00 00
00 00 00 00 00 00 00 00 00 00 00 00 00 00 00 00
00 00 00 00 00 00 00 00 00 00 00 00 00 00 00 00
00 00 00 00 00 00 00 00 00 00 00 00 00 00 00 00
00 00 00 00 00 00 00 00 00 00 00 00 00 00 00 00
00 00 00 00 00 00 00 00 00 00 00 00 00 00 00 00
00 00 00 00 00 00 00 00 00 00 00 00 00 00 00 00
00 00 00 00 00 00 00 00 00 00 00 00 00 00 00 00
00 00 00 00 00 00 00 00 00 00 00 00 00 00 00 00
00 00 00 00 00 00 00 00 00 00 00 00 00 00 00 00
00 00 00 00 00 00 00 00 00 00 00 00 00 00 00 00
00 00 00 00 00 00 00 00 00 00 00 00 00 00 00 00
00 00 00 00 00 00 00 00 00 00 00 00 00 00 00 00
00 00 00 00 00 00 00 00 00 00 00 00 00 00 00 00
00 00 00 00 00 00 00 00 00 00 00 00 00 00 00 00
00 00 00 00 00 00 00 00 00 00 00 00 00 00 00 00
00 00 00 00 00 00 00 00 00 00 00 00 00 00 00 00
00 00 00 00 00 00 00 00 00 00 00 00 00 00 00 00
00 00 00 00 00 00 00 00 00 00 00 00 00 00 00 00
00 00 00 00 00 00 00 00 00 00 00 00 00 00 00 00
00 00 00 00 00 00 00 00 00 00 00 00 00 00 00 00
00 00 00 00 00 00 00 00 00 00 00 00 00 00 00 00
00 00 00 00 00 00 00 00 00 00 00 00 00 00 00 00
00 00 00 00 00 00 00 00 00 00 00 00 00 00 00 00
00 00 00 00 00 00 00 00 00 00 00 00 00 00 00 00
00 00 00 00 00 00 00 00 00 00 00 00 00 00 00 00
00 00 00 00 00 00 00 00 00 00 00 00 00 00 00 00
00 00 00 00 00 00 00 00 00 00 00 00 00 00 00 00
00 00 00 00 00 00 00 00 00 00 00 00 00 00 00 00
00 00 00 00 00 00 00 00 00 00 00 00 00 00 00 00
00 00 00 00 00 00 00 00 00 00 00 00 00 00 00 00
00 00 00 00 00 00 00 00 00 00 00 00 00 00 00 00
00 00 00 00 00 00 00 00 00 00 00 00 00 00 00 00
00 00 00 00 00 00 00 00 00 00 00 00 00 00 00 00
00 00 00 00 00 00 00 00 00 00 00 00 00 00 00 00
00 00 00 00 00 00 00 00 00 00 00 00 00 00 00 00
00 00 00 00 00 00 00 00 00 00 00 00 00 00 00 00
00 00 00 00 00 00 00 00 00 00 00 00 00 00 00 00
00 00 00 00 00 00 00 00 00 00 00 00 00 00 00 00
00 00 00 00 00 00 00 00 00 00 00 00 00 00 00 00
00 00 00 00 00 00 00 00 00 00 00 00 00 00 00 00
00 00 00 00 00 00 00 00 00 00 00 00 00 00 00 00
00 00 00 00 00 00 00 00 00 00 00 00 00 00 00 00
00 00 00 00 00 00 00 00 00 00 00 00 00 00 00 00
00 00 00 00 00 00 00 00 00 00 00 00 00 00 00 00
00 00 00 00 00 00 00 00 00 00 00 00 00 00 00 00
00 00 00 00 00 00 00 00 00 00 00 00 00 00 00 00
00 00 00 00 00 00 00 00 00 00 00 00 00 00 00 00
00 00 00 00 00 00 00 00 00 00 00 00 00 00 00 00
00 00 00 00 00 00 00 00 00 00 00 00 00 00 00 00
00 00 00 00 00 00 00 00 00 00 00 00 00 00 00 00
00 00 00 00 00 00 00 00 00 00 00 00 00 00 00 00
00 00 00 00 00 00 00 00 00 00 00 00 00 00 00 00
00 00 00 00 00 00 00 00 00 00 00 00 00 00 00 00
00 00 00 00 00 00 00 00 00 00 00 00 00 00 00 00
00 00 00 00 00 00 00 00 00 00 00 00 00 00 00 00
00 00 00 00 00 00 00 00 00 00 00 00 00 00 00 00
00 00 00 00 00 00 00 00 00 00 00 00 00 00 00 00
00 00 00 00 00 00 00 00 00 00 00 00 00 00 00 00
00 00 00 00 00 00 00 00 00 00 00 00 00 00 00 00
00 00 00 00 00 00 00 00 00 00 00 00 00 00 00 00
00 00 00 00 00 00 00 00 00 00 00 00 00 00 00 00
00 00 00 00 00 00 00 00 00 00 00 00 00 00 00 00
00 00 00 00 00 00 00 00 00 00 00 00 00 00 00 00
00 00 00 00 00 00 00 00 00 00 00 00 00 00 00 00
00 00 00 00 00 00 00 00 00 00 00 00 00 00 00 00
00 00 00 00 00 00 00 00 00 00 00 00 00 00 00 00
00 00 00 00 00 00 00 00 00 00 00 00 00 00 00 00
00 00 00 00 00 00 00 00 00 00 00 00 00 00 00 00
00 00 00 00 00 00 00 00 00 00 00 00 00 00 00 00
00 00 00 00 00 00 00 00 00 00 00 00 00 00 00 00
00 00 00 00 00 00 00 00 00 00 00 00 00 00 00 00
00 00 00 00 00 00 00 00 00 00 00 00 00 00 00 00
00 00 00 00 00 00 00 00 00 00 00 00 00 00 00 00
00 00 00 00 00 00 00 00 00 00 00 00 00 00 00 00
00 00 00 00 00 00 00 00 00 00 00 00 00 00 00 00
00 00 00 00 00 00 00 00 00 00 00 00 00 00 00 00
00 00 00 00 00 00 00 00 00 00 00 00 00 00 00 00
00 00 00 00 00 00 00 00 00 00 00 00 00 00 00 00
00 00 00 00 00 00 00 00 00 00 00 00 00 00 00 00
00 00 00 00 00 00 00 00 00 00 00 00 00 00 00 00
00 00 00 00 00 00 00 00 00 00 00 00 00 00 00 00
00 00 00 00 00 00 00 00 00 00 00 00 00 00 00 00
00 00 00 00 00 00 00 00 00 00 00 00 00 00 00 00
00 00 00 00 00 00 00 00 00 00 00 00 00 00 00 00
00 00 00 00 00 00 00 00 00 00 00 00 00 00 00 00
00 00 00 00 00 00 00 00 00 00 00 00 00 00 00 00
00 00 00 00 00 00 00 00 00 00 00 00 00 00 00 00
00 00 00 00 00 00 00 00 00 00 00 00 00 00 00 00
00 00 00 00 00 00 00 00 00 00 00 00 00 00 00 00
00 00 00 00 00 00 00 00 00 00 00 00 00 00 00 00
00 00 00 00 00 00 00 00 00 00 00 00 00 00 00 00
00 00 00 00 00 00 00 00 00 00 00 00 00 00 00 00
00 00 00 00 00 00 00 00 00 00 00 00 00 00 00 00
00 00 00 00 00 00 00 00 00 00 00 00 00 00 00 00
00 00 00 00 00 00 00 00 00 00 00 00 00 00 00 00
00 00 00 00 00 00 00 00 00 00 00 00 00 00 00 00
00 00 00 00 00 00 00 00 00 00 00 00 00 00 00 00
00 00 00 00 00 00 00 00 00 00 00 00 00 00 00 00
00 00 00 00 00 00 00 00 00 00 00 00 00 00 00 00
00 00 00 00 00 00 00 00 00 00 00 00 00 00 00 00
00 00 00 00 00 00 00 00 00 00 00 00 00 00 00 00
00 00 00 00 00 00 00 00 00 00 00 00 00 00 00 00
00 00 00 00 00 00 00 00 00 00 00 00 00 00 00 00
00 00 00 00 00 00 00 00 00 00 00 00 00 00 00 00
00 00 00 00 00 00 00 00 00 00 00 00 00 00 00 00
00 00 00 00 00 00 00 00 00 00 00 00 00 00 00 00
00 00 00 00 00 00 00 00 00 00 00 00 00 00 00 00
00 00 00 00 00 00 00 00 00 00 00 00 00 00 00 00
00 00 00 00 00 00 00 00 00 00 00 00 00 00 00 00
00 00 00 00 00 00 00 00 00 00 00 00 00 00 00 00
00 00 00 00 00 00 00 00 00 00 00 00 00 00 00 00
00 00 00 00 00 00 00 00 00 00 00 00 00 00 00 00
00 00 00 00 00 00 00 00 00 00 00 00 00 00 00 00
00 00 00 00 00 00 00 00 00 00 00 00 00 00 00 00
00 00 00 00 00 00 00 00 00 00 00 00 00 00 00 00
00 00 00 00 00 00 00 00 00 00 00 00 00 00 00 00
00 00 00 00 00 00 00 00 00 00 00 00 00 00 00 00
00 00 00 00 00 00 00 00 00 00 00 00 00 00 00 00
00 00 00 00 00 00 00 00 00 00 00 00 00 00 00 00
00 00 00 00 00 00 00 00 00 00 00 00 00 00 00 00
00 00 00 00 00 00 00 00 00 00 00 00 00 00 00 00
00 00 00 00 00 00 00 00 00 00 00 00 00 00 00 00
00 00 00 00 00 00 00 00 00 00 00 00 00 00 00 00
00 00 00 00 00 00 00 00 00 00 00 00 00 00 00 00
00 00 00 00 00 00 00 00 00 00 00 00 00 00 00 00
00 00 00 00 00 00 00 00 00 00 00 00 00 00 00 00
00 00 00 00 00 00 00 00 00 00 00 00 00 00 00 00
00 00 00 00 00 00 00 00 00 00 00 00 00 00 00 00
00 00 00 00 00 00 00 00 00 00 00 00 00 00 00 00
00 00 00 00 00 00 00 00 00 00 00 00
